"../../../Engine/Plugins/2D/Paper2D/Content/PlaceholderTextures/DummySpriteTexture.ubulk" 0
"../../../Engine/Plugins/2D/Paper2D/Content/PlaceholderTextures/DummySpriteTexture.uasset" 1
"../../../Engine/Plugins/2D/Paper2D/Content/PlaceholderTextures/DummySpriteTexture.uexp" 2
"../../../Engine/Plugins/2D/Paper2D/Content/DummySprite.uasset" 3
"../../../Engine/Plugins/2D/Paper2D/Content/DummySprite.uexp" 4
"../../../Engine/Plugins/2D/Paper2D/Content/DefaultPaperTerrainMaterial.uasset" 5
"../../../Engine/Plugins/2D/Paper2D/Content/DefaultPaperTerrainMaterial.uexp" 6
"../../../Engine/Plugins/Experimental/Water/Content/Waves/GerstnerWaves_Ocean.uasset" 7
"../../../Engine/Plugins/Experimental/Water/Content/Waves/GerstnerWaves_Ocean.uexp" 8
"../../../Engine/Plugins/Experimental/Water/Content/Waves/GerstnerWaves_Lake.uasset" 9
"../../../Engine/Plugins/Experimental/Water/Content/Waves/GerstnerWaves_Lake.uexp" 10
"../../../Engine/Plugins/Animation/ControlRig/Content/Controls/DefaultGizmoLibraryNormalized.uasset" 11
"../../../Engine/Plugins/Animation/ControlRig/Content/Controls/DefaultGizmoLibraryNormalized.uexp" 12
"../../../Engine/Content/EngineSounds/Master.uasset" 13
"../../../Engine/Content/EngineSounds/Master.uexp" 14
"../../../Engine/Content/EngineMaterials/DefaultDestructiblePhysicalMaterial.uasset" 15
"../../../Engine/Content/EngineMaterials/DefaultDestructiblePhysicalMaterial.uexp" 16
"../../../Engine/Content/EngineFonts/Faces/DroidSansFallback.uexp" 17
"../../../Engine/Content/EngineFonts/Faces/DroidSansFallback.uasset" 18
"../../../Engine/Content/EngineFonts/Faces/DroidSansFallback.ufont" 19
"../../../Engine/Content/EngineFonts/Faces/RobotoBold.uexp" 20
"../../../Engine/Content/EngineFonts/Faces/RobotoBold.uasset" 21
"../../../Engine/Content/EngineFonts/Faces/RobotoBold.ufont" 22
"../../../Engine/Content/EngineFonts/Faces/RobotoBoldItalic.uexp" 23
"../../../Engine/Content/EngineFonts/Faces/RobotoBoldItalic.uasset" 24
"../../../Engine/Content/EngineFonts/Faces/RobotoBoldItalic.ufont" 25
"../../../Engine/Content/EngineFonts/Faces/RobotoItalic.uexp" 26
"../../../Engine/Content/EngineFonts/Faces/RobotoItalic.uasset" 27
"../../../Engine/Content/EngineFonts/Faces/RobotoItalic.ufont" 28
"../../../Engine/Content/EngineFonts/Faces/RobotoLight.uexp" 29
"../../../Engine/Content/EngineFonts/Faces/RobotoLight.uasset" 30
"../../../Engine/Content/EngineFonts/Faces/RobotoLight.ufont" 31
"../../../Engine/Content/EngineFonts/Faces/RobotoRegular.uexp" 32
"../../../Engine/Content/EngineFonts/Faces/RobotoRegular.uasset" 33
"../../../Engine/Content/EngineFonts/Faces/RobotoRegular.ufont" 34
"../../../Engine/Content/EngineFonts/Roboto.uasset" 35
"../../../Engine/Content/EngineFonts/Roboto.uexp" 36
"../../../Engine/Content/EngineFonts/Faces/DroidSansMono.uexp" 37
"../../../Engine/Content/EngineFonts/Faces/DroidSansMono.uasset" 38
"../../../Engine/Content/EngineFonts/Faces/DroidSansMono.ufont" 39
"../../../Engine/Content/EngineFonts/DroidSansMono.uasset" 40
"../../../Engine/Content/EngineFonts/DroidSansMono.uexp" 41
"../../../Engine/Content/EngineResources/GradientTexture0.uasset" 42
"../../../Engine/Content/EngineResources/GradientTexture0.uexp" 43
"../../../Engine/Content/EditorResources/S_Actor.ubulk" 44
"../../../Engine/Content/EditorResources/S_Actor.uasset" 45
"../../../Engine/Content/EditorResources/S_Actor.uexp" 46
"../../../Engine/Plugins/Experimental/Water/Content/Icons/WaterZoneActorSprite.ubulk" 47
"../../../Engine/Plugins/Experimental/Water/Content/Icons/WaterZoneActorSprite.uasset" 48
"../../../Engine/Plugins/Experimental/Water/Content/Icons/WaterZoneActorSprite.uexp" 49
"../../../Engine/Plugins/Experimental/Water/Content/Icons/WaterSprite.uasset" 50
"../../../Engine/Plugins/Experimental/Water/Content/Icons/WaterSprite.uexp" 51
"../../../Engine/Plugins/Experimental/Water/Content/Icons/WaterLandscapeBrushSprite.ubulk" 52
"../../../Engine/Plugins/Experimental/Water/Content/Icons/WaterLandscapeBrushSprite.uasset" 53
"../../../Engine/Plugins/Experimental/Water/Content/Icons/WaterLandscapeBrushSprite.uexp" 54
"../../../Engine/Plugins/Experimental/Water/Content/Icons/WaterErrorSprite.ubulk" 55
"../../../Engine/Plugins/Experimental/Water/Content/Icons/WaterErrorSprite.uasset" 56
"../../../Engine/Plugins/Experimental/Water/Content/Icons/WaterErrorSprite.uexp" 57
"../../../Engine/Plugins/Experimental/Water/Content/Icons/WaterBodyIslandSprite.uasset" 58
"../../../Engine/Plugins/Experimental/Water/Content/Icons/WaterBodyIslandSprite.uexp" 59
"../../../Engine/Plugins/Experimental/Water/Content/Icons/WaterBodyExclusionVolumeSprite.uasset" 60
"../../../Engine/Plugins/Experimental/Water/Content/Icons/WaterBodyExclusionVolumeSprite.uexp" 61
"../../../Engine/Content/EngineResources/DefaultTexture.ubulk" 62
"../../../Engine/Content/EngineResources/DefaultTexture.uasset" 63
"../../../Engine/Content/EngineResources/DefaultTexture.uexp" 64
"../../../Engine/Content/EngineMaterials/PreintegratedSkinBRDF.uasset" 65
"../../../Engine/Content/EngineMaterials/PreintegratedSkinBRDF.uexp" 66
"../../../Engine/Content/EngineMaterials/MiniFont.uasset" 67
"../../../Engine/Content/EngineMaterials/MiniFont.uexp" 68
"../../../Engine/Content/EngineMaterials/FastBlueNoise_vec2_128x128x64.uasset" 69
"../../../Engine/Content/EngineMaterials/FastBlueNoise_vec2_128x128x64.uexp" 70
"../../../Engine/Content/EngineMaterials/FastBlueNoise_scalar_128x128x8.uasset" 71
"../../../Engine/Content/EngineMaterials/FastBlueNoise_scalar_128x128x8.uexp" 72
"../../../Engine/Content/EngineMaterials/FastBlueNoise_scalar_128x128x64.uasset" 73
"../../../Engine/Content/EngineMaterials/FastBlueNoise_scalar_128x128x64.uexp" 74
"../../../Engine/Content/EngineMaterials/DefaultWhiteGrid.ubulk" 75
"../../../Engine/Content/EngineMaterials/DefaultWhiteGrid.uasset" 76
"../../../Engine/Content/EngineMaterials/DefaultWhiteGrid.uexp" 77
"../../../Engine/Content/EngineMaterials/DefaultBokeh.uasset" 78
"../../../Engine/Content/EngineMaterials/DefaultBokeh.uexp" 79
"../../../Engine/Content/EngineMaterials/DefaultBloomKernel.uasset" 80
"../../../Engine/Content/EngineMaterials/DefaultBloomKernel.uexp" 81
"../../../Engine/Content/EngineDamageTypes/DmgTypeBP_Environmental.uasset" 82
"../../../Engine/Content/EngineDamageTypes/DmgTypeBP_Environmental.uexp" 83
"../../../Engine/Content/EditorResources/S_TriggerSphere.uasset" 84
"../../../Engine/Content/EditorResources/S_TriggerSphere.uexp" 85
"../../../Engine/Content/EditorResources/S_TriggerCapsule.uasset" 86
"../../../Engine/Content/EditorResources/S_TriggerCapsule.uexp" 87
"../../../Engine/Content/EditorResources/S_TriggerBox.uasset" 88
"../../../Engine/Content/EditorResources/S_TriggerBox.uexp" 89
"../../../Engine/Content/EditorResources/S_Trigger.ubulk" 90
"../../../Engine/Content/EditorResources/S_Trigger.uasset" 91
"../../../Engine/Content/EditorResources/S_Trigger.uexp" 92
"../../../Engine/Content/EditorResources/S_Solver.ubulk" 93
"../../../Engine/Content/EditorResources/S_Solver.uasset" 94
"../../../Engine/Content/EditorResources/S_Solver.uexp" 95
"../../../Engine/Content/EditorResources/S_BoxReflectionCapture.uasset" 96
"../../../Engine/Content/EditorResources/S_BoxReflectionCapture.uexp" 97
"../../../Engine/Content/EditorResources/BSPVertex.uasset" 98
"../../../Engine/Content/EditorResources/BSPVertex.uexp" 99
"../../../Engine/Plugins/Runtime/AudioWidgets/Content/Resources/ScrubHandleDown_Clamped.uasset" 100
"../../../Engine/Plugins/Runtime/AudioWidgets/Content/Resources/ScrubHandleDown_Clamped.uexp" 101
"../../../Engine/Content/EditorMaterials/ParticleSystems/PSysThumbnail_OOD.ubulk" 102
"../../../Engine/Content/EditorMaterials/ParticleSystems/PSysThumbnail_OOD.uasset" 103
"../../../Engine/Content/EditorMaterials/ParticleSystems/PSysThumbnail_OOD.uexp" 104
"../../../Engine/Content/EditorMaterials/ParticleSystems/PSysThumbnail_NoImage.ubulk" 105
"../../../Engine/Content/EditorMaterials/ParticleSystems/PSysThumbnail_NoImage.uasset" 106
"../../../Engine/Content/EditorMaterials/ParticleSystems/PSysThumbnail_NoImage.uexp" 107
"../../../Engine/Content/EngineResources/FilmGrains/Marcie_Grain_v3_128_M2_000.uasset" 108
"../../../Engine/Content/EngineResources/FilmGrains/Marcie_Grain_v3_128_M2_000.uexp" 109
"../../../Engine/Content/EngineResources/Development/ZenLogo_64.uasset" 110
"../../../Engine/Content/EngineResources/Development/ZenLogo_64.uexp" 111
"../../../Engine/Content/EngineMaterials/LTC/Sheen_LTC.uasset" 112
"../../../Engine/Content/EngineMaterials/LTC/Sheen_LTC.uexp" 113
"../../../Engine/Content/EngineMaterials/LTC/GGX_LTCMat.uasset" 114
"../../../Engine/Content/EngineMaterials/LTC/GGX_LTCMat.uexp" 115
"../../../Engine/Content/EngineMaterials/LTC/GGX_LTCAmp.uasset" 116
"../../../Engine/Content/EngineMaterials/LTC/GGX_LTCAmp.uexp" 117
"../../../Engine/Content/EngineMaterials/EnergyConservation/Sheen_Energy.uasset" 118
"../../../Engine/Content/EngineMaterials/EnergyConservation/Sheen_Energy.uexp" 119
"../../../Engine/Content/EngineMaterials/EnergyConservation/SheenLegacy_Energy.uasset" 120
"../../../Engine/Content/EngineMaterials/EnergyConservation/SheenLegacy_Energy.uexp" 121
"../../../Engine/Content/EngineMaterials/EnergyConservation/GGX_TransmissionEnergyArray.uasset" 122
"../../../Engine/Content/EngineMaterials/EnergyConservation/GGX_TransmissionEnergyArray.uexp" 123
"../../../Engine/Content/EngineMaterials/EnergyConservation/GGX_ReflectionEnergy.uasset" 124
"../../../Engine/Content/EngineMaterials/EnergyConservation/GGX_ReflectionEnergy.uexp" 125
"../../../Engine/Content/EngineMaterials/EnergyConservation/Diffuse_Energy.uasset" 126
"../../../Engine/Content/EngineMaterials/EnergyConservation/Diffuse_Energy.uexp" 127
"../../../Engine/Content/EditorResources/SequenceRecorder/RecordingIndicator.uasset" 128
"../../../Engine/Content/EditorResources/SequenceRecorder/RecordingIndicator.uexp" 129
"../../../Engine/Content/EditorResources/SequenceRecorder/Countdown.uasset" 130
"../../../Engine/Content/EditorResources/SequenceRecorder/Countdown.uexp" 131
"../../../Engine/Content/Functions/Engine_MaterialFunctions01/Shading/PowerToRoughness.uasset" 132
"../../../Engine/Content/Functions/Engine_MaterialFunctions01/Shading/PowerToRoughness.uexp" 133
"../../../Engine/Content/Functions/Engine_MaterialFunctions01/Shading/ConvertFromDiffSpec.uasset" 134
"../../../Engine/Content/Functions/Engine_MaterialFunctions01/Shading/ConvertFromDiffSpec.uexp" 135
"../../../Engine/Content/Functions/Engine_MaterialFunctions02/Utility/BreakOutFloat2Components.uasset" 136
"../../../Engine/Content/Functions/Engine_MaterialFunctions02/Utility/BreakOutFloat2Components.uexp" 137
"../../../Engine/Content/Functions/Engine_MaterialFunctions02/Utility/VectorLength.uasset" 138
"../../../Engine/Content/Functions/Engine_MaterialFunctions02/Utility/VectorLength.uexp" 139
"../../../Engine/Content/Functions/Engine_MaterialFunctions02/Utility/MakeFloat3.uasset" 140
"../../../Engine/Content/Functions/Engine_MaterialFunctions02/Utility/MakeFloat3.uexp" 141
"../../../Engine/Content/EditorResources/S_Terrain.ubulk" 142
"../../../Engine/Content/EditorResources/S_Terrain.uasset" 143
"../../../Engine/Content/EditorResources/S_Terrain.uexp" 144
"../../../Engine/Content/Functions/Engine_MaterialFunctions02/WorldPositionOffset/ComponentPivotLocation.uasset" 145
"../../../Engine/Content/Functions/Engine_MaterialFunctions02/WorldPositionOffset/ComponentPivotLocation.uexp" 146
"../../../Engine/Content/Functions/Engine_MaterialFunctions02/WorldPositionOffset/V2/ObjectScale.uasset" 147
"../../../Engine/Content/Functions/Engine_MaterialFunctions02/WorldPositionOffset/V2/ObjectScale.uexp" 148
"../../../Engine/Content/Functions/Engine_MaterialFunctions02/WorldPositionOffset/Sprite.uasset" 149
"../../../Engine/Content/Functions/Engine_MaterialFunctions02/WorldPositionOffset/Sprite.uexp" 150
"../../../Engine/Plugins/Experimental/Landmass/Content/Landscape/BlueprintBrushes/Materials/Sprite/M_BrushSprite_01.uasset" 151
"../../../Engine/Plugins/Experimental/Landmass/Content/Landscape/BlueprintBrushes/Materials/Sprite/M_BrushSprite_01.uexp" 152
"../../../Engine/Content/Functions/Engine_MaterialFunctions02/Utility/MakeFloat2.uasset" 153
"../../../Engine/Content/Functions/Engine_MaterialFunctions02/Utility/MakeFloat2.uexp" 154
"../../../Engine/Content/EngineResources/Black_Low.uasset" 155
"../../../Engine/Content/EngineResources/Black_Low.uexp" 156
"../../../Engine/Content/EngineMaterials/BlendFunc_DefBlend.uasset" 157
"../../../Engine/Content/EngineMaterials/BlendFunc_DefBlend.uexp" 158
"../../../Engine/Content/EngineMaterials/BlendFunc_DefBase.uasset" 159
"../../../Engine/Content/EngineMaterials/BlendFunc_DefBase.uexp" 160
"../../../Engine/Content/Functions/Engine_MaterialFunctions03/Procedurals/ComputeFilterWidth.uasset" 161
"../../../Engine/Content/Functions/Engine_MaterialFunctions03/Procedurals/ComputeFilterWidth.uexp" 162
"../../../Engine/Content/EditorMaterials/TilingAALineIntegral.uasset" 163
"../../../Engine/Content/EditorMaterials/TilingAALineIntegral.uexp" 164
"../../../Engine/Content/EditorMaterials/TilingAALineBoxFiltered.uasset" 165
"../../../Engine/Content/EditorMaterials/TilingAALineBoxFiltered.uexp" 166
"../../../Engine/Content/Functions/Engine_MaterialFunctions03/Blends/Blend_Screen.uasset" 167
"../../../Engine/Content/Functions/Engine_MaterialFunctions03/Blends/Blend_Screen.uexp" 168
"../../../Engine/Content/EditorMaterials/TilingAAGrid.uasset" 169
"../../../Engine/Content/EditorMaterials/TilingAAGrid.uexp" 170
"../../../Engine/Plugins/Experimental/Landmass/Content/Landscape/BlueprintBrushes/MPC/MPC_Landscape.uasset" 171
"../../../Engine/Plugins/Experimental/Landmass/Content/Landscape/BlueprintBrushes/MPC/MPC_Landscape.uexp" 172
"../../../Engine/Plugins/Experimental/Landmass/Content/Landscape/BlueprintBrushes/MF/PointSampleLandscapeUVs.uasset" 173
"../../../Engine/Plugins/Experimental/Landmass/Content/Landscape/BlueprintBrushes/MF/PointSampleLandscapeUVs.uexp" 174
"../../../Engine/Content/Functions/Engine_MaterialFunctions01/ImageAdjustment/SCurve.uasset" 175
"../../../Engine/Content/Functions/Engine_MaterialFunctions01/ImageAdjustment/SCurve.uexp" 176
"../../../Engine/Content/ArtTools/RenderToTexture/Textures/T_EV_BlankWhite_01.uasset" 177
"../../../Engine/Content/ArtTools/RenderToTexture/Textures/T_EV_BlankWhite_01.uexp" 178
"../../../Engine/Plugins/Experimental/Landmass/Content/Landscape/OldPrototype_BP/Mats/MF/UnpackRG8Height.uasset" 179
"../../../Engine/Plugins/Experimental/Landmass/Content/Landscape/OldPrototype_BP/Mats/MF/UnpackRG8Height.uexp" 180
"../../../Engine/Plugins/Experimental/Landmass/Content/Landscape/BlueprintBrushes/MF/LandmassBrush_UVs.uasset" 181
"../../../Engine/Plugins/Experimental/Landmass/Content/Landscape/BlueprintBrushes/MF/LandmassBrush_UVs.uexp" 182
"../../../Engine/Plugins/Experimental/Landmass/Content/Landscape/BlueprintBrushes/MF/Landmass_BrushTilt.uasset" 183
"../../../Engine/Plugins/Experimental/Landmass/Content/Landscape/BlueprintBrushes/MF/Landmass_BrushTilt.uexp" 184
"../../../Engine/Plugins/Experimental/Landmass/Content/Landscape/BlueprintBrushes/MF/LandmassBrush_EdgeFalloff.uasset" 185
"../../../Engine/Plugins/Experimental/Landmass/Content/Landscape/BlueprintBrushes/MF/LandmassBrush_EdgeFalloff.uexp" 186
"../../../Engine/Plugins/Experimental/Landmass/Content/Landscape/BlueprintBrushes/MF/LandmassBrush_Noise.uasset" 187
"../../../Engine/Plugins/Experimental/Landmass/Content/Landscape/BlueprintBrushes/MF/LandmassBrush_Noise.uexp" 188
"../../../Engine/Plugins/Experimental/Landmass/Content/Landscape/BlueprintBrushes/Materials/BrushMaterials/BasicFunctions/LandmassBrush_ShapeMask.uasset" 189
"../../../Engine/Plugins/Experimental/Landmass/Content/Landscape/BlueprintBrushes/Materials/BrushMaterials/BasicFunctions/LandmassBrush_ShapeMask.uexp" 190
"../../../Engine/Plugins/Experimental/Landmass/Content/Landscape/BlueprintBrushes/Materials/Internal/BrushBounds.uasset" 191
"../../../Engine/Plugins/Experimental/Landmass/Content/Landscape/BlueprintBrushes/Materials/Internal/BrushBounds.uexp" 192
"../../../Engine/Content/EditorMaterials/Dataflow/DataflowTwoSidedVertexMaterial.uasset" 193
"../../../Engine/Content/EditorMaterials/Dataflow/DataflowTwoSidedVertexMaterial.uexp" 194
"../../../Engine/Content/EditorMaterials/Dataflow/DataflowVertexMaterial.uasset" 195
"../../../Engine/Content/EditorMaterials/Dataflow/DataflowVertexMaterial.uexp" 196
"../../../Engine/Plugins/Interchange/Assets/Content/Functions/MX_AbsorptionVDF.uasset" 197
"../../../Engine/Plugins/Interchange/Assets/Content/Functions/MX_AbsorptionVDF.uexp" 198
"../../../Engine/Plugins/Interchange/Assets/Content/Functions/MX_AnisotropicVDF.uasset" 199
"../../../Engine/Plugins/Interchange/Assets/Content/Functions/MX_AnisotropicVDF.uexp" 200
"../../../Engine/Plugins/Interchange/Assets/Content/Functions/MX_BurleyDiffuseBSDF.uasset" 201
"../../../Engine/Plugins/Interchange/Assets/Content/Functions/MX_BurleyDiffuseBSDF.uexp" 202
"../../../Engine/Plugins/Interchange/Assets/Content/Functions/MX_ConductorBSDF.uasset" 203
"../../../Engine/Plugins/Interchange/Assets/Content/Functions/MX_ConductorBSDF.uexp" 204
"../../../Engine/Plugins/Interchange/Assets/Content/Functions/MX_ConicalEDF.uasset" 205
"../../../Engine/Plugins/Interchange/Assets/Content/Functions/MX_ConicalEDF.uexp" 206
"../../../Engine/Plugins/Interchange/Assets/Content/Functions/MX_DielectricBSDF.uasset" 207
"../../../Engine/Plugins/Interchange/Assets/Content/Functions/MX_DielectricBSDF.uexp" 208
"../../../Engine/Content/Functions/Engine_MaterialFunctions02/Utility/BlendAngleCorrectedNormals.uasset" 209
"../../../Engine/Content/Functions/Engine_MaterialFunctions02/Utility/BlendAngleCorrectedNormals.uexp" 210
"../../../Engine/Plugins/Interchange/Assets/Content/Functions/MX_Displacement.uasset" 211
"../../../Engine/Plugins/Interchange/Assets/Content/Functions/MX_Displacement.uexp" 212
"../../../Engine/Plugins/Interchange/Assets/Content/Functions/MX_GeneralizedSchlickBSDF.uasset" 213
"../../../Engine/Plugins/Interchange/Assets/Content/Functions/MX_GeneralizedSchlickBSDF.uexp" 214
"../../../Engine/Plugins/Interchange/Assets/Content/Functions/MX_MeasuredEDF.uasset" 215
"../../../Engine/Plugins/Interchange/Assets/Content/Functions/MX_MeasuredEDF.uexp" 216
"../../../Engine/Plugins/Interchange/Assets/Content/Functions/MF_IridescenceNoLUT.uasset" 217
"../../../Engine/Plugins/Interchange/Assets/Content/Functions/MF_IridescenceNoLUT.uexp" 218
"../../../Engine/Plugins/Interchange/Assets/Content/Functions/MX_StandardSurface.uasset" 219
"../../../Engine/Plugins/Interchange/Assets/Content/Functions/MX_StandardSurface.uexp" 220
"../../../Engine/Plugins/Interchange/Assets/Content/Functions/MX_OpenPBR_Opaque.uasset" 221
"../../../Engine/Plugins/Interchange/Assets/Content/Functions/MX_OpenPBR_Opaque.uexp" 222
"../../../Engine/Plugins/Interchange/Assets/Content/Functions/MX_TransmissionSurface.uasset" 223
"../../../Engine/Plugins/Interchange/Assets/Content/Functions/MX_TransmissionSurface.uexp" 224
"../../../Engine/Plugins/Interchange/Assets/Content/Functions/MX_OpenPBR_Translucent.uasset" 225
"../../../Engine/Plugins/Interchange/Assets/Content/Functions/MX_OpenPBR_Translucent.uexp" 226
"../../../Engine/Plugins/Interchange/Assets/Content/Functions/MX_OrenNayarBSDF.uasset" 227
"../../../Engine/Plugins/Interchange/Assets/Content/Functions/MX_OrenNayarBSDF.uexp" 228
"../../../Engine/Plugins/Interchange/Assets/Content/Functions/MX_SheenBSDF.uasset" 229
"../../../Engine/Plugins/Interchange/Assets/Content/Functions/MX_SheenBSDF.uexp" 230
"../../../Engine/Plugins/Interchange/Assets/Content/Functions/MX_SubsurfaceBSDF.uasset" 231
"../../../Engine/Plugins/Interchange/Assets/Content/Functions/MX_SubsurfaceBSDF.uexp" 232
"../../../Engine/Plugins/Interchange/Assets/Content/Functions/MX_Surface.uasset" 233
"../../../Engine/Plugins/Interchange/Assets/Content/Functions/MX_Surface.uexp" 234
"../../../Engine/Plugins/Interchange/Assets/Content/Functions/MX_SurfaceUnlit.uasset" 235
"../../../Engine/Plugins/Interchange/Assets/Content/Functions/MX_SurfaceUnlit.uexp" 236
"../../../Engine/Plugins/Interchange/Assets/Content/Functions/MX_ThinFilmBSDF.uasset" 237
"../../../Engine/Plugins/Interchange/Assets/Content/Functions/MX_ThinFilmBSDF.uexp" 238
"../../../Engine/Plugins/Interchange/Assets/Content/Functions/MX_TranslucentBSDF.uasset" 239
"../../../Engine/Plugins/Interchange/Assets/Content/Functions/MX_TranslucentBSDF.uexp" 240
"../../../Engine/Plugins/Interchange/Assets/Content/Functions/MX_UniformEDF.uasset" 241
"../../../Engine/Plugins/Interchange/Assets/Content/Functions/MX_UniformEDF.uexp" 242
"../../../Engine/Plugins/Interchange/Assets/Content/Functions/MX_UsdPreviewSurface.uasset" 243
"../../../Engine/Plugins/Interchange/Assets/Content/Functions/MX_UsdPreviewSurface.uexp" 244
"../../../Engine/Plugins/Runtime/HairStrands/Content/Materials/HairCardsDefaultMaterial.uasset" 245
"../../../Engine/Plugins/Runtime/HairStrands/Content/Materials/HairCardsDefaultMaterial.uexp" 246
"../../../Engine/Content/EngineMaterials/HairDebugColor.uasset" 247
"../../../Engine/Content/EngineMaterials/HairDebugColor.uexp" 248
"../../../Engine/Content/EngineMaterials/HairColorMap.uasset" 249
"../../../Engine/Content/EngineMaterials/HairColorMap.uexp" 250
"../../../Engine/Plugins/Runtime/HairStrands/Content/Materials/HairGroupColors.uasset" 251
"../../../Engine/Plugins/Runtime/HairStrands/Content/Materials/HairGroupColors.uexp" 252
"../../../Engine/Plugins/Runtime/HairStrands/Content/Materials/HairDebugMaterial.uasset" 253
"../../../Engine/Plugins/Runtime/HairStrands/Content/Materials/HairDebugMaterial.uexp" 254
"../../../Engine/Plugins/Runtime/HairStrands/Content/Materials/HairDefaultMaterial.uasset" 255
"../../../Engine/Plugins/Runtime/HairStrands/Content/Materials/HairDefaultMaterial.uexp" 256
"../../../Engine/Plugins/Runtime/HairStrands/Content/Materials/HairMeshesDefaultMaterial.uasset" 257
"../../../Engine/Plugins/Runtime/HairStrands/Content/Materials/HairMeshesDefaultMaterial.uexp" 258
"../../../Engine/Plugins/VirtualProduction/CameraCalibrationCore/Content/Materials/M_DefaultEvenSquare.uasset" 259
"../../../Engine/Plugins/VirtualProduction/CameraCalibrationCore/Content/Materials/M_DefaultEvenSquare.uexp" 260
"../../../Engine/Plugins/VirtualProduction/CameraCalibrationCore/Content/Materials/M_DefaultOddSquare.uasset" 261
"../../../Engine/Plugins/VirtualProduction/CameraCalibrationCore/Content/Materials/M_DefaultOddSquare.uexp" 262
"../../../Engine/Content/EngineDebugMaterials/DebugEditorMaterial.uasset" 263
"../../../Engine/Content/EngineDebugMaterials/DebugEditorMaterial.uexp" 264
"../../../Engine/Content/EngineDebugMaterials/DebugMeshMaterial.uasset" 265
"../../../Engine/Content/EngineDebugMaterials/DebugMeshMaterial.uexp" 266
"../../../Engine/Content/EngineDebugMaterials/M_SimpleUnlitTranslucent.uasset" 267
"../../../Engine/Content/EngineDebugMaterials/M_SimpleUnlitTranslucent.uexp" 268
"../../../Engine/Content/Functions/Engine_MaterialFunctions02/Utility/CameraDirectionVector.uasset" 269
"../../../Engine/Content/Functions/Engine_MaterialFunctions02/Utility/CameraDirectionVector.uexp" 270
"../../../Engine/Content/EngineDebugMaterials/VolumeToRender.uasset" 271
"../../../Engine/Content/EngineDebugMaterials/VolumeToRender.uexp" 272
"../../../Engine/Content/EngineDebugMaterials/M_VolumeRenderSphereTracePP.uasset" 273
"../../../Engine/Content/EngineDebugMaterials/M_VolumeRenderSphereTracePP.uexp" 274
"../../../Engine/Content/EngineMaterials/DefaultDiffuse.ubulk" 275
"../../../Engine/Content/EngineMaterials/DefaultDiffuse.uasset" 276
"../../../Engine/Content/EngineMaterials/DefaultDiffuse.uexp" 277
"../../../Engine/Content/EngineMaterials/DefaultDeferredDecalMaterial.uasset" 278
"../../../Engine/Content/EngineMaterials/DefaultDeferredDecalMaterial.uexp" 279
"../../../Engine/Content/EngineMaterials/DefaultLightFunctionMaterial.uasset" 280
"../../../Engine/Content/EngineMaterials/DefaultLightFunctionMaterial.uexp" 281
"../../../Engine/Content/EngineMaterials/DefaultPostProcessMaterial.uasset" 282
"../../../Engine/Content/EngineMaterials/DefaultPostProcessMaterial.uexp" 283
"../../../Engine/Content/EngineFonts/RobotoDistanceField.uasset" 284
"../../../Engine/Content/EngineFonts/RobotoDistanceField.uexp" 285
"../../../Engine/Content/EngineMaterials/DefaultTextMaterialOpaque.uasset" 286
"../../../Engine/Content/EngineMaterials/DefaultTextMaterialOpaque.uexp" 287
"../../../Engine/Content/EngineMaterials/DefaultWhiteGrid_Low.uasset" 288
"../../../Engine/Content/EngineMaterials/DefaultWhiteGrid_Low.uexp" 289
"../../../Engine/Content/EngineMaterials/EmissiveMeshMaterial.uasset" 290
"../../../Engine/Content/EngineMaterials/EmissiveMeshMaterial.uexp" 291
"../../../Engine/Content/EngineMaterials/BaseFlattenNormalMap.uasset" 292
"../../../Engine/Content/EngineMaterials/BaseFlattenNormalMap.uexp" 293
"../../../Engine/Content/EngineMaterials/BaseFlattenDiffuseMap.uasset" 294
"../../../Engine/Content/EngineMaterials/BaseFlattenDiffuseMap.uexp" 295
"../../../Engine/Content/EngineMaterials/BaseFlattenEmissiveMap.uasset" 296
"../../../Engine/Content/EngineMaterials/BaseFlattenEmissiveMap.uexp" 297
"../../../Engine/Content/EngineMaterials/BaseFlattenGrayscaleMap.uasset" 298
"../../../Engine/Content/EngineMaterials/BaseFlattenGrayscaleMap.uexp" 299
"../../../Engine/Content/EngineMaterials/BaseFlattenLinearColor.uasset" 300
"../../../Engine/Content/EngineMaterials/BaseFlattenLinearColor.uexp" 301
"../../../Engine/Content/Functions/Engine_MaterialFunctions02/PivotPainter2/Black_1x1_EXR_Texture.uasset" 302
"../../../Engine/Content/Functions/Engine_MaterialFunctions02/PivotPainter2/Black_1x1_EXR_Texture.uexp" 303
"../../../Engine/Content/EngineMaterials/FlattenMaterial.uasset" 304
"../../../Engine/Content/EngineMaterials/FlattenMaterial.uexp" 305
"../../../Engine/Content/EngineMaterials/BaseFlattenDiffuseMap_VT.uasset" 306
"../../../Engine/Content/EngineMaterials/BaseFlattenDiffuseMap_VT.uexp" 307
"../../../Engine/Content/EngineMaterials/BaseFlattenEmissiveMap_VT.uasset" 308
"../../../Engine/Content/EngineMaterials/BaseFlattenEmissiveMap_VT.uexp" 309
"../../../Engine/Content/EngineMaterials/BaseFlattenGrayscaleMap_VT.uasset" 310
"../../../Engine/Content/EngineMaterials/BaseFlattenGrayscaleMap_VT.uexp" 311
"../../../Engine/Content/EngineMaterials/BaseFlattenLinearColor_VT.uasset" 312
"../../../Engine/Content/EngineMaterials/BaseFlattenLinearColor_VT.uexp" 313
"../../../Engine/Content/EngineMaterials/BaseFlattenNormalMap_VT.uasset" 314
"../../../Engine/Content/EngineMaterials/BaseFlattenNormalMap_VT.uexp" 315
"../../../Engine/Content/EngineMaterials/Black_1x1_EXR_Texture_VT.uasset" 316
"../../../Engine/Content/EngineMaterials/Black_1x1_EXR_Texture_VT.uexp" 317
"../../../Engine/Content/EngineMaterials/FlattenMaterial_VT.uasset" 318
"../../../Engine/Content/EngineMaterials/FlattenMaterial_VT.uexp" 319
"../../../Engine/Content/EngineMaterials/FlattenMaterial_WS_Normal_VT.uasset" 320
"../../../Engine/Content/EngineMaterials/FlattenMaterial_WS_Normal_VT.uexp" 321
"../../../Engine/Content/EngineMaterials/GizmoMaterial.uasset" 322
"../../../Engine/Content/EngineMaterials/GizmoMaterial.uexp" 323
"../../../Engine/Content/EngineMaterials/InvalidLightmapSettings.ubulk" 324
"../../../Engine/Content/EngineMaterials/InvalidLightmapSettings.uasset" 325
"../../../Engine/Content/EngineMaterials/InvalidLightmapSettings.uexp" 326
"../../../Engine/Content/EngineMaterials/M_InvalidLightmapSettings.uasset" 327
"../../../Engine/Content/EngineMaterials/M_InvalidLightmapSettings.uexp" 328
"../../../Engine/Content/EngineMaterials/NaniteHiddenSectionMaterial.uasset" 329
"../../../Engine/Content/EngineMaterials/NaniteHiddenSectionMaterial.uexp" 330
"../../../Engine/Content/Functions/Engine_MaterialFunctions02/WorldPositionOffset/CameraOffset.uasset" 331
"../../../Engine/Content/Functions/Engine_MaterialFunctions02/WorldPositionOffset/CameraOffset.uexp" 332
"../../../Engine/Content/EngineMaterials/PhAT_JointLimitMaterial.uasset" 333
"../../../Engine/Content/EngineMaterials/PhAT_JointLimitMaterial.uexp" 334
"../../../Engine/Content/EngineMaterials/DefaultCalibrationColor.uasset" 335
"../../../Engine/Content/EngineMaterials/DefaultCalibrationColor.uexp" 336
"../../../Engine/Content/EngineMaterials/PPM_DefaultCalibrationColor.uasset" 337
"../../../Engine/Content/EngineMaterials/PPM_DefaultCalibrationColor.uexp" 338
"../../../Engine/Content/EngineMaterials/DefaultCalibrationGrayscale.uasset" 339
"../../../Engine/Content/EngineMaterials/DefaultCalibrationGrayscale.uexp" 340
"../../../Engine/Content/EngineMaterials/PPM_DefaultCalibrationGrayscale.uasset" 341
"../../../Engine/Content/EngineMaterials/PPM_DefaultCalibrationGrayscale.uexp" 342
"../../../Engine/Content/EngineMaterials/RemoveSurfaceMaterial.uasset" 343
"../../../Engine/Content/EngineMaterials/RemoveSurfaceMaterial.uexp" 344
"../../../Engine/Plugins/Animation/ControlRig/Content/Controls/ControlRigGizmoMaterial.uasset" 345
"../../../Engine/Plugins/Animation/ControlRig/Content/Controls/ControlRigGizmoMaterial.uexp" 346
"../../../Engine/Plugins/Animation/ControlRig/Content/Controls/ControlRigXRayMaterial.uasset" 347
"../../../Engine/Plugins/Animation/ControlRig/Content/Controls/ControlRigXRayMaterial.uexp" 348
"../../../Engine/Content/Functions/Engine_MaterialFunctions02/WorldPositionOffset/ObjectScale.uasset" 349
"../../../Engine/Content/Functions/Engine_MaterialFunctions02/WorldPositionOffset/ObjectScale.uexp" 350
"../../../Engine/Content/Functions/Engine_MaterialFunctions02/Utility/BreakOutFloat3Components.uasset" 351
"../../../Engine/Content/Functions/Engine_MaterialFunctions02/Utility/BreakOutFloat3Components.uexp" 352
"../../../Engine/Content/Functions/Engine_MaterialFunctions02/SafeNormalize.uasset" 353
"../../../Engine/Content/Functions/Engine_MaterialFunctions02/SafeNormalize.uexp" 354
"../../../Engine/Plugins/Editor/SpeedTreeImporter/Content/SpeedTree9/UnpackInteger3.uasset" 355
"../../../Engine/Plugins/Editor/SpeedTreeImporter/Content/SpeedTree9/UnpackInteger3.uexp" 356
"../../../Engine/Plugins/Editor/SpeedTreeImporter/Content/SpeedTree9/UnpackDirection.uasset" 357
"../../../Engine/Plugins/Editor/SpeedTreeImporter/Content/SpeedTree9/UnpackDirection.uexp" 358
"../../../Engine/Plugins/Editor/SpeedTreeImporter/Content/SpeedTree9/game_wind_noise.ubulk" 359
"../../../Engine/Plugins/Editor/SpeedTreeImporter/Content/SpeedTree9/game_wind_noise.uasset" 360
"../../../Engine/Plugins/Editor/SpeedTreeImporter/Content/SpeedTree9/game_wind_noise.uexp" 361
"../../../Engine/Plugins/Editor/SpeedTreeImporter/Content/SpeedTree9/SpeedTreeWindMotion.uasset" 362
"../../../Engine/Plugins/Editor/SpeedTreeImporter/Content/SpeedTree9/SpeedTreeWindMotion.uexp" 363
"../../../Engine/Content/Functions/Engine_MaterialFunctions02/ObjectLocalBounds.uasset" 364
"../../../Engine/Content/Functions/Engine_MaterialFunctions02/ObjectLocalBounds.uexp" 365
"../../../Engine/Content/Functions/Engine_MaterialFunctions02/UVs/BoundingBoxBased_0-1_UVW.uasset" 366
"../../../Engine/Content/Functions/Engine_MaterialFunctions02/UVs/BoundingBoxBased_0-1_UVW.uexp" 367
"../../../Engine/Plugins/Editor/SpeedTreeImporter/Content/SpeedTree9/SpeedTreeBranchMotion.uasset" 368
"../../../Engine/Plugins/Editor/SpeedTreeImporter/Content/SpeedTree9/SpeedTreeBranchMotion.uexp" 369
"../../../Engine/Plugins/Editor/SpeedTreeImporter/Content/SpeedTree9/SpeedTreeWind.uasset" 370
"../../../Engine/Plugins/Editor/SpeedTreeImporter/Content/SpeedTree9/SpeedTreeWind.uexp" 371
"../../../Engine/Plugins/Editor/SpeedTreeImporter/Content/SpeedTree9/Empty.uasset" 372
"../../../Engine/Plugins/Editor/SpeedTreeImporter/Content/SpeedTree9/Empty.uexp" 373
"../../../Engine/Plugins/Editor/SpeedTreeImporter/Content/SpeedTree9/EmptyNormal.uasset" 374
"../../../Engine/Plugins/Editor/SpeedTreeImporter/Content/SpeedTree9/EmptyNormal.uexp" 375
"../../../Engine/Plugins/Editor/SpeedTreeImporter/Content/SpeedTree9/SpeedTreeBillboard.uasset" 376
"../../../Engine/Plugins/Editor/SpeedTreeImporter/Content/SpeedTree9/SpeedTreeBillboard.uexp" 377
"../../../Engine/Plugins/Editor/SpeedTreeImporter/Content/SpeedTree9/SpeedTreeBillboardMaster.uasset" 378
"../../../Engine/Plugins/Editor/SpeedTreeImporter/Content/SpeedTree9/SpeedTreeBillboardMaster.uexp" 379
"../../../Engine/Plugins/Editor/SpeedTreeImporter/Content/SpeedTree9/SpeedTreeCameraFacing.uasset" 380
"../../../Engine/Plugins/Editor/SpeedTreeImporter/Content/SpeedTree9/SpeedTreeCameraFacing.uexp" 381
"../../../Engine/Plugins/Editor/SpeedTreeImporter/Content/SpeedTree9/SpeedTreeMaster.uasset" 382
"../../../Engine/Plugins/Editor/SpeedTreeImporter/Content/SpeedTree9/SpeedTreeMaster.uexp" 383
"../../../Engine/Plugins/Experimental/Water/Content/Curves/FloatCurve.uasset" 384
"../../../Engine/Plugins/Experimental/Water/Content/Curves/FloatCurve.uexp" 385
"../../../Engine/Plugins/Experimental/Water/Content/Curves/FloatCurve_WaterBodyIsland.uasset" 386
"../../../Engine/Plugins/Experimental/Water/Content/Curves/FloatCurve_WaterBodyIsland.uexp" 387
"../../../Engine/Content/EditorLandscapeResources/DefaultAlphaTexture.uasset" 388
"../../../Engine/Content/EditorLandscapeResources/DefaultAlphaTexture.uexp" 389
"../../../Engine/Content/EditorLandscapeResources/LandscapeDirtyMaterial.uasset" 390
"../../../Engine/Content/EditorLandscapeResources/LandscapeDirtyMaterial.uexp" 391
"../../../Engine/Content/Functions/Engine_MaterialFunctions01/Texturing/ScaleUVsByCenter.uasset" 392
"../../../Engine/Content/Functions/Engine_MaterialFunctions01/Texturing/ScaleUVsByCenter.uexp" 393
"../../../Engine/Content/Functions/Engine_MaterialFunctions02/WorldPositionOffset/LocalPosition.uasset" 394
"../../../Engine/Content/Functions/Engine_MaterialFunctions02/WorldPositionOffset/LocalPosition.uexp" 395
"../../../Engine/Content/Functions/Engine_MaterialFunctions01/Texturing/TextureCropping.uasset" 396
"../../../Engine/Content/Functions/Engine_MaterialFunctions01/Texturing/TextureCropping.uexp" 397
"../../../Engine/Content/Functions/Engine_MaterialFunctions02/ExampleContent/DebugNumberStrip.uasset" 398
"../../../Engine/Content/Functions/Engine_MaterialFunctions02/ExampleContent/DebugNumberStrip.uexp" 399
"../../../Engine/Content/Functions/Engine_MaterialFunctions01/Debug/DebugIntValues.uasset" 400
"../../../Engine/Content/Functions/Engine_MaterialFunctions01/Debug/DebugIntValues.uexp" 401
"../../../Engine/Content/EditorLandscapeResources/LandscapeLayerUsageMaterial.uasset" 402
"../../../Engine/Content/EditorLandscapeResources/LandscapeLayerUsageMaterial.uexp" 403
"../../../Engine/Content/EditorLandscapeResources/WhiteSquareTexture.uasset" 404
"../../../Engine/Content/EditorLandscapeResources/WhiteSquareTexture.uexp" 405
"../../../Engine/Content/EditorLandscapeResources/LayerVisMaterial.uasset" 406
"../../../Engine/Content/EditorLandscapeResources/LayerVisMaterial.uexp" 407
"../../../Engine/Content/EditorMaterials/PhAT_NoCollisionMaterial.uasset" 408
"../../../Engine/Content/EditorMaterials/PhAT_NoCollisionMaterial.uexp" 409
"../../../Engine/Content/EditorMaterials/PhAT_UnselectedMaterial.uasset" 410
"../../../Engine/Content/EditorMaterials/PhAT_UnselectedMaterial.uexp" 411
"../../../Engine/Content/EditorMaterials/PreviewShadowIndicator.ubulk" 412
"../../../Engine/Content/EditorMaterials/PreviewShadowIndicator.uasset" 413
"../../../Engine/Content/EditorMaterials/PreviewShadowIndicator.uexp" 414
"../../../Engine/Content/EditorMaterials/PreviewShadowIndicatorMaterial.uasset" 415
"../../../Engine/Content/EditorMaterials/PreviewShadowIndicatorMaterial.uexp" 416
"../../../Engine/Plugins/Animation/ControlRig/Content/M_Manip.uasset" 417
"../../../Engine/Plugins/Animation/ControlRig/Content/M_Manip.uexp" 418
"../../../Engine/Content/EngineMeshes/Sphere.ubulk" 419
"../../../Engine/Content/EngineMeshes/Sphere.uasset" 420
"../../../Engine/Content/EngineMeshes/Sphere.uexp" 421
"../../../Engine/Content/EngineResources/DefaultTextureCube.uasset" 422
"../../../Engine/Content/EngineResources/DefaultTextureCube.uexp" 423
"../../../Engine/Content/EngineResources/DefaultVolumeTexture2D.uasset" 424
"../../../Engine/Content/EngineResources/DefaultVolumeTexture2D.uexp" 425
"../../../Engine/Content/EngineResources/DefaultVolumeTexture.uasset" 426
"../../../Engine/Content/EngineResources/DefaultVolumeTexture.uexp" 427
"../../../Engine/Content/VREditor/TransformGizmo/Xray.uasset" 428
"../../../Engine/Content/VREditor/TransformGizmo/Xray.uexp" 429
"../../../Engine/Content/VREditor/TransformGizmo/Main.uasset" 430
"../../../Engine/Content/VREditor/TransformGizmo/Main.uexp" 431
"../../../Engine/Content/VREditor/TransformGizmo/SM_Sequencer_Node.ubulk" 432
"../../../Engine/Content/VREditor/TransformGizmo/SM_Sequencer_Node.uasset" 433
"../../../Engine/Content/VREditor/TransformGizmo/SM_Sequencer_Node.uexp" 434
"../../../Engine/Content/EngineResources/Black.uasset" 435
"../../../Engine/Content/EngineResources/Black.uexp" 436
"../../../Engine/Plugins/Runtime/OpenXR/Content/Devices/M_XRController.uasset" 437
"../../../Engine/Plugins/Runtime/OpenXR/Content/Devices/M_XRController.uexp" 438
"../../../Engine/Plugins/Runtime/OpenXR/Content/Devices/MicrosoftMixedReality/NormalTexture.ubulk" 439
"../../../Engine/Plugins/Runtime/OpenXR/Content/Devices/MicrosoftMixedReality/NormalTexture.uasset" 440
"../../../Engine/Plugins/Runtime/OpenXR/Content/Devices/MicrosoftMixedReality/NormalTexture.uexp" 441
"../../../Engine/Plugins/Runtime/OpenXR/Content/Devices/MicrosoftMixedReality/MRTexture.ubulk" 442
"../../../Engine/Plugins/Runtime/OpenXR/Content/Devices/MicrosoftMixedReality/MRTexture.uasset" 443
"../../../Engine/Plugins/Runtime/OpenXR/Content/Devices/MicrosoftMixedReality/MRTexture.uexp" 444
"../../../Engine/Plugins/Runtime/OpenXR/Content/Devices/MicrosoftMixedReality/EmissiveTexture.ubulk" 445
"../../../Engine/Plugins/Runtime/OpenXR/Content/Devices/MicrosoftMixedReality/EmissiveTexture.uasset" 446
"../../../Engine/Plugins/Runtime/OpenXR/Content/Devices/MicrosoftMixedReality/EmissiveTexture.uexp" 447
"../../../Engine/Plugins/Runtime/OpenXR/Content/Devices/MicrosoftMixedReality/BaseTexture.ubulk" 448
"../../../Engine/Plugins/Runtime/OpenXR/Content/Devices/MicrosoftMixedReality/BaseTexture.uasset" 449
"../../../Engine/Plugins/Runtime/OpenXR/Content/Devices/MicrosoftMixedReality/BaseTexture.uexp" 450
"../../../Engine/Plugins/Runtime/OpenXR/Content/Devices/MicrosoftMixedReality/MI_MicrosoftMixedReality.uasset" 451
"../../../Engine/Plugins/Runtime/OpenXR/Content/Devices/MicrosoftMixedReality/MI_MicrosoftMixedReality.uexp" 452
"../../../Engine/Plugins/Runtime/OpenXR/Content/Devices/MicrosoftMixedReality/Left/left_MicrosoftMixedRealityController.ubulk" 453
"../../../Engine/Plugins/Runtime/OpenXR/Content/Devices/MicrosoftMixedReality/Left/left_MicrosoftMixedRealityController.uasset" 454
"../../../Engine/Plugins/Runtime/OpenXR/Content/Devices/MicrosoftMixedReality/Left/left_MicrosoftMixedRealityController.uexp" 455
"../../../Engine/Plugins/Runtime/OpenXR/Content/Devices/MicrosoftMixedReality/Right/right_MicrosoftMixedRealityController.ubulk" 456
"../../../Engine/Plugins/Runtime/OpenXR/Content/Devices/MicrosoftMixedReality/Right/right_MicrosoftMixedRealityController.uasset" 457
"../../../Engine/Plugins/Runtime/OpenXR/Content/Devices/MicrosoftMixedReality/Right/right_MicrosoftMixedRealityController.uexp" 458
"../../../Engine/Plugins/Runtime/OpenXR/Content/Devices/OculusTouch/MRTexture.ubulk" 459
"../../../Engine/Plugins/Runtime/OpenXR/Content/Devices/OculusTouch/MRTexture.uasset" 460
"../../../Engine/Plugins/Runtime/OpenXR/Content/Devices/OculusTouch/MRTexture.uexp" 461
"../../../Engine/Plugins/Runtime/OpenXR/Content/Devices/OculusTouch/BaseTexture.ubulk" 462
"../../../Engine/Plugins/Runtime/OpenXR/Content/Devices/OculusTouch/BaseTexture.uasset" 463
"../../../Engine/Plugins/Runtime/OpenXR/Content/Devices/OculusTouch/BaseTexture.uexp" 464
"../../../Engine/Plugins/Runtime/OpenXR/Content/Devices/OculusTouch/MI_OculusTouch.uasset" 465
"../../../Engine/Plugins/Runtime/OpenXR/Content/Devices/OculusTouch/MI_OculusTouch.uexp" 466
"../../../Engine/Plugins/Runtime/OpenXR/Content/Devices/OculusTouch/Left/left_OculusTouchController.ubulk" 467
"../../../Engine/Plugins/Runtime/OpenXR/Content/Devices/OculusTouch/Left/left_OculusTouchController.uasset" 468
"../../../Engine/Plugins/Runtime/OpenXR/Content/Devices/OculusTouch/Left/left_OculusTouchController.uexp" 469
"../../../Engine/Plugins/Runtime/OpenXR/Content/Devices/OculusTouch/Right/right_OculusTouchController.ubulk" 470
"../../../Engine/Plugins/Runtime/OpenXR/Content/Devices/OculusTouch/Right/right_OculusTouchController.uasset" 471
"../../../Engine/Plugins/Runtime/OpenXR/Content/Devices/OculusTouch/Right/right_OculusTouchController.uexp" 472
"../../../Engine/Plugins/Runtime/OpenXR/Content/Devices/OculusTouch_v2/MRTexture.ubulk" 473
"../../../Engine/Plugins/Runtime/OpenXR/Content/Devices/OculusTouch_v2/MRTexture.uasset" 474
"../../../Engine/Plugins/Runtime/OpenXR/Content/Devices/OculusTouch_v2/MRTexture.uexp" 475
"../../../Engine/Plugins/Runtime/OpenXR/Content/Devices/OculusTouch_v2/BaseTexture.ubulk" 476
"../../../Engine/Plugins/Runtime/OpenXR/Content/Devices/OculusTouch_v2/BaseTexture.uasset" 477
"../../../Engine/Plugins/Runtime/OpenXR/Content/Devices/OculusTouch_v2/BaseTexture.uexp" 478
"../../../Engine/Plugins/Runtime/OpenXR/Content/Devices/OculusTouch_v2/MI_OculusTouch_v2.uasset" 479
"../../../Engine/Plugins/Runtime/OpenXR/Content/Devices/OculusTouch_v2/MI_OculusTouch_v2.uexp" 480
"../../../Engine/Plugins/Runtime/OpenXR/Content/Devices/OculusTouch_v2/Left/left_OculusTouch_v2Controller.ubulk" 481
"../../../Engine/Plugins/Runtime/OpenXR/Content/Devices/OculusTouch_v2/Left/left_OculusTouch_v2Controller.uasset" 482
"../../../Engine/Plugins/Runtime/OpenXR/Content/Devices/OculusTouch_v2/Left/left_OculusTouch_v2Controller.uexp" 483
"../../../Engine/Plugins/Runtime/OpenXR/Content/Devices/OculusTouch_v2/Right/right_OculusTouch_v2Controller.ubulk" 484
"../../../Engine/Plugins/Runtime/OpenXR/Content/Devices/OculusTouch_v2/Right/right_OculusTouch_v2Controller.uasset" 485
"../../../Engine/Plugins/Runtime/OpenXR/Content/Devices/OculusTouch_v2/Right/right_OculusTouch_v2Controller.uexp" 486
"../../../Engine/Plugins/Runtime/OpenXR/Content/Devices/OculusTouch_v3/MRTexture.ubulk" 487
"../../../Engine/Plugins/Runtime/OpenXR/Content/Devices/OculusTouch_v3/MRTexture.uasset" 488
"../../../Engine/Plugins/Runtime/OpenXR/Content/Devices/OculusTouch_v3/MRTexture.uexp" 489
"../../../Engine/Plugins/Runtime/OpenXR/Content/Devices/OculusTouch_v3/BaseTexture.ubulk" 490
"../../../Engine/Plugins/Runtime/OpenXR/Content/Devices/OculusTouch_v3/BaseTexture.uasset" 491
"../../../Engine/Plugins/Runtime/OpenXR/Content/Devices/OculusTouch_v3/BaseTexture.uexp" 492
"../../../Engine/Plugins/Runtime/OpenXR/Content/Devices/OculusTouch_v3/MI_OculusTouch_v3.uasset" 493
"../../../Engine/Plugins/Runtime/OpenXR/Content/Devices/OculusTouch_v3/MI_OculusTouch_v3.uexp" 494
"../../../Engine/Plugins/Runtime/OpenXR/Content/Devices/OculusTouch_v3/Left/left_OculusTouch_v3Controller.ubulk" 495
"../../../Engine/Plugins/Runtime/OpenXR/Content/Devices/OculusTouch_v3/Left/left_OculusTouch_v3Controller.uasset" 496
"../../../Engine/Plugins/Runtime/OpenXR/Content/Devices/OculusTouch_v3/Left/left_OculusTouch_v3Controller.uexp" 497
"../../../Engine/Plugins/Runtime/OpenXR/Content/Devices/OculusTouch_v3/Right/right_OculusTouch_v3Controller.ubulk" 498
"../../../Engine/Plugins/Runtime/OpenXR/Content/Devices/OculusTouch_v3/Right/right_OculusTouch_v3Controller.uasset" 499
"../../../Engine/Plugins/Runtime/OpenXR/Content/Devices/OculusTouch_v3/Right/right_OculusTouch_v3Controller.uexp" 500
"../../../Engine/Plugins/Runtime/OpenXR/Content/Devices/ValveIndex/MRTexture.ubulk" 501
"../../../Engine/Plugins/Runtime/OpenXR/Content/Devices/ValveIndex/MRTexture.uasset" 502
"../../../Engine/Plugins/Runtime/OpenXR/Content/Devices/ValveIndex/MRTexture.uexp" 503
"../../../Engine/Plugins/Runtime/OpenXR/Content/Devices/ValveIndex/BaseTexture.ubulk" 504
"../../../Engine/Plugins/Runtime/OpenXR/Content/Devices/ValveIndex/BaseTexture.uasset" 505
"../../../Engine/Plugins/Runtime/OpenXR/Content/Devices/ValveIndex/BaseTexture.uexp" 506
"../../../Engine/Plugins/Runtime/OpenXR/Content/Devices/ValveIndex/Left/MI_left_ValveIndex.uasset" 507
"../../../Engine/Plugins/Runtime/OpenXR/Content/Devices/ValveIndex/Left/MI_left_ValveIndex.uexp" 508
"../../../Engine/Plugins/Runtime/OpenXR/Content/Devices/ValveIndex/Left/left_ValveIndexController.ubulk" 509
"../../../Engine/Plugins/Runtime/OpenXR/Content/Devices/ValveIndex/Left/left_ValveIndexController.uasset" 510
"../../../Engine/Plugins/Runtime/OpenXR/Content/Devices/ValveIndex/Left/left_ValveIndexController.uexp" 511
"../../../Engine/Plugins/Runtime/OpenXR/Content/Devices/ValveIndex/Right/MI_right_ValveIndex.uasset" 512
"../../../Engine/Plugins/Runtime/OpenXR/Content/Devices/ValveIndex/Right/MI_right_ValveIndex.uexp" 513
"../../../Engine/Plugins/Runtime/OpenXR/Content/Devices/ValveIndex/Right/right_ValveIndexController.ubulk" 514
"../../../Engine/Plugins/Runtime/OpenXR/Content/Devices/ValveIndex/Right/right_ValveIndexController.uasset" 515
"../../../Engine/Plugins/Runtime/OpenXR/Content/Devices/ValveIndex/Right/right_ValveIndexController.uexp" 516
"../../../Engine/Content/EngineMaterials/Substrate/GLints/AGlintTex2dArray.uasset" 517
"../../../Engine/Content/EngineMaterials/Substrate/GLints/AGlintTex2dArray.uexp" 518
"../../../Engine/Content/EngineMaterials/Substrate/Glints2/AGlintTex2dArray2.uasset" 519
"../../../Engine/Content/EngineMaterials/Substrate/Glints2/AGlintTex2dArray2.uexp" 520
"../../../Engine/Content/EngineMaterials/Substrate/Volume/SubstrateSimpleVolumeEnvLUT3D.uasset" 521
"../../../Engine/Content/EngineMaterials/Substrate/Volume/SubstrateSimpleVolumeEnvLUT3D.uexp" 522
"../../../Engine/Content/EngineMaterials/Substrate/Volume/SubstrateSimpleVolumeLUT3D.uasset" 523
"../../../Engine/Content/EngineMaterials/Substrate/Volume/SubstrateSimpleVolumeLUT3D.uexp" 524
"../../../Engine/Content/EngineMaterials/T_Default_Material_Grid_M.ubulk" 525
"../../../Engine/Content/EngineMaterials/T_Default_Material_Grid_M.uasset" 526
"../../../Engine/Content/EngineMaterials/T_Default_Material_Grid_M.uexp" 527
"../../../Engine/Content/Functions/Engine_MaterialFunctions01/Opacity/CameraDepthFade.uasset" 528
"../../../Engine/Content/Functions/Engine_MaterialFunctions01/Opacity/CameraDepthFade.uexp" 529
"../../../Engine/Content/EngineMaterials/T_Default_Material_Grid_N.ubulk" 530
"../../../Engine/Content/EngineMaterials/T_Default_Material_Grid_N.uasset" 531
"../../../Engine/Content/EngineMaterials/T_Default_Material_Grid_N.uexp" 532
"../../../Engine/Content/EngineMaterials/WorldGridMaterial.uasset" 533
"../../../Engine/Content/EngineMaterials/WorldGridMaterial.uexp" 534
"../../../Engine/Content/ArtTools/RenderToTexture/Meshes/S_1_Unit_Plane.ubulk" 535
"../../../Engine/Content/ArtTools/RenderToTexture/Meshes/S_1_Unit_Plane.uasset" 536
"../../../Engine/Content/ArtTools/RenderToTexture/Meshes/S_1_Unit_Plane.uexp" 537
"../../../Engine/Plugins/Experimental/Landmass/Content/Landscape/Meshes/S_SpritePlane.ubulk" 538
"../../../Engine/Plugins/Experimental/Landmass/Content/Landscape/Meshes/S_SpritePlane.uasset" 539
"../../../Engine/Plugins/Experimental/Landmass/Content/Landscape/Meshes/S_SpritePlane.uexp" 540
"../../../Engine/Plugins/Interchange/Assets/Content/Utilities/New_LUT.uasset" 541
"../../../Engine/Plugins/Interchange/Assets/Content/Utilities/New_LUT.uexp" 542
"../../../Engine/Content/Functions/Engine_MaterialFunctions03/Math/RemapValueRange.uasset" 543
"../../../Engine/Content/Functions/Engine_MaterialFunctions03/Math/RemapValueRange.uexp" 544
"../../../Engine/Plugins/Interchange/Assets/Content/Functions/MF_Iridescence.uasset" 545
"../../../Engine/Plugins/Interchange/Assets/Content/Functions/MF_Iridescence.uexp" 546
"../../../Engine/Plugins/Interchange/Assets/Content/gltf/Textures/T_White_srgb.uasset" 547
"../../../Engine/Plugins/Interchange/Assets/Content/gltf/Textures/T_White_srgb.uexp" 548
"../../../Engine/Plugins/Interchange/Assets/Content/gltf/MaterialFunctions/MF_BaseColor.uasset" 549
"../../../Engine/Plugins/Interchange/Assets/Content/gltf/MaterialFunctions/MF_BaseColor.uexp" 550
"../../../Engine/Plugins/Interchange/Assets/Content/gltf/MaterialFunctions/MF_RotateV2.uasset" 551
"../../../Engine/Plugins/Interchange/Assets/Content/gltf/MaterialFunctions/MF_RotateV2.uexp" 552
"../../../Engine/Plugins/Interchange/Assets/Content/gltf/MaterialFunctions/MF_TransformUVs.uasset" 553
"../../../Engine/Plugins/Interchange/Assets/Content/gltf/MaterialFunctions/MF_TransformUVs.uexp" 554
"../../../Engine/Plugins/Interchange/Assets/Content/gltf/MaterialFunctions/MF_IOR.uasset" 555
"../../../Engine/Plugins/Interchange/Assets/Content/gltf/MaterialFunctions/MF_IOR.uexp" 556
"../../../Engine/Plugins/Interchange/Assets/Content/gltf/MaterialFunctions/MF_Iridescence.uasset" 557
"../../../Engine/Plugins/Interchange/Assets/Content/gltf/MaterialFunctions/MF_Iridescence.uexp" 558
"../../../Engine/Plugins/Interchange/Assets/Content/gltf/Textures/T_White_Linear.uasset" 559
"../../../Engine/Plugins/Interchange/Assets/Content/gltf/Textures/T_White_Linear.uexp" 560
"../../../Engine/Plugins/Interchange/Assets/Content/gltf/MaterialFunctions/MF_MetallicRoughness.uasset" 561
"../../../Engine/Plugins/Interchange/Assets/Content/gltf/MaterialFunctions/MF_MetallicRoughness.uexp" 562
"../../../Engine/Content/Functions/Engine_MaterialFunctions02/Math/Transform3x3Matrix.uasset" 563
"../../../Engine/Content/Functions/Engine_MaterialFunctions02/Math/Transform3x3Matrix.uexp" 564
"../../../Engine/Plugins/Interchange/Assets/Content/gltf/MaterialFunctions/MF_RotateNormals_TS.uasset" 565
"../../../Engine/Plugins/Interchange/Assets/Content/gltf/MaterialFunctions/MF_RotateNormals_TS.uexp" 566
"../../../Engine/Plugins/Interchange/Assets/Content/gltf/MaterialFunctions/MF_ScaleNormal.uasset" 567
"../../../Engine/Plugins/Interchange/Assets/Content/gltf/MaterialFunctions/MF_ScaleNormal.uexp" 568
"../../../Engine/Plugins/Interchange/Assets/Content/gltf/Textures/T_Generic_N.uasset" 569
"../../../Engine/Plugins/Interchange/Assets/Content/gltf/Textures/T_Generic_N.uexp" 570
"../../../Engine/Plugins/Interchange/Assets/Content/gltf/MaterialFunctions/MF_Normals.uasset" 571
"../../../Engine/Plugins/Interchange/Assets/Content/gltf/MaterialFunctions/MF_Normals.uexp" 572
"../../../Engine/Plugins/Interchange/Assets/Content/gltf/MaterialFunctions/MF_Occlusion.uasset" 573
"../../../Engine/Plugins/Interchange/Assets/Content/gltf/MaterialFunctions/MF_Occlusion.uexp" 574
"../../../Engine/Plugins/Interchange/Assets/Content/gltf/MaterialFunctions/MF_Specular.uasset" 575
"../../../Engine/Plugins/Interchange/Assets/Content/gltf/MaterialFunctions/MF_Specular.uexp" 576
"../../../Engine/Plugins/Interchange/Assets/Content/gltf/Textures/T_Anisotropy_Direction_Linear.uasset" 577
"../../../Engine/Plugins/Interchange/Assets/Content/gltf/Textures/T_Anisotropy_Direction_Linear.uexp" 578
"../../../Engine/Plugins/Interchange/Assets/Content/gltf/MaterialFunctions/MF_SpecularAnisotropy.uasset" 579
"../../../Engine/Plugins/Interchange/Assets/Content/gltf/MaterialFunctions/MF_SpecularAnisotropy.uexp" 580
"../../../Engine/Plugins/Interchange/Assets/Content/gltf/MaterialFunctions/MF_Emissive.uasset" 581
"../../../Engine/Plugins/Interchange/Assets/Content/gltf/MaterialFunctions/MF_Emissive.uexp" 582
"../../../Engine/Content/Functions/Engine_MaterialFunctions01/Texturing/FlattenNormal.uasset" 583
"../../../Engine/Content/Functions/Engine_MaterialFunctions01/Texturing/FlattenNormal.uexp" 584
"../../../Engine/Plugins/Interchange/Assets/Content/gltf/MaterialFunctions/MF_Clearcoat.uasset" 585
"../../../Engine/Plugins/Interchange/Assets/Content/gltf/MaterialFunctions/MF_Clearcoat.uexp" 586
"../../../Engine/Plugins/Interchange/Assets/Content/gltf/MaterialBodies/MF_ClearCoat_Body.uasset" 587
"../../../Engine/Plugins/Interchange/Assets/Content/gltf/MaterialBodies/MF_ClearCoat_Body.uexp" 588
"../../../Engine/Plugins/Interchange/Assets/Content/gltf/M_ClearCoat.uasset" 589
"../../../Engine/Plugins/Interchange/Assets/Content/gltf/M_ClearCoat.uexp" 590
"../../../Engine/Plugins/Interchange/Assets/Content/gltf/MaterialInstances/MI_ClearCoat_Blend.uasset" 591
"../../../Engine/Plugins/Interchange/Assets/Content/gltf/MaterialInstances/MI_ClearCoat_Blend.uexp" 592
"../../../Engine/Plugins/Interchange/Assets/Content/gltf/MaterialInstances/MI_ClearCoat_Blend_DS.uasset" 593
"../../../Engine/Plugins/Interchange/Assets/Content/gltf/MaterialInstances/MI_ClearCoat_Blend_DS.uexp" 594
"../../../Engine/Plugins/Interchange/Assets/Content/gltf/MaterialInstances/MI_ClearCoat_Mask.uasset" 595
"../../../Engine/Plugins/Interchange/Assets/Content/gltf/MaterialInstances/MI_ClearCoat_Mask.uexp" 596
"../../../Engine/Plugins/Interchange/Assets/Content/gltf/MaterialInstances/MI_ClearCoat_Mask_DS.uasset" 597
"../../../Engine/Plugins/Interchange/Assets/Content/gltf/MaterialInstances/MI_ClearCoat_Mask_DS.uexp" 598
"../../../Engine/Plugins/Interchange/Assets/Content/gltf/MaterialInstances/MI_ClearCoat_Opaque.uasset" 599
"../../../Engine/Plugins/Interchange/Assets/Content/gltf/MaterialInstances/MI_ClearCoat_Opaque.uexp" 600
"../../../Engine/Plugins/Interchange/Assets/Content/gltf/MaterialInstances/MI_ClearCoat_Opaque_DS.uasset" 601
"../../../Engine/Plugins/Interchange/Assets/Content/gltf/MaterialInstances/MI_ClearCoat_Opaque_DS.uexp" 602
"../../../Engine/Plugins/Interchange/Assets/Content/gltf/MaterialBodies/MF_Default_Body.uasset" 603
"../../../Engine/Plugins/Interchange/Assets/Content/gltf/MaterialBodies/MF_Default_Body.uexp" 604
"../../../Engine/Plugins/Interchange/Assets/Content/gltf/M_Default.uasset" 605
"../../../Engine/Plugins/Interchange/Assets/Content/gltf/M_Default.uexp" 606
"../../../Engine/Plugins/Interchange/Assets/Content/gltf/MaterialInstances/MI_Default_Blend.uasset" 607
"../../../Engine/Plugins/Interchange/Assets/Content/gltf/MaterialInstances/MI_Default_Blend.uexp" 608
"../../../Engine/Plugins/Interchange/Assets/Content/gltf/MaterialInstances/MI_Default_Blend_DS.uasset" 609
"../../../Engine/Plugins/Interchange/Assets/Content/gltf/MaterialInstances/MI_Default_Blend_DS.uexp" 610
"../../../Engine/Plugins/Interchange/Assets/Content/gltf/MaterialInstances/MI_Default_Mask.uasset" 611
"../../../Engine/Plugins/Interchange/Assets/Content/gltf/MaterialInstances/MI_Default_Mask.uexp" 612
"../../../Engine/Plugins/Interchange/Assets/Content/gltf/MaterialInstances/MI_Default_Mask_DS.uasset" 613
"../../../Engine/Plugins/Interchange/Assets/Content/gltf/MaterialInstances/MI_Default_Mask_DS.uexp" 614
"../../../Engine/Plugins/Interchange/Assets/Content/gltf/MaterialInstances/MI_Default_Opaque.uasset" 615
"../../../Engine/Plugins/Interchange/Assets/Content/gltf/MaterialInstances/MI_Default_Opaque.uexp" 616
"../../../Engine/Plugins/Interchange/Assets/Content/gltf/MaterialFunctions/MF_Sheen.uasset" 617
"../../../Engine/Plugins/Interchange/Assets/Content/gltf/MaterialFunctions/MF_Sheen.uexp" 618
"../../../Engine/Plugins/Interchange/Assets/Content/gltf/MaterialBodies/MF_Sheen_Body.uasset" 619
"../../../Engine/Plugins/Interchange/Assets/Content/gltf/MaterialBodies/MF_Sheen_Body.uexp" 620
"../../../Engine/Plugins/Interchange/Assets/Content/gltf/M_Sheen.uasset" 621
"../../../Engine/Plugins/Interchange/Assets/Content/gltf/M_Sheen.uexp" 622
"../../../Engine/Plugins/Interchange/Assets/Content/gltf/MaterialInstances/MI_Sheen_Blend.uasset" 623
"../../../Engine/Plugins/Interchange/Assets/Content/gltf/MaterialInstances/MI_Sheen_Blend.uexp" 624
"../../../Engine/Plugins/Interchange/Assets/Content/gltf/MaterialInstances/MI_Sheen_Blend_DS.uasset" 625
"../../../Engine/Plugins/Interchange/Assets/Content/gltf/MaterialInstances/MI_Sheen_Blend_DS.uexp" 626
"../../../Engine/Plugins/Interchange/Assets/Content/gltf/MaterialInstances/MI_Sheen_Mask.uasset" 627
"../../../Engine/Plugins/Interchange/Assets/Content/gltf/MaterialInstances/MI_Sheen_Mask.uexp" 628
"../../../Engine/Plugins/Interchange/Assets/Content/gltf/MaterialInstances/MI_Sheen_Mask_DS.uasset" 629
"../../../Engine/Plugins/Interchange/Assets/Content/gltf/MaterialInstances/MI_Sheen_Mask_DS.uexp" 630
"../../../Engine/Plugins/Interchange/Assets/Content/gltf/MaterialInstances/MI_Sheen_Opaque.uasset" 631
"../../../Engine/Plugins/Interchange/Assets/Content/gltf/MaterialInstances/MI_Sheen_Opaque.uexp" 632
"../../../Engine/Plugins/Interchange/Assets/Content/gltf/MaterialInstances/MI_Sheen_Opaque_DS.uasset" 633
"../../../Engine/Plugins/Interchange/Assets/Content/gltf/MaterialInstances/MI_Sheen_Opaque_DS.uexp" 634
"../../../Engine/Content/Functions/Engine_MaterialFunctions02/Math/AddComponents.uasset" 635
"../../../Engine/Content/Functions/Engine_MaterialFunctions02/Math/AddComponents.uexp" 636
"../../../Engine/Plugins/Interchange/Assets/Content/gltf/MaterialFunctions/MF_DiffuseSpecGloss.uasset" 637
"../../../Engine/Plugins/Interchange/Assets/Content/gltf/MaterialFunctions/MF_DiffuseSpecGloss.uexp" 638
"../../../Engine/Plugins/Interchange/Assets/Content/gltf/MaterialFunctions/MF_MaxComponentValue.uasset" 639
"../../../Engine/Plugins/Interchange/Assets/Content/gltf/MaterialFunctions/MF_MaxComponentValue.uexp" 640
"../../../Engine/Plugins/Interchange/Assets/Content/gltf/MaterialFunctions/MF_PerceivedBrightness.uasset" 641
"../../../Engine/Plugins/Interchange/Assets/Content/gltf/MaterialFunctions/MF_PerceivedBrightness.uexp" 642
"../../../Engine/Plugins/Interchange/Assets/Content/gltf/MaterialFunctions/MF_SpecGlossToMetalRoughness.uasset" 643
"../../../Engine/Plugins/Interchange/Assets/Content/gltf/MaterialFunctions/MF_SpecGlossToMetalRoughness.uexp" 644
"../../../Engine/Plugins/Interchange/Assets/Content/gltf/MaterialBodies/MF_SpecularGlossiness_Body.uasset" 645
"../../../Engine/Plugins/Interchange/Assets/Content/gltf/MaterialBodies/MF_SpecularGlossiness_Body.uexp" 646
"../../../Engine/Plugins/Interchange/Assets/Content/gltf/M_SpecularGlossiness.uasset" 647
"../../../Engine/Plugins/Interchange/Assets/Content/gltf/M_SpecularGlossiness.uexp" 648
"../../../Engine/Plugins/Interchange/Assets/Content/gltf/MaterialInstances/MI_SpecularGlossiness_Blend.uasset" 649
"../../../Engine/Plugins/Interchange/Assets/Content/gltf/MaterialInstances/MI_SpecularGlossiness_Blend.uexp" 650
"../../../Engine/Plugins/Interchange/Assets/Content/gltf/MaterialInstances/MI_SpecularGlossiness_Blend_DS.uasset" 651
"../../../Engine/Plugins/Interchange/Assets/Content/gltf/MaterialInstances/MI_SpecularGlossiness_Blend_DS.uexp" 652
"../../../Engine/Plugins/Interchange/Assets/Content/gltf/MaterialInstances/MI_SpecularGlossiness_Mask.uasset" 653
"../../../Engine/Plugins/Interchange/Assets/Content/gltf/MaterialInstances/MI_SpecularGlossiness_Mask.uexp" 654
"../../../Engine/Plugins/Interchange/Assets/Content/gltf/MaterialInstances/MI_SpecularGlossiness_Mask_DS.uasset" 655
"../../../Engine/Plugins/Interchange/Assets/Content/gltf/MaterialInstances/MI_SpecularGlossiness_Mask_DS.uexp" 656
"../../../Engine/Plugins/Interchange/Assets/Content/gltf/MaterialInstances/MI_SpecularGlossiness_Opaque.uasset" 657
"../../../Engine/Plugins/Interchange/Assets/Content/gltf/MaterialInstances/MI_SpecularGlossiness_Opaque.uexp" 658
"../../../Engine/Plugins/Interchange/Assets/Content/gltf/MaterialInstances/MI_SpecularGlossiness_Opaque_DS.uasset" 659
"../../../Engine/Plugins/Interchange/Assets/Content/gltf/MaterialInstances/MI_SpecularGlossiness_Opaque_DS.uexp" 660
"../../../Engine/Content/EngineMaterials/Good64x64TilingNoiseHighFreq.uasset" 661
"../../../Engine/Content/EngineMaterials/Good64x64TilingNoiseHighFreq.uexp" 662
"../../../Engine/Content/Functions/Engine_MaterialFunctions02/Texturing/ScreenAlignedPixelToPixelUVs.uasset" 663
"../../../Engine/Content/Functions/Engine_MaterialFunctions02/Texturing/ScreenAlignedPixelToPixelUVs.uexp" 664
"../../../Engine/Plugins/Interchange/Assets/Content/gltf/MaterialFunctions/MF_Fresnel_DS.uasset" 665
"../../../Engine/Plugins/Interchange/Assets/Content/gltf/MaterialFunctions/MF_Fresnel_DS.uexp" 666
"../../../Engine/Plugins/Interchange/Assets/Content/gltf/MaterialFunctions/MF_Temporal_Blur.uasset" 667
"../../../Engine/Plugins/Interchange/Assets/Content/gltf/MaterialFunctions/MF_Temporal_Blur.uexp" 668
"../../../Engine/Plugins/Interchange/Assets/Content/gltf/MaterialFunctions/MF_Transmission.uasset" 669
"../../../Engine/Plugins/Interchange/Assets/Content/gltf/MaterialFunctions/MF_Transmission.uexp" 670
"../../../Engine/Plugins/Interchange/Assets/Content/gltf/MaterialBodies/MF_Transmission_Body.uasset" 671
"../../../Engine/Plugins/Interchange/Assets/Content/gltf/MaterialBodies/MF_Transmission_Body.uexp" 672
"../../../Engine/Plugins/Interchange/Assets/Content/gltf/M_Transmission.uasset" 673
"../../../Engine/Plugins/Interchange/Assets/Content/gltf/M_Transmission.uexp" 674
"../../../Engine/Plugins/Interchange/Assets/Content/gltf/MaterialInstances/MI_Transmission.uasset" 675
"../../../Engine/Plugins/Interchange/Assets/Content/gltf/MaterialInstances/MI_Transmission.uexp" 676
"../../../Engine/Plugins/Interchange/Assets/Content/gltf/MaterialInstances/MI_Transmission_DS.uasset" 677
"../../../Engine/Plugins/Interchange/Assets/Content/gltf/MaterialInstances/MI_Transmission_DS.uexp" 678
"../../../Engine/Plugins/Interchange/Assets/Content/gltf/MaterialBodies/MF_Unlit_Body.uasset" 679
"../../../Engine/Plugins/Interchange/Assets/Content/gltf/MaterialBodies/MF_Unlit_Body.uexp" 680
"../../../Engine/Plugins/Interchange/Assets/Content/gltf/M_Unlit.uasset" 681
"../../../Engine/Plugins/Interchange/Assets/Content/gltf/M_Unlit.uexp" 682
"../../../Engine/Plugins/Interchange/Assets/Content/gltf/MaterialInstances/MI_Unlit_Blend.uasset" 683
"../../../Engine/Plugins/Interchange/Assets/Content/gltf/MaterialInstances/MI_Unlit_Blend.uexp" 684
"../../../Engine/Plugins/Interchange/Assets/Content/gltf/MaterialInstances/MI_Unlit_Blend_DS.uasset" 685
"../../../Engine/Plugins/Interchange/Assets/Content/gltf/MaterialInstances/MI_Unlit_Blend_DS.uexp" 686
"../../../Engine/Plugins/Interchange/Assets/Content/gltf/MaterialInstances/MI_Unlit_Mask.uasset" 687
"../../../Engine/Plugins/Interchange/Assets/Content/gltf/MaterialInstances/MI_Unlit_Mask.uexp" 688
"../../../Engine/Plugins/Interchange/Assets/Content/gltf/MaterialInstances/MI_Unlit_Mask_DS.uasset" 689
"../../../Engine/Plugins/Interchange/Assets/Content/gltf/MaterialInstances/MI_Unlit_Mask_DS.uexp" 690
"../../../Engine/Plugins/Interchange/Assets/Content/gltf/MaterialInstances/MI_Unlit_Opaque.uasset" 691
"../../../Engine/Plugins/Interchange/Assets/Content/gltf/MaterialInstances/MI_Unlit_Opaque.uexp" 692
"../../../Engine/Plugins/Interchange/Assets/Content/gltf/MaterialInstances/MI_Unlit_Opaque_DS.uasset" 693
"../../../Engine/Plugins/Interchange/Assets/Content/gltf/MaterialInstances/MI_Unlit_Opaque_DS.uexp" 694
"../../../Engine/Plugins/Runtime/OpenXR/Content/Devices/HTCVive/BaseTexture.ubulk" 695
"../../../Engine/Plugins/Runtime/OpenXR/Content/Devices/HTCVive/BaseTexture.uasset" 696
"../../../Engine/Plugins/Runtime/OpenXR/Content/Devices/HTCVive/BaseTexture.uexp" 697
"../../../Engine/Plugins/Runtime/OpenXR/Content/Devices/HTCVive/MI_HTCVive.uasset" 698
"../../../Engine/Plugins/Runtime/OpenXR/Content/Devices/HTCVive/MI_HTCVive.uexp" 699
"../../../Engine/Plugins/Runtime/OpenXR/Content/Devices/HTCVive/HTCViveController.ubulk" 700
"../../../Engine/Plugins/Runtime/OpenXR/Content/Devices/HTCVive/HTCViveController.uasset" 701
"../../../Engine/Plugins/Runtime/OpenXR/Content/Devices/HTCVive/HTCViveController.uexp" 702
"../../../Engine/Plugins/Runtime/OpenXR/Content/Devices/OculusGo/BaseTexture.ubulk" 703
"../../../Engine/Plugins/Runtime/OpenXR/Content/Devices/OculusGo/BaseTexture.uasset" 704
"../../../Engine/Plugins/Runtime/OpenXR/Content/Devices/OculusGo/BaseTexture.uexp" 705
"../../../Engine/Plugins/Runtime/OpenXR/Content/Devices/OculusGo/MI_OculusGo.uasset" 706
"../../../Engine/Plugins/Runtime/OpenXR/Content/Devices/OculusGo/MI_OculusGo.uexp" 707
"../../../Engine/Plugins/Runtime/OpenXR/Content/Devices/OculusGo/OculusGoController.ubulk" 708
"../../../Engine/Plugins/Runtime/OpenXR/Content/Devices/OculusGo/OculusGoController.uasset" 709
"../../../Engine/Plugins/Runtime/OpenXR/Content/Devices/OculusGo/OculusGoController.uexp" 710
"../../../Engine/Content/VREditor/LaserPointer/VR_LaserPower_01.ubulk" 711
"../../../Engine/Content/VREditor/LaserPointer/VR_LaserPower_01.uasset" 712
"../../../Engine/Content/VREditor/LaserPointer/VR_LaserPower_01.uexp" 713
"../../../Engine/Content/VREditor/TransformGizmo/TransformGizmoMaterial.uasset" 714
"../../../Engine/Content/VREditor/TransformGizmo/TransformGizmoMaterial.uexp" 715
"../../../Engine/Content/VREditor/TransformGizmo/TranslucentTransformGizmoMaterial.uasset" 716
"../../../Engine/Content/VREditor/TransformGizmo/TranslucentTransformGizmoMaterial.uexp" 717
"../../../Engine/Content/VREditor/TransformGizmo/BoundingBoxCorner.ubulk" 718
"../../../Engine/Content/VREditor/TransformGizmo/BoundingBoxCorner.uasset" 719
"../../../Engine/Content/VREditor/TransformGizmo/BoundingBoxCorner.uexp" 720
"../../../Engine/Content/VREditor/TransformGizmo/BoundingBoxEdge.ubulk" 721
"../../../Engine/Content/VREditor/TransformGizmo/BoundingBoxEdge.uasset" 722
"../../../Engine/Content/VREditor/TransformGizmo/BoundingBoxEdge.uexp" 723
"../../../Engine/Content/EditorMaterials/Camera/CineMat.uasset" 724
"../../../Engine/Content/EditorMaterials/Camera/CineMat.uexp" 725
"../../../Engine/Content/EditorMaterials/Camera/MI_CineMat_Rig.uasset" 726
"../../../Engine/Content/EditorMaterials/Camera/MI_CineMat_Rig.uexp" 727
"../../../Engine/Content/EditorMeshes/Camera/SM_CraneRig_Arm.ubulk" 728
"../../../Engine/Content/EditorMeshes/Camera/SM_CraneRig_Arm.uasset" 729
"../../../Engine/Content/EditorMeshes/Camera/SM_CraneRig_Arm.uexp" 730
"../../../Engine/Content/EditorMeshes/Camera/SM_CraneRig_Base.ubulk" 731
"../../../Engine/Content/EditorMeshes/Camera/SM_CraneRig_Base.uasset" 732
"../../../Engine/Content/EditorMeshes/Camera/SM_CraneRig_Base.uexp" 733
"../../../Engine/Content/EditorMeshes/Camera/SM_CraneRig_Body.ubulk" 734
"../../../Engine/Content/EditorMeshes/Camera/SM_CraneRig_Body.uasset" 735
"../../../Engine/Content/EditorMeshes/Camera/SM_CraneRig_Body.uexp" 736
"../../../Engine/Content/EditorMeshes/Camera/SM_CraneRig_Mount.ubulk" 737
"../../../Engine/Content/EditorMeshes/Camera/SM_CraneRig_Mount.uasset" 738
"../../../Engine/Content/EditorMeshes/Camera/SM_CraneRig_Mount.uexp" 739
"../../../Engine/Content/EditorMeshes/Camera/SM_RailRig_Mount.ubulk" 740
"../../../Engine/Content/EditorMeshes/Camera/SM_RailRig_Mount.uasset" 741
"../../../Engine/Content/EditorMeshes/Camera/SM_RailRig_Mount.uexp" 742
"../../../Engine/Content/EditorMeshes/Camera/SM_RailRig_Track.ubulk" 743
"../../../Engine/Content/EditorMeshes/Camera/SM_RailRig_Track.uasset" 744
"../../../Engine/Content/EditorMeshes/Camera/SM_RailRig_Track.uexp" 745
"../../../Engine/Content/EngineResources/WhiteSquareTexture.uasset" 746
"../../../Engine/Content/EngineResources/WhiteSquareTexture.uexp" 747
"../../../Engine/Content/EngineMaterials/Widget3DPassThrough.uasset" 748
"../../../Engine/Content/EngineMaterials/Widget3DPassThrough.uexp" 749
"../../../Engine/Content/EngineMaterials/Widget3DPassThrough_Masked.uasset" 750
"../../../Engine/Content/EngineMaterials/Widget3DPassThrough_Masked.uexp" 751
"../../../Engine/Content/EngineMaterials/Widget3DPassThrough_Opaque.uasset" 752
"../../../Engine/Content/EngineMaterials/Widget3DPassThrough_Opaque.uexp" 753
"../../../Engine/Content/EngineMaterials/Widget3DPassThrough_Masked_OneSided.uasset" 754
"../../../Engine/Content/EngineMaterials/Widget3DPassThrough_Masked_OneSided.uexp" 755
"../../../Engine/Content/EngineMaterials/Widget3DPassThrough_Opaque_OneSided.uasset" 756
"../../../Engine/Content/EngineMaterials/Widget3DPassThrough_Opaque_OneSided.uexp" 757
"../../../Engine/Content/EngineMaterials/Widget3DPassThrough_Translucent.uasset" 758
"../../../Engine/Content/EngineMaterials/Widget3DPassThrough_Translucent.uexp" 759
"../../../Engine/Content/EngineMaterials/Widget3DPassThrough_Translucent_OneSided.uasset" 760
"../../../Engine/Content/EngineMaterials/Widget3DPassThrough_Translucent_OneSided.uexp" 761
"../../../Engine/Content/EngineResources/LandscapeVisibilityLayerInfo.uasset" 762
"../../../Engine/Content/EngineResources/LandscapeVisibilityLayerInfo.uexp" 763
"../../../Engine/Plugins/Animation/ControlRig/Content/Controls/ControlRig_Arrow2_1mm.ubulk" 764
"../../../Engine/Plugins/Animation/ControlRig/Content/Controls/ControlRig_Arrow2_1mm.uasset" 765
"../../../Engine/Plugins/Animation/ControlRig/Content/Controls/ControlRig_Arrow2_1mm.uexp" 766
"../../../Engine/Plugins/Animation/ControlRig/Content/Controls/ControlRig_Arrow2_3mm.ubulk" 767
"../../../Engine/Plugins/Animation/ControlRig/Content/Controls/ControlRig_Arrow2_3mm.uasset" 768
"../../../Engine/Plugins/Animation/ControlRig/Content/Controls/ControlRig_Arrow2_3mm.uexp" 769
"../../../Engine/Plugins/Animation/ControlRig/Content/Controls/ControlRig_Arrow2_solid.ubulk" 770
"../../../Engine/Plugins/Animation/ControlRig/Content/Controls/ControlRig_Arrow2_solid.uasset" 771
"../../../Engine/Plugins/Animation/ControlRig/Content/Controls/ControlRig_Arrow2_solid.uexp" 772
"../../../Engine/Plugins/Animation/ControlRig/Content/Controls/ControlRig_Arrow4_1mm.ubulk" 773
"../../../Engine/Plugins/Animation/ControlRig/Content/Controls/ControlRig_Arrow4_1mm.uasset" 774
"../../../Engine/Plugins/Animation/ControlRig/Content/Controls/ControlRig_Arrow4_1mm.uexp" 775
"../../../Engine/Plugins/Animation/ControlRig/Content/Controls/ControlRig_Arrow4_3mm.ubulk" 776
"../../../Engine/Plugins/Animation/ControlRig/Content/Controls/ControlRig_Arrow4_3mm.uasset" 777
"../../../Engine/Plugins/Animation/ControlRig/Content/Controls/ControlRig_Arrow4_3mm.uexp" 778
"../../../Engine/Plugins/Animation/ControlRig/Content/Controls/ControlRig_Arrow4_solid.ubulk" 779
"../../../Engine/Plugins/Animation/ControlRig/Content/Controls/ControlRig_Arrow4_solid.uasset" 780
"../../../Engine/Plugins/Animation/ControlRig/Content/Controls/ControlRig_Arrow4_solid.uexp" 781
"../../../Engine/Plugins/Animation/ControlRig/Content/Controls/ControlRig_Arrow_1mm.ubulk" 782
"../../../Engine/Plugins/Animation/ControlRig/Content/Controls/ControlRig_Arrow_1mm.uasset" 783
"../../../Engine/Plugins/Animation/ControlRig/Content/Controls/ControlRig_Arrow_1mm.uexp" 784
"../../../Engine/Plugins/Animation/ControlRig/Content/Controls/ControlRig_Arrow_3mm.ubulk" 785
"../../../Engine/Plugins/Animation/ControlRig/Content/Controls/ControlRig_Arrow_3mm.uasset" 786
"../../../Engine/Plugins/Animation/ControlRig/Content/Controls/ControlRig_Arrow_3mm.uexp" 787
"../../../Engine/Plugins/Animation/ControlRig/Content/Controls/ControlRig_Arrow_solid.ubulk" 788
"../../../Engine/Plugins/Animation/ControlRig/Content/Controls/ControlRig_Arrow_solid.uasset" 789
"../../../Engine/Plugins/Animation/ControlRig/Content/Controls/ControlRig_Arrow_solid.uexp" 790
"../../../Engine/Plugins/Animation/ControlRig/Content/Controls/ControlRig_Box_1mm.ubulk" 791
"../../../Engine/Plugins/Animation/ControlRig/Content/Controls/ControlRig_Box_1mm.uasset" 792
"../../../Engine/Plugins/Animation/ControlRig/Content/Controls/ControlRig_Box_1mm.uexp" 793
"../../../Engine/Plugins/Animation/ControlRig/Content/Controls/ControlRig_Box_3mm.ubulk" 794
"../../../Engine/Plugins/Animation/ControlRig/Content/Controls/ControlRig_Box_3mm.uasset" 795
"../../../Engine/Plugins/Animation/ControlRig/Content/Controls/ControlRig_Box_3mm.uexp" 796
"../../../Engine/Plugins/Animation/ControlRig/Content/Controls/ControlRig_Box_solid.ubulk" 797
"../../../Engine/Plugins/Animation/ControlRig/Content/Controls/ControlRig_Box_solid.uasset" 798
"../../../Engine/Plugins/Animation/ControlRig/Content/Controls/ControlRig_Box_solid.uexp" 799
"../../../Engine/Plugins/Animation/ControlRig/Content/Controls/ControlRig_Circle_1mm.ubulk" 800
"../../../Engine/Plugins/Animation/ControlRig/Content/Controls/ControlRig_Circle_1mm.uasset" 801
"../../../Engine/Plugins/Animation/ControlRig/Content/Controls/ControlRig_Circle_1mm.uexp" 802
"../../../Engine/Plugins/Animation/ControlRig/Content/Controls/ControlRig_Circle_3mm.ubulk" 803
"../../../Engine/Plugins/Animation/ControlRig/Content/Controls/ControlRig_Circle_3mm.uasset" 804
"../../../Engine/Plugins/Animation/ControlRig/Content/Controls/ControlRig_Circle_3mm.uexp" 805
"../../../Engine/Plugins/Animation/ControlRig/Content/Controls/ControlRig_Circle_solid.ubulk" 806
"../../../Engine/Plugins/Animation/ControlRig/Content/Controls/ControlRig_Circle_solid.uasset" 807
"../../../Engine/Plugins/Animation/ControlRig/Content/Controls/ControlRig_Circle_solid.uexp" 808
"../../../Engine/Plugins/Animation/ControlRig/Content/Controls/ControlRig_Diamond_1mm.ubulk" 809
"../../../Engine/Plugins/Animation/ControlRig/Content/Controls/ControlRig_Diamond_1mm.uasset" 810
"../../../Engine/Plugins/Animation/ControlRig/Content/Controls/ControlRig_Diamond_1mm.uexp" 811
"../../../Engine/Plugins/Animation/ControlRig/Content/Controls/ControlRig_Diamond_3mm.ubulk" 812
"../../../Engine/Plugins/Animation/ControlRig/Content/Controls/ControlRig_Diamond_3mm.uasset" 813
"../../../Engine/Plugins/Animation/ControlRig/Content/Controls/ControlRig_Diamond_3mm.uexp" 814
"../../../Engine/Plugins/Animation/ControlRig/Content/Controls/ControlRig_Diamond_solid.ubulk" 815
"../../../Engine/Plugins/Animation/ControlRig/Content/Controls/ControlRig_Diamond_solid.uasset" 816
"../../../Engine/Plugins/Animation/ControlRig/Content/Controls/ControlRig_Diamond_solid.uexp" 817
"../../../Engine/Plugins/Animation/ControlRig/Content/Controls/ControlRig_HalfCircle_1mm.ubulk" 818
"../../../Engine/Plugins/Animation/ControlRig/Content/Controls/ControlRig_HalfCircle_1mm.uasset" 819
"../../../Engine/Plugins/Animation/ControlRig/Content/Controls/ControlRig_HalfCircle_1mm.uexp" 820
"../../../Engine/Plugins/Animation/ControlRig/Content/Controls/ControlRig_HalfCircle_3mm.ubulk" 821
"../../../Engine/Plugins/Animation/ControlRig/Content/Controls/ControlRig_HalfCircle_3mm.uasset" 822
"../../../Engine/Plugins/Animation/ControlRig/Content/Controls/ControlRig_HalfCircle_3mm.uexp" 823
"../../../Engine/Plugins/Animation/ControlRig/Content/Controls/ControlRig_HalfCircle_solid.ubulk" 824
"../../../Engine/Plugins/Animation/ControlRig/Content/Controls/ControlRig_HalfCircle_solid.uasset" 825
"../../../Engine/Plugins/Animation/ControlRig/Content/Controls/ControlRig_HalfCircle_solid.uexp" 826
"../../../Engine/Plugins/Animation/ControlRig/Content/Controls/ControlRig_Hexagon_1mm.ubulk" 827
"../../../Engine/Plugins/Animation/ControlRig/Content/Controls/ControlRig_Hexagon_1mm.uasset" 828
"../../../Engine/Plugins/Animation/ControlRig/Content/Controls/ControlRig_Hexagon_1mm.uexp" 829
"../../../Engine/Plugins/Animation/ControlRig/Content/Controls/ControlRig_Hexagon_3mm.ubulk" 830
"../../../Engine/Plugins/Animation/ControlRig/Content/Controls/ControlRig_Hexagon_3mm.uasset" 831
"../../../Engine/Plugins/Animation/ControlRig/Content/Controls/ControlRig_Hexagon_3mm.uexp" 832
"../../../Engine/Plugins/Animation/ControlRig/Content/Controls/ControlRig_Hexagon_solid.ubulk" 833
"../../../Engine/Plugins/Animation/ControlRig/Content/Controls/ControlRig_Hexagon_solid.uasset" 834
"../../../Engine/Plugins/Animation/ControlRig/Content/Controls/ControlRig_Hexagon_solid.uexp" 835
"../../../Engine/Plugins/Animation/ControlRig/Content/Controls/ControlRig_Octagon_1mm.ubulk" 836
"../../../Engine/Plugins/Animation/ControlRig/Content/Controls/ControlRig_Octagon_1mm.uasset" 837
"../../../Engine/Plugins/Animation/ControlRig/Content/Controls/ControlRig_Octagon_1mm.uexp" 838
"../../../Engine/Plugins/Animation/ControlRig/Content/Controls/ControlRig_Octagon_3mm.ubulk" 839
"../../../Engine/Plugins/Animation/ControlRig/Content/Controls/ControlRig_Octagon_3mm.uasset" 840
"../../../Engine/Plugins/Animation/ControlRig/Content/Controls/ControlRig_Octagon_3mm.uexp" 841
"../../../Engine/Plugins/Animation/ControlRig/Content/Controls/ControlRig_Octagon_solid.ubulk" 842
"../../../Engine/Plugins/Animation/ControlRig/Content/Controls/ControlRig_Octagon_solid.uasset" 843
"../../../Engine/Plugins/Animation/ControlRig/Content/Controls/ControlRig_Octagon_solid.uexp" 844
"../../../Engine/Plugins/Animation/ControlRig/Content/Controls/ControlRig_Pyramid_1mm.ubulk" 845
"../../../Engine/Plugins/Animation/ControlRig/Content/Controls/ControlRig_Pyramid_1mm.uasset" 846
"../../../Engine/Plugins/Animation/ControlRig/Content/Controls/ControlRig_Pyramid_1mm.uexp" 847
"../../../Engine/Plugins/Animation/ControlRig/Content/Controls/ControlRig_Pyramid_3mm.ubulk" 848
"../../../Engine/Plugins/Animation/ControlRig/Content/Controls/ControlRig_Pyramid_3mm.uasset" 849
"../../../Engine/Plugins/Animation/ControlRig/Content/Controls/ControlRig_Pyramid_3mm.uexp" 850
"../../../Engine/Plugins/Animation/ControlRig/Content/Controls/ControlRig_Pyramid_solid.ubulk" 851
"../../../Engine/Plugins/Animation/ControlRig/Content/Controls/ControlRig_Pyramid_solid.uasset" 852
"../../../Engine/Plugins/Animation/ControlRig/Content/Controls/ControlRig_Pyramid_solid.uexp" 853
"../../../Engine/Plugins/Animation/ControlRig/Content/Controls/ControlRig_QuarterCircle_1mm.ubulk" 854
"../../../Engine/Plugins/Animation/ControlRig/Content/Controls/ControlRig_QuarterCircle_1mm.uasset" 855
"../../../Engine/Plugins/Animation/ControlRig/Content/Controls/ControlRig_QuarterCircle_1mm.uexp" 856
"../../../Engine/Plugins/Animation/ControlRig/Content/Controls/ControlRig_QuarterCircle_3mm.ubulk" 857
"../../../Engine/Plugins/Animation/ControlRig/Content/Controls/ControlRig_QuarterCircle_3mm.uasset" 858
"../../../Engine/Plugins/Animation/ControlRig/Content/Controls/ControlRig_QuarterCircle_3mm.uexp" 859
"../../../Engine/Plugins/Animation/ControlRig/Content/Controls/ControlRig_QuarterCircle_solid.ubulk" 860
"../../../Engine/Plugins/Animation/ControlRig/Content/Controls/ControlRig_QuarterCircle_solid.uasset" 861
"../../../Engine/Plugins/Animation/ControlRig/Content/Controls/ControlRig_QuarterCircle_solid.uexp" 862
"../../../Engine/Plugins/Animation/ControlRig/Content/Controls/ControlRig_RoundedSquare_1mm.ubulk" 863
"../../../Engine/Plugins/Animation/ControlRig/Content/Controls/ControlRig_RoundedSquare_1mm.uasset" 864
"../../../Engine/Plugins/Animation/ControlRig/Content/Controls/ControlRig_RoundedSquare_1mm.uexp" 865
"../../../Engine/Plugins/Animation/ControlRig/Content/Controls/ControlRig_RoundedSquare_3mm.ubulk" 866
"../../../Engine/Plugins/Animation/ControlRig/Content/Controls/ControlRig_RoundedSquare_3mm.uasset" 867
"../../../Engine/Plugins/Animation/ControlRig/Content/Controls/ControlRig_RoundedSquare_3mm.uexp" 868
"../../../Engine/Plugins/Animation/ControlRig/Content/Controls/ControlRig_RoundedSquare_solid.ubulk" 869
"../../../Engine/Plugins/Animation/ControlRig/Content/Controls/ControlRig_RoundedSquare_solid.uasset" 870
"../../../Engine/Plugins/Animation/ControlRig/Content/Controls/ControlRig_RoundedSquare_solid.uexp" 871
"../../../Engine/Plugins/Animation/ControlRig/Content/Controls/ControlRig_RoundedTriangle_1mm.ubulk" 872
"../../../Engine/Plugins/Animation/ControlRig/Content/Controls/ControlRig_RoundedTriangle_1mm.uasset" 873
"../../../Engine/Plugins/Animation/ControlRig/Content/Controls/ControlRig_RoundedTriangle_1mm.uexp" 874
"../../../Engine/Plugins/Animation/ControlRig/Content/Controls/ControlRig_RoundedTriangle_3mm.ubulk" 875
"../../../Engine/Plugins/Animation/ControlRig/Content/Controls/ControlRig_RoundedTriangle_3mm.uasset" 876
"../../../Engine/Plugins/Animation/ControlRig/Content/Controls/ControlRig_RoundedTriangle_3mm.uexp" 877
"../../../Engine/Plugins/Animation/ControlRig/Content/Controls/ControlRig_RoundedTriangle_solid.ubulk" 878
"../../../Engine/Plugins/Animation/ControlRig/Content/Controls/ControlRig_RoundedTriangle_solid.uasset" 879
"../../../Engine/Plugins/Animation/ControlRig/Content/Controls/ControlRig_RoundedTriangle_solid.uexp" 880
"../../../Engine/Plugins/Animation/ControlRig/Content/Controls/ControlRig_Sphere_1mm.ubulk" 881
"../../../Engine/Plugins/Animation/ControlRig/Content/Controls/ControlRig_Sphere_1mm.uasset" 882
"../../../Engine/Plugins/Animation/ControlRig/Content/Controls/ControlRig_Sphere_1mm.uexp" 883
"../../../Engine/Plugins/Animation/ControlRig/Content/Controls/ControlRig_Sphere_3mm.ubulk" 884
"../../../Engine/Plugins/Animation/ControlRig/Content/Controls/ControlRig_Sphere_3mm.uasset" 885
"../../../Engine/Plugins/Animation/ControlRig/Content/Controls/ControlRig_Sphere_3mm.uexp" 886
"../../../Engine/Plugins/Animation/ControlRig/Content/Controls/ControlRig_Sphere_solid.ubulk" 887
"../../../Engine/Plugins/Animation/ControlRig/Content/Controls/ControlRig_Sphere_solid.uasset" 888
"../../../Engine/Plugins/Animation/ControlRig/Content/Controls/ControlRig_Sphere_solid.uexp" 889
"../../../Engine/Plugins/Animation/ControlRig/Content/Controls/ControlRig_Square_1mm.ubulk" 890
"../../../Engine/Plugins/Animation/ControlRig/Content/Controls/ControlRig_Square_1mm.uasset" 891
"../../../Engine/Plugins/Animation/ControlRig/Content/Controls/ControlRig_Square_1mm.uexp" 892
"../../../Engine/Plugins/Animation/ControlRig/Content/Controls/ControlRig_Square_3mm.ubulk" 893
"../../../Engine/Plugins/Animation/ControlRig/Content/Controls/ControlRig_Square_3mm.uasset" 894
"../../../Engine/Plugins/Animation/ControlRig/Content/Controls/ControlRig_Square_3mm.uexp" 895
"../../../Engine/Plugins/Animation/ControlRig/Content/Controls/ControlRig_Square_solid.ubulk" 896
"../../../Engine/Plugins/Animation/ControlRig/Content/Controls/ControlRig_Square_solid.uasset" 897
"../../../Engine/Plugins/Animation/ControlRig/Content/Controls/ControlRig_Square_solid.uexp" 898
"../../../Engine/Plugins/Animation/ControlRig/Content/Controls/ControlRig_Star4_1mm.ubulk" 899
"../../../Engine/Plugins/Animation/ControlRig/Content/Controls/ControlRig_Star4_1mm.uasset" 900
"../../../Engine/Plugins/Animation/ControlRig/Content/Controls/ControlRig_Star4_1mm.uexp" 901
"../../../Engine/Plugins/Animation/ControlRig/Content/Controls/ControlRig_Star4_3mm.ubulk" 902
"../../../Engine/Plugins/Animation/ControlRig/Content/Controls/ControlRig_Star4_3mm.uasset" 903
"../../../Engine/Plugins/Animation/ControlRig/Content/Controls/ControlRig_Star4_3mm.uexp" 904
"../../../Engine/Plugins/Animation/ControlRig/Content/Controls/ControlRig_Star4_solid.ubulk" 905
"../../../Engine/Plugins/Animation/ControlRig/Content/Controls/ControlRig_Star4_solid.uasset" 906
"../../../Engine/Plugins/Animation/ControlRig/Content/Controls/ControlRig_Star4_solid.uexp" 907
"../../../Engine/Plugins/Animation/ControlRig/Content/Controls/ControlRig_Triangle_1mm.ubulk" 908
"../../../Engine/Plugins/Animation/ControlRig/Content/Controls/ControlRig_Triangle_1mm.uasset" 909
"../../../Engine/Plugins/Animation/ControlRig/Content/Controls/ControlRig_Triangle_1mm.uexp" 910
"../../../Engine/Plugins/Animation/ControlRig/Content/Controls/ControlRig_Triangle_3mm.ubulk" 911
"../../../Engine/Plugins/Animation/ControlRig/Content/Controls/ControlRig_Triangle_3mm.uasset" 912
"../../../Engine/Plugins/Animation/ControlRig/Content/Controls/ControlRig_Triangle_3mm.uexp" 913
"../../../Engine/Plugins/Animation/ControlRig/Content/Controls/ControlRig_Triangle_solid.ubulk" 914
"../../../Engine/Plugins/Animation/ControlRig/Content/Controls/ControlRig_Triangle_solid.uasset" 915
"../../../Engine/Plugins/Animation/ControlRig/Content/Controls/ControlRig_Triangle_solid.uexp" 916
"../../../Engine/Plugins/Animation/ControlRig/Content/Controls/ControlRig_Wedge_1mm.ubulk" 917
"../../../Engine/Plugins/Animation/ControlRig/Content/Controls/ControlRig_Wedge_1mm.uasset" 918
"../../../Engine/Plugins/Animation/ControlRig/Content/Controls/ControlRig_Wedge_1mm.uexp" 919
"../../../Engine/Plugins/Animation/ControlRig/Content/Controls/ControlRig_Wedge_3mm.ubulk" 920
"../../../Engine/Plugins/Animation/ControlRig/Content/Controls/ControlRig_Wedge_3mm.uasset" 921
"../../../Engine/Plugins/Animation/ControlRig/Content/Controls/ControlRig_Wedge_3mm.uexp" 922
"../../../Engine/Plugins/Animation/ControlRig/Content/Controls/ControlRig_Wedge_solid.ubulk" 923
"../../../Engine/Plugins/Animation/ControlRig/Content/Controls/ControlRig_Wedge_solid.uasset" 924
"../../../Engine/Plugins/Animation/ControlRig/Content/Controls/ControlRig_Wedge_solid.uexp" 925
"../../../Engine/Plugins/Experimental/Water/Content/Meshes/LakeMesh.ubulk" 926
"../../../Engine/Plugins/Experimental/Water/Content/Meshes/LakeMesh.uasset" 927
"../../../Engine/Plugins/Experimental/Water/Content/Meshes/LakeMesh.uexp" 928
"../../../Engine/Plugins/Experimental/Water/Content/Meshes/RiverMesh.ubulk" 929
"../../../Engine/Plugins/Experimental/Water/Content/Meshes/RiverMesh.uasset" 930
"../../../Engine/Plugins/Experimental/Water/Content/Meshes/RiverMesh.uexp" 931
"../../../Engine/Content/EngineMaterials/DefaultMaterial.uasset" 932
"../../../Engine/Content/EngineMaterials/DefaultMaterial.uexp" 933
"../../../Engine/Content/BasicShapes/Cone.ubulk" 934
"../../../Engine/Content/BasicShapes/Cone.uasset" 935
"../../../Engine/Content/BasicShapes/Cone.uexp" 936
"../../../Engine/Content/BasicShapes/Plane.ubulk" 937
"../../../Engine/Content/BasicShapes/Plane.uasset" 938
"../../../Engine/Content/BasicShapes/Plane.uexp" 939
"../../../Engine/Content/EditorLandscapeResources/ColorMaskBrushMaterial.uasset" 940
"../../../Engine/Content/EditorLandscapeResources/ColorMaskBrushMaterial.uexp" 941
"../../../Engine/Content/EditorLandscapeResources/ColorMaskBrushMaterial_MaskedRegion.uasset" 942
"../../../Engine/Content/EditorLandscapeResources/ColorMaskBrushMaterial_MaskedRegion.uexp" 943
"../../../Engine/Content/Functions/Engine_MaterialFunctions03/Math/WithinRangeFloat2.uasset" 944
"../../../Engine/Content/Functions/Engine_MaterialFunctions03/Math/WithinRangeFloat2.uexp" 945
"../../../Engine/Content/EditorLandscapeResources/MaskBrushMaterial.uasset" 946
"../../../Engine/Content/EditorLandscapeResources/MaskBrushMaterial.uexp" 947
"../../../Engine/Content/EditorLandscapeResources/MaskBrushMaterial_MaskedRegion.uasset" 948
"../../../Engine/Content/EditorLandscapeResources/MaskBrushMaterial_MaskedRegion.uexp" 949
"../../../Engine/Content/EditorLandscapeResources/SelectBrushMaterial.uasset" 950
"../../../Engine/Content/EditorLandscapeResources/SelectBrushMaterial.uexp" 951
"../../../Engine/Content/EditorLandscapeResources/SelectBrushMaterial_Selected.uasset" 952
"../../../Engine/Content/EditorLandscapeResources/SelectBrushMaterial_Selected.uexp" 953
"../../../Engine/Content/EditorLandscapeResources/SelectBrushMaterial_SelectedRegion.uasset" 954
"../../../Engine/Content/EditorLandscapeResources/SelectBrushMaterial_SelectedRegion.uexp" 955
"../../../Engine/Content/EditorLandscapeResources/SplineEditorMeshMat.uasset" 956
"../../../Engine/Content/EditorLandscapeResources/SplineEditorMeshMat.uexp" 957
"../../../Engine/Content/EditorLandscapeResources/SplineEditorMesh.ubulk" 958
"../../../Engine/Content/EditorLandscapeResources/SplineEditorMesh.uasset" 959
"../../../Engine/Content/EditorLandscapeResources/SplineEditorMesh.uexp" 960
"../../../Engine/Plugins/Media/MediaPlate/Content/SM_MediaPlateScreen.ubulk" 961
"../../../Engine/Plugins/Media/MediaPlate/Content/SM_MediaPlateScreen.uasset" 962
"../../../Engine/Plugins/Media/MediaPlate/Content/SM_MediaPlateScreen.uexp" 963
"../../../Engine/Plugins/2D/Paper2D/Content/DefaultSpriteMaterial.uasset" 964
"../../../Engine/Plugins/2D/Paper2D/Content/DefaultSpriteMaterial.uexp" 965
"../../../Engine/Plugins/2D/Paper2D/Content/MaskedUnlitSpriteMaterial.uasset" 966
"../../../Engine/Plugins/2D/Paper2D/Content/MaskedUnlitSpriteMaterial.uexp" 967
"../../../Engine/Plugins/2D/Paper2D/Content/OpaqueUnlitSpriteMaterial.uasset" 968
"../../../Engine/Plugins/2D/Paper2D/Content/OpaqueUnlitSpriteMaterial.uexp" 969
"../../../Engine/Content/VREditor/Sounds/UI/Drop_Item_From_ContentBrowser.ubulk" 970
"../../../Engine/Content/VREditor/Sounds/UI/Drop_Item_From_ContentBrowser.uasset" 971
"../../../Engine/Content/VREditor/Sounds/UI/Drop_Item_From_ContentBrowser.uexp" 972
"../../../Engine/Content/VREditor/TransformGizmo/TransformGizmoMaterial_Inst.uasset" 973
"../../../Engine/Content/VREditor/TransformGizmo/TransformGizmoMaterial_Inst.uexp" 974
"../../../Engine/Content/VREditor/TransformGizmo/TranslucentTransformGizmoMaterial_Inst.uasset" 975
"../../../Engine/Content/VREditor/TransformGizmo/TranslucentTransformGizmoMaterial_Inst.uexp" 976
"../../../Engine/Content/Functions/Engine_MaterialFunctions02/SplitComponents.uasset" 977
"../../../Engine/Content/Functions/Engine_MaterialFunctions02/SplitComponents.uexp" 978
"../../../Engine/Content/VREditor/SnapGrid/SnapGridMaterial.uasset" 979
"../../../Engine/Content/VREditor/SnapGrid/SnapGridMaterial.uexp" 980
"../../../Engine/Content/VREditor/SnapGrid/SnapGridPlaneMesh.ubulk" 981
"../../../Engine/Content/VREditor/SnapGrid/SnapGridPlaneMesh.uasset" 982
"../../../Engine/Content/VREditor/SnapGrid/SnapGridPlaneMesh.uexp" 983
"../../../Engine/Content/VREditor/Sounds/UI/Gizmo_Handle_Clicked.ubulk" 984
"../../../Engine/Content/VREditor/Sounds/UI/Gizmo_Handle_Clicked.uasset" 985
"../../../Engine/Content/VREditor/Sounds/UI/Gizmo_Handle_Clicked.uexp" 986
"../../../Engine/Content/VREditor/Sounds/UI/Object_PickUp.ubulk" 987
"../../../Engine/Content/VREditor/Sounds/UI/Object_PickUp.uasset" 988
"../../../Engine/Content/VREditor/Sounds/UI/Object_PickUp.uexp" 989
"../../../Engine/Content/VREditor/Sounds/UI/Object_Snaps_To_Another_Actor.ubulk" 990
"../../../Engine/Content/VREditor/Sounds/UI/Object_Snaps_To_Another_Actor.uasset" 991
"../../../Engine/Content/VREditor/Sounds/UI/Object_Snaps_To_Another_Actor.uexp" 992
"../../../Engine/Content/VREditor/Sounds/UI/Object_Snaps_To_Grid.ubulk" 993
"../../../Engine/Content/VREditor/Sounds/UI/Object_Snaps_To_Grid.uasset" 994
"../../../Engine/Content/VREditor/Sounds/UI/Object_Snaps_To_Grid.uexp" 995
"../../../Engine/Content/VREditor/Sounds/UI/Scaling_Down.ubulk" 996
"../../../Engine/Content/VREditor/Sounds/UI/Scaling_Down.uasset" 997
"../../../Engine/Content/VREditor/Sounds/UI/Scaling_Down.uexp" 998
"../../../Engine/Content/VREditor/Sounds/UI/Scaling_Up.ubulk" 999
"../../../Engine/Content/VREditor/Sounds/UI/Scaling_Up.uasset" 1000
"../../../Engine/Content/VREditor/Sounds/UI/Scaling_Up.uexp" 1001
"../../../Engine/Content/VREditor/Sounds/UI/Selection_Changes.ubulk" 1002
"../../../Engine/Content/VREditor/Sounds/UI/Selection_Changes.uasset" 1003
"../../../Engine/Content/VREditor/Sounds/UI/Selection_Changes.uexp" 1004
"../../../Engine/Content/VREditor/TransformGizmo/PlaneTranslationHandle.ubulk" 1005
"../../../Engine/Content/VREditor/TransformGizmo/PlaneTranslationHandle.uasset" 1006
"../../../Engine/Content/VREditor/TransformGizmo/PlaneTranslationHandle.uexp" 1007
"../../../Engine/Content/VREditor/TransformGizmo/RotationHandleFull.ubulk" 1008
"../../../Engine/Content/VREditor/TransformGizmo/RotationHandleFull.uasset" 1009
"../../../Engine/Content/VREditor/TransformGizmo/RotationHandleFull.uexp" 1010
"../../../Engine/Content/VREditor/TransformGizmo/RotationHandleIndicator.ubulk" 1011
"../../../Engine/Content/VREditor/TransformGizmo/RotationHandleIndicator.uasset" 1012
"../../../Engine/Content/VREditor/TransformGizmo/RotationHandleIndicator.uexp" 1013
"../../../Engine/Content/VREditor/TransformGizmo/RotationHandleQuarter.ubulk" 1014
"../../../Engine/Content/VREditor/TransformGizmo/RotationHandleQuarter.uasset" 1015
"../../../Engine/Content/VREditor/TransformGizmo/RotationHandleQuarter.uexp" 1016
"../../../Engine/Content/VREditor/TransformGizmo/StartRotationHandleIndicator.ubulk" 1017
"../../../Engine/Content/VREditor/TransformGizmo/StartRotationHandleIndicator.uasset" 1018
"../../../Engine/Content/VREditor/TransformGizmo/StartRotationHandleIndicator.uexp" 1019
"../../../Engine/Content/VREditor/TransformGizmo/TransformGizmoFreeRotation.ubulk" 1020
"../../../Engine/Content/VREditor/TransformGizmo/TransformGizmoFreeRotation.uasset" 1021
"../../../Engine/Content/VREditor/TransformGizmo/TransformGizmoFreeRotation.uexp" 1022
"../../../Engine/Content/VREditor/TransformGizmo/TranslateArrowHandle.ubulk" 1023
"../../../Engine/Content/VREditor/TransformGizmo/TranslateArrowHandle.uasset" 1024
"../../../Engine/Content/VREditor/TransformGizmo/TranslateArrowHandle.uexp" 1025
"../../../Engine/Content/VREditor/TransformGizmo/UniformScaleHandle.ubulk" 1026
"../../../Engine/Content/VREditor/TransformGizmo/UniformScaleHandle.uasset" 1027
"../../../Engine/Content/VREditor/TransformGizmo/UniformScaleHandle.uexp" 1028
"../../../Engine/Plugins/Animation/DeformerGraph/Content/DeformerFunctions/DG_Function_LinearBlendSkin_Morph_Cloth_PositionOnly.uasset" 1029
"../../../Engine/Plugins/Animation/DeformerGraph/Content/DeformerFunctions/DG_Function_LinearBlendSkin_Morph_Cloth_PositionOnly.uexp" 1030
"../../../Engine/Plugins/Animation/DeformerGraph/Content/DeformerFunctions/DG_Function_ComputeNormalsTangents.uasset" 1031
"../../../Engine/Plugins/Animation/DeformerGraph/Content/DeformerFunctions/DG_Function_ComputeNormalsTangents.uexp" 1032
"../../../Engine/Plugins/Animation/DeformerGraph/Content/Deformers/DG_LinearBlendSkin_Morph_Cloth_RecomputeNormals.uasset" 1033
"../../../Engine/Plugins/Animation/DeformerGraph/Content/Deformers/DG_LinearBlendSkin_Morph_Cloth_RecomputeNormals.uexp" 1034
"../../../Engine/Plugins/Animation/DeformerGraph/Content/DeformerFunctions/DG_Function_LinearBlendSkin_Morph_Cloth.uasset" 1035
"../../../Engine/Plugins/Animation/DeformerGraph/Content/DeformerFunctions/DG_Function_LinearBlendSkin_Morph_Cloth.uexp" 1036
"../../../Engine/Plugins/Animation/DeformerGraph/Content/Deformers/DG_LinearBlendSkin_Morph_Cloth.uasset" 1037
"../../../Engine/Plugins/Animation/DeformerGraph/Content/Deformers/DG_LinearBlendSkin_Morph_Cloth.uexp" 1038
"../../../Engine/Content/Maps/Entry_BuiltData.uasset" 1039
"../../../Engine/Content/Maps/Entry_BuiltData.uexp" 1040
"../../../Engine/Content/Maps/Entry.uexp" 1041
"../../../Engine/Content/Maps/Entry.umap" 1042
"../../../Engine/Content/EditorBlueprintResources/StandardMacros.uasset" 1043
"../../../Engine/Content/EditorBlueprintResources/StandardMacros.uexp" 1044
"../../../Engine/Content/EngineSky/T_Sky_Stars.ubulk" 1045
"../../../Engine/Content/EngineSky/T_Sky_Stars.uasset" 1046
"../../../Engine/Content/EngineSky/T_Sky_Stars.uexp" 1047
"../../../Engine/Content/EngineSky/T_Sky_Clouds_M.ubulk" 1048
"../../../Engine/Content/EngineSky/T_Sky_Clouds_M.uasset" 1049
"../../../Engine/Content/EngineSky/T_Sky_Clouds_M.uexp" 1050
"../../../Engine/Content/EngineSky/T_Sky_Blue.ubulk" 1051
"../../../Engine/Content/EngineSky/T_Sky_Blue.uasset" 1052
"../../../Engine/Content/EngineSky/T_Sky_Blue.uexp" 1053
"../../../Engine/Content/EngineSky/M_Sky_Panning_Clouds2.uasset" 1054
"../../../Engine/Content/EngineSky/M_Sky_Panning_Clouds2.uexp" 1055
"../../../Engine/Content/EngineSky/SM_SkySphere.ubulk" 1056
"../../../Engine/Content/EngineSky/SM_SkySphere.uasset" 1057
"../../../Engine/Content/EngineSky/SM_SkySphere.uexp" 1058
"../../../Engine/Content/EngineSky/C_Sky_Zenith_Color.uasset" 1059
"../../../Engine/Content/EngineSky/C_Sky_Zenith_Color.uexp" 1060
"../../../Engine/Content/EngineSky/C_Sky_Horizon_Color.uasset" 1061
"../../../Engine/Content/EngineSky/C_Sky_Horizon_Color.uexp" 1062
"../../../Engine/Content/EngineSky/C_Sky_Cloud_Color.uasset" 1063
"../../../Engine/Content/EngineSky/C_Sky_Cloud_Color.uexp" 1064
"../../../Engine/Content/EngineSky/BP_Sky_Sphere.uasset" 1065
"../../../Engine/Content/EngineSky/BP_Sky_Sphere.uexp" 1066
"../../../Engine/Content/EngineMaterials/DefaultPhysicalMaterial.uasset" 1067
"../../../Engine/Content/EngineMaterials/DefaultPhysicalMaterial.uexp" 1068
"../../../Engine/Plugins/Experimental/Water/Content/Materials/MPC/MPC_Water.uasset" 1069
"../../../Engine/Plugins/Experimental/Water/Content/Materials/MPC/MPC_Water.uexp" 1070
"../../../Engine/Plugins/Experimental/Water/Content/Materials/Layers/WaterAttributes.uasset" 1071
"../../../Engine/Plugins/Experimental/Water/Content/Materials/Layers/WaterAttributes.uexp" 1072
"../../../Engine/Plugins/Experimental/Water/Content/Materials/Functions/WorldPositionBehindWater.uasset" 1073
"../../../Engine/Plugins/Experimental/Water/Content/Materials/Functions/WorldPositionBehindWater.uexp" 1074
"../../../Engine/Plugins/Experimental/Water/Content/Materials/Functions/WorldNormalBehindWater.uasset" 1075
"../../../Engine/Plugins/Experimental/Water/Content/Materials/Functions/WorldNormalBehindWater.uexp" 1076
"../../../Engine/Plugins/Experimental/Water/Content/Materials/Functions/ComputeWavesAttenuationFactor.uasset" 1077
"../../../Engine/Plugins/Experimental/Water/Content/Materials/Functions/ComputeWavesAttenuationFactor.uexp" 1078
"../../../Engine/Plugins/Experimental/Water/Content/Textures/BlackTexture2DArray.uasset" 1079
"../../../Engine/Plugins/Experimental/Water/Content/Textures/BlackTexture2DArray.uexp" 1080
"../../../Engine/Plugins/Experimental/Water/Content/Materials/Functions/HighQualityTextureFiltering.uasset" 1081
"../../../Engine/Plugins/Experimental/Water/Content/Materials/Functions/HighQualityTextureFiltering.uexp" 1082
"../../../Engine/Plugins/Experimental/Water/Content/Materials/Functions/WaterZoneData.uasset" 1083
"../../../Engine/Plugins/Experimental/Water/Content/Materials/Functions/WaterZoneData.uexp" 1084
"../../../Engine/Plugins/Experimental/Water/Content/Materials/Functions/SampleBakedFluidSimulation.uasset" 1085
"../../../Engine/Plugins/Experimental/Water/Content/Materials/Functions/SampleBakedFluidSimulation.uexp" 1086
"../../../Engine/Plugins/Experimental/Water/Content/Materials/Functions/WaterBodyData.uasset" 1087
"../../../Engine/Plugins/Experimental/Water/Content/Materials/Functions/WaterBodyData.uexp" 1088
"../../../Engine/Plugins/Experimental/Water/Content/Materials/Functions/WaveDepthFalloff_Overrides.uasset" 1089
"../../../Engine/Plugins/Experimental/Water/Content/Materials/Functions/WaveDepthFalloff_Overrides.uexp" 1090
"../../../Engine/Plugins/Experimental/Water/Content/Materials/Functions/ComputeGerstnerWaves.uasset" 1091
"../../../Engine/Plugins/Experimental/Water/Content/Materials/Functions/ComputeGerstnerWaves.uexp" 1092
"../../../Engine/Plugins/Experimental/Water/Content/Materials/Functions/GetWaterTime.uasset" 1093
"../../../Engine/Plugins/Experimental/Water/Content/Materials/Functions/GetWaterTime.uexp" 1094
"../../../Engine/Plugins/Experimental/Water/Content/Caustics/Materials/Functions/GetDistortionUV.uasset" 1095
"../../../Engine/Plugins/Experimental/Water/Content/Caustics/Materials/Functions/GetDistortionUV.uexp" 1096
"../../../Engine/Plugins/Experimental/Water/Content/Caustics/Materials/Functions/WaterCaustics_GerstnerWaves.uasset" 1097
"../../../Engine/Plugins/Experimental/Water/Content/Caustics/Materials/Functions/WaterCaustics_GerstnerWaves.uexp" 1098
"../../../Engine/Plugins/Experimental/Water/Content/Textures/Normals/T_Water_TilingNormal_With_Height_02_Softened.ubulk" 1099
"../../../Engine/Plugins/Experimental/Water/Content/Textures/Normals/T_Water_TilingNormal_With_Height_02_Softened.uasset" 1100
"../../../Engine/Plugins/Experimental/Water/Content/Textures/Normals/T_Water_TilingNormal_With_Height_02_Softened.uexp" 1101
"../../../Engine/Content/Functions/Engine_MaterialFunctions02/Math/TimeWithSpeedVariable.uasset" 1102
"../../../Engine/Content/Functions/Engine_MaterialFunctions02/Math/TimeWithSpeedVariable.uexp" 1103
"../../../Engine/Plugins/Experimental/Water/Content/Materials/Functions/WaterTextureWaves.uasset" 1104
"../../../Engine/Plugins/Experimental/Water/Content/Materials/Functions/WaterTextureWaves.uexp" 1105
"../../../Engine/Plugins/Experimental/Water/Content/Materials/Functions/WaterTextureSurface.uasset" 1106
"../../../Engine/Plugins/Experimental/Water/Content/Materials/Functions/WaterTextureSurface.uexp" 1107
"../../../Engine/Content/Functions/Engine_MaterialFunctions03/Procedurals/NormalFromHeightmap.uasset" 1108
"../../../Engine/Content/Functions/Engine_MaterialFunctions03/Procedurals/NormalFromHeightmap.uexp" 1109
"../../../Engine/Content/Functions/Engine_MaterialFunctions01/Gradient/BoxMask-2D.uasset" 1110
"../../../Engine/Content/Functions/Engine_MaterialFunctions01/Gradient/BoxMask-2D.uexp" 1111
"../../../Engine/Content/EngineSky/VolumetricClouds/T_VolumeNoiseShape128.uasset" 1112
"../../../Engine/Content/EngineSky/VolumetricClouds/T_VolumeNoiseShape128.uexp" 1113
"../../../Engine/Plugins/Experimental/Water/Content/Textures/Foam/T_WaterFlow_01_Foam_Tiled_N.ubulk" 1114
"../../../Engine/Plugins/Experimental/Water/Content/Textures/Foam/T_WaterFlow_01_Foam_Tiled_N.uasset" 1115
"../../../Engine/Plugins/Experimental/Water/Content/Textures/Foam/T_WaterFlow_01_Foam_Tiled_N.uexp" 1116
"../../../Engine/Plugins/Experimental/Water/Content/Textures/Foam/T_WaterFlow_01_Foam_Tiled.ubulk" 1117
"../../../Engine/Plugins/Experimental/Water/Content/Textures/Foam/T_WaterFlow_01_Foam_Tiled.uasset" 1118
"../../../Engine/Plugins/Experimental/Water/Content/Textures/Foam/T_WaterFlow_01_Foam_Tiled.uexp" 1119
"../../../Engine/Plugins/Experimental/Water/Content/FluidSimulation/WaveFoam/FoamRT.uasset" 1120
"../../../Engine/Plugins/Experimental/Water/Content/FluidSimulation/WaveFoam/FoamRT.uexp" 1121
"../../../Engine/Content/Functions/Engine_MaterialFunctions01/Gradient/LinearGradient.uasset" 1122
"../../../Engine/Content/Functions/Engine_MaterialFunctions01/Gradient/LinearGradient.uexp" 1123
"../../../Engine/Content/Functions/Engine_MaterialFunctions01/ImageAdjustment/CheapContrast.uasset" 1124
"../../../Engine/Content/Functions/Engine_MaterialFunctions01/ImageAdjustment/CheapContrast.uexp" 1125
"../../../Engine/Content/Functions/Engine_MaterialFunctions02/Texturing/HeightLerp.uasset" 1126
"../../../Engine/Content/Functions/Engine_MaterialFunctions02/Texturing/HeightLerp.uexp" 1127
"../../../Engine/Plugins/Experimental/Water/Content/Materials/Layers/BeachFoam.uasset" 1128
"../../../Engine/Plugins/Experimental/Water/Content/Materials/Layers/BeachFoam.uexp" 1129
"../../../Engine/Plugins/Experimental/Water/Content/Materials/Functions/WaveVelocityMask.uasset" 1130
"../../../Engine/Plugins/Experimental/Water/Content/Materials/Functions/WaveVelocityMask.uexp" 1131
"../../../Engine/Plugins/Experimental/Water/Content/Materials/Functions/Water_Underside.uasset" 1132
"../../../Engine/Plugins/Experimental/Water/Content/Materials/Functions/Water_Underside.uexp" 1133
"../../../Engine/Plugins/Experimental/Water/Content/Materials/Functions/ClipDynamicBounds.uasset" 1134
"../../../Engine/Plugins/Experimental/Water/Content/Materials/Functions/ClipDynamicBounds.uexp" 1135
"../../../Engine/Content/Functions/Engine_MaterialFunctions01/Opacity/AlphaOffset.uasset" 1136
"../../../Engine/Content/Functions/Engine_MaterialFunctions01/Opacity/AlphaOffset.uexp" 1137
"../../../Engine/Plugins/Experimental/Water/Content/FluidSimulation/WaveFoam/WaterDistanceField.uasset" 1138
"../../../Engine/Plugins/Experimental/Water/Content/FluidSimulation/WaveFoam/WaterDistanceField.uexp" 1139
"../../../Engine/Content/Functions/Engine_MaterialFunctions02/Utility/LinearSine.uasset" 1140
"../../../Engine/Content/Functions/Engine_MaterialFunctions02/Utility/LinearSine.uexp" 1141
"../../../Engine/Content/EngineMaterials/DefaultNormal.ubulk" 1142
"../../../Engine/Content/EngineMaterials/DefaultNormal.uasset" 1143
"../../../Engine/Content/EngineMaterials/DefaultNormal.uexp" 1144
"../../../Engine/Content/Functions/Engine_MaterialFunctions01/Texturing/ComputeMipLevel.uasset" 1145
"../../../Engine/Content/Functions/Engine_MaterialFunctions01/Texturing/ComputeMipLevel.uexp" 1146
"../../../Engine/Content/Functions/Engine_MaterialFunctions02/Math/MakeVectorsOrthogonal.uasset" 1147
"../../../Engine/Content/Functions/Engine_MaterialFunctions02/Math/MakeVectorsOrthogonal.uexp" 1148
"../../../Engine/Content/Functions/Engine_MaterialFunctions02/ExampleContent/Textures/LowResBlurredNoise.uasset" 1149
"../../../Engine/Content/Functions/Engine_MaterialFunctions02/ExampleContent/Textures/LowResBlurredNoise.uexp" 1150
"../../../Engine/Content/Functions/Engine_MaterialFunctions02/Texturing/Flowmaps.uasset" 1151
"../../../Engine/Content/Functions/Engine_MaterialFunctions02/Texturing/Flowmaps.uexp" 1152
"../../../Engine/Plugins/Experimental/Water/Content/FluidSimulation/Materials/Functions/Fluidsim_WorldPosition_to_UV.uasset" 1153
"../../../Engine/Plugins/Experimental/Water/Content/FluidSimulation/Materials/Functions/Fluidsim_WorldPosition_to_UV.uexp" 1154
"../../../Engine/Plugins/Experimental/Water/Content/Materials/Functions/SampleFluidSimulation.uasset" 1155
"../../../Engine/Plugins/Experimental/Water/Content/Materials/Functions/SampleFluidSimulation.uexp" 1156
"../../../Engine/Plugins/Experimental/Water/Content/Materials/Functions/SetWaveAttributes.uasset" 1157
"../../../Engine/Plugins/Experimental/Water/Content/Materials/Functions/SetWaveAttributes.uexp" 1158
"../../../Engine/Plugins/Experimental/Water/Content/Materials/Functions/WaterCoefficientMask.uasset" 1159
"../../../Engine/Plugins/Experimental/Water/Content/Materials/Functions/WaterCoefficientMask.uexp" 1160
"../../../Engine/Plugins/Experimental/Water/Content/Materials/Functions/WaterHeightMappingVS.uasset" 1161
"../../../Engine/Plugins/Experimental/Water/Content/Materials/Functions/WaterHeightMappingVS.uexp" 1162
"../../../Engine/Plugins/Experimental/Water/Content/Materials/Functions/WaterOpacityMaskFromDepth.uasset" 1163
"../../../Engine/Plugins/Experimental/Water/Content/Materials/Functions/WaterOpacityMaskFromDepth.uexp" 1164
"../../../Engine/Plugins/Experimental/Water/Content/Textures/Flowmaps/RiverFlowmap_Normal.ubulk" 1165
"../../../Engine/Plugins/Experimental/Water/Content/Textures/Flowmaps/RiverFlowmap_Normal.uasset" 1166
"../../../Engine/Plugins/Experimental/Water/Content/Textures/Flowmaps/RiverFlowmap_Normal.uexp" 1167
"../../../Engine/Plugins/Experimental/Water/Content/Textures/Flowmaps/RiverFlowmap_Diffuse.ubulk" 1168
"../../../Engine/Plugins/Experimental/Water/Content/Textures/Flowmaps/RiverFlowmap_Diffuse.uasset" 1169
"../../../Engine/Plugins/Experimental/Water/Content/Textures/Flowmaps/RiverFlowmap_Diffuse.uexp" 1170
"../../../Engine/Content/Functions/Engine_MaterialFunctions01/Coordinates/WorldPosition-XY.uasset" 1171
"../../../Engine/Content/Functions/Engine_MaterialFunctions01/Coordinates/WorldPosition-XY.uexp" 1172
"../../../Engine/Plugins/Experimental/Water/Content/Materials/Functions/WaterRiverFlowmaps.uasset" 1173
"../../../Engine/Plugins/Experimental/Water/Content/Materials/Functions/WaterRiverFlowmaps.uexp" 1174
"../../../Engine/Plugins/Experimental/Water/Content/Materials/WaterSurface/Water_Material.uasset" 1175
"../../../Engine/Plugins/Experimental/Water/Content/Materials/WaterSurface/Water_Material.uexp" 1176
"../../../Engine/Plugins/Experimental/Water/Content/Materials/WaterSurface/Water_FarMesh.uasset" 1177
"../../../Engine/Plugins/Experimental/Water/Content/Materials/WaterSurface/Water_FarMesh.uexp" 1178
"../../../Engine/Plugins/Experimental/Water/Content/Materials/HLOD/HLODWater.uasset" 1179
"../../../Engine/Plugins/Experimental/Water/Content/Materials/HLOD/HLODWater.uexp" 1180
"../../../Engine/Plugins/Experimental/Water/Content/Materials/WaterSurface/Water_Material_CustomMesh.uasset" 1181
"../../../Engine/Plugins/Experimental/Water/Content/Materials/WaterSurface/Water_Material_CustomMesh.uexp" 1182
"../../../Engine/Plugins/Experimental/Water/Content/Meshes/S_WaterPlane_256.ubulk" 1183
"../../../Engine/Plugins/Experimental/Water/Content/Meshes/S_WaterPlane_256.uasset" 1184
"../../../Engine/Plugins/Experimental/Water/Content/Meshes/S_WaterPlane_256.uexp" 1185
"../../../Engine/Plugins/Experimental/Water/Content/Materials/WaterInfo/DrawWaterInfo.uasset" 1186
"../../../Engine/Plugins/Experimental/Water/Content/Materials/WaterInfo/DrawWaterInfo.uexp" 1187
"../../../Engine/Content/Functions/Engine_MaterialFunctions02/ExampleContent/Textures/DebugNumberPeriod.uasset" 1188
"../../../Engine/Content/Functions/Engine_MaterialFunctions02/ExampleContent/Textures/DebugNumberPeriod.uexp" 1189
"../../../Engine/Content/Functions/Engine_MaterialFunctions02/Utility/DebugScalarValues.uasset" 1190
"../../../Engine/Content/Functions/Engine_MaterialFunctions02/Utility/DebugScalarValues.uexp" 1191
"../../../Engine/Content/Functions/Engine_MaterialFunctions01/Volumetrics/SchlickPhase.uasset" 1192
"../../../Engine/Content/Functions/Engine_MaterialFunctions01/Volumetrics/SchlickPhase.uexp" 1193
"../../../Engine/Plugins/Experimental/Water/Content/Materials/PostProcessing/M_UnderWater_PostProcess_Volume.uasset" 1194
"../../../Engine/Plugins/Experimental/Water/Content/Materials/PostProcessing/M_UnderWater_PostProcess_Volume.uexp" 1195
"../../../Engine/Plugins/Experimental/Water/Content/Materials/PostProcessing/MI_UnderWater_PostProcess_Volume_Custom.uasset" 1196
"../../../Engine/Plugins/Experimental/Water/Content/Materials/PostProcessing/MI_UnderWater_PostProcess_Volume_Custom.uexp" 1197
"C:/Users/rexge/Documents/Unreal Projects/TheBigHunt/Content/song_thrush_bird_melodic_song-2_u9b.ubulk" 1198
"C:/Users/rexge/Documents/Unreal Projects/TheBigHunt/Content/song_thrush_bird_melodic_song-2_u9b.uasset" 1199
"C:/Users/rexge/Documents/Unreal Projects/TheBigHunt/Content/song_thrush_bird_melodic_song-2_u9b.uexp" 1200
"C:/Users/rexge/Documents/Unreal Projects/TheBigHunt/Content/BP_Waypoint.uasset" 1201
"C:/Users/rexge/Documents/Unreal Projects/TheBigHunt/Content/BP_Waypoint.uexp" 1202
"C:/Users/rexge/Documents/Unreal Projects/TheBigHunt/Content/VRTemplate/Textures/T_Grid.ubulk" 1203
"C:/Users/rexge/Documents/Unreal Projects/TheBigHunt/Content/VRTemplate/Textures/T_Grid.uasset" 1204
"C:/Users/rexge/Documents/Unreal Projects/TheBigHunt/Content/VRTemplate/Textures/T_Grid.uexp" 1205
"../../../Engine/Content/Functions/Engine_MaterialFunctions02/Utility/AppendMany.uasset" 1206
"../../../Engine/Content/Functions/Engine_MaterialFunctions02/Utility/AppendMany.uexp" 1207
"../../../Engine/Content/Functions/Engine_MaterialFunctions01/Texturing/WorldAlignedTexture.uasset" 1208
"../../../Engine/Content/Functions/Engine_MaterialFunctions01/Texturing/WorldAlignedTexture.uexp" 1209
"C:/Users/rexge/Documents/Unreal Projects/TheBigHunt/Content/VRTemplate/Materials/M_GridRotation.uasset" 1210
"C:/Users/rexge/Documents/Unreal Projects/TheBigHunt/Content/VRTemplate/Materials/M_GridRotation.uexp" 1211
"C:/Users/rexge/Documents/Unreal Projects/TheBigHunt/Content/VRTemplate/Materials/MI_Grid_Default.uasset" 1212
"C:/Users/rexge/Documents/Unreal Projects/TheBigHunt/Content/VRTemplate/Materials/MI_Grid_Default.uexp" 1213
"C:/Users/rexge/Documents/Unreal Projects/TheBigHunt/Content/VRTemplate/Maps/VRTemplateMap_BuiltData.ubulk" 1214
"C:/Users/rexge/Documents/Unreal Projects/TheBigHunt/Content/VRTemplate/Maps/VRTemplateMap_BuiltData.uasset" 1215
"C:/Users/rexge/Documents/Unreal Projects/TheBigHunt/Content/VRTemplate/Maps/VRTemplateMap_BuiltData.uexp" 1216
"C:/Users/rexge/Documents/Unreal Projects/TheBigHunt/Content/Blueprints/BP_Scorekeeper.uasset" 1217
"C:/Users/rexge/Documents/Unreal Projects/TheBigHunt/Content/Blueprints/BP_Scorekeeper.uexp" 1218
"../../../Engine/Content/BasicShapes/Cylinder.ubulk" 1219
"../../../Engine/Content/BasicShapes/Cylinder.uasset" 1220
"../../../Engine/Content/BasicShapes/Cylinder.uexp" 1221
"C:/Users/rexge/Documents/Unreal Projects/TheBigHunt/Content/VRTemplate/Materials/M_Projectile.uasset" 1222
"C:/Users/rexge/Documents/Unreal Projects/TheBigHunt/Content/VRTemplate/Materials/M_Projectile.uexp" 1223
"C:/Users/rexge/Documents/Unreal Projects/TheBigHunt/Content/VRTemplate/Materials/MI_Projectile.uasset" 1224
"C:/Users/rexge/Documents/Unreal Projects/TheBigHunt/Content/VRTemplate/Materials/MI_Projectile.uexp" 1225
"C:/Users/rexge/Documents/Unreal Projects/TheBigHunt/Content/Blueprints/Weapons/BP_Bullet.uasset" 1226
"C:/Users/rexge/Documents/Unreal Projects/TheBigHunt/Content/Blueprints/Weapons/BP_Bullet.uexp" 1227
"C:/Users/rexge/Documents/Unreal Projects/TheBigHunt/Content/AfricanAnimalsPack/Elephant/Meshes/SK_Elephant_Skeleton.uasset" 1228
"C:/Users/rexge/Documents/Unreal Projects/TheBigHunt/Content/AfricanAnimalsPack/Elephant/Meshes/SK_Elephant_Skeleton.uexp" 1229
"C:/Users/rexge/Documents/Unreal Projects/TheBigHunt/Content/AfricanAnimalsPack/Elephant/Meshes/SK_Elephant_PhysicsAsset.uasset" 1230
"C:/Users/rexge/Documents/Unreal Projects/TheBigHunt/Content/AfricanAnimalsPack/Elephant/Meshes/SK_Elephant_PhysicsAsset.uexp" 1231
"C:/Users/rexge/Documents/Unreal Projects/TheBigHunt/Content/AfricanAnimalsPack/Elephant/Textures/T_Elephant_Specular.uasset" 1232
"C:/Users/rexge/Documents/Unreal Projects/TheBigHunt/Content/AfricanAnimalsPack/Elephant/Textures/T_Elephant_Specular.uexp" 1233
"C:/Users/rexge/Documents/Unreal Projects/TheBigHunt/Content/AfricanAnimalsPack/Elephant/Textures/T_Elephant_OcclusionRoughnessMetallic.ubulk" 1234
"C:/Users/rexge/Documents/Unreal Projects/TheBigHunt/Content/AfricanAnimalsPack/Elephant/Textures/T_Elephant_OcclusionRoughnessMetallic.uasset" 1235
"C:/Users/rexge/Documents/Unreal Projects/TheBigHunt/Content/AfricanAnimalsPack/Elephant/Textures/T_Elephant_OcclusionRoughnessMetallic.uexp" 1236
"C:/Users/rexge/Documents/Unreal Projects/TheBigHunt/Content/AfricanAnimalsPack/Elephant/Textures/T_Elephant_Nml.ubulk" 1237
"C:/Users/rexge/Documents/Unreal Projects/TheBigHunt/Content/AfricanAnimalsPack/Elephant/Textures/T_Elephant_Nml.uasset" 1238
"C:/Users/rexge/Documents/Unreal Projects/TheBigHunt/Content/AfricanAnimalsPack/Elephant/Textures/T_Elephant_Nml.uexp" 1239
"C:/Users/rexge/Documents/Unreal Projects/TheBigHunt/Content/AfricanAnimalsPack/Elephant/Textures/T_Elephant_BaseColor.ubulk" 1240
"C:/Users/rexge/Documents/Unreal Projects/TheBigHunt/Content/AfricanAnimalsPack/Elephant/Textures/T_Elephant_BaseColor.uasset" 1241
"C:/Users/rexge/Documents/Unreal Projects/TheBigHunt/Content/AfricanAnimalsPack/Elephant/Textures/T_Elephant_BaseColor.uexp" 1242
"C:/Users/rexge/Documents/Unreal Projects/TheBigHunt/Content/AfricanAnimalsPack/Elephant/Materials/M_Elephant.uasset" 1243
"C:/Users/rexge/Documents/Unreal Projects/TheBigHunt/Content/AfricanAnimalsPack/Elephant/Materials/M_Elephant.uexp" 1244
"C:/Users/rexge/Documents/Unreal Projects/TheBigHunt/Content/AfricanAnimalsPack/Elephant/Meshes/SK_Elephant.uasset" 1245
"C:/Users/rexge/Documents/Unreal Projects/TheBigHunt/Content/AfricanAnimalsPack/Elephant/Meshes/SK_Elephant.uexp" 1246
"C:/Users/rexge/Documents/Unreal Projects/TheBigHunt/Content/Blueprints/Animals/BP_Animal.uasset" 1247
"C:/Users/rexge/Documents/Unreal Projects/TheBigHunt/Content/Blueprints/Animals/BP_Animal.uexp" 1248
"C:/Users/rexge/Documents/Unreal Projects/TheBigHunt/Content/BP_AI.uasset" 1249
"C:/Users/rexge/Documents/Unreal Projects/TheBigHunt/Content/BP_AI.uexp" 1250
"../../../Engine/Content/EditorResources/MatineeCam_D.uasset" 1251
"../../../Engine/Content/EditorResources/MatineeCam_D.uexp" 1252
"../../../Engine/Content/EditorMaterials/MatineeCam_mat.uasset" 1253
"../../../Engine/Content/EditorMaterials/MatineeCam_mat.uexp" 1254
"../../../Engine/Content/EditorMeshes/MatineeCam_SM.ubulk" 1255
"../../../Engine/Content/EditorMeshes/MatineeCam_SM.uasset" 1256
"../../../Engine/Content/EditorMeshes/MatineeCam_SM.uexp" 1257
"C:/Users/rexge/Documents/Unreal Projects/TheBigHunt/Content/VRSpectator/RT_VRSpectator.uasset" 1258
"C:/Users/rexge/Documents/Unreal Projects/TheBigHunt/Content/VRSpectator/RT_VRSpectator.uexp" 1259
"C:/Users/rexge/Documents/Unreal Projects/TheBigHunt/Content/VRSpectator/EVRSpectatorMode.uasset" 1260
"C:/Users/rexge/Documents/Unreal Projects/TheBigHunt/Content/VRSpectator/EVRSpectatorMode.uexp" 1261
"C:/Users/rexge/Documents/Unreal Projects/TheBigHunt/Content/VRSpectator/Input/Actions/IA_VRSpectator_FadeInOut.uasset" 1262
"C:/Users/rexge/Documents/Unreal Projects/TheBigHunt/Content/VRSpectator/Input/Actions/IA_VRSpectator_FadeInOut.uexp" 1263
"C:/Users/rexge/Documents/Unreal Projects/TheBigHunt/Content/VRSpectator/Input/Actions/IA_VRSpectator_FOV.uasset" 1264
"C:/Users/rexge/Documents/Unreal Projects/TheBigHunt/Content/VRSpectator/Input/Actions/IA_VRSpectator_FOV.uexp" 1265
"C:/Users/rexge/Documents/Unreal Projects/TheBigHunt/Content/VRSpectator/Input/Actions/IA_VRSpectator_FOV_Reset.uasset" 1266
"C:/Users/rexge/Documents/Unreal Projects/TheBigHunt/Content/VRSpectator/Input/Actions/IA_VRSpectator_FOV_Reset.uexp" 1267
"C:/Users/rexge/Documents/Unreal Projects/TheBigHunt/Content/VRSpectator/Input/Actions/IA_VRSpectator_Look.uasset" 1268
"C:/Users/rexge/Documents/Unreal Projects/TheBigHunt/Content/VRSpectator/Input/Actions/IA_VRSpectator_Look.uexp" 1269
"C:/Users/rexge/Documents/Unreal Projects/TheBigHunt/Content/VRSpectator/Input/Actions/IA_VRSpectator_Move.uasset" 1270
"C:/Users/rexge/Documents/Unreal Projects/TheBigHunt/Content/VRSpectator/Input/Actions/IA_VRSpectator_Move.uexp" 1271
"C:/Users/rexge/Documents/Unreal Projects/TheBigHunt/Content/VRSpectator/Input/Actions/IA_VRSpectator_ResetRotation.uasset" 1272
"C:/Users/rexge/Documents/Unreal Projects/TheBigHunt/Content/VRSpectator/Input/Actions/IA_VRSpectator_ResetRotation.uexp" 1273
"C:/Users/rexge/Documents/Unreal Projects/TheBigHunt/Content/VRSpectator/Input/Actions/IA_VRSpectator_Toggle.uasset" 1274
"C:/Users/rexge/Documents/Unreal Projects/TheBigHunt/Content/VRSpectator/Input/Actions/IA_VRSpectator_Toggle.uexp" 1275
"C:/Users/rexge/Documents/Unreal Projects/TheBigHunt/Content/VRSpectator/Input/IMC_VRSpectator.uasset" 1276
"C:/Users/rexge/Documents/Unreal Projects/TheBigHunt/Content/VRSpectator/Input/IMC_VRSpectator.uexp" 1277
"C:/Users/rexge/Documents/Unreal Projects/TheBigHunt/Content/VRSpectator/VRSpectator.uasset" 1278
"C:/Users/rexge/Documents/Unreal Projects/TheBigHunt/Content/VRSpectator/VRSpectator.uexp" 1279
"../../../Engine/Content/EngineMaterials/WeightMapPlaceholderTexture.uasset" 1280
"../../../Engine/Content/EngineMaterials/WeightMapPlaceholderTexture.uexp" 1281
"../../../Engine/Content/EngineMaterials/WeightMapArrayPlaceholderTexture.uasset" 1282
"../../../Engine/Content/EngineMaterials/WeightMapArrayPlaceholderTexture.uexp" 1283
"C:/Users/rexge/Documents/Unreal Projects/TheBigHunt/Content/Fab/Megascans/Surfaces/Dried_Grass_xbrgaba/Medium/xbrgaba_tier_2/Textures/T_xbrgaba_2K_B.ubulk" 1284
"C:/Users/rexge/Documents/Unreal Projects/TheBigHunt/Content/Fab/Megascans/Surfaces/Dried_Grass_xbrgaba/Medium/xbrgaba_tier_2/Textures/T_xbrgaba_2K_B.uasset" 1285
"C:/Users/rexge/Documents/Unreal Projects/TheBigHunt/Content/Fab/Megascans/Surfaces/Dried_Grass_xbrgaba/Medium/xbrgaba_tier_2/Textures/T_xbrgaba_2K_B.uexp" 1286
"C:/Users/rexge/Documents/Unreal Projects/TheBigHunt/Content/Fab/Megascans/Surfaces/Dried_Grass_xbrgaba/Medium/xbrgaba_tier_2/Textures/T_xbrgaba_2K_N.ubulk" 1287
"C:/Users/rexge/Documents/Unreal Projects/TheBigHunt/Content/Fab/Megascans/Surfaces/Dried_Grass_xbrgaba/Medium/xbrgaba_tier_2/Textures/T_xbrgaba_2K_N.uasset" 1288
"C:/Users/rexge/Documents/Unreal Projects/TheBigHunt/Content/Fab/Megascans/Surfaces/Dried_Grass_xbrgaba/Medium/xbrgaba_tier_2/Textures/T_xbrgaba_2K_N.uexp" 1289
"C:/Users/rexge/Documents/Unreal Projects/TheBigHunt/Content/Fab/Megascans/Surfaces/Dry_Cracked_Mud_xccibi1/Raw/xccibi1_tier_0/Textures/T_xccibi1_8K_B.uexp" 1290
"C:/Users/rexge/Documents/Unreal Projects/TheBigHunt/Content/Fab/Megascans/Surfaces/Dry_Cracked_Mud_xccibi1/Raw/xccibi1_tier_0/Textures/T_xccibi1_8K_B.ubulk" 1291
"C:/Users/rexge/Documents/Unreal Projects/TheBigHunt/Content/Fab/Megascans/Surfaces/Dry_Cracked_Mud_xccibi1/Raw/xccibi1_tier_0/Textures/T_xccibi1_8K_B.uasset" 1292
"C:/Users/rexge/Documents/Unreal Projects/TheBigHunt/Content/Fab/Megascans/Surfaces/Dry_Cracked_Mud_xccibi1/Raw/xccibi1_tier_0/Textures/T_xccibi1_8K_B.uptnl" 1293
"C:/Users/rexge/Documents/Unreal Projects/TheBigHunt/Content/Fab/Megascans/Surfaces/Dry_Cracked_Mud_xccibi1/Raw/xccibi1_tier_0/Textures/T_xccibi1_8K_N.uexp" 1294
"C:/Users/rexge/Documents/Unreal Projects/TheBigHunt/Content/Fab/Megascans/Surfaces/Dry_Cracked_Mud_xccibi1/Raw/xccibi1_tier_0/Textures/T_xccibi1_8K_N.ubulk" 1295
"C:/Users/rexge/Documents/Unreal Projects/TheBigHunt/Content/Fab/Megascans/Surfaces/Dry_Cracked_Mud_xccibi1/Raw/xccibi1_tier_0/Textures/T_xccibi1_8K_N.uasset" 1296
"C:/Users/rexge/Documents/Unreal Projects/TheBigHunt/Content/Fab/Megascans/Surfaces/Dry_Cracked_Mud_xccibi1/Raw/xccibi1_tier_0/Textures/T_xccibi1_8K_N.uptnl" 1297
"C:/Users/rexge/Documents/Unreal Projects/TheBigHunt/Content/Fab/Megascans/Surfaces/Wild_Grass_sfknaeoa/Low/sfknaeoa_tier_3/Textures/T_sfknaeoa_1K_B.ubulk" 1298
"C:/Users/rexge/Documents/Unreal Projects/TheBigHunt/Content/Fab/Megascans/Surfaces/Wild_Grass_sfknaeoa/Low/sfknaeoa_tier_3/Textures/T_sfknaeoa_1K_B.uasset" 1299
"C:/Users/rexge/Documents/Unreal Projects/TheBigHunt/Content/Fab/Megascans/Surfaces/Wild_Grass_sfknaeoa/Low/sfknaeoa_tier_3/Textures/T_sfknaeoa_1K_B.uexp" 1300
"C:/Users/rexge/Documents/Unreal Projects/TheBigHunt/Content/Fab/Megascans/Surfaces/Wild_Grass_sfknaeoa/Low/sfknaeoa_tier_3/Textures/T_sfknaeoa_1K_N.ubulk" 1301
"C:/Users/rexge/Documents/Unreal Projects/TheBigHunt/Content/Fab/Megascans/Surfaces/Wild_Grass_sfknaeoa/Low/sfknaeoa_tier_3/Textures/T_sfknaeoa_1K_N.uasset" 1302
"C:/Users/rexge/Documents/Unreal Projects/TheBigHunt/Content/Fab/Megascans/Surfaces/Wild_Grass_sfknaeoa/Low/sfknaeoa_tier_3/Textures/T_sfknaeoa_1K_N.uexp" 1303
"C:/Users/rexge/Documents/Unreal Projects/TheBigHunt/Content/TerrainData/Terrain.uasset" 1304
"C:/Users/rexge/Documents/Unreal Projects/TheBigHunt/Content/TerrainData/Terrain.uexp" 1305
"C:/Users/rexge/Documents/Unreal Projects/TheBigHunt/Content/TerrainData/Rock_LayerInfo.uasset" 1306
"C:/Users/rexge/Documents/Unreal Projects/TheBigHunt/Content/TerrainData/Rock_LayerInfo.uexp" 1307
"C:/Users/rexge/Documents/Unreal Projects/TheBigHunt/Content/TerrainData/Mud_LayerInfo.uasset" 1308
"C:/Users/rexge/Documents/Unreal Projects/TheBigHunt/Content/TerrainData/Mud_LayerInfo.uexp" 1309
"C:/Users/rexge/Documents/Unreal Projects/TheBigHunt/Content/TerrainData/Forest_Grass_LayerInfo.uasset" 1310
"C:/Users/rexge/Documents/Unreal Projects/TheBigHunt/Content/TerrainData/Forest_Grass_LayerInfo.uexp" 1311
"C:/Users/rexge/Documents/Unreal Projects/TheBigHunt/Content/TerrainData/Dried_Grass_LayerInfo.uasset" 1312
"C:/Users/rexge/Documents/Unreal Projects/TheBigHunt/Content/TerrainData/Dried_Grass_LayerInfo.uexp" 1313
"C:/Users/rexge/Documents/Unreal Projects/TheBigHunt/Content/Jeep2/textures/TireRoughness.ubulk" 1314
"C:/Users/rexge/Documents/Unreal Projects/TheBigHunt/Content/Jeep2/textures/TireRoughness.uasset" 1315
"C:/Users/rexge/Documents/Unreal Projects/TheBigHunt/Content/Jeep2/textures/TireRoughness.uexp" 1316
"C:/Users/rexge/Documents/Unreal Projects/TheBigHunt/Content/Jeep2/textures/TireNormal.ubulk" 1317
"C:/Users/rexge/Documents/Unreal Projects/TheBigHunt/Content/Jeep2/textures/TireNormal.uasset" 1318
"C:/Users/rexge/Documents/Unreal Projects/TheBigHunt/Content/Jeep2/textures/TireNormal.uexp" 1319
"C:/Users/rexge/Documents/Unreal Projects/TheBigHunt/Content/Jeep2/textures/TireMetallic.ubulk" 1320
"C:/Users/rexge/Documents/Unreal Projects/TheBigHunt/Content/Jeep2/textures/TireMetallic.uasset" 1321
"C:/Users/rexge/Documents/Unreal Projects/TheBigHunt/Content/Jeep2/textures/TireMetallic.uexp" 1322
"C:/Users/rexge/Documents/Unreal Projects/TheBigHunt/Content/Jeep2/textures/TireColor.ubulk" 1323
"C:/Users/rexge/Documents/Unreal Projects/TheBigHunt/Content/Jeep2/textures/TireColor.uasset" 1324
"C:/Users/rexge/Documents/Unreal Projects/TheBigHunt/Content/Jeep2/textures/TireColor.uexp" 1325
"C:/Users/rexge/Documents/Unreal Projects/TheBigHunt/Content/Jeep2/tires.uasset" 1326
"C:/Users/rexge/Documents/Unreal Projects/TheBigHunt/Content/Jeep2/tires.uexp" 1327
"C:/Users/rexge/Documents/Unreal Projects/TheBigHunt/Content/Jeep2/tireFrontRight.ubulk" 1328
"C:/Users/rexge/Documents/Unreal Projects/TheBigHunt/Content/Jeep2/tireFrontRight.uasset" 1329
"C:/Users/rexge/Documents/Unreal Projects/TheBigHunt/Content/Jeep2/tireFrontRight.uexp" 1330
"C:/Users/rexge/Documents/Unreal Projects/TheBigHunt/Content/Jeep2/tireFrontLeft.ubulk" 1331
"C:/Users/rexge/Documents/Unreal Projects/TheBigHunt/Content/Jeep2/tireFrontLeft.uasset" 1332
"C:/Users/rexge/Documents/Unreal Projects/TheBigHunt/Content/Jeep2/tireFrontLeft.uexp" 1333
"C:/Users/rexge/Documents/Unreal Projects/TheBigHunt/Content/Jeep2/tireBackRight.ubulk" 1334
"C:/Users/rexge/Documents/Unreal Projects/TheBigHunt/Content/Jeep2/tireBackRight.uasset" 1335
"C:/Users/rexge/Documents/Unreal Projects/TheBigHunt/Content/Jeep2/tireBackRight.uexp" 1336
"C:/Users/rexge/Documents/Unreal Projects/TheBigHunt/Content/Jeep2/tireBackLeft.ubulk" 1337
"C:/Users/rexge/Documents/Unreal Projects/TheBigHunt/Content/Jeep2/tireBackLeft.uasset" 1338
"C:/Users/rexge/Documents/Unreal Projects/TheBigHunt/Content/Jeep2/tireBackLeft.uexp" 1339
"C:/Users/rexge/Documents/Unreal Projects/TheBigHunt/Content/Jeep2/textures/JeepRoughness.ubulk" 1340
"C:/Users/rexge/Documents/Unreal Projects/TheBigHunt/Content/Jeep2/textures/JeepRoughness.uasset" 1341
"C:/Users/rexge/Documents/Unreal Projects/TheBigHunt/Content/Jeep2/textures/JeepRoughness.uexp" 1342
"C:/Users/rexge/Documents/Unreal Projects/TheBigHunt/Content/Jeep2/textures/JeepNormal.ubulk" 1343
"C:/Users/rexge/Documents/Unreal Projects/TheBigHunt/Content/Jeep2/textures/JeepNormal.uasset" 1344
"C:/Users/rexge/Documents/Unreal Projects/TheBigHunt/Content/Jeep2/textures/JeepNormal.uexp" 1345
"C:/Users/rexge/Documents/Unreal Projects/TheBigHunt/Content/Jeep2/textures/JeepMetallic.ubulk" 1346
"C:/Users/rexge/Documents/Unreal Projects/TheBigHunt/Content/Jeep2/textures/JeepMetallic.uasset" 1347
"C:/Users/rexge/Documents/Unreal Projects/TheBigHunt/Content/Jeep2/textures/JeepMetallic.uexp" 1348
"C:/Users/rexge/Documents/Unreal Projects/TheBigHunt/Content/Jeep2/textures/JeepColor.ubulk" 1349
"C:/Users/rexge/Documents/Unreal Projects/TheBigHunt/Content/Jeep2/textures/JeepColor.uasset" 1350
"C:/Users/rexge/Documents/Unreal Projects/TheBigHunt/Content/Jeep2/textures/JeepColor.uexp" 1351
"C:/Users/rexge/Documents/Unreal Projects/TheBigHunt/Content/Jeep2/textures/JeepAO.ubulk" 1352
"C:/Users/rexge/Documents/Unreal Projects/TheBigHunt/Content/Jeep2/textures/JeepAO.uasset" 1353
"C:/Users/rexge/Documents/Unreal Projects/TheBigHunt/Content/Jeep2/textures/JeepAO.uexp" 1354
"C:/Users/rexge/Documents/Unreal Projects/TheBigHunt/Content/Jeep2/jeep1.uasset" 1355
"C:/Users/rexge/Documents/Unreal Projects/TheBigHunt/Content/Jeep2/jeep1.uexp" 1356
"C:/Users/rexge/Documents/Unreal Projects/TheBigHunt/Content/Jeep2/steeringwheel.ubulk" 1357
"C:/Users/rexge/Documents/Unreal Projects/TheBigHunt/Content/Jeep2/steeringwheel.uasset" 1358
"C:/Users/rexge/Documents/Unreal Projects/TheBigHunt/Content/Jeep2/steeringwheel.uexp" 1359
"C:/Users/rexge/Documents/Unreal Projects/TheBigHunt/Content/Jeep2/poke.ubulk" 1360
"C:/Users/rexge/Documents/Unreal Projects/TheBigHunt/Content/Jeep2/poke.uasset" 1361
"C:/Users/rexge/Documents/Unreal Projects/TheBigHunt/Content/Jeep2/poke.uexp" 1362
"C:/Users/rexge/Documents/Unreal Projects/TheBigHunt/Content/Jeep2/textures/GlassRoughness.ubulk" 1363
"C:/Users/rexge/Documents/Unreal Projects/TheBigHunt/Content/Jeep2/textures/GlassRoughness.uasset" 1364
"C:/Users/rexge/Documents/Unreal Projects/TheBigHunt/Content/Jeep2/textures/GlassRoughness.uexp" 1365
"C:/Users/rexge/Documents/Unreal Projects/TheBigHunt/Content/Jeep2/textures/GlassMetallic.ubulk" 1366
"C:/Users/rexge/Documents/Unreal Projects/TheBigHunt/Content/Jeep2/textures/GlassMetallic.uasset" 1367
"C:/Users/rexge/Documents/Unreal Projects/TheBigHunt/Content/Jeep2/textures/GlassMetallic.uexp" 1368
"C:/Users/rexge/Documents/Unreal Projects/TheBigHunt/Content/Jeep2/textures/glassColor.ubulk" 1369
"C:/Users/rexge/Documents/Unreal Projects/TheBigHunt/Content/Jeep2/textures/glassColor.uasset" 1370
"C:/Users/rexge/Documents/Unreal Projects/TheBigHunt/Content/Jeep2/textures/glassColor.uexp" 1371
"C:/Users/rexge/Documents/Unreal Projects/TheBigHunt/Content/Jeep2/jeepwindows.uasset" 1372
"C:/Users/rexge/Documents/Unreal Projects/TheBigHunt/Content/Jeep2/jeepwindows.uexp" 1373
"C:/Users/rexge/Documents/Unreal Projects/TheBigHunt/Content/Jeep2/glass.ubulk" 1374
"C:/Users/rexge/Documents/Unreal Projects/TheBigHunt/Content/Jeep2/glass.uasset" 1375
"C:/Users/rexge/Documents/Unreal Projects/TheBigHunt/Content/Jeep2/glass.uexp" 1376
"C:/Users/rexge/Documents/Unreal Projects/TheBigHunt/Content/Jeep2/body.ubulk" 1377
"C:/Users/rexge/Documents/Unreal Projects/TheBigHunt/Content/Jeep2/body.uasset" 1378
"C:/Users/rexge/Documents/Unreal Projects/TheBigHunt/Content/Jeep2/body.uexp" 1379
"C:/Users/rexge/Documents/Unreal Projects/TheBigHunt/Content/Jeep2/axleFrontRight.ubulk" 1380
"C:/Users/rexge/Documents/Unreal Projects/TheBigHunt/Content/Jeep2/axleFrontRight.uasset" 1381
"C:/Users/rexge/Documents/Unreal Projects/TheBigHunt/Content/Jeep2/axleFrontRight.uexp" 1382
"C:/Users/rexge/Documents/Unreal Projects/TheBigHunt/Content/Jeep2/axleFrontLeft.ubulk" 1383
"C:/Users/rexge/Documents/Unreal Projects/TheBigHunt/Content/Jeep2/axleFrontLeft.uasset" 1384
"C:/Users/rexge/Documents/Unreal Projects/TheBigHunt/Content/Jeep2/axleFrontLeft.uexp" 1385
"C:/Users/rexge/Documents/Unreal Projects/TheBigHunt/Content/Jeep2/axleBackRight.ubulk" 1386
"C:/Users/rexge/Documents/Unreal Projects/TheBigHunt/Content/Jeep2/axleBackRight.uasset" 1387
"C:/Users/rexge/Documents/Unreal Projects/TheBigHunt/Content/Jeep2/axleBackRight.uexp" 1388
"C:/Users/rexge/Documents/Unreal Projects/TheBigHunt/Content/Jeep2/axleBackLeft.ubulk" 1389
"C:/Users/rexge/Documents/Unreal Projects/TheBigHunt/Content/Jeep2/axleBackLeft.uasset" 1390
"C:/Users/rexge/Documents/Unreal Projects/TheBigHunt/Content/Jeep2/axleBackLeft.uexp" 1391
"C:/Users/rexge/Documents/Unreal Projects/TheBigHunt/Content/Jeep2/FbxScene_jeep.uasset" 1392
"C:/Users/rexge/Documents/Unreal Projects/TheBigHunt/Content/Jeep2/FbxScene_jeep.uexp" 1393
"C:/Users/rexge/Documents/Unreal Projects/TheBigHunt/Content/VRTemplate/Haptics/GrabHapticEffect.uasset" 1394
"C:/Users/rexge/Documents/Unreal Projects/TheBigHunt/Content/VRTemplate/Haptics/GrabHapticEffect.uexp" 1395
"C:/Users/rexge/Documents/Unreal Projects/TheBigHunt/Content/VRTemplate/Blueprints/GrabType.uasset" 1396
"C:/Users/rexge/Documents/Unreal Projects/TheBigHunt/Content/VRTemplate/Blueprints/GrabType.uexp" 1397
"C:/Users/rexge/Documents/Unreal Projects/TheBigHunt/Content/VRTemplate/Blueprints/GrabComponent.uasset" 1398
"C:/Users/rexge/Documents/Unreal Projects/TheBigHunt/Content/VRTemplate/Blueprints/GrabComponent.uexp" 1399
"../../../Engine/Content/VREditor/Devices/Generic/GenericHMDMaterial.uasset" 1400
"../../../Engine/Content/VREditor/Devices/Generic/GenericHMDMaterial.uexp" 1401
"../../../Engine/Content/VREditor/Devices/Generic/GenericHMD.ubulk" 1402
"../../../Engine/Content/VREditor/Devices/Generic/GenericHMD.uasset" 1403
"../../../Engine/Content/VREditor/Devices/Generic/GenericHMD.uexp" 1404
"C:/Users/rexge/Documents/Unreal Projects/TheBigHunt/Content/VRTemplate/VFX/NPC_VRTemplate.uasset" 1405
"C:/Users/rexge/Documents/Unreal Projects/TheBigHunt/Content/VRTemplate/VFX/NPC_VRTemplate.uexp" 1406
"C:/Users/rexge/Documents/Unreal Projects/TheBigHunt/Content/VRTemplate/Materials/DefaultRibbonMaterial_NoGradient.uasset" 1407
"C:/Users/rexge/Documents/Unreal Projects/TheBigHunt/Content/VRTemplate/Materials/DefaultRibbonMaterial_NoGradient.uexp" 1408
"C:/Users/rexge/Documents/Unreal Projects/TheBigHunt/Content/VRTemplate/VFX/NS_TeleportTrace.uasset" 1409
"C:/Users/rexge/Documents/Unreal Projects/TheBigHunt/Content/VRTemplate/VFX/NS_TeleportTrace.uexp" 1410
"C:/Users/rexge/Documents/Unreal Projects/TheBigHunt/Content/VRTemplate/Input/Actions/Hands/IA_Hand_Grasp_Left.uasset" 1411
"C:/Users/rexge/Documents/Unreal Projects/TheBigHunt/Content/VRTemplate/Input/Actions/Hands/IA_Hand_Grasp_Left.uexp" 1412
"C:/Users/rexge/Documents/Unreal Projects/TheBigHunt/Content/VRTemplate/Input/Actions/Hands/IA_Hand_Grasp_Right.uasset" 1413
"C:/Users/rexge/Documents/Unreal Projects/TheBigHunt/Content/VRTemplate/Input/Actions/Hands/IA_Hand_Grasp_Right.uexp" 1414
"C:/Users/rexge/Documents/Unreal Projects/TheBigHunt/Content/VRTemplate/Input/Actions/Hands/IA_Hand_IndexCurl_Left.uasset" 1415
"C:/Users/rexge/Documents/Unreal Projects/TheBigHunt/Content/VRTemplate/Input/Actions/Hands/IA_Hand_IndexCurl_Left.uexp" 1416
"C:/Users/rexge/Documents/Unreal Projects/TheBigHunt/Content/VRTemplate/Input/Actions/Hands/IA_Hand_IndexCurl_Right.uasset" 1417
"C:/Users/rexge/Documents/Unreal Projects/TheBigHunt/Content/VRTemplate/Input/Actions/Hands/IA_Hand_IndexCurl_Right.uexp" 1418
"C:/Users/rexge/Documents/Unreal Projects/TheBigHunt/Content/VRTemplate/Input/Actions/Hands/IA_Hand_Point_Left.uasset" 1419
"C:/Users/rexge/Documents/Unreal Projects/TheBigHunt/Content/VRTemplate/Input/Actions/Hands/IA_Hand_Point_Left.uexp" 1420
"C:/Users/rexge/Documents/Unreal Projects/TheBigHunt/Content/VRTemplate/Input/Actions/Hands/IA_Hand_Point_Right.uasset" 1421
"C:/Users/rexge/Documents/Unreal Projects/TheBigHunt/Content/VRTemplate/Input/Actions/Hands/IA_Hand_Point_Right.uexp" 1422
"C:/Users/rexge/Documents/Unreal Projects/TheBigHunt/Content/VRTemplate/Input/Actions/Hands/IA_Hand_ThumbUp_Left.uasset" 1423
"C:/Users/rexge/Documents/Unreal Projects/TheBigHunt/Content/VRTemplate/Input/Actions/Hands/IA_Hand_ThumbUp_Left.uexp" 1424
"C:/Users/rexge/Documents/Unreal Projects/TheBigHunt/Content/VRTemplate/Input/Actions/Hands/IA_Hand_ThumbUp_Right.uasset" 1425
"C:/Users/rexge/Documents/Unreal Projects/TheBigHunt/Content/VRTemplate/Input/Actions/Hands/IA_Hand_ThumbUp_Right.uexp" 1426
"C:/Users/rexge/Documents/Unreal Projects/TheBigHunt/Content/VRTemplate/Input/IMC_Hands.uasset" 1427
"C:/Users/rexge/Documents/Unreal Projects/TheBigHunt/Content/VRTemplate/Input/IMC_Hands.uexp" 1428
"C:/Users/rexge/Documents/Unreal Projects/TheBigHunt/Content/VRTemplate/Input/Actions/IA_Grab_Left_Pressed.uasset" 1429
"C:/Users/rexge/Documents/Unreal Projects/TheBigHunt/Content/VRTemplate/Input/Actions/IA_Grab_Left_Pressed.uexp" 1430
"C:/Users/rexge/Documents/Unreal Projects/TheBigHunt/Content/VRTemplate/Input/Actions/IA_Grab_Left_Released.uasset" 1431
"C:/Users/rexge/Documents/Unreal Projects/TheBigHunt/Content/VRTemplate/Input/Actions/IA_Grab_Left_Released.uexp" 1432
"C:/Users/rexge/Documents/Unreal Projects/TheBigHunt/Content/VRTemplate/Input/Actions/IA_Grab_Right_Pressed.uasset" 1433
"C:/Users/rexge/Documents/Unreal Projects/TheBigHunt/Content/VRTemplate/Input/Actions/IA_Grab_Right_Pressed.uexp" 1434
"C:/Users/rexge/Documents/Unreal Projects/TheBigHunt/Content/VRTemplate/Input/Actions/IA_Grab_Right_Released.uasset" 1435
"C:/Users/rexge/Documents/Unreal Projects/TheBigHunt/Content/VRTemplate/Input/Actions/IA_Grab_Right_Released.uexp" 1436
"C:/Users/rexge/Documents/Unreal Projects/TheBigHunt/Content/VRTemplate/Input/Actions/IA_Menu_Toggle_Left.uasset" 1437
"C:/Users/rexge/Documents/Unreal Projects/TheBigHunt/Content/VRTemplate/Input/Actions/IA_Menu_Toggle_Left.uexp" 1438
"C:/Users/rexge/Documents/Unreal Projects/TheBigHunt/Content/VRTemplate/Input/Actions/IA_Menu_Toggle_Right.uasset" 1439
"C:/Users/rexge/Documents/Unreal Projects/TheBigHunt/Content/VRTemplate/Input/Actions/IA_Menu_Toggle_Right.uexp" 1440
"C:/Users/rexge/Documents/Unreal Projects/TheBigHunt/Content/VRTemplate/Input/B_InputModifier_XAxisPositiveOnly.uasset" 1441
"C:/Users/rexge/Documents/Unreal Projects/TheBigHunt/Content/VRTemplate/Input/B_InputModifier_XAxisPositiveOnly.uexp" 1442
"C:/Users/rexge/Documents/Unreal Projects/TheBigHunt/Content/VRTemplate/Input/Actions/IA_Move.uasset" 1443
"C:/Users/rexge/Documents/Unreal Projects/TheBigHunt/Content/VRTemplate/Input/Actions/IA_Move.uexp" 1444
"C:/Users/rexge/Documents/Unreal Projects/TheBigHunt/Content/VRTemplate/Input/Actions/IA_Turn.uasset" 1445
"C:/Users/rexge/Documents/Unreal Projects/TheBigHunt/Content/VRTemplate/Input/Actions/IA_Turn.uexp" 1446
"C:/Users/rexge/Documents/Unreal Projects/TheBigHunt/Content/VRTemplate/Input/IMC_Default.uasset" 1447
"C:/Users/rexge/Documents/Unreal Projects/TheBigHunt/Content/VRTemplate/Input/IMC_Default.uexp" 1448
"C:/Users/rexge/Documents/Unreal Projects/TheBigHunt/Content/VRTemplate/Input/Actions/IA_Look_DEBUG.uasset" 1449
"C:/Users/rexge/Documents/Unreal Projects/TheBigHunt/Content/VRTemplate/Input/Actions/IA_Look_DEBUG.uexp" 1450
"C:/Users/rexge/Documents/Unreal Projects/TheBigHunt/Content/VRTemplate/Input/IMC_DEBUG.uasset" 1451
"C:/Users/rexge/Documents/Unreal Projects/TheBigHunt/Content/VRTemplate/Input/IMC_DEBUG.uexp" 1452
"../../../Engine/Content/Functions/Engine_MaterialFunctions02/Utility/DepthFromWorldPosition.uasset" 1453
"../../../Engine/Content/Functions/Engine_MaterialFunctions02/Utility/DepthFromWorldPosition.uexp" 1454
"C:/Users/rexge/Documents/Unreal Projects/TheBigHunt/Content/VRTemplate/Materials/Functions/MF_OccludedPixels.uasset" 1455
"C:/Users/rexge/Documents/Unreal Projects/TheBigHunt/Content/VRTemplate/Materials/Functions/MF_OccludedPixels.uexp" 1456
"C:/Users/rexge/Documents/Unreal Projects/TheBigHunt/Content/VRTemplate/Materials/M_TeleportNoise.uasset" 1457
"C:/Users/rexge/Documents/Unreal Projects/TheBigHunt/Content/VRTemplate/Materials/M_TeleportNoise.uexp" 1458
"C:/Users/rexge/Documents/Unreal Projects/TheBigHunt/Content/VRTemplate/Materials/M_TeleportCylinder.uasset" 1459
"C:/Users/rexge/Documents/Unreal Projects/TheBigHunt/Content/VRTemplate/Materials/M_TeleportCylinder.uexp" 1460
"C:/Users/rexge/Documents/Unreal Projects/TheBigHunt/Content/VRTemplate/VFX/NS_TeleportRing.uasset" 1461
"C:/Users/rexge/Documents/Unreal Projects/TheBigHunt/Content/VRTemplate/VFX/NS_TeleportRing.uexp" 1462
"C:/Users/rexge/Documents/Unreal Projects/TheBigHunt/Content/VRTemplate/VFX/NS_PlayAreaBounds.uasset" 1463
"C:/Users/rexge/Documents/Unreal Projects/TheBigHunt/Content/VRTemplate/VFX/NS_PlayAreaBounds.uexp" 1464
"C:/Users/rexge/Documents/Unreal Projects/TheBigHunt/Content/VRTemplate/Blueprints/VRTeleportVisualizer.uasset" 1465
"C:/Users/rexge/Documents/Unreal Projects/TheBigHunt/Content/VRTemplate/Blueprints/VRTeleportVisualizer.uexp" 1466
"../../../Engine/Content/BasicShapes/Sphere.ubulk" 1467
"../../../Engine/Content/BasicShapes/Sphere.uasset" 1468
"../../../Engine/Content/BasicShapes/Sphere.uexp" 1469
"C:/Users/rexge/Documents/Unreal Projects/TheBigHunt/Content/VRTemplate/VFX/NS_MenuLaser.uasset" 1470
"C:/Users/rexge/Documents/Unreal Projects/TheBigHunt/Content/VRTemplate/VFX/NS_MenuLaser.uexp" 1471
"C:/Users/rexge/Documents/Unreal Projects/TheBigHunt/Content/VRTemplate/Materials/M_VRCursor.uasset" 1472
"C:/Users/rexge/Documents/Unreal Projects/TheBigHunt/Content/VRTemplate/Materials/M_VRCursor.uexp" 1473
"C:/Users/rexge/Documents/Unreal Projects/TheBigHunt/Content/VRTemplate/Input/Actions/IA_Menu_Cursor_Left.uasset" 1474
"C:/Users/rexge/Documents/Unreal Projects/TheBigHunt/Content/VRTemplate/Input/Actions/IA_Menu_Cursor_Left.uexp" 1475
"C:/Users/rexge/Documents/Unreal Projects/TheBigHunt/Content/VRTemplate/Input/Actions/IA_Menu_Cursor_Right.uasset" 1476
"C:/Users/rexge/Documents/Unreal Projects/TheBigHunt/Content/VRTemplate/Input/Actions/IA_Menu_Cursor_Right.uexp" 1477
"C:/Users/rexge/Documents/Unreal Projects/TheBigHunt/Content/VRTemplate/Input/Actions/IA_Menu_Interact_Left_Pressed.uasset" 1478
"C:/Users/rexge/Documents/Unreal Projects/TheBigHunt/Content/VRTemplate/Input/Actions/IA_Menu_Interact_Left_Pressed.uexp" 1479
"C:/Users/rexge/Documents/Unreal Projects/TheBigHunt/Content/VRTemplate/Input/Actions/IA_Menu_Interact_Right_Pressed.uasset" 1480
"C:/Users/rexge/Documents/Unreal Projects/TheBigHunt/Content/VRTemplate/Input/Actions/IA_Menu_Interact_Right_Pressed.uexp" 1481
"C:/Users/rexge/Documents/Unreal Projects/TheBigHunt/Content/VRTemplate/Input/IMC_Menu.uasset" 1482
"C:/Users/rexge/Documents/Unreal Projects/TheBigHunt/Content/VRTemplate/Input/IMC_Menu.uexp" 1483
"../../../Engine/Content/EditorResources/AI/S_NavLink.uasset" 1484
"../../../Engine/Content/EditorResources/AI/S_NavLink.uexp" 1485
"C:/Users/rexge/Documents/Unreal Projects/TheBigHunt/Content/VRTemplate/Blueprints/WidgetMenu.uasset" 1486
"C:/Users/rexge/Documents/Unreal Projects/TheBigHunt/Content/VRTemplate/Blueprints/WidgetMenu.uexp" 1487
"C:/Users/rexge/Documents/Unreal Projects/TheBigHunt/Content/VRTemplate/Blueprints/Menu.uasset" 1488
"C:/Users/rexge/Documents/Unreal Projects/TheBigHunt/Content/VRTemplate/Blueprints/Menu.uexp" 1489
"C:/Users/rexge/Documents/Unreal Projects/TheBigHunt/Content/VRTemplate/Blueprints/BPI_PawnAnim.uasset" 1490
"C:/Users/rexge/Documents/Unreal Projects/TheBigHunt/Content/VRTemplate/Blueprints/BPI_PawnAnim.uexp" 1491
"C:/Users/rexge/Documents/Unreal Projects/TheBigHunt/Content/Characters/MannequinsXR/Meshes/SK_MannequinsXR.uasset" 1492
"C:/Users/rexge/Documents/Unreal Projects/TheBigHunt/Content/Characters/MannequinsXR/Meshes/SK_MannequinsXR.uexp" 1493
"C:/Users/rexge/Documents/Unreal Projects/TheBigHunt/Content/Characters/MannequinsXR/Animations/MDT_MannequinsXR.uasset" 1494
"C:/Users/rexge/Documents/Unreal Projects/TheBigHunt/Content/Characters/MannequinsXR/Animations/MDT_MannequinsXR.uexp" 1495
"../../../Engine/Content/Animation/DefaultRecorderBoneCompression.uasset" 1496
"../../../Engine/Content/Animation/DefaultRecorderBoneCompression.uexp" 1497
"../../../Engine/Content/Animation/DefaultAnimCurveCompressionSettings.uasset" 1498
"../../../Engine/Content/Animation/DefaultAnimCurveCompressionSettings.uexp" 1499
"C:/Users/rexge/Documents/Unreal Projects/TheBigHunt/Content/Characters/MannequinsXR/Animations/A_MannequinsXR_ThumbUp_Right.uasset" 1500
"C:/Users/rexge/Documents/Unreal Projects/TheBigHunt/Content/Characters/MannequinsXR/Animations/A_MannequinsXR_ThumbUp_Right.m.ubulk" 1501
"C:/Users/rexge/Documents/Unreal Projects/TheBigHunt/Content/Characters/MannequinsXR/Animations/A_MannequinsXR_ThumbUp_Right.uexp" 1502
"C:/Users/rexge/Documents/Unreal Projects/TheBigHunt/Content/Characters/MannequinsXR/Animations/A_MannequinsXR_Point_Right.uasset" 1503
"C:/Users/rexge/Documents/Unreal Projects/TheBigHunt/Content/Characters/MannequinsXR/Animations/A_MannequinsXR_Point_Right.m.ubulk" 1504
"C:/Users/rexge/Documents/Unreal Projects/TheBigHunt/Content/Characters/MannequinsXR/Animations/A_MannequinsXR_Point_Right.uexp" 1505
"C:/Users/rexge/Documents/Unreal Projects/TheBigHunt/Content/Characters/MannequinsXR/Animations/A_MannequinsXR_IndexCurl_Right.uasset" 1506
"C:/Users/rexge/Documents/Unreal Projects/TheBigHunt/Content/Characters/MannequinsXR/Animations/A_MannequinsXR_IndexCurl_Right.m.ubulk" 1507
"C:/Users/rexge/Documents/Unreal Projects/TheBigHunt/Content/Characters/MannequinsXR/Animations/A_MannequinsXR_IndexCurl_Right.uexp" 1508
"C:/Users/rexge/Documents/Unreal Projects/TheBigHunt/Content/Characters/MannequinsXR/Animations/A_MannequinsXR_Idle_Right.uasset" 1509
"C:/Users/rexge/Documents/Unreal Projects/TheBigHunt/Content/Characters/MannequinsXR/Animations/A_MannequinsXR_Idle_Right.m.ubulk" 1510
"C:/Users/rexge/Documents/Unreal Projects/TheBigHunt/Content/Characters/MannequinsXR/Animations/A_MannequinsXR_Idle_Right.uexp" 1511
"C:/Users/rexge/Documents/Unreal Projects/TheBigHunt/Content/Characters/MannequinsXR/Animations/A_MannequinsXR_Grasp_Right.uasset" 1512
"C:/Users/rexge/Documents/Unreal Projects/TheBigHunt/Content/Characters/MannequinsXR/Animations/A_MannequinsXR_Grasp_Right.m.ubulk" 1513
"C:/Users/rexge/Documents/Unreal Projects/TheBigHunt/Content/Characters/MannequinsXR/Animations/A_MannequinsXR_Grasp_Right.uexp" 1514
"C:/Users/rexge/Documents/Unreal Projects/TheBigHunt/Content/Characters/MannequinsXR/Meshes/ABP_MannequinsXR.uasset" 1515
"C:/Users/rexge/Documents/Unreal Projects/TheBigHunt/Content/Characters/MannequinsXR/Meshes/ABP_MannequinsXR.uexp" 1516
"C:/Users/rexge/Documents/Unreal Projects/TheBigHunt/Content/Characters/MannequinsXR/Textures/Manny/T_Manny_02_Tan.ubulk" 1517
"C:/Users/rexge/Documents/Unreal Projects/TheBigHunt/Content/Characters/MannequinsXR/Textures/Manny/T_Manny_02_Tan.uasset" 1518
"C:/Users/rexge/Documents/Unreal Projects/TheBigHunt/Content/Characters/MannequinsXR/Textures/Manny/T_Manny_02_Tan.uexp" 1519
"C:/Users/rexge/Documents/Unreal Projects/TheBigHunt/Content/Characters/MannequinsXR/Textures/Manny/T_Manny_02_N.ubulk" 1520
"C:/Users/rexge/Documents/Unreal Projects/TheBigHunt/Content/Characters/MannequinsXR/Textures/Manny/T_Manny_02_N.uasset" 1521
"C:/Users/rexge/Documents/Unreal Projects/TheBigHunt/Content/Characters/MannequinsXR/Textures/Manny/T_Manny_02_N.uexp" 1522
"C:/Users/rexge/Documents/Unreal Projects/TheBigHunt/Content/Characters/MannequinsXR/Textures/Manny/T_Manny_02_MSR_MSK.ubulk" 1523
"C:/Users/rexge/Documents/Unreal Projects/TheBigHunt/Content/Characters/MannequinsXR/Textures/Manny/T_Manny_02_MSR_MSK.uasset" 1524
"C:/Users/rexge/Documents/Unreal Projects/TheBigHunt/Content/Characters/MannequinsXR/Textures/Manny/T_Manny_02_MSR_MSK.uexp" 1525
"C:/Users/rexge/Documents/Unreal Projects/TheBigHunt/Content/Characters/MannequinsXR/Textures/Manny/T_Manny_02_D.ubulk" 1526
"C:/Users/rexge/Documents/Unreal Projects/TheBigHunt/Content/Characters/MannequinsXR/Textures/Manny/T_Manny_02_D.uasset" 1527
"C:/Users/rexge/Documents/Unreal Projects/TheBigHunt/Content/Characters/MannequinsXR/Textures/Manny/T_Manny_02_D.uexp" 1528
"C:/Users/rexge/Documents/Unreal Projects/TheBigHunt/Content/Characters/MannequinsXR/Textures/Manny/T_Manny_02_CCRCCPlastic_MSK.ubulk" 1529
"C:/Users/rexge/Documents/Unreal Projects/TheBigHunt/Content/Characters/MannequinsXR/Textures/Manny/T_Manny_02_CCRCCPlastic_MSK.uasset" 1530
"C:/Users/rexge/Documents/Unreal Projects/TheBigHunt/Content/Characters/MannequinsXR/Textures/Manny/T_Manny_02_CCRCCPlastic_MSK.uexp" 1531
"C:/Users/rexge/Documents/Unreal Projects/TheBigHunt/Content/Characters/MannequinsXR/Textures/Manny/T_Manny_02_BN.ubulk" 1532
"C:/Users/rexge/Documents/Unreal Projects/TheBigHunt/Content/Characters/MannequinsXR/Textures/Manny/T_Manny_02_BN.uasset" 1533
"C:/Users/rexge/Documents/Unreal Projects/TheBigHunt/Content/Characters/MannequinsXR/Textures/Manny/T_Manny_02_BN.uexp" 1534
"C:/Users/rexge/Documents/Unreal Projects/TheBigHunt/Content/Characters/MannequinsXR/Textures/Manny/T_Manny_02_ASAOPMASK_MSK.ubulk" 1535
"C:/Users/rexge/Documents/Unreal Projects/TheBigHunt/Content/Characters/MannequinsXR/Textures/Manny/T_Manny_02_ASAOPMASK_MSK.uasset" 1536
"C:/Users/rexge/Documents/Unreal Projects/TheBigHunt/Content/Characters/MannequinsXR/Textures/Manny/T_Manny_02_ASAOPMASK_MSK.uexp" 1537
"C:/Users/rexge/Documents/Unreal Projects/TheBigHunt/Content/Characters/MannequinsXR/Textures/Manny/T_Manny_01_Tan.ubulk" 1538
"C:/Users/rexge/Documents/Unreal Projects/TheBigHunt/Content/Characters/MannequinsXR/Textures/Manny/T_Manny_01_Tan.uasset" 1539
"C:/Users/rexge/Documents/Unreal Projects/TheBigHunt/Content/Characters/MannequinsXR/Textures/Manny/T_Manny_01_Tan.uexp" 1540
"C:/Users/rexge/Documents/Unreal Projects/TheBigHunt/Content/Characters/MannequinsXR/Textures/Manny/T_Manny_01_N.ubulk" 1541
"C:/Users/rexge/Documents/Unreal Projects/TheBigHunt/Content/Characters/MannequinsXR/Textures/Manny/T_Manny_01_N.uasset" 1542
"C:/Users/rexge/Documents/Unreal Projects/TheBigHunt/Content/Characters/MannequinsXR/Textures/Manny/T_Manny_01_N.uexp" 1543
"C:/Users/rexge/Documents/Unreal Projects/TheBigHunt/Content/Characters/MannequinsXR/Textures/Manny/T_Manny_01_MSR_MSK.ubulk" 1544
"C:/Users/rexge/Documents/Unreal Projects/TheBigHunt/Content/Characters/MannequinsXR/Textures/Manny/T_Manny_01_MSR_MSK.uasset" 1545
"C:/Users/rexge/Documents/Unreal Projects/TheBigHunt/Content/Characters/MannequinsXR/Textures/Manny/T_Manny_01_MSR_MSK.uexp" 1546
"C:/Users/rexge/Documents/Unreal Projects/TheBigHunt/Content/Characters/MannequinsXR/Textures/Manny/T_Manny_01_D.ubulk" 1547
"C:/Users/rexge/Documents/Unreal Projects/TheBigHunt/Content/Characters/MannequinsXR/Textures/Manny/T_Manny_01_D.uasset" 1548
"C:/Users/rexge/Documents/Unreal Projects/TheBigHunt/Content/Characters/MannequinsXR/Textures/Manny/T_Manny_01_D.uexp" 1549
"C:/Users/rexge/Documents/Unreal Projects/TheBigHunt/Content/Characters/MannequinsXR/Textures/Manny/T_Manny_01_CCRCCPlastic_MSK.ubulk" 1550
"C:/Users/rexge/Documents/Unreal Projects/TheBigHunt/Content/Characters/MannequinsXR/Textures/Manny/T_Manny_01_CCRCCPlastic_MSK.uasset" 1551
"C:/Users/rexge/Documents/Unreal Projects/TheBigHunt/Content/Characters/MannequinsXR/Textures/Manny/T_Manny_01_CCRCCPlastic_MSK.uexp" 1552
"C:/Users/rexge/Documents/Unreal Projects/TheBigHunt/Content/Characters/MannequinsXR/Textures/Manny/T_Manny_01_BN.ubulk" 1553
"C:/Users/rexge/Documents/Unreal Projects/TheBigHunt/Content/Characters/MannequinsXR/Textures/Manny/T_Manny_01_BN.uasset" 1554
"C:/Users/rexge/Documents/Unreal Projects/TheBigHunt/Content/Characters/MannequinsXR/Textures/Manny/T_Manny_01_BN.uexp" 1555
"C:/Users/rexge/Documents/Unreal Projects/TheBigHunt/Content/Characters/MannequinsXR/Textures/Manny/T_Manny_01_ASAOPMASK_MSK.ubulk" 1556
"C:/Users/rexge/Documents/Unreal Projects/TheBigHunt/Content/Characters/MannequinsXR/Textures/Manny/T_Manny_01_ASAOPMASK_MSK.uasset" 1557
"C:/Users/rexge/Documents/Unreal Projects/TheBigHunt/Content/Characters/MannequinsXR/Textures/Manny/T_Manny_01_ASAOPMASK_MSK.uexp" 1558
"C:/Users/rexge/Documents/Unreal Projects/TheBigHunt/Content/Characters/MannequinsXR/Materials/Functions/ML_BaseColorFallOff.uasset" 1559
"C:/Users/rexge/Documents/Unreal Projects/TheBigHunt/Content/Characters/MannequinsXR/Materials/Functions/ML_BaseColorFallOff.uexp" 1560
"C:/Users/rexge/Documents/Unreal Projects/TheBigHunt/Content/Characters/MannequinsXR/Textures/Shared/T_UE_Logo_M.uasset" 1561
"C:/Users/rexge/Documents/Unreal Projects/TheBigHunt/Content/Characters/MannequinsXR/Textures/Shared/T_UE_Logo_M.uexp" 1562
"C:/Users/rexge/Documents/Unreal Projects/TheBigHunt/Content/Characters/MannequinsXR/Materials/Functions/MF_logo3layers.uasset" 1563
"C:/Users/rexge/Documents/Unreal Projects/TheBigHunt/Content/Characters/MannequinsXR/Materials/Functions/MF_logo3layers.uexp" 1564
"C:/Users/rexge/Documents/Unreal Projects/TheBigHunt/Content/Characters/MannequinsXR/Materials/Functions/ChromaticCurve.uasset" 1565
"C:/Users/rexge/Documents/Unreal Projects/TheBigHunt/Content/Characters/MannequinsXR/Materials/Functions/ChromaticCurve.uexp" 1566
"C:/Users/rexge/Documents/Unreal Projects/TheBigHunt/Content/Characters/MannequinsXR/Materials/Functions/CA_Mannequin.uasset" 1567
"C:/Users/rexge/Documents/Unreal Projects/TheBigHunt/Content/Characters/MannequinsXR/Materials/Functions/CA_Mannequin.uexp" 1568
"C:/Users/rexge/Documents/Unreal Projects/TheBigHunt/Content/Characters/MannequinsXR/Materials/Functions/MF_Diffraction.uasset" 1569
"C:/Users/rexge/Documents/Unreal Projects/TheBigHunt/Content/Characters/MannequinsXR/Materials/Functions/MF_Diffraction.uexp" 1570
"C:/Users/rexge/Documents/Unreal Projects/TheBigHunt/Content/Characters/MannequinsXR/Materials/M_Mannequin.uasset" 1571
"C:/Users/rexge/Documents/Unreal Projects/TheBigHunt/Content/Characters/MannequinsXR/Materials/M_Mannequin.uexp" 1572
"C:/Users/rexge/Documents/Unreal Projects/TheBigHunt/Content/Characters/MannequinsXR/Materials/Instances/Manny/MI_Manny_01.uasset" 1573
"C:/Users/rexge/Documents/Unreal Projects/TheBigHunt/Content/Characters/MannequinsXR/Materials/Instances/Manny/MI_Manny_01.uexp" 1574
"C:/Users/rexge/Documents/Unreal Projects/TheBigHunt/Content/Characters/MannequinsXR/Materials/Instances/Manny/MI_Manny_02.uasset" 1575
"C:/Users/rexge/Documents/Unreal Projects/TheBigHunt/Content/Characters/MannequinsXR/Materials/Instances/Manny/MI_Manny_02.uexp" 1576
"C:/Users/rexge/Documents/Unreal Projects/TheBigHunt/Content/Characters/MannequinsXR/Meshes/SKM_MannyXR_left.uasset" 1577
"C:/Users/rexge/Documents/Unreal Projects/TheBigHunt/Content/Characters/MannequinsXR/Meshes/SKM_MannyXR_left.uexp" 1578
"C:/Users/rexge/Documents/Unreal Projects/TheBigHunt/Content/Characters/MannequinsXR/B_MannequinsXR.uasset" 1579
"C:/Users/rexge/Documents/Unreal Projects/TheBigHunt/Content/Characters/MannequinsXR/B_MannequinsXR.uexp" 1580
"C:/Users/rexge/Documents/Unreal Projects/TheBigHunt/Content/Characters/MannequinsXR/Meshes/SKM_MannyXR_right.uasset" 1581
"C:/Users/rexge/Documents/Unreal Projects/TheBigHunt/Content/Characters/MannequinsXR/Meshes/SKM_MannyXR_right.uexp" 1582
"C:/Users/rexge/Documents/Unreal Projects/TheBigHunt/Content/VRTemplate/Blueprints/VRPawn.uasset" 1583
"C:/Users/rexge/Documents/Unreal Projects/TheBigHunt/Content/VRTemplate/Blueprints/VRPawn.uexp" 1584
"C:/Users/rexge/Documents/Unreal Projects/TheBigHunt/Content/VRTemplate/Blueprints/VRGameMode.uasset" 1585
"C:/Users/rexge/Documents/Unreal Projects/TheBigHunt/Content/VRTemplate/Blueprints/VRGameMode.uexp" 1586
"../../../Engine/Content/Engine_MI_Shaders/T_Normal.uasset" 1587
"../../../Engine/Content/Engine_MI_Shaders/T_Normal.uexp" 1588
"../../../Engine/Content/MaterialTemplates/LayerBlends/T_DefaultMaskTexture.uasset" 1589
"../../../Engine/Content/MaterialTemplates/LayerBlends/T_DefaultMaskTexture.uexp" 1590
"C:/Users/rexge/Documents/Unreal Projects/TheBigHunt/Content/Weapons/Rifle/Materials/M_Weapon.uasset" 1591
"C:/Users/rexge/Documents/Unreal Projects/TheBigHunt/Content/Weapons/Rifle/Materials/M_Weapon.uexp" 1592
"C:/Users/rexge/Documents/Unreal Projects/TheBigHunt/Content/Weapons/Pistol/Textures/T_Pistol_N.ubulk" 1593
"C:/Users/rexge/Documents/Unreal Projects/TheBigHunt/Content/Weapons/Pistol/Textures/T_Pistol_N.uasset" 1594
"C:/Users/rexge/Documents/Unreal Projects/TheBigHunt/Content/Weapons/Pistol/Textures/T_Pistol_N.uexp" 1595
"C:/Users/rexge/Documents/Unreal Projects/TheBigHunt/Content/Weapons/Pistol/Textures/T_Pistol_Masks.ubulk" 1596
"C:/Users/rexge/Documents/Unreal Projects/TheBigHunt/Content/Weapons/Pistol/Textures/T_Pistol_Masks.uasset" 1597
"C:/Users/rexge/Documents/Unreal Projects/TheBigHunt/Content/Weapons/Pistol/Textures/T_Pistol_Masks.uexp" 1598
"C:/Users/rexge/Documents/Unreal Projects/TheBigHunt/Content/Weapons/Pistol/Textures/T_Pistol_D.ubulk" 1599
"C:/Users/rexge/Documents/Unreal Projects/TheBigHunt/Content/Weapons/Pistol/Textures/T_Pistol_D.uasset" 1600
"C:/Users/rexge/Documents/Unreal Projects/TheBigHunt/Content/Weapons/Pistol/Textures/T_Pistol_D.uexp" 1601
"C:/Users/rexge/Documents/Unreal Projects/TheBigHunt/Content/Weapons/Pistol/Textures/T_Pistol_AORM.ubulk" 1602
"C:/Users/rexge/Documents/Unreal Projects/TheBigHunt/Content/Weapons/Pistol/Textures/T_Pistol_AORM.uasset" 1603
"C:/Users/rexge/Documents/Unreal Projects/TheBigHunt/Content/Weapons/Pistol/Textures/T_Pistol_AORM.uexp" 1604
"C:/Users/rexge/Documents/Unreal Projects/TheBigHunt/Content/Weapons/Pistol/Materials/MI_Weapon_Pistol.uasset" 1605
"C:/Users/rexge/Documents/Unreal Projects/TheBigHunt/Content/Weapons/Pistol/Materials/MI_Weapon_Pistol.uexp" 1606
"C:/Users/rexge/Documents/Unreal Projects/TheBigHunt/Content/Weapons/Pistol/Meshes/SM_Pistol.ubulk" 1607
"C:/Users/rexge/Documents/Unreal Projects/TheBigHunt/Content/Weapons/Pistol/Meshes/SM_Pistol.uasset" 1608
"C:/Users/rexge/Documents/Unreal Projects/TheBigHunt/Content/Weapons/Pistol/Meshes/SM_Pistol.uexp" 1609
"C:/Users/rexge/Documents/Unreal Projects/TheBigHunt/Content/VRTemplate/Input/Actions/IA_Shoot_Right.uasset" 1610
"C:/Users/rexge/Documents/Unreal Projects/TheBigHunt/Content/VRTemplate/Input/Actions/IA_Shoot_Right.uexp" 1611
"C:/Users/rexge/Documents/Unreal Projects/TheBigHunt/Content/VRTemplate/Input/IMC_Weapon_Right.uasset" 1612
"C:/Users/rexge/Documents/Unreal Projects/TheBigHunt/Content/VRTemplate/Input/IMC_Weapon_Right.uexp" 1613
"C:/Users/rexge/Documents/Unreal Projects/TheBigHunt/Content/VRTemplate/Input/Actions/IA_Shoot_Left.uasset" 1614
"C:/Users/rexge/Documents/Unreal Projects/TheBigHunt/Content/VRTemplate/Input/Actions/IA_Shoot_Left.uexp" 1615
"C:/Users/rexge/Documents/Unreal Projects/TheBigHunt/Content/VRTemplate/Input/IMC_Weapon_Left.uasset" 1616
"C:/Users/rexge/Documents/Unreal Projects/TheBigHunt/Content/VRTemplate/Input/IMC_Weapon_Left.uexp" 1617
"C:/Users/rexge/Documents/Unreal Projects/TheBigHunt/Content/VRTemplate/Haptics/PistolFireHapticEffect.uasset" 1618
"C:/Users/rexge/Documents/Unreal Projects/TheBigHunt/Content/VRTemplate/Haptics/PistolFireHapticEffect.uexp" 1619
"C:/Users/rexge/Documents/Unreal Projects/TheBigHunt/Content/VRTemplate/Blueprints/Projectile.uasset" 1620
"C:/Users/rexge/Documents/Unreal Projects/TheBigHunt/Content/VRTemplate/Blueprints/Projectile.uexp" 1621
"C:/Users/rexge/Documents/Unreal Projects/TheBigHunt/Content/VRTemplate/Blueprints/Pistol.uasset" 1622
"C:/Users/rexge/Documents/Unreal Projects/TheBigHunt/Content/VRTemplate/Blueprints/Pistol.uexp" 1623
"C:/Users/rexge/Documents/Unreal Projects/TheBigHunt/Content/LevelPrototyping/Materials/M_FlatCol.uasset" 1624
"C:/Users/rexge/Documents/Unreal Projects/TheBigHunt/Content/LevelPrototyping/Materials/M_FlatCol.uexp" 1625
"C:/Users/rexge/Documents/Unreal Projects/TheBigHunt/Content/LevelPrototyping/Materials/MI_DefaultColorway.uasset" 1626
"C:/Users/rexge/Documents/Unreal Projects/TheBigHunt/Content/LevelPrototyping/Materials/MI_DefaultColorway.uexp" 1627
"C:/Users/rexge/Documents/Unreal Projects/TheBigHunt/Content/VRTemplate/Materials/MI_VRColorway.uasset" 1628
"C:/Users/rexge/Documents/Unreal Projects/TheBigHunt/Content/VRTemplate/Materials/MI_VRColorway.uexp" 1629
"C:/Users/rexge/Documents/Unreal Projects/TheBigHunt/Content/LevelPrototyping/Meshes/SM_ChamferCube.ubulk" 1630
"C:/Users/rexge/Documents/Unreal Projects/TheBigHunt/Content/LevelPrototyping/Meshes/SM_ChamferCube.uasset" 1631
"C:/Users/rexge/Documents/Unreal Projects/TheBigHunt/Content/LevelPrototyping/Meshes/SM_ChamferCube.uexp" 1632
"C:/Users/rexge/Documents/Unreal Projects/TheBigHunt/Content/VRTemplate/Blueprints/Grabbable_SmallCube.uasset" 1633
"C:/Users/rexge/Documents/Unreal Projects/TheBigHunt/Content/VRTemplate/Blueprints/Grabbable_SmallCube.uexp" 1634
"C:/Users/rexge/Documents/Unreal Projects/TheBigHunt/Content/RocksPackDEMO/Textures/Rocks/T_RockPack_Cliff_07_RMA.ubulk" 1635
"C:/Users/rexge/Documents/Unreal Projects/TheBigHunt/Content/RocksPackDEMO/Textures/Rocks/T_RockPack_Cliff_07_RMA.uasset" 1636
"C:/Users/rexge/Documents/Unreal Projects/TheBigHunt/Content/RocksPackDEMO/Textures/Rocks/T_RockPack_Cliff_07_RMA.uexp" 1637
"C:/Users/rexge/Documents/Unreal Projects/TheBigHunt/Content/RocksPackDEMO/Textures/Rocks/T_RockPack_Cliff_07_N.ubulk" 1638
"C:/Users/rexge/Documents/Unreal Projects/TheBigHunt/Content/RocksPackDEMO/Textures/Rocks/T_RockPack_Cliff_07_N.uasset" 1639
"C:/Users/rexge/Documents/Unreal Projects/TheBigHunt/Content/RocksPackDEMO/Textures/Rocks/T_RockPack_Cliff_07_N.uexp" 1640
"C:/Users/rexge/Documents/Unreal Projects/TheBigHunt/Content/RocksPackDEMO/Textures/Rocks/T_RockPack_Cliff_07_BC.ubulk" 1641
"C:/Users/rexge/Documents/Unreal Projects/TheBigHunt/Content/RocksPackDEMO/Textures/Rocks/T_RockPack_Cliff_07_BC.uasset" 1642
"C:/Users/rexge/Documents/Unreal Projects/TheBigHunt/Content/RocksPackDEMO/Textures/Rocks/T_RockPack_Cliff_07_BC.uexp" 1643
"../../../Engine/Content/Functions/Engine_MaterialFunctions03/Blends/Blend_Overlay.uasset" 1644
"../../../Engine/Content/Functions/Engine_MaterialFunctions03/Blends/Blend_Overlay.uexp" 1645
"../../../Engine/Content/Functions/Engine_MaterialFunctions01/AlphaBlend/WorldAlignedBlend.uasset" 1646
"../../../Engine/Content/Functions/Engine_MaterialFunctions01/AlphaBlend/WorldAlignedBlend.uexp" 1647
"C:/Users/rexge/Documents/Unreal Projects/TheBigHunt/Content/RocksPackDEMO/Textures/Landscape/T_Mountains_01_N.ubulk" 1648
"C:/Users/rexge/Documents/Unreal Projects/TheBigHunt/Content/RocksPackDEMO/Textures/Landscape/T_Mountains_01_N.uasset" 1649
"C:/Users/rexge/Documents/Unreal Projects/TheBigHunt/Content/RocksPackDEMO/Textures/Landscape/T_Mountains_01_N.uexp" 1650
"C:/Users/rexge/Documents/Unreal Projects/TheBigHunt/Content/RocksPackDEMO/Textures/Landscape/T_Mountains_01_BC.ubulk" 1651
"C:/Users/rexge/Documents/Unreal Projects/TheBigHunt/Content/RocksPackDEMO/Textures/Landscape/T_Mountains_01_BC.uasset" 1652
"C:/Users/rexge/Documents/Unreal Projects/TheBigHunt/Content/RocksPackDEMO/Textures/Landscape/T_Mountains_01_BC.uexp" 1653
"C:/Users/rexge/Documents/Unreal Projects/TheBigHunt/Content/RocksPackDEMO/Collection/Textures/T_Rock_MicroNoise.ubulk" 1654
"C:/Users/rexge/Documents/Unreal Projects/TheBigHunt/Content/RocksPackDEMO/Collection/Textures/T_Rock_MicroNoise.uasset" 1655
"C:/Users/rexge/Documents/Unreal Projects/TheBigHunt/Content/RocksPackDEMO/Collection/Textures/T_Rock_MicroNoise.uexp" 1656
"C:/Users/rexge/Documents/Unreal Projects/TheBigHunt/Content/RocksPackDEMO/Collection/Textures/T_RMA_Flat.ubulk" 1657
"C:/Users/rexge/Documents/Unreal Projects/TheBigHunt/Content/RocksPackDEMO/Collection/Textures/T_RMA_Flat.uasset" 1658
"C:/Users/rexge/Documents/Unreal Projects/TheBigHunt/Content/RocksPackDEMO/Collection/Textures/T_RMA_Flat.uexp" 1659
"C:/Users/rexge/Documents/Unreal Projects/TheBigHunt/Content/RocksPackDEMO/Collection/Textures/T_Normal_Flat.ubulk" 1660
"C:/Users/rexge/Documents/Unreal Projects/TheBigHunt/Content/RocksPackDEMO/Collection/Textures/T_Normal_Flat.uasset" 1661
"C:/Users/rexge/Documents/Unreal Projects/TheBigHunt/Content/RocksPackDEMO/Collection/Textures/T_Normal_Flat.uexp" 1662
"C:/Users/rexge/Documents/Unreal Projects/TheBigHunt/Content/RocksPackDEMO/Collection/Textures/T_BaseColor_Flat.ubulk" 1663
"C:/Users/rexge/Documents/Unreal Projects/TheBigHunt/Content/RocksPackDEMO/Collection/Textures/T_BaseColor_Flat.uasset" 1664
"C:/Users/rexge/Documents/Unreal Projects/TheBigHunt/Content/RocksPackDEMO/Collection/Textures/T_BaseColor_Flat.uexp" 1665
"C:/Users/rexge/Documents/Unreal Projects/TheBigHunt/Content/RocksPackDEMO/Collection/MaterialFunctions/MF_CoverageLayer.uasset" 1666
"C:/Users/rexge/Documents/Unreal Projects/TheBigHunt/Content/RocksPackDEMO/Collection/MaterialFunctions/MF_CoverageLayer.uexp" 1667
"C:/Users/rexge/Documents/Unreal Projects/TheBigHunt/Content/RocksPackDEMO/Collection/ParentMaterials/MM_CliffsDEMO.uasset" 1668
"C:/Users/rexge/Documents/Unreal Projects/TheBigHunt/Content/RocksPackDEMO/Collection/ParentMaterials/MM_CliffsDEMO.uexp" 1669
"C:/Users/rexge/Documents/Unreal Projects/TheBigHunt/Content/RocksPackDEMO/Materials/Rocks/M_RockPack_Cliff_07.uasset" 1670
"C:/Users/rexge/Documents/Unreal Projects/TheBigHunt/Content/RocksPackDEMO/Materials/Rocks/M_RockPack_Cliff_07.uexp" 1671
"C:/Users/rexge/Documents/Unreal Projects/TheBigHunt/Content/RocksPackDEMO/Environment/Rocks/SM_RockPack_Cliff_07_B.ubulk" 1672
"C:/Users/rexge/Documents/Unreal Projects/TheBigHunt/Content/RocksPackDEMO/Environment/Rocks/SM_RockPack_Cliff_07_B.uasset" 1673
"C:/Users/rexge/Documents/Unreal Projects/TheBigHunt/Content/RocksPackDEMO/Environment/Rocks/SM_RockPack_Cliff_07_B.uexp" 1674
"C:/Users/rexge/Documents/Unreal Projects/TheBigHunt/Content/RocksPackDEMO/Environment/Rocks/SM_RockPack_Cliff_07_D.ubulk" 1675
"C:/Users/rexge/Documents/Unreal Projects/TheBigHunt/Content/RocksPackDEMO/Environment/Rocks/SM_RockPack_Cliff_07_D.uasset" 1676
"C:/Users/rexge/Documents/Unreal Projects/TheBigHunt/Content/RocksPackDEMO/Environment/Rocks/SM_RockPack_Cliff_07_D.uexp" 1677
"C:/Users/rexge/Documents/Unreal Projects/TheBigHunt/Content/RocksPackDEMO/Textures/Rocks/T_RockPack_Rocks_01_RMA.ubulk" 1678
"C:/Users/rexge/Documents/Unreal Projects/TheBigHunt/Content/RocksPackDEMO/Textures/Rocks/T_RockPack_Rocks_01_RMA.uasset" 1679
"C:/Users/rexge/Documents/Unreal Projects/TheBigHunt/Content/RocksPackDEMO/Textures/Rocks/T_RockPack_Rocks_01_RMA.uexp" 1680
"C:/Users/rexge/Documents/Unreal Projects/TheBigHunt/Content/RocksPackDEMO/Textures/Rocks/T_RockPack_Rocks_01_N.ubulk" 1681
"C:/Users/rexge/Documents/Unreal Projects/TheBigHunt/Content/RocksPackDEMO/Textures/Rocks/T_RockPack_Rocks_01_N.uasset" 1682
"C:/Users/rexge/Documents/Unreal Projects/TheBigHunt/Content/RocksPackDEMO/Textures/Rocks/T_RockPack_Rocks_01_N.uexp" 1683
"C:/Users/rexge/Documents/Unreal Projects/TheBigHunt/Content/RocksPackDEMO/Textures/Rocks/T_RockPack_Rocks_01_BC.ubulk" 1684
"C:/Users/rexge/Documents/Unreal Projects/TheBigHunt/Content/RocksPackDEMO/Textures/Rocks/T_RockPack_Rocks_01_BC.uasset" 1685
"C:/Users/rexge/Documents/Unreal Projects/TheBigHunt/Content/RocksPackDEMO/Textures/Rocks/T_RockPack_Rocks_01_BC.uexp" 1686
"C:/Users/rexge/Documents/Unreal Projects/TheBigHunt/Content/RocksPackDEMO/Materials/Rocks/M_RockPack_Rocks_01.uasset" 1687
"C:/Users/rexge/Documents/Unreal Projects/TheBigHunt/Content/RocksPackDEMO/Materials/Rocks/M_RockPack_Rocks_01.uexp" 1688
"C:/Users/rexge/Documents/Unreal Projects/TheBigHunt/Content/RocksPackDEMO/Environment/Rocks/SM_RockPack_Rock_02.ubulk" 1689
"C:/Users/rexge/Documents/Unreal Projects/TheBigHunt/Content/RocksPackDEMO/Environment/Rocks/SM_RockPack_Rock_02.uasset" 1690
"C:/Users/rexge/Documents/Unreal Projects/TheBigHunt/Content/RocksPackDEMO/Environment/Rocks/SM_RockPack_Rock_02.uexp" 1691
"C:/Users/rexge/Documents/Unreal Projects/TheBigHunt/Content/RocksPackDEMO/Environment/Rocks/SM_RockPack_Rock_04.ubulk" 1692
"C:/Users/rexge/Documents/Unreal Projects/TheBigHunt/Content/RocksPackDEMO/Environment/Rocks/SM_RockPack_Rock_04.uasset" 1693
"C:/Users/rexge/Documents/Unreal Projects/TheBigHunt/Content/RocksPackDEMO/Environment/Rocks/SM_RockPack_Rock_04.uexp" 1694
"C:/Users/rexge/Documents/Unreal Projects/TheBigHunt/Content/RocksPackDEMO/Environment/Rocks/SM_RockPack_Rock_07.ubulk" 1695
"C:/Users/rexge/Documents/Unreal Projects/TheBigHunt/Content/RocksPackDEMO/Environment/Rocks/SM_RockPack_Rock_07.uasset" 1696
"C:/Users/rexge/Documents/Unreal Projects/TheBigHunt/Content/RocksPackDEMO/Environment/Rocks/SM_RockPack_Rock_07.uexp" 1697
"C:/Users/rexge/Documents/Unreal Projects/TheBigHunt/Content/RocksPackDEMO/Textures/Rocks/T_RockPack_RockGroups_01_RMA.ubulk" 1698
"C:/Users/rexge/Documents/Unreal Projects/TheBigHunt/Content/RocksPackDEMO/Textures/Rocks/T_RockPack_RockGroups_01_RMA.uasset" 1699
"C:/Users/rexge/Documents/Unreal Projects/TheBigHunt/Content/RocksPackDEMO/Textures/Rocks/T_RockPack_RockGroups_01_RMA.uexp" 1700
"C:/Users/rexge/Documents/Unreal Projects/TheBigHunt/Content/RocksPackDEMO/Textures/Rocks/T_RockPack_RockGroups_01_N.ubulk" 1701
"C:/Users/rexge/Documents/Unreal Projects/TheBigHunt/Content/RocksPackDEMO/Textures/Rocks/T_RockPack_RockGroups_01_N.uasset" 1702
"C:/Users/rexge/Documents/Unreal Projects/TheBigHunt/Content/RocksPackDEMO/Textures/Rocks/T_RockPack_RockGroups_01_N.uexp" 1703
"C:/Users/rexge/Documents/Unreal Projects/TheBigHunt/Content/RocksPackDEMO/Textures/Rocks/T_RockPack_RockGroups_01_BC.ubulk" 1704
"C:/Users/rexge/Documents/Unreal Projects/TheBigHunt/Content/RocksPackDEMO/Textures/Rocks/T_RockPack_RockGroups_01_BC.uasset" 1705
"C:/Users/rexge/Documents/Unreal Projects/TheBigHunt/Content/RocksPackDEMO/Textures/Rocks/T_RockPack_RockGroups_01_BC.uexp" 1706
"C:/Users/rexge/Documents/Unreal Projects/TheBigHunt/Content/RocksPackDEMO/Materials/Rocks/M_RockPack_RockGroups_01.uasset" 1707
"C:/Users/rexge/Documents/Unreal Projects/TheBigHunt/Content/RocksPackDEMO/Materials/Rocks/M_RockPack_RockGroups_01.uexp" 1708
"C:/Users/rexge/Documents/Unreal Projects/TheBigHunt/Content/RocksPackDEMO/Environment/Rocks/SM_RockPack_RockGroups_01_A.ubulk" 1709
"C:/Users/rexge/Documents/Unreal Projects/TheBigHunt/Content/RocksPackDEMO/Environment/Rocks/SM_RockPack_RockGroups_01_A.uasset" 1710
"C:/Users/rexge/Documents/Unreal Projects/TheBigHunt/Content/RocksPackDEMO/Environment/Rocks/SM_RockPack_RockGroups_01_A.uexp" 1711
"C:/Users/rexge/Documents/Unreal Projects/TheBigHunt/Content/RocksPackDEMO/Textures/Rocks/T_RockPack_RockGroups_02_RMA.ubulk" 1712
"C:/Users/rexge/Documents/Unreal Projects/TheBigHunt/Content/RocksPackDEMO/Textures/Rocks/T_RockPack_RockGroups_02_RMA.uasset" 1713
"C:/Users/rexge/Documents/Unreal Projects/TheBigHunt/Content/RocksPackDEMO/Textures/Rocks/T_RockPack_RockGroups_02_RMA.uexp" 1714
"C:/Users/rexge/Documents/Unreal Projects/TheBigHunt/Content/RocksPackDEMO/Textures/Rocks/T_RockPack_RockGroups_02_N.ubulk" 1715
"C:/Users/rexge/Documents/Unreal Projects/TheBigHunt/Content/RocksPackDEMO/Textures/Rocks/T_RockPack_RockGroups_02_N.uasset" 1716
"C:/Users/rexge/Documents/Unreal Projects/TheBigHunt/Content/RocksPackDEMO/Textures/Rocks/T_RockPack_RockGroups_02_N.uexp" 1717
"C:/Users/rexge/Documents/Unreal Projects/TheBigHunt/Content/RocksPackDEMO/Textures/Rocks/T_RockPack_RockGroups_02_BC.ubulk" 1718
"C:/Users/rexge/Documents/Unreal Projects/TheBigHunt/Content/RocksPackDEMO/Textures/Rocks/T_RockPack_RockGroups_02_BC.uasset" 1719
"C:/Users/rexge/Documents/Unreal Projects/TheBigHunt/Content/RocksPackDEMO/Textures/Rocks/T_RockPack_RockGroups_02_BC.uexp" 1720
"C:/Users/rexge/Documents/Unreal Projects/TheBigHunt/Content/RocksPackDEMO/Materials/Rocks/M_RockPack_RockGroups_02.uasset" 1721
"C:/Users/rexge/Documents/Unreal Projects/TheBigHunt/Content/RocksPackDEMO/Materials/Rocks/M_RockPack_RockGroups_02.uexp" 1722
"C:/Users/rexge/Documents/Unreal Projects/TheBigHunt/Content/RocksPackDEMO/Environment/Rocks/SM_RockPack_RockGroups_02_B.ubulk" 1723
"C:/Users/rexge/Documents/Unreal Projects/TheBigHunt/Content/RocksPackDEMO/Environment/Rocks/SM_RockPack_RockGroups_02_B.uasset" 1724
"C:/Users/rexge/Documents/Unreal Projects/TheBigHunt/Content/RocksPackDEMO/Environment/Rocks/SM_RockPack_RockGroups_02_B.uexp" 1725
"C:/Users/rexge/Documents/Unreal Projects/TheBigHunt/Content/LevelPrototyping/Textures/T_GridChecker_A.ubulk" 1726
"C:/Users/rexge/Documents/Unreal Projects/TheBigHunt/Content/LevelPrototyping/Textures/T_GridChecker_A.uasset" 1727
"C:/Users/rexge/Documents/Unreal Projects/TheBigHunt/Content/LevelPrototyping/Textures/T_GridChecker_A.uexp" 1728
"C:/Users/rexge/Documents/Unreal Projects/TheBigHunt/Content/LevelPrototyping/Materials/MF_ProcGrid.uasset" 1729
"C:/Users/rexge/Documents/Unreal Projects/TheBigHunt/Content/LevelPrototyping/Materials/MF_ProcGrid.uexp" 1730
"C:/Users/rexge/Documents/Unreal Projects/TheBigHunt/Content/LevelPrototyping/Materials/M_PrototypeGrid.uasset" 1731
"C:/Users/rexge/Documents/Unreal Projects/TheBigHunt/Content/LevelPrototyping/Materials/M_PrototypeGrid.uexp" 1732
"C:/Users/rexge/Documents/Unreal Projects/TheBigHunt/Content/LevelPrototyping/Materials/MI_PrototypeGrid_Gray.uasset" 1733
"C:/Users/rexge/Documents/Unreal Projects/TheBigHunt/Content/LevelPrototyping/Materials/MI_PrototypeGrid_Gray.uexp" 1734
"C:/Users/rexge/Documents/Unreal Projects/TheBigHunt/Content/LevelPrototyping/Meshes/SM_Cube.ubulk" 1735
"C:/Users/rexge/Documents/Unreal Projects/TheBigHunt/Content/LevelPrototyping/Meshes/SM_Cube.uasset" 1736
"C:/Users/rexge/Documents/Unreal Projects/TheBigHunt/Content/LevelPrototyping/Meshes/SM_Cube.uexp" 1737
"C:/Users/rexge/Documents/Unreal Projects/TheBigHunt/Content/AfricanAnimalsPack/Hippopotamus/Meshes/SK_Hippopotamus_Skeleton.uasset" 1738
"C:/Users/rexge/Documents/Unreal Projects/TheBigHunt/Content/AfricanAnimalsPack/Hippopotamus/Meshes/SK_Hippopotamus_Skeleton.uexp" 1739
"C:/Users/rexge/Documents/Unreal Projects/TheBigHunt/Content/AfricanAnimalsPack/Hippopotamus/Meshes/SK_Hippopotamus_PhysicsAsset.uasset" 1740
"C:/Users/rexge/Documents/Unreal Projects/TheBigHunt/Content/AfricanAnimalsPack/Hippopotamus/Meshes/SK_Hippopotamus_PhysicsAsset.uexp" 1741
"C:/Users/rexge/Documents/Unreal Projects/TheBigHunt/Content/AfricanAnimalsPack/Hippopotamus/Textures/T_Hippopotamus_Specular.uasset" 1742
"C:/Users/rexge/Documents/Unreal Projects/TheBigHunt/Content/AfricanAnimalsPack/Hippopotamus/Textures/T_Hippopotamus_Specular.uexp" 1743
"C:/Users/rexge/Documents/Unreal Projects/TheBigHunt/Content/AfricanAnimalsPack/Hippopotamus/Textures/T_Hippopotamus_OcclusionRoughnessMetallic.ubulk" 1744
"C:/Users/rexge/Documents/Unreal Projects/TheBigHunt/Content/AfricanAnimalsPack/Hippopotamus/Textures/T_Hippopotamus_OcclusionRoughnessMetallic.uasset" 1745
"C:/Users/rexge/Documents/Unreal Projects/TheBigHunt/Content/AfricanAnimalsPack/Hippopotamus/Textures/T_Hippopotamus_OcclusionRoughnessMetallic.uexp" 1746
"C:/Users/rexge/Documents/Unreal Projects/TheBigHunt/Content/AfricanAnimalsPack/Hippopotamus/Textures/T_Hippopotamus_Nml.ubulk" 1747
"C:/Users/rexge/Documents/Unreal Projects/TheBigHunt/Content/AfricanAnimalsPack/Hippopotamus/Textures/T_Hippopotamus_Nml.uasset" 1748
"C:/Users/rexge/Documents/Unreal Projects/TheBigHunt/Content/AfricanAnimalsPack/Hippopotamus/Textures/T_Hippopotamus_Nml.uexp" 1749
"C:/Users/rexge/Documents/Unreal Projects/TheBigHunt/Content/AfricanAnimalsPack/Hippopotamus/Textures/T_Hippopotamus_BaseColor.ubulk" 1750
"C:/Users/rexge/Documents/Unreal Projects/TheBigHunt/Content/AfricanAnimalsPack/Hippopotamus/Textures/T_Hippopotamus_BaseColor.uasset" 1751
"C:/Users/rexge/Documents/Unreal Projects/TheBigHunt/Content/AfricanAnimalsPack/Hippopotamus/Textures/T_Hippopotamus_BaseColor.uexp" 1752
"C:/Users/rexge/Documents/Unreal Projects/TheBigHunt/Content/AfricanAnimalsPack/Hippopotamus/Materials/M_Hippopotamus.uasset" 1753
"C:/Users/rexge/Documents/Unreal Projects/TheBigHunt/Content/AfricanAnimalsPack/Hippopotamus/Materials/M_Hippopotamus.uexp" 1754
"C:/Users/rexge/Documents/Unreal Projects/TheBigHunt/Content/AfricanAnimalsPack/Hippopotamus/Meshes/SK_Hippopotamus.uasset" 1755
"C:/Users/rexge/Documents/Unreal Projects/TheBigHunt/Content/AfricanAnimalsPack/Hippopotamus/Meshes/SK_Hippopotamus.uexp" 1756
"C:/Users/rexge/Documents/Unreal Projects/TheBigHunt/Content/AfricanAnimalsPack/Rhinoceros/Meshes/SK_Rhinoceros_Skeleton.uasset" 1757
"C:/Users/rexge/Documents/Unreal Projects/TheBigHunt/Content/AfricanAnimalsPack/Rhinoceros/Meshes/SK_Rhinoceros_Skeleton.uexp" 1758
"C:/Users/rexge/Documents/Unreal Projects/TheBigHunt/Content/AfricanAnimalsPack/Rhinoceros/Meshes/SK_Rhinoceros_PhysicsAsset.uasset" 1759
"C:/Users/rexge/Documents/Unreal Projects/TheBigHunt/Content/AfricanAnimalsPack/Rhinoceros/Meshes/SK_Rhinoceros_PhysicsAsset.uexp" 1760
"C:/Users/rexge/Documents/Unreal Projects/TheBigHunt/Content/AfricanAnimalsPack/Rhinoceros/Textures/T_Rhinoceros_Specular.uasset" 1761
"C:/Users/rexge/Documents/Unreal Projects/TheBigHunt/Content/AfricanAnimalsPack/Rhinoceros/Textures/T_Rhinoceros_Specular.uexp" 1762
"C:/Users/rexge/Documents/Unreal Projects/TheBigHunt/Content/AfricanAnimalsPack/Rhinoceros/Textures/t_Rhinoceros_OcclusionRoughnessMetallic.ubulk" 1763
"C:/Users/rexge/Documents/Unreal Projects/TheBigHunt/Content/AfricanAnimalsPack/Rhinoceros/Textures/t_Rhinoceros_OcclusionRoughnessMetallic.uasset" 1764
"C:/Users/rexge/Documents/Unreal Projects/TheBigHunt/Content/AfricanAnimalsPack/Rhinoceros/Textures/t_Rhinoceros_OcclusionRoughnessMetallic.uexp" 1765
"C:/Users/rexge/Documents/Unreal Projects/TheBigHunt/Content/AfricanAnimalsPack/Rhinoceros/Textures/T_Rhinoceros_Nml.ubulk" 1766
"C:/Users/rexge/Documents/Unreal Projects/TheBigHunt/Content/AfricanAnimalsPack/Rhinoceros/Textures/T_Rhinoceros_Nml.uasset" 1767
"C:/Users/rexge/Documents/Unreal Projects/TheBigHunt/Content/AfricanAnimalsPack/Rhinoceros/Textures/T_Rhinoceros_Nml.uexp" 1768
"C:/Users/rexge/Documents/Unreal Projects/TheBigHunt/Content/AfricanAnimalsPack/Rhinoceros/Textures/T_Rhinoceros_BaseColor.ubulk" 1769
"C:/Users/rexge/Documents/Unreal Projects/TheBigHunt/Content/AfricanAnimalsPack/Rhinoceros/Textures/T_Rhinoceros_BaseColor.uasset" 1770
"C:/Users/rexge/Documents/Unreal Projects/TheBigHunt/Content/AfricanAnimalsPack/Rhinoceros/Textures/T_Rhinoceros_BaseColor.uexp" 1771
"C:/Users/rexge/Documents/Unreal Projects/TheBigHunt/Content/AfricanAnimalsPack/Rhinoceros/Materials/M_Rhinoceros.uasset" 1772
"C:/Users/rexge/Documents/Unreal Projects/TheBigHunt/Content/AfricanAnimalsPack/Rhinoceros/Materials/M_Rhinoceros.uexp" 1773
"C:/Users/rexge/Documents/Unreal Projects/TheBigHunt/Content/AfricanAnimalsPack/Rhinoceros/Meshes/SK_Rhinoceros.uasset" 1774
"C:/Users/rexge/Documents/Unreal Projects/TheBigHunt/Content/AfricanAnimalsPack/Rhinoceros/Meshes/SK_Rhinoceros.uexp" 1775
"C:/Users/rexge/Documents/Unreal Projects/TheBigHunt/Content/AfricanAnimalsPack/Crocodile/Meshes/SK_Crocodile_Skeleton.uasset" 1776
"C:/Users/rexge/Documents/Unreal Projects/TheBigHunt/Content/AfricanAnimalsPack/Crocodile/Meshes/SK_Crocodile_Skeleton.uexp" 1777
"C:/Users/rexge/Documents/Unreal Projects/TheBigHunt/Content/AfricanAnimalsPack/Crocodile/Animations/ANIM_Crocodile_Death.uasset" 1778
"C:/Users/rexge/Documents/Unreal Projects/TheBigHunt/Content/AfricanAnimalsPack/Crocodile/Animations/ANIM_Crocodile_Death.m.ubulk" 1779
"C:/Users/rexge/Documents/Unreal Projects/TheBigHunt/Content/AfricanAnimalsPack/Crocodile/Animations/ANIM_Crocodile_Death.uexp" 1780
"C:/Users/rexge/Documents/Unreal Projects/TheBigHunt/Content/AfricanAnimalsPack/Crocodile/Meshes/SK_Crocodile_PhysicsAsset.uasset" 1781
"C:/Users/rexge/Documents/Unreal Projects/TheBigHunt/Content/AfricanAnimalsPack/Crocodile/Meshes/SK_Crocodile_PhysicsAsset.uexp" 1782
"C:/Users/rexge/Documents/Unreal Projects/TheBigHunt/Content/AfricanAnimalsPack/Crocodile/Textures/T_Crocodile_Specular.uasset" 1783
"C:/Users/rexge/Documents/Unreal Projects/TheBigHunt/Content/AfricanAnimalsPack/Crocodile/Textures/T_Crocodile_Specular.uexp" 1784
"C:/Users/rexge/Documents/Unreal Projects/TheBigHunt/Content/AfricanAnimalsPack/Crocodile/Textures/T_Crocodile_OcclusionRoughnessMetallic.ubulk" 1785
"C:/Users/rexge/Documents/Unreal Projects/TheBigHunt/Content/AfricanAnimalsPack/Crocodile/Textures/T_Crocodile_OcclusionRoughnessMetallic.uasset" 1786
"C:/Users/rexge/Documents/Unreal Projects/TheBigHunt/Content/AfricanAnimalsPack/Crocodile/Textures/T_Crocodile_OcclusionRoughnessMetallic.uexp" 1787
"C:/Users/rexge/Documents/Unreal Projects/TheBigHunt/Content/AfricanAnimalsPack/Crocodile/Textures/T_Crocodile_Nml.ubulk" 1788
"C:/Users/rexge/Documents/Unreal Projects/TheBigHunt/Content/AfricanAnimalsPack/Crocodile/Textures/T_Crocodile_Nml.uasset" 1789
"C:/Users/rexge/Documents/Unreal Projects/TheBigHunt/Content/AfricanAnimalsPack/Crocodile/Textures/T_Crocodile_Nml.uexp" 1790
"C:/Users/rexge/Documents/Unreal Projects/TheBigHunt/Content/AfricanAnimalsPack/Crocodile/Textures/T_Crocodile_BaseColor.ubulk" 1791
"C:/Users/rexge/Documents/Unreal Projects/TheBigHunt/Content/AfricanAnimalsPack/Crocodile/Textures/T_Crocodile_BaseColor.uasset" 1792
"C:/Users/rexge/Documents/Unreal Projects/TheBigHunt/Content/AfricanAnimalsPack/Crocodile/Textures/T_Crocodile_BaseColor.uexp" 1793
"C:/Users/rexge/Documents/Unreal Projects/TheBigHunt/Content/AfricanAnimalsPack/Crocodile/Materials/M_Crocodile.uasset" 1794
"C:/Users/rexge/Documents/Unreal Projects/TheBigHunt/Content/AfricanAnimalsPack/Crocodile/Materials/M_Crocodile.uexp" 1795
"C:/Users/rexge/Documents/Unreal Projects/TheBigHunt/Content/AfricanAnimalsPack/Crocodile/Meshes/SK_Crocodile.uasset" 1796
"C:/Users/rexge/Documents/Unreal Projects/TheBigHunt/Content/AfricanAnimalsPack/Crocodile/Meshes/SK_Crocodile.uexp" 1797
"C:/Users/rexge/Documents/Unreal Projects/TheBigHunt/Content/AfricanAnimalsPack/Crocodile/Animations/ANIM_Crocodile_Idle.uasset" 1798
"C:/Users/rexge/Documents/Unreal Projects/TheBigHunt/Content/AfricanAnimalsPack/Crocodile/Animations/ANIM_Crocodile_Idle.m.ubulk" 1799
"C:/Users/rexge/Documents/Unreal Projects/TheBigHunt/Content/AfricanAnimalsPack/Crocodile/Animations/ANIM_Crocodile_Idle.uexp" 1800
"C:/Users/rexge/Documents/Unreal Projects/TheBigHunt/Content/Blueprints/Animals/BP_Crocodile.uasset" 1801
"C:/Users/rexge/Documents/Unreal Projects/TheBigHunt/Content/Blueprints/Animals/BP_Crocodile.uexp" 1802
"C:/Users/rexge/Documents/Unreal Projects/TheBigHunt/Content/AfricanAnimalsPack/Elephant/Animations/ANIM_Elephant_Death.uasset" 1803
"C:/Users/rexge/Documents/Unreal Projects/TheBigHunt/Content/AfricanAnimalsPack/Elephant/Animations/ANIM_Elephant_Death.m.ubulk" 1804
"C:/Users/rexge/Documents/Unreal Projects/TheBigHunt/Content/AfricanAnimalsPack/Elephant/Animations/ANIM_Elephant_Death.uexp" 1805
"C:/Users/rexge/Documents/Unreal Projects/TheBigHunt/Content/AfricanAnimalsPack/Elephant/Animations/ANIM_Elephant_IdleLookAround.uasset" 1806
"C:/Users/rexge/Documents/Unreal Projects/TheBigHunt/Content/AfricanAnimalsPack/Elephant/Animations/ANIM_Elephant_IdleLookAround.m.ubulk" 1807
"C:/Users/rexge/Documents/Unreal Projects/TheBigHunt/Content/AfricanAnimalsPack/Elephant/Animations/ANIM_Elephant_IdleLookAround.uexp" 1808
"C:/Users/rexge/Documents/Unreal Projects/TheBigHunt/Content/AfricanAnimalsPack/Elephant/Animations/ANIM_Elephant_IdleBreathe.uasset" 1809
"C:/Users/rexge/Documents/Unreal Projects/TheBigHunt/Content/AfricanAnimalsPack/Elephant/Animations/ANIM_Elephant_IdleBreathe.m.ubulk" 1810
"C:/Users/rexge/Documents/Unreal Projects/TheBigHunt/Content/AfricanAnimalsPack/Elephant/Animations/ANIM_Elephant_IdleBreathe.uexp" 1811
"C:/Users/rexge/Documents/Unreal Projects/TheBigHunt/Content/AfricanAnimalsPack/Elephant/Animations/ANIM_Elephant_IdleChew.uasset" 1812
"C:/Users/rexge/Documents/Unreal Projects/TheBigHunt/Content/AfricanAnimalsPack/Elephant/Animations/ANIM_Elephant_IdleChew.m.ubulk" 1813
"C:/Users/rexge/Documents/Unreal Projects/TheBigHunt/Content/AfricanAnimalsPack/Elephant/Animations/ANIM_Elephant_IdleChew.uexp" 1814
"C:/Users/rexge/Documents/Unreal Projects/TheBigHunt/Content/AfricanAnimalsPack/Elephant/Animations/ANIM_Elephant_IdleLookAroundEat.uasset" 1815
"C:/Users/rexge/Documents/Unreal Projects/TheBigHunt/Content/AfricanAnimalsPack/Elephant/Animations/ANIM_Elephant_IdleLookAroundEat.m.ubulk" 1816
"C:/Users/rexge/Documents/Unreal Projects/TheBigHunt/Content/AfricanAnimalsPack/Elephant/Animations/ANIM_Elephant_IdleLookAroundEat.uexp" 1817
"C:/Users/rexge/Documents/Unreal Projects/TheBigHunt/Content/Blueprints/Animals/BP_Elephant.uasset" 1818
"C:/Users/rexge/Documents/Unreal Projects/TheBigHunt/Content/Blueprints/Animals/BP_Elephant.uexp" 1819
"C:/Users/rexge/Documents/Unreal Projects/TheBigHunt/Content/AfricanAnimalsPack/Hippopotamus/Animations/ANIM_Hippopotamus_IdleChew.uasset" 1820
"C:/Users/rexge/Documents/Unreal Projects/TheBigHunt/Content/AfricanAnimalsPack/Hippopotamus/Animations/ANIM_Hippopotamus_IdleChew.m.ubulk" 1821
"C:/Users/rexge/Documents/Unreal Projects/TheBigHunt/Content/AfricanAnimalsPack/Hippopotamus/Animations/ANIM_Hippopotamus_IdleChew.uexp" 1822
"../../../Engine/Plugins/Animation/ACLPlugin/Content/ACLAnimCurveCompressionSettings.uasset" 1823
"../../../Engine/Plugins/Animation/ACLPlugin/Content/ACLAnimCurveCompressionSettings.uexp" 1824
"../../../Engine/Plugins/Animation/ACLPlugin/Content/ACLAnimBoneCompressionSettings.uasset" 1825
"../../../Engine/Plugins/Animation/ACLPlugin/Content/ACLAnimBoneCompressionSettings.uexp" 1826
"../../../Engine/Content/Animation/DefaultVariableFrameStrippingSettings.uasset" 1827
"../../../Engine/Content/Animation/DefaultVariableFrameStrippingSettings.uexp" 1828
"C:/Users/rexge/Documents/Unreal Projects/TheBigHunt/Content/AfricanAnimalsPack/Hippopotamus/Animations/ANIM_Hippopotamus_Death.uasset" 1829
"C:/Users/rexge/Documents/Unreal Projects/TheBigHunt/Content/AfricanAnimalsPack/Hippopotamus/Animations/ANIM_Hippopotamus_Death.m.ubulk" 1830
"C:/Users/rexge/Documents/Unreal Projects/TheBigHunt/Content/AfricanAnimalsPack/Hippopotamus/Animations/ANIM_Hippopotamus_Death.uexp" 1831
"C:/Users/rexge/Documents/Unreal Projects/TheBigHunt/Content/AfricanAnimalsPack/Hippopotamus/Animations/ANIM_Hippopotamus_IdleLookAroundAndEat.uasset" 1832
"C:/Users/rexge/Documents/Unreal Projects/TheBigHunt/Content/AfricanAnimalsPack/Hippopotamus/Animations/ANIM_Hippopotamus_IdleLookAroundAndEat.m.ubulk" 1833
"C:/Users/rexge/Documents/Unreal Projects/TheBigHunt/Content/AfricanAnimalsPack/Hippopotamus/Animations/ANIM_Hippopotamus_IdleLookAroundAndEat.uexp" 1834
"C:/Users/rexge/Documents/Unreal Projects/TheBigHunt/Content/AfricanAnimalsPack/Hippopotamus/Animations/ANIM_Hippopotamus_IdleBreathe.uasset" 1835
"C:/Users/rexge/Documents/Unreal Projects/TheBigHunt/Content/AfricanAnimalsPack/Hippopotamus/Animations/ANIM_Hippopotamus_IdleBreathe.m.ubulk" 1836
"C:/Users/rexge/Documents/Unreal Projects/TheBigHunt/Content/AfricanAnimalsPack/Hippopotamus/Animations/ANIM_Hippopotamus_IdleBreathe.uexp" 1837
"C:/Users/rexge/Documents/Unreal Projects/TheBigHunt/Content/Blueprints/Animals/BP_Hippo.uasset" 1838
"C:/Users/rexge/Documents/Unreal Projects/TheBigHunt/Content/Blueprints/Animals/BP_Hippo.uexp" 1839
"C:/Users/rexge/Documents/Unreal Projects/TheBigHunt/Content/AfricanAnimalsPack/LionAndLioness/Meshes/SK_Lion_LOD0_Skeleton.uasset" 1840
"C:/Users/rexge/Documents/Unreal Projects/TheBigHunt/Content/AfricanAnimalsPack/LionAndLioness/Meshes/SK_Lion_LOD0_Skeleton.uexp" 1841
"C:/Users/rexge/Documents/Unreal Projects/TheBigHunt/Content/AfricanAnimalsPack/LionAndLioness/Animations/ANIM_Lion_Death.uasset" 1842
"C:/Users/rexge/Documents/Unreal Projects/TheBigHunt/Content/AfricanAnimalsPack/LionAndLioness/Animations/ANIM_Lion_Death.m.ubulk" 1843
"C:/Users/rexge/Documents/Unreal Projects/TheBigHunt/Content/AfricanAnimalsPack/LionAndLioness/Animations/ANIM_Lion_Death.uexp" 1844
"C:/Users/rexge/Documents/Unreal Projects/TheBigHunt/Content/AfricanAnimalsPack/LionAndLioness/Animations/ANIM_Lion_IdleBreathe.uasset" 1845
"C:/Users/rexge/Documents/Unreal Projects/TheBigHunt/Content/AfricanAnimalsPack/LionAndLioness/Animations/ANIM_Lion_IdleBreathe.m.ubulk" 1846
"C:/Users/rexge/Documents/Unreal Projects/TheBigHunt/Content/AfricanAnimalsPack/LionAndLioness/Animations/ANIM_Lion_IdleBreathe.uexp" 1847
"C:/Users/rexge/Documents/Unreal Projects/TheBigHunt/Content/AfricanAnimalsPack/LionAndLioness/Meshes/SK_Lion_LOD0_PhysicsAsset.uasset" 1848
"C:/Users/rexge/Documents/Unreal Projects/TheBigHunt/Content/AfricanAnimalsPack/LionAndLioness/Meshes/SK_Lion_LOD0_PhysicsAsset.uexp" 1849
"C:/Users/rexge/Documents/Unreal Projects/TheBigHunt/Content/AfricanAnimalsPack/LionAndLioness/Textures/T_Lion_Specular.uasset" 1850
"C:/Users/rexge/Documents/Unreal Projects/TheBigHunt/Content/AfricanAnimalsPack/LionAndLioness/Textures/T_Lion_Specular.uexp" 1851
"C:/Users/rexge/Documents/Unreal Projects/TheBigHunt/Content/AfricanAnimalsPack/LionAndLioness/Textures/T_Lion_OcclusionRoughnessMetallic.ubulk" 1852
"C:/Users/rexge/Documents/Unreal Projects/TheBigHunt/Content/AfricanAnimalsPack/LionAndLioness/Textures/T_Lion_OcclusionRoughnessMetallic.uasset" 1853
"C:/Users/rexge/Documents/Unreal Projects/TheBigHunt/Content/AfricanAnimalsPack/LionAndLioness/Textures/T_Lion_OcclusionRoughnessMetallic.uexp" 1854
"C:/Users/rexge/Documents/Unreal Projects/TheBigHunt/Content/AfricanAnimalsPack/LionAndLioness/Textures/T_Lion_Nml.ubulk" 1855
"C:/Users/rexge/Documents/Unreal Projects/TheBigHunt/Content/AfricanAnimalsPack/LionAndLioness/Textures/T_Lion_Nml.uasset" 1856
"C:/Users/rexge/Documents/Unreal Projects/TheBigHunt/Content/AfricanAnimalsPack/LionAndLioness/Textures/T_Lion_Nml.uexp" 1857
"C:/Users/rexge/Documents/Unreal Projects/TheBigHunt/Content/AfricanAnimalsPack/LionAndLioness/Textures/T_Lion_BaseColor.ubulk" 1858
"C:/Users/rexge/Documents/Unreal Projects/TheBigHunt/Content/AfricanAnimalsPack/LionAndLioness/Textures/T_Lion_BaseColor.uasset" 1859
"C:/Users/rexge/Documents/Unreal Projects/TheBigHunt/Content/AfricanAnimalsPack/LionAndLioness/Textures/T_Lion_BaseColor.uexp" 1860
"C:/Users/rexge/Documents/Unreal Projects/TheBigHunt/Content/AfricanAnimalsPack/LionAndLioness/Materials/M_LionFur.uasset" 1861
"C:/Users/rexge/Documents/Unreal Projects/TheBigHunt/Content/AfricanAnimalsPack/LionAndLioness/Materials/M_LionFur.uexp" 1862
"C:/Users/rexge/Documents/Unreal Projects/TheBigHunt/Content/AfricanAnimalsPack/LionAndLioness/Materials/M_Lion.uasset" 1863
"C:/Users/rexge/Documents/Unreal Projects/TheBigHunt/Content/AfricanAnimalsPack/LionAndLioness/Materials/M_Lion.uexp" 1864
"C:/Users/rexge/Documents/Unreal Projects/TheBigHunt/Content/AfricanAnimalsPack/LionAndLioness/Meshes/SK_Lion_LOD0.uasset" 1865
"C:/Users/rexge/Documents/Unreal Projects/TheBigHunt/Content/AfricanAnimalsPack/LionAndLioness/Meshes/SK_Lion_LOD0.uexp" 1866
"C:/Users/rexge/Documents/Unreal Projects/TheBigHunt/Content/Blueprints/Animals/BP_Lion.uasset" 1867
"C:/Users/rexge/Documents/Unreal Projects/TheBigHunt/Content/Blueprints/Animals/BP_Lion.uexp" 1868
"C:/Users/rexge/Documents/Unreal Projects/TheBigHunt/Content/AfricanAnimalsPack/LionAndLioness/Textures/T_Lioness_OcclusionRoughnessMetallic.ubulk" 1869
"C:/Users/rexge/Documents/Unreal Projects/TheBigHunt/Content/AfricanAnimalsPack/LionAndLioness/Textures/T_Lioness_OcclusionRoughnessMetallic.uasset" 1870
"C:/Users/rexge/Documents/Unreal Projects/TheBigHunt/Content/AfricanAnimalsPack/LionAndLioness/Textures/T_Lioness_OcclusionRoughnessMetallic.uexp" 1871
"C:/Users/rexge/Documents/Unreal Projects/TheBigHunt/Content/AfricanAnimalsPack/LionAndLioness/Textures/T_Lioness_Nml.ubulk" 1872
"C:/Users/rexge/Documents/Unreal Projects/TheBigHunt/Content/AfricanAnimalsPack/LionAndLioness/Textures/T_Lioness_Nml.uasset" 1873
"C:/Users/rexge/Documents/Unreal Projects/TheBigHunt/Content/AfricanAnimalsPack/LionAndLioness/Textures/T_Lioness_Nml.uexp" 1874
"C:/Users/rexge/Documents/Unreal Projects/TheBigHunt/Content/AfricanAnimalsPack/LionAndLioness/Textures/T_Lioness_BaseColor.ubulk" 1875
"C:/Users/rexge/Documents/Unreal Projects/TheBigHunt/Content/AfricanAnimalsPack/LionAndLioness/Textures/T_Lioness_BaseColor.uasset" 1876
"C:/Users/rexge/Documents/Unreal Projects/TheBigHunt/Content/AfricanAnimalsPack/LionAndLioness/Textures/T_Lioness_BaseColor.uexp" 1877
"C:/Users/rexge/Documents/Unreal Projects/TheBigHunt/Content/AfricanAnimalsPack/LionAndLioness/Materials/M_LionessFur.uasset" 1878
"C:/Users/rexge/Documents/Unreal Projects/TheBigHunt/Content/AfricanAnimalsPack/LionAndLioness/Materials/M_LionessFur.uexp" 1879
"C:/Users/rexge/Documents/Unreal Projects/TheBigHunt/Content/AfricanAnimalsPack/LionAndLioness/Materials/M_Lioness.uasset" 1880
"C:/Users/rexge/Documents/Unreal Projects/TheBigHunt/Content/AfricanAnimalsPack/LionAndLioness/Materials/M_Lioness.uexp" 1881
"C:/Users/rexge/Documents/Unreal Projects/TheBigHunt/Content/AfricanAnimalsPack/LionAndLioness/Meshes/SK_Lioness_LOD0.uasset" 1882
"C:/Users/rexge/Documents/Unreal Projects/TheBigHunt/Content/AfricanAnimalsPack/LionAndLioness/Meshes/SK_Lioness_LOD0.uexp" 1883
"C:/Users/rexge/Documents/Unreal Projects/TheBigHunt/Content/Blueprints/Animals/BP_Lionness.uasset" 1884
"C:/Users/rexge/Documents/Unreal Projects/TheBigHunt/Content/Blueprints/Animals/BP_Lionness.uexp" 1885
"C:/Users/rexge/Documents/Unreal Projects/TheBigHunt/Content/AfricanAnimalsPack/Rhinoceros/Animations/ANIM_Rhinoceros_Death.uasset" 1886
"C:/Users/rexge/Documents/Unreal Projects/TheBigHunt/Content/AfricanAnimalsPack/Rhinoceros/Animations/ANIM_Rhinoceros_Death.m.ubulk" 1887
"C:/Users/rexge/Documents/Unreal Projects/TheBigHunt/Content/AfricanAnimalsPack/Rhinoceros/Animations/ANIM_Rhinoceros_Death.uexp" 1888
"C:/Users/rexge/Documents/Unreal Projects/TheBigHunt/Content/AfricanAnimalsPack/Rhinoceros/Animations/ANIM_Rhinoceros_IdleLookForFood.uasset" 1889
"C:/Users/rexge/Documents/Unreal Projects/TheBigHunt/Content/AfricanAnimalsPack/Rhinoceros/Animations/ANIM_Rhinoceros_IdleLookForFood.m.ubulk" 1890
"C:/Users/rexge/Documents/Unreal Projects/TheBigHunt/Content/AfricanAnimalsPack/Rhinoceros/Animations/ANIM_Rhinoceros_IdleLookForFood.uexp" 1891
"C:/Users/rexge/Documents/Unreal Projects/TheBigHunt/Content/AfricanAnimalsPack/Rhinoceros/Animations/ANIM_Rhinoceros_IdleBreathe.uasset" 1892
"C:/Users/rexge/Documents/Unreal Projects/TheBigHunt/Content/AfricanAnimalsPack/Rhinoceros/Animations/ANIM_Rhinoceros_IdleBreathe.m.ubulk" 1893
"C:/Users/rexge/Documents/Unreal Projects/TheBigHunt/Content/AfricanAnimalsPack/Rhinoceros/Animations/ANIM_Rhinoceros_IdleBreathe.uexp" 1894
"C:/Users/rexge/Documents/Unreal Projects/TheBigHunt/Content/Blueprints/Animals/BP_Rhino.uasset" 1895
"C:/Users/rexge/Documents/Unreal Projects/TheBigHunt/Content/Blueprints/Animals/BP_Rhino.uexp" 1896
"C:/Users/rexge/Documents/Unreal Projects/TheBigHunt/Content/AfricanAnimalsPack/Zebra/Meshes/SK_Zebra_Skeleton.uasset" 1897
"C:/Users/rexge/Documents/Unreal Projects/TheBigHunt/Content/AfricanAnimalsPack/Zebra/Meshes/SK_Zebra_Skeleton.uexp" 1898
"C:/Users/rexge/Documents/Unreal Projects/TheBigHunt/Content/AfricanAnimalsPack/Zebra/Meshes/SK_Zebra_PhysicsAsset.uasset" 1899
"C:/Users/rexge/Documents/Unreal Projects/TheBigHunt/Content/AfricanAnimalsPack/Zebra/Meshes/SK_Zebra_PhysicsAsset.uexp" 1900
"C:/Users/rexge/Documents/Unreal Projects/TheBigHunt/Content/AfricanAnimalsPack/Zebra/Textures/T_Zebra_Transparency.ubulk" 1901
"C:/Users/rexge/Documents/Unreal Projects/TheBigHunt/Content/AfricanAnimalsPack/Zebra/Textures/T_Zebra_Transparency.uasset" 1902
"C:/Users/rexge/Documents/Unreal Projects/TheBigHunt/Content/AfricanAnimalsPack/Zebra/Textures/T_Zebra_Transparency.uexp" 1903
"C:/Users/rexge/Documents/Unreal Projects/TheBigHunt/Content/AfricanAnimalsPack/Zebra/Textures/T_Zebra_Specular.uasset" 1904
"C:/Users/rexge/Documents/Unreal Projects/TheBigHunt/Content/AfricanAnimalsPack/Zebra/Textures/T_Zebra_Specular.uexp" 1905
"C:/Users/rexge/Documents/Unreal Projects/TheBigHunt/Content/AfricanAnimalsPack/Zebra/Textures/T_Zebra_OcclusionRoughnessMetallic.ubulk" 1906
"C:/Users/rexge/Documents/Unreal Projects/TheBigHunt/Content/AfricanAnimalsPack/Zebra/Textures/T_Zebra_OcclusionRoughnessMetallic.uasset" 1907
"C:/Users/rexge/Documents/Unreal Projects/TheBigHunt/Content/AfricanAnimalsPack/Zebra/Textures/T_Zebra_OcclusionRoughnessMetallic.uexp" 1908
"C:/Users/rexge/Documents/Unreal Projects/TheBigHunt/Content/AfricanAnimalsPack/Zebra/Textures/T_Zebra_Nml.ubulk" 1909
"C:/Users/rexge/Documents/Unreal Projects/TheBigHunt/Content/AfricanAnimalsPack/Zebra/Textures/T_Zebra_Nml.uasset" 1910
"C:/Users/rexge/Documents/Unreal Projects/TheBigHunt/Content/AfricanAnimalsPack/Zebra/Textures/T_Zebra_Nml.uexp" 1911
"C:/Users/rexge/Documents/Unreal Projects/TheBigHunt/Content/AfricanAnimalsPack/Zebra/Textures/T_Zebra_BaseColor.ubulk" 1912
"C:/Users/rexge/Documents/Unreal Projects/TheBigHunt/Content/AfricanAnimalsPack/Zebra/Textures/T_Zebra_BaseColor.uasset" 1913
"C:/Users/rexge/Documents/Unreal Projects/TheBigHunt/Content/AfricanAnimalsPack/Zebra/Textures/T_Zebra_BaseColor.uexp" 1914
"C:/Users/rexge/Documents/Unreal Projects/TheBigHunt/Content/AfricanAnimalsPack/Zebra/Materials/M_Zebra.uasset" 1915
"C:/Users/rexge/Documents/Unreal Projects/TheBigHunt/Content/AfricanAnimalsPack/Zebra/Materials/M_Zebra.uexp" 1916
"C:/Users/rexge/Documents/Unreal Projects/TheBigHunt/Content/AfricanAnimalsPack/Zebra/Meshes/SK_Zebra.uasset" 1917
"C:/Users/rexge/Documents/Unreal Projects/TheBigHunt/Content/AfricanAnimalsPack/Zebra/Meshes/SK_Zebra.uexp" 1918
"C:/Users/rexge/Documents/Unreal Projects/TheBigHunt/Content/AfricanAnimalsPack/Zebra/Animations/ANIM_Zebra_Death.uasset" 1919
"C:/Users/rexge/Documents/Unreal Projects/TheBigHunt/Content/AfricanAnimalsPack/Zebra/Animations/ANIM_Zebra_Death.m.ubulk" 1920
"C:/Users/rexge/Documents/Unreal Projects/TheBigHunt/Content/AfricanAnimalsPack/Zebra/Animations/ANIM_Zebra_Death.uexp" 1921
"C:/Users/rexge/Documents/Unreal Projects/TheBigHunt/Content/AfricanAnimalsPack/Zebra/Animations/ANIM_Zebra_IdleBreathe.uasset" 1922
"C:/Users/rexge/Documents/Unreal Projects/TheBigHunt/Content/AfricanAnimalsPack/Zebra/Animations/ANIM_Zebra_IdleBreathe.m.ubulk" 1923
"C:/Users/rexge/Documents/Unreal Projects/TheBigHunt/Content/AfricanAnimalsPack/Zebra/Animations/ANIM_Zebra_IdleBreathe.uexp" 1924
"C:/Users/rexge/Documents/Unreal Projects/TheBigHunt/Content/AfricanAnimalsPack/Zebra/Animations/ANIM_Zebra_IdleChew.uasset" 1925
"C:/Users/rexge/Documents/Unreal Projects/TheBigHunt/Content/AfricanAnimalsPack/Zebra/Animations/ANIM_Zebra_IdleChew.m.ubulk" 1926
"C:/Users/rexge/Documents/Unreal Projects/TheBigHunt/Content/AfricanAnimalsPack/Zebra/Animations/ANIM_Zebra_IdleChew.uexp" 1927
"C:/Users/rexge/Documents/Unreal Projects/TheBigHunt/Content/AfricanAnimalsPack/Zebra/Animations/ANIM_Zebra_IdleLookAround.uasset" 1928
"C:/Users/rexge/Documents/Unreal Projects/TheBigHunt/Content/AfricanAnimalsPack/Zebra/Animations/ANIM_Zebra_IdleLookAround.m.ubulk" 1929
"C:/Users/rexge/Documents/Unreal Projects/TheBigHunt/Content/AfricanAnimalsPack/Zebra/Animations/ANIM_Zebra_IdleLookAround.uexp" 1930
"C:/Users/rexge/Documents/Unreal Projects/TheBigHunt/Content/Blueprints/Animals/BP_Zebra.uasset" 1931
"C:/Users/rexge/Documents/Unreal Projects/TheBigHunt/Content/Blueprints/Animals/BP_Zebra.uexp" 1932
"C:/Users/rexge/Documents/Unreal Projects/TheBigHunt/Content/Blueprints/Vehicle/BP_SplineDrivePath.uasset" 1933
"C:/Users/rexge/Documents/Unreal Projects/TheBigHunt/Content/Blueprints/Vehicle/BP_SplineDrivePath.uexp" 1934
"C:/Users/rexge/Documents/Unreal Projects/TheBigHunt/Content/Blueprints/Vehicle/BP_Vehicle.uasset" 1935
"C:/Users/rexge/Documents/Unreal Projects/TheBigHunt/Content/Blueprints/Vehicle/BP_Vehicle.uexp" 1936
"../../../Engine/Content/BasicShapes/Cube.ubulk" 1937
"../../../Engine/Content/BasicShapes/Cube.uasset" 1938
"../../../Engine/Content/BasicShapes/Cube.uexp" 1939
"../../../Engine/Content/BasicShapes/BasicShapeMaterial.uasset" 1940
"../../../Engine/Content/BasicShapes/BasicShapeMaterial.uexp" 1941
"C:/Users/rexge/Documents/Unreal Projects/TheBigHunt/Content/Blueprints/Weapons/BP_Generic_Ammo.uasset" 1942
"C:/Users/rexge/Documents/Unreal Projects/TheBigHunt/Content/Blueprints/Weapons/BP_Generic_Ammo.uexp" 1943
"C:/Users/rexge/Documents/Unreal Projects/TheBigHunt/Content/Blueprints/Weapons/BP_Rifle_Ammo.uasset" 1944
"C:/Users/rexge/Documents/Unreal Projects/TheBigHunt/Content/Blueprints/Weapons/BP_Rifle_Ammo.uexp" 1945
"../../../Engine/Plugins/Interchange/Assets/Content/gltf/MaterialInstances/MI_Default_Opaque_DS.uasset" 1946
"../../../Engine/Plugins/Interchange/Assets/Content/gltf/MaterialInstances/MI_Default_Opaque_DS.uexp" 1947
"C:/Users/rexge/Documents/Unreal Projects/TheBigHunt/Content/Fab/Old_Sks___Weapon_Model/old_sks_weapon_model/Textures/old_sks_weapon_model_texture_0.ubulk" 1948
"C:/Users/rexge/Documents/Unreal Projects/TheBigHunt/Content/Fab/Old_Sks___Weapon_Model/old_sks_weapon_model/Textures/old_sks_weapon_model_texture_0.uasset" 1949
"C:/Users/rexge/Documents/Unreal Projects/TheBigHunt/Content/Fab/Old_Sks___Weapon_Model/old_sks_weapon_model/Textures/old_sks_weapon_model_texture_0.uexp" 1950
"C:/Users/rexge/Documents/Unreal Projects/TheBigHunt/Content/Fab/Old_Sks___Weapon_Model/old_sks_weapon_model/Textures/old_sks_weapon_model_texture_1.ubulk" 1951
"C:/Users/rexge/Documents/Unreal Projects/TheBigHunt/Content/Fab/Old_Sks___Weapon_Model/old_sks_weapon_model/Textures/old_sks_weapon_model_texture_1.uasset" 1952
"C:/Users/rexge/Documents/Unreal Projects/TheBigHunt/Content/Fab/Old_Sks___Weapon_Model/old_sks_weapon_model/Textures/old_sks_weapon_model_texture_1.uexp" 1953
"C:/Users/rexge/Documents/Unreal Projects/TheBigHunt/Content/Fab/Old_Sks___Weapon_Model/old_sks_weapon_model/Textures/old_sks_weapon_model_texture_2.ubulk" 1954
"C:/Users/rexge/Documents/Unreal Projects/TheBigHunt/Content/Fab/Old_Sks___Weapon_Model/old_sks_weapon_model/Textures/old_sks_weapon_model_texture_2.uasset" 1955
"C:/Users/rexge/Documents/Unreal Projects/TheBigHunt/Content/Fab/Old_Sks___Weapon_Model/old_sks_weapon_model/Textures/old_sks_weapon_model_texture_2.uexp" 1956
"C:/Users/rexge/Documents/Unreal Projects/TheBigHunt/Content/Fab/Old_Sks___Weapon_Model/old_sks_weapon_model/Materials/material.uasset" 1957
"C:/Users/rexge/Documents/Unreal Projects/TheBigHunt/Content/Fab/Old_Sks___Weapon_Model/old_sks_weapon_model/Materials/material.uexp" 1958
"C:/Users/rexge/Documents/Unreal Projects/TheBigHunt/Content/Fab/Old_Sks___Weapon_Model/old_sks_weapon_model/Textures/old_sks_weapon_model_texture_3.ubulk" 1959
"C:/Users/rexge/Documents/Unreal Projects/TheBigHunt/Content/Fab/Old_Sks___Weapon_Model/old_sks_weapon_model/Textures/old_sks_weapon_model_texture_3.uasset" 1960
"C:/Users/rexge/Documents/Unreal Projects/TheBigHunt/Content/Fab/Old_Sks___Weapon_Model/old_sks_weapon_model/Textures/old_sks_weapon_model_texture_3.uexp" 1961
"C:/Users/rexge/Documents/Unreal Projects/TheBigHunt/Content/Fab/Old_Sks___Weapon_Model/old_sks_weapon_model/Textures/old_sks_weapon_model_texture_4.ubulk" 1962
"C:/Users/rexge/Documents/Unreal Projects/TheBigHunt/Content/Fab/Old_Sks___Weapon_Model/old_sks_weapon_model/Textures/old_sks_weapon_model_texture_4.uasset" 1963
"C:/Users/rexge/Documents/Unreal Projects/TheBigHunt/Content/Fab/Old_Sks___Weapon_Model/old_sks_weapon_model/Textures/old_sks_weapon_model_texture_4.uexp" 1964
"C:/Users/rexge/Documents/Unreal Projects/TheBigHunt/Content/Fab/Old_Sks___Weapon_Model/old_sks_weapon_model/Textures/old_sks_weapon_model_texture_5.ubulk" 1965
"C:/Users/rexge/Documents/Unreal Projects/TheBigHunt/Content/Fab/Old_Sks___Weapon_Model/old_sks_weapon_model/Textures/old_sks_weapon_model_texture_5.uasset" 1966
"C:/Users/rexge/Documents/Unreal Projects/TheBigHunt/Content/Fab/Old_Sks___Weapon_Model/old_sks_weapon_model/Textures/old_sks_weapon_model_texture_5.uexp" 1967
"C:/Users/rexge/Documents/Unreal Projects/TheBigHunt/Content/Fab/Old_Sks___Weapon_Model/old_sks_weapon_model/Materials/7_62Bullet.uasset" 1968
"C:/Users/rexge/Documents/Unreal Projects/TheBigHunt/Content/Fab/Old_Sks___Weapon_Model/old_sks_weapon_model/Materials/7_62Bullet.uexp" 1969
"C:/Users/rexge/Documents/Unreal Projects/TheBigHunt/Content/Fab/Old_Sks___Weapon_Model/old_sks_weapon_model/StaticMeshes/shotgun_only.ubulk" 1970
"C:/Users/rexge/Documents/Unreal Projects/TheBigHunt/Content/Fab/Old_Sks___Weapon_Model/old_sks_weapon_model/StaticMeshes/shotgun_only.uasset" 1971
"C:/Users/rexge/Documents/Unreal Projects/TheBigHunt/Content/Fab/Old_Sks___Weapon_Model/old_sks_weapon_model/StaticMeshes/shotgun_only.uexp" 1972
"../../../Engine/Content/EditorResources/FieldNodes/_Resources/DefaultTextMaterialOpaque.uasset" 1973
"../../../Engine/Content/EditorResources/FieldNodes/_Resources/DefaultTextMaterialOpaque.uexp" 1974
"C:/Users/rexge/Documents/Unreal Projects/TheBigHunt/Content/Blueprints/Weapons/BP_Generic_Gun.uasset" 1975
"C:/Users/rexge/Documents/Unreal Projects/TheBigHunt/Content/Blueprints/Weapons/BP_Generic_Gun.uexp" 1976
"C:/Users/rexge/Documents/Unreal Projects/TheBigHunt/Content/Blueprints/Weapons/BP_Rifle.uasset" 1977
"C:/Users/rexge/Documents/Unreal Projects/TheBigHunt/Content/Blueprints/Weapons/BP_Rifle.uexp" 1978
"../../../Engine/Content/Functions/Engine_MaterialFunctions02/Texturing/CustomRotator.uasset" 1979
"../../../Engine/Content/Functions/Engine_MaterialFunctions02/Texturing/CustomRotator.uexp" 1980
"../../../Engine/Content/Functions/Engine_MaterialFunctions02/Lerp_3Color.uasset" 1981
"../../../Engine/Content/Functions/Engine_MaterialFunctions02/Lerp_3Color.uexp" 1982
"../../../Engine/Plugins/Fab/Content/MaterialParameterCollection/QMPC_GlobalFoliageActor.uasset" 1983
"../../../Engine/Plugins/Fab/Content/MaterialParameterCollection/QMPC_GlobalFoliageActor.uexp" 1984
"../../../Engine/Plugins/Fab/Content/MaterialFunctions/QMF_GenerateBranchMask_Plants.uasset" 1985
"../../../Engine/Plugins/Fab/Content/MaterialFunctions/QMF_GenerateBranchMask_Plants.uexp" 1986
"../../../Engine/Plugins/Fab/Content/MaterialFunctions/QMF_PerInstanceActorRandom.uasset" 1987
"../../../Engine/Plugins/Fab/Content/MaterialFunctions/QMF_PerInstanceActorRandom.uexp" 1988
"../../../Engine/Plugins/Fab/Content/MaterialFunctions/QMF_WorldspaceColorVariation.uasset" 1989
"../../../Engine/Plugins/Fab/Content/MaterialFunctions/QMF_WorldspaceColorVariation.uexp" 1990
"../../../Engine/Plugins/Fab/Content/Textures/Standard/T_Default_WindNoise.uasset" 1991
"../../../Engine/Plugins/Fab/Content/Textures/Standard/T_Default_WindNoise.uexp" 1992
"../../../Engine/Content/Functions/Engine_MaterialFunctions01/ImageAdjustment/3ColorBlend.uasset" 1993
"../../../Engine/Content/Functions/Engine_MaterialFunctions01/ImageAdjustment/3ColorBlend.uexp" 1994
"../../../Engine/Plugins/Fab/Content/MaterialFunctions/QMF_WindGust.uasset" 1995
"../../../Engine/Plugins/Fab/Content/MaterialFunctions/QMF_WindGust.uexp" 1996
"../../../Engine/Content/Functions/Engine_MaterialFunctions01/WorldPositionOffset/SimpleGrassWind.uasset" 1997
"../../../Engine/Content/Functions/Engine_MaterialFunctions01/WorldPositionOffset/SimpleGrassWind.uexp" 1998
"../../../Engine/Content/Functions/Engine_MaterialFunctions02/WorldPositionOffset/ObjectPivotPoint.uasset" 1999
"../../../Engine/Content/Functions/Engine_MaterialFunctions02/WorldPositionOffset/ObjectPivotPoint.uexp" 2000
"../../../Engine/Plugins/Fab/Content/MaterialFunctions/QMF_DistanceBasedGradient.uasset" 2001
"../../../Engine/Plugins/Fab/Content/MaterialFunctions/QMF_DistanceBasedGradient.uexp" 2002
"../../../Engine/Plugins/Fab/Content/MaterialFunctions/QMF_WindAnimation.uasset" 2003
"../../../Engine/Plugins/Fab/Content/MaterialFunctions/QMF_WindAnimation.uexp" 2004
"../../../Engine/Plugins/Fab/Content/MaterialFunctions/QMF_TwoSidedRoughness.uasset" 2005
"../../../Engine/Plugins/Fab/Content/MaterialFunctions/QMF_TwoSidedRoughness.uexp" 2006
"../../../Engine/Content/Functions/Engine_MaterialFunctions03/Blends/Blend_ColorBurn.uasset" 2007
"../../../Engine/Content/Functions/Engine_MaterialFunctions03/Blends/Blend_ColorBurn.uexp" 2008
"../../../Engine/Content/Functions/Engine_MaterialFunctions03/Blends/Blend_LinearDodge.uasset" 2009
"../../../Engine/Content/Functions/Engine_MaterialFunctions03/Blends/Blend_LinearDodge.uexp" 2010
"../../../Engine/Plugins/Fab/Content/MaterialFunctions/QMF_HealthSeason.uasset" 2011
"../../../Engine/Plugins/Fab/Content/MaterialFunctions/QMF_HealthSeason.uexp" 2012
"../../../Engine/Plugins/Fab/Content/MaterialFunctions/QMF_GrowthEffect.uasset" 2013
"../../../Engine/Plugins/Fab/Content/MaterialFunctions/QMF_GrowthEffect.uexp" 2014
"../../../Engine/Plugins/Fab/Content/MaterialFunctions/QMF_GenerateTwoSidedSpecular.uasset" 2015
"../../../Engine/Plugins/Fab/Content/MaterialFunctions/QMF_GenerateTwoSidedSpecular.uexp" 2016
"../../../Engine/Plugins/Fab/Content/MaterialFunctions/QMF_GenerateTranslucency.uasset" 2017
"../../../Engine/Plugins/Fab/Content/MaterialFunctions/QMF_GenerateTranslucency.uexp" 2018
"../../../Engine/Plugins/Fab/Content/MaterialFunctions/QMF_AdjustTwoSidedNormal.uasset" 2019
"../../../Engine/Plugins/Fab/Content/MaterialFunctions/QMF_AdjustTwoSidedNormal.uexp" 2020
"../../../Engine/Plugins/Fab/Content/MaterialFunctions/QMF_AdjustTwoSidedBaseColor.uasset" 2021
"../../../Engine/Plugins/Fab/Content/MaterialFunctions/QMF_AdjustTwoSidedBaseColor.uexp" 2022
"../../../Engine/Content/Functions/Engine_MaterialFunctions02/Utility/VectorToRadialValue.uasset" 2023
"../../../Engine/Content/Functions/Engine_MaterialFunctions02/Utility/VectorToRadialValue.uexp" 2024
"../../../Engine/Content/ArtTools/RenderToTexture/MaterialFunctions/FoliageZRotation.uasset" 2025
"../../../Engine/Content/ArtTools/RenderToTexture/MaterialFunctions/FoliageZRotation.uexp" 2026
"../../../Engine/Plugins/Fab/Content/Textures/Standard/T_DefaultNormal.uasset" 2027
"../../../Engine/Plugins/Fab/Content/Textures/Standard/T_DefaultNormal.uexp" 2028
"../../../Engine/Plugins/Fab/Content/Textures/Standard/T_DefaultColor.uasset" 2029
"../../../Engine/Plugins/Fab/Content/Textures/Standard/T_DefaultColor.uexp" 2030
"../../../Engine/Plugins/Fab/Content/Materials/Standard/M_MS_Billboard.uasset" 2031
"../../../Engine/Plugins/Fab/Content/Materials/Standard/M_MS_Billboard.uexp" 2032
"C:/Users/rexge/Documents/Unreal Projects/TheBigHunt/Content/Fab/Megascans/Plants/Wheat_Grass_tdcrdbur/Medium/tdcrdbur_tier_2/Textures/T_tdcrdbur_2K_Billboard_N-T.ubulk" 2033
"C:/Users/rexge/Documents/Unreal Projects/TheBigHunt/Content/Fab/Megascans/Plants/Wheat_Grass_tdcrdbur/Medium/tdcrdbur_tier_2/Textures/T_tdcrdbur_2K_Billboard_N-T.uasset" 2034
"C:/Users/rexge/Documents/Unreal Projects/TheBigHunt/Content/Fab/Megascans/Plants/Wheat_Grass_tdcrdbur/Medium/tdcrdbur_tier_2/Textures/T_tdcrdbur_2K_Billboard_N-T.uexp" 2035
"C:/Users/rexge/Documents/Unreal Projects/TheBigHunt/Content/Fab/Megascans/Plants/Wheat_Grass_tdcrdbur/Medium/tdcrdbur_tier_2/Textures/T_tdcrdbur_2K_Billboard_B-O.ubulk" 2036
"C:/Users/rexge/Documents/Unreal Projects/TheBigHunt/Content/Fab/Megascans/Plants/Wheat_Grass_tdcrdbur/Medium/tdcrdbur_tier_2/Textures/T_tdcrdbur_2K_Billboard_B-O.uasset" 2037
"C:/Users/rexge/Documents/Unreal Projects/TheBigHunt/Content/Fab/Megascans/Plants/Wheat_Grass_tdcrdbur/Medium/tdcrdbur_tier_2/Textures/T_tdcrdbur_2K_Billboard_B-O.uexp" 2038
"C:/Users/rexge/Documents/Unreal Projects/TheBigHunt/Content/Fab/Megascans/Plants/Wheat_Grass_tdcrdbur/Medium/tdcrdbur_tier_2/Materials/MI_tdcrdbur_Billboard.uasset" 2039
"C:/Users/rexge/Documents/Unreal Projects/TheBigHunt/Content/Fab/Megascans/Plants/Wheat_Grass_tdcrdbur/Medium/tdcrdbur_tier_2/Materials/MI_tdcrdbur_Billboard.uexp" 2040
"../../../Engine/Plugins/Fab/Content/MaterialFunctions/QMF_DistanceBasedOpacity.uasset" 2041
"../../../Engine/Plugins/Fab/Content/MaterialFunctions/QMF_DistanceBasedOpacity.uexp" 2042
"../../../Engine/Plugins/Fab/Content/Textures/Standard/T_DefaultMasks.uasset" 2043
"../../../Engine/Plugins/Fab/Content/Textures/Standard/T_DefaultMasks.uexp" 2044
"../../../Engine/Plugins/Fab/Content/Materials/Standard/M_MS_Foliage.uasset" 2045
"../../../Engine/Plugins/Fab/Content/Materials/Standard/M_MS_Foliage.uexp" 2046
"C:/Users/rexge/Documents/Unreal Projects/TheBigHunt/Content/Fab/Megascans/Plants/Wheat_Grass_tdcrdbur/Medium/tdcrdbur_tier_2/Textures/T_tdcrdbur_2K_ORT.ubulk" 2047
"C:/Users/rexge/Documents/Unreal Projects/TheBigHunt/Content/Fab/Megascans/Plants/Wheat_Grass_tdcrdbur/Medium/tdcrdbur_tier_2/Textures/T_tdcrdbur_2K_ORT.uasset" 2048
"C:/Users/rexge/Documents/Unreal Projects/TheBigHunt/Content/Fab/Megascans/Plants/Wheat_Grass_tdcrdbur/Medium/tdcrdbur_tier_2/Textures/T_tdcrdbur_2K_ORT.uexp" 2049
"C:/Users/rexge/Documents/Unreal Projects/TheBigHunt/Content/Fab/Megascans/Plants/Wheat_Grass_tdcrdbur/Medium/tdcrdbur_tier_2/Textures/T_tdcrdbur_2K_N.ubulk" 2050
"C:/Users/rexge/Documents/Unreal Projects/TheBigHunt/Content/Fab/Megascans/Plants/Wheat_Grass_tdcrdbur/Medium/tdcrdbur_tier_2/Textures/T_tdcrdbur_2K_N.uasset" 2051
"C:/Users/rexge/Documents/Unreal Projects/TheBigHunt/Content/Fab/Megascans/Plants/Wheat_Grass_tdcrdbur/Medium/tdcrdbur_tier_2/Textures/T_tdcrdbur_2K_N.uexp" 2052
"C:/Users/rexge/Documents/Unreal Projects/TheBigHunt/Content/Fab/Megascans/Plants/Wheat_Grass_tdcrdbur/Medium/tdcrdbur_tier_2/Textures/T_tdcrdbur_2K_B.ubulk" 2053
"C:/Users/rexge/Documents/Unreal Projects/TheBigHunt/Content/Fab/Megascans/Plants/Wheat_Grass_tdcrdbur/Medium/tdcrdbur_tier_2/Textures/T_tdcrdbur_2K_B.uasset" 2054
"C:/Users/rexge/Documents/Unreal Projects/TheBigHunt/Content/Fab/Megascans/Plants/Wheat_Grass_tdcrdbur/Medium/tdcrdbur_tier_2/Textures/T_tdcrdbur_2K_B.uexp" 2055
"C:/Users/rexge/Documents/Unreal Projects/TheBigHunt/Content/Fab/Megascans/Plants/Wheat_Grass_tdcrdbur/Medium/tdcrdbur_tier_2/Materials/MI_tdcrdbur.uasset" 2056
"C:/Users/rexge/Documents/Unreal Projects/TheBigHunt/Content/Fab/Megascans/Plants/Wheat_Grass_tdcrdbur/Medium/tdcrdbur_tier_2/Materials/MI_tdcrdbur.uexp" 2057
"C:/Users/rexge/Documents/Unreal Projects/TheBigHunt/Content/Fab/Megascans/Plants/Wheat_Grass_tdcrdbur/Medium/tdcrdbur_tier_2/StaticMeshes/SM_tdcrdbur_VarA.ubulk" 2058
"C:/Users/rexge/Documents/Unreal Projects/TheBigHunt/Content/Fab/Megascans/Plants/Wheat_Grass_tdcrdbur/Medium/tdcrdbur_tier_2/StaticMeshes/SM_tdcrdbur_VarA.uasset" 2059
"C:/Users/rexge/Documents/Unreal Projects/TheBigHunt/Content/Fab/Megascans/Plants/Wheat_Grass_tdcrdbur/Medium/tdcrdbur_tier_2/StaticMeshes/SM_tdcrdbur_VarA.uexp" 2060
"C:/Users/rexge/Documents/Unreal Projects/TheBigHunt/Content/Fab/Megascans/Plants/Wheat_Grass_tdcrdbur/Medium/FoliageTypes/FT_tdcrdbur_VarA.uasset" 2061
"C:/Users/rexge/Documents/Unreal Projects/TheBigHunt/Content/Fab/Megascans/Plants/Wheat_Grass_tdcrdbur/Medium/FoliageTypes/FT_tdcrdbur_VarA.uexp" 2062
"C:/Users/rexge/Documents/Unreal Projects/TheBigHunt/Content/Fab/Megascans/Plants/Wheat_Grass_tdcrdbur/Medium/tdcrdbur_tier_2/StaticMeshes/SM_tdcrdbur_VarB.ubulk" 2063
"C:/Users/rexge/Documents/Unreal Projects/TheBigHunt/Content/Fab/Megascans/Plants/Wheat_Grass_tdcrdbur/Medium/tdcrdbur_tier_2/StaticMeshes/SM_tdcrdbur_VarB.uasset" 2064
"C:/Users/rexge/Documents/Unreal Projects/TheBigHunt/Content/Fab/Megascans/Plants/Wheat_Grass_tdcrdbur/Medium/tdcrdbur_tier_2/StaticMeshes/SM_tdcrdbur_VarB.uexp" 2065
"C:/Users/rexge/Documents/Unreal Projects/TheBigHunt/Content/Fab/Megascans/Plants/Wheat_Grass_tdcrdbur/Medium/FoliageTypes/FT_tdcrdbur_VarB.uasset" 2066
"C:/Users/rexge/Documents/Unreal Projects/TheBigHunt/Content/Fab/Megascans/Plants/Wheat_Grass_tdcrdbur/Medium/FoliageTypes/FT_tdcrdbur_VarB.uexp" 2067
"C:/Users/rexge/Documents/Unreal Projects/TheBigHunt/Content/Fab/Megascans/Plants/Wheat_Grass_tdcrdbur/Medium/tdcrdbur_tier_2/StaticMeshes/SM_tdcrdbur_VarC.ubulk" 2068
"C:/Users/rexge/Documents/Unreal Projects/TheBigHunt/Content/Fab/Megascans/Plants/Wheat_Grass_tdcrdbur/Medium/tdcrdbur_tier_2/StaticMeshes/SM_tdcrdbur_VarC.uasset" 2069
"C:/Users/rexge/Documents/Unreal Projects/TheBigHunt/Content/Fab/Megascans/Plants/Wheat_Grass_tdcrdbur/Medium/tdcrdbur_tier_2/StaticMeshes/SM_tdcrdbur_VarC.uexp" 2070
"C:/Users/rexge/Documents/Unreal Projects/TheBigHunt/Content/Fab/Megascans/Plants/Wheat_Grass_tdcrdbur/Medium/FoliageTypes/FT_tdcrdbur_VarC.uasset" 2071
"C:/Users/rexge/Documents/Unreal Projects/TheBigHunt/Content/Fab/Megascans/Plants/Wheat_Grass_tdcrdbur/Medium/FoliageTypes/FT_tdcrdbur_VarC.uexp" 2072
"C:/Users/rexge/Documents/Unreal Projects/TheBigHunt/Content/Fab/Megascans/Plants/Wild_Grass_vlkhcbxia/Medium/vlkhcbxia_tier_2/Textures/T_vlkhcbxia_2K_Billboard_N-T.ubulk" 2073
"C:/Users/rexge/Documents/Unreal Projects/TheBigHunt/Content/Fab/Megascans/Plants/Wild_Grass_vlkhcbxia/Medium/vlkhcbxia_tier_2/Textures/T_vlkhcbxia_2K_Billboard_N-T.uasset" 2074
"C:/Users/rexge/Documents/Unreal Projects/TheBigHunt/Content/Fab/Megascans/Plants/Wild_Grass_vlkhcbxia/Medium/vlkhcbxia_tier_2/Textures/T_vlkhcbxia_2K_Billboard_N-T.uexp" 2075
"C:/Users/rexge/Documents/Unreal Projects/TheBigHunt/Content/Fab/Megascans/Plants/Wild_Grass_vlkhcbxia/Medium/vlkhcbxia_tier_2/Textures/T_vlkhcbxia_2K_Billboard_B-O.ubulk" 2076
"C:/Users/rexge/Documents/Unreal Projects/TheBigHunt/Content/Fab/Megascans/Plants/Wild_Grass_vlkhcbxia/Medium/vlkhcbxia_tier_2/Textures/T_vlkhcbxia_2K_Billboard_B-O.uasset" 2077
"C:/Users/rexge/Documents/Unreal Projects/TheBigHunt/Content/Fab/Megascans/Plants/Wild_Grass_vlkhcbxia/Medium/vlkhcbxia_tier_2/Textures/T_vlkhcbxia_2K_Billboard_B-O.uexp" 2078
"C:/Users/rexge/Documents/Unreal Projects/TheBigHunt/Content/Fab/Megascans/Plants/Wild_Grass_vlkhcbxia/Medium/vlkhcbxia_tier_2/Materials/MI_vlkhcbxia_Billboard.uasset" 2079
"C:/Users/rexge/Documents/Unreal Projects/TheBigHunt/Content/Fab/Megascans/Plants/Wild_Grass_vlkhcbxia/Medium/vlkhcbxia_tier_2/Materials/MI_vlkhcbxia_Billboard.uexp" 2080
"C:/Users/rexge/Documents/Unreal Projects/TheBigHunt/Content/Fab/Megascans/Plants/Wild_Grass_vlkhcbxia/Medium/vlkhcbxia_tier_2/Textures/T_vlkhcbxia_2K_ORT.ubulk" 2081
"C:/Users/rexge/Documents/Unreal Projects/TheBigHunt/Content/Fab/Megascans/Plants/Wild_Grass_vlkhcbxia/Medium/vlkhcbxia_tier_2/Textures/T_vlkhcbxia_2K_ORT.uasset" 2082
"C:/Users/rexge/Documents/Unreal Projects/TheBigHunt/Content/Fab/Megascans/Plants/Wild_Grass_vlkhcbxia/Medium/vlkhcbxia_tier_2/Textures/T_vlkhcbxia_2K_ORT.uexp" 2083
"C:/Users/rexge/Documents/Unreal Projects/TheBigHunt/Content/Fab/Megascans/Plants/Wild_Grass_vlkhcbxia/Medium/vlkhcbxia_tier_2/Textures/T_vlkhcbxia_2K_N.ubulk" 2084
"C:/Users/rexge/Documents/Unreal Projects/TheBigHunt/Content/Fab/Megascans/Plants/Wild_Grass_vlkhcbxia/Medium/vlkhcbxia_tier_2/Textures/T_vlkhcbxia_2K_N.uasset" 2085
"C:/Users/rexge/Documents/Unreal Projects/TheBigHunt/Content/Fab/Megascans/Plants/Wild_Grass_vlkhcbxia/Medium/vlkhcbxia_tier_2/Textures/T_vlkhcbxia_2K_N.uexp" 2086
"C:/Users/rexge/Documents/Unreal Projects/TheBigHunt/Content/Fab/Megascans/Plants/Wild_Grass_vlkhcbxia/Medium/vlkhcbxia_tier_2/Textures/T_vlkhcbxia_2K_B.ubulk" 2087
"C:/Users/rexge/Documents/Unreal Projects/TheBigHunt/Content/Fab/Megascans/Plants/Wild_Grass_vlkhcbxia/Medium/vlkhcbxia_tier_2/Textures/T_vlkhcbxia_2K_B.uasset" 2088
"C:/Users/rexge/Documents/Unreal Projects/TheBigHunt/Content/Fab/Megascans/Plants/Wild_Grass_vlkhcbxia/Medium/vlkhcbxia_tier_2/Textures/T_vlkhcbxia_2K_B.uexp" 2089
"C:/Users/rexge/Documents/Unreal Projects/TheBigHunt/Content/Fab/Megascans/Plants/Wild_Grass_vlkhcbxia/Medium/vlkhcbxia_tier_2/Materials/MI_vlkhcbxia.uasset" 2090
"C:/Users/rexge/Documents/Unreal Projects/TheBigHunt/Content/Fab/Megascans/Plants/Wild_Grass_vlkhcbxia/Medium/vlkhcbxia_tier_2/Materials/MI_vlkhcbxia.uexp" 2091
"C:/Users/rexge/Documents/Unreal Projects/TheBigHunt/Content/Fab/Megascans/Plants/Wild_Grass_vlkhcbxia/Medium/vlkhcbxia_tier_2/StaticMeshes/SM_vlkhcbxia_VarA.ubulk" 2092
"C:/Users/rexge/Documents/Unreal Projects/TheBigHunt/Content/Fab/Megascans/Plants/Wild_Grass_vlkhcbxia/Medium/vlkhcbxia_tier_2/StaticMeshes/SM_vlkhcbxia_VarA.uasset" 2093
"C:/Users/rexge/Documents/Unreal Projects/TheBigHunt/Content/Fab/Megascans/Plants/Wild_Grass_vlkhcbxia/Medium/vlkhcbxia_tier_2/StaticMeshes/SM_vlkhcbxia_VarA.uexp" 2094
"C:/Users/rexge/Documents/Unreal Projects/TheBigHunt/Content/Fab/Megascans/Plants/Wild_Grass_vlkhcbxia/Medium/FoliageTypes/FT_vlkhcbxia_VarA.uasset" 2095
"C:/Users/rexge/Documents/Unreal Projects/TheBigHunt/Content/Fab/Megascans/Plants/Wild_Grass_vlkhcbxia/Medium/FoliageTypes/FT_vlkhcbxia_VarA.uexp" 2096
"C:/Users/rexge/Documents/Unreal Projects/TheBigHunt/Content/Fab/Megascans/Plants/Wild_Grass_vlkhcbxia/Medium/vlkhcbxia_tier_2/StaticMeshes/SM_vlkhcbxia_VarB.ubulk" 2097
"C:/Users/rexge/Documents/Unreal Projects/TheBigHunt/Content/Fab/Megascans/Plants/Wild_Grass_vlkhcbxia/Medium/vlkhcbxia_tier_2/StaticMeshes/SM_vlkhcbxia_VarB.uasset" 2098
"C:/Users/rexge/Documents/Unreal Projects/TheBigHunt/Content/Fab/Megascans/Plants/Wild_Grass_vlkhcbxia/Medium/vlkhcbxia_tier_2/StaticMeshes/SM_vlkhcbxia_VarB.uexp" 2099
"C:/Users/rexge/Documents/Unreal Projects/TheBigHunt/Content/Fab/Megascans/Plants/Wild_Grass_vlkhcbxia/Medium/FoliageTypes/FT_vlkhcbxia_VarB.uasset" 2100
"C:/Users/rexge/Documents/Unreal Projects/TheBigHunt/Content/Fab/Megascans/Plants/Wild_Grass_vlkhcbxia/Medium/FoliageTypes/FT_vlkhcbxia_VarB.uexp" 2101
"C:/Users/rexge/Documents/Unreal Projects/TheBigHunt/Content/Fab/Megascans/Plants/Wild_Grass_vlkhcbxia/Medium/vlkhcbxia_tier_2/StaticMeshes/SM_vlkhcbxia_VarC.ubulk" 2102
"C:/Users/rexge/Documents/Unreal Projects/TheBigHunt/Content/Fab/Megascans/Plants/Wild_Grass_vlkhcbxia/Medium/vlkhcbxia_tier_2/StaticMeshes/SM_vlkhcbxia_VarC.uasset" 2103
"C:/Users/rexge/Documents/Unreal Projects/TheBigHunt/Content/Fab/Megascans/Plants/Wild_Grass_vlkhcbxia/Medium/vlkhcbxia_tier_2/StaticMeshes/SM_vlkhcbxia_VarC.uexp" 2104
"C:/Users/rexge/Documents/Unreal Projects/TheBigHunt/Content/Fab/Megascans/Plants/Wild_Grass_vlkhcbxia/Medium/FoliageTypes/FT_vlkhcbxia_VarC.uasset" 2105
"C:/Users/rexge/Documents/Unreal Projects/TheBigHunt/Content/Fab/Megascans/Plants/Wild_Grass_vlkhcbxia/Medium/FoliageTypes/FT_vlkhcbxia_VarC.uexp" 2106
"C:/Users/rexge/Documents/Unreal Projects/TheBigHunt/Content/Fab/Megascans/Plants/Wild_Grass_vlkhcbxia/Medium/vlkhcbxia_tier_2/StaticMeshes/SM_vlkhcbxia_VarD.ubulk" 2107
"C:/Users/rexge/Documents/Unreal Projects/TheBigHunt/Content/Fab/Megascans/Plants/Wild_Grass_vlkhcbxia/Medium/vlkhcbxia_tier_2/StaticMeshes/SM_vlkhcbxia_VarD.uasset" 2108
"C:/Users/rexge/Documents/Unreal Projects/TheBigHunt/Content/Fab/Megascans/Plants/Wild_Grass_vlkhcbxia/Medium/vlkhcbxia_tier_2/StaticMeshes/SM_vlkhcbxia_VarD.uexp" 2109
"C:/Users/rexge/Documents/Unreal Projects/TheBigHunt/Content/Fab/Megascans/Plants/Wild_Grass_vlkhcbxia/Medium/FoliageTypes/FT_vlkhcbxia_VarD.uasset" 2110
"C:/Users/rexge/Documents/Unreal Projects/TheBigHunt/Content/Fab/Megascans/Plants/Wild_Grass_vlkhcbxia/Medium/FoliageTypes/FT_vlkhcbxia_VarD.uexp" 2111
"C:/Users/rexge/Documents/Unreal Projects/TheBigHunt/Content/Fab/Megascans/Plants/Wild_Grass_vlkhcbxia/Medium/vlkhcbxia_tier_2/StaticMeshes/SM_vlkhcbxia_VarE.ubulk" 2112
"C:/Users/rexge/Documents/Unreal Projects/TheBigHunt/Content/Fab/Megascans/Plants/Wild_Grass_vlkhcbxia/Medium/vlkhcbxia_tier_2/StaticMeshes/SM_vlkhcbxia_VarE.uasset" 2113
"C:/Users/rexge/Documents/Unreal Projects/TheBigHunt/Content/Fab/Megascans/Plants/Wild_Grass_vlkhcbxia/Medium/vlkhcbxia_tier_2/StaticMeshes/SM_vlkhcbxia_VarE.uexp" 2114
"C:/Users/rexge/Documents/Unreal Projects/TheBigHunt/Content/Fab/Megascans/Plants/Wild_Grass_vlkhcbxia/Medium/FoliageTypes/FT_vlkhcbxia_VarE.uasset" 2115
"C:/Users/rexge/Documents/Unreal Projects/TheBigHunt/Content/Fab/Megascans/Plants/Wild_Grass_vlkhcbxia/Medium/FoliageTypes/FT_vlkhcbxia_VarE.uexp" 2116
"C:/Users/rexge/Documents/Unreal Projects/TheBigHunt/Content/Fab/Megascans/Plants/Wild_Grass_vlkhcbxia/Medium/vlkhcbxia_tier_2/StaticMeshes/SM_vlkhcbxia_VarF.ubulk" 2117
"C:/Users/rexge/Documents/Unreal Projects/TheBigHunt/Content/Fab/Megascans/Plants/Wild_Grass_vlkhcbxia/Medium/vlkhcbxia_tier_2/StaticMeshes/SM_vlkhcbxia_VarF.uasset" 2118
"C:/Users/rexge/Documents/Unreal Projects/TheBigHunt/Content/Fab/Megascans/Plants/Wild_Grass_vlkhcbxia/Medium/vlkhcbxia_tier_2/StaticMeshes/SM_vlkhcbxia_VarF.uexp" 2119
"C:/Users/rexge/Documents/Unreal Projects/TheBigHunt/Content/Fab/Megascans/Plants/Wild_Grass_vlkhcbxia/Medium/FoliageTypes/FT_vlkhcbxia_VarF.uasset" 2120
"C:/Users/rexge/Documents/Unreal Projects/TheBigHunt/Content/Fab/Megascans/Plants/Wild_Grass_vlkhcbxia/Medium/FoliageTypes/FT_vlkhcbxia_VarF.uexp" 2121
"C:/Users/rexge/Documents/Unreal Projects/TheBigHunt/Content/Fab/Megascans/Plants/Wild_Grass_vlkhcbxia/Medium/vlkhcbxia_tier_2/StaticMeshes/SM_vlkhcbxia_VarG.ubulk" 2122
"C:/Users/rexge/Documents/Unreal Projects/TheBigHunt/Content/Fab/Megascans/Plants/Wild_Grass_vlkhcbxia/Medium/vlkhcbxia_tier_2/StaticMeshes/SM_vlkhcbxia_VarG.uasset" 2123
"C:/Users/rexge/Documents/Unreal Projects/TheBigHunt/Content/Fab/Megascans/Plants/Wild_Grass_vlkhcbxia/Medium/vlkhcbxia_tier_2/StaticMeshes/SM_vlkhcbxia_VarG.uexp" 2124
"C:/Users/rexge/Documents/Unreal Projects/TheBigHunt/Content/Fab/Megascans/Plants/Wild_Grass_vlkhcbxia/Medium/FoliageTypes/FT_vlkhcbxia_VarG.uasset" 2125
"C:/Users/rexge/Documents/Unreal Projects/TheBigHunt/Content/Fab/Megascans/Plants/Wild_Grass_vlkhcbxia/Medium/FoliageTypes/FT_vlkhcbxia_VarG.uexp" 2126
"C:/Users/rexge/Documents/Unreal Projects/TheBigHunt/Content/Fab/Megascans/Plants/Wild_Grass_vlkhcbxia/Medium/vlkhcbxia_tier_2/StaticMeshes/SM_vlkhcbxia_VarH.ubulk" 2127
"C:/Users/rexge/Documents/Unreal Projects/TheBigHunt/Content/Fab/Megascans/Plants/Wild_Grass_vlkhcbxia/Medium/vlkhcbxia_tier_2/StaticMeshes/SM_vlkhcbxia_VarH.uasset" 2128
"C:/Users/rexge/Documents/Unreal Projects/TheBigHunt/Content/Fab/Megascans/Plants/Wild_Grass_vlkhcbxia/Medium/vlkhcbxia_tier_2/StaticMeshes/SM_vlkhcbxia_VarH.uexp" 2129
"C:/Users/rexge/Documents/Unreal Projects/TheBigHunt/Content/Fab/Megascans/Plants/Wild_Grass_vlkhcbxia/Medium/FoliageTypes/FT_vlkhcbxia_VarH.uasset" 2130
"C:/Users/rexge/Documents/Unreal Projects/TheBigHunt/Content/Fab/Megascans/Plants/Wild_Grass_vlkhcbxia/Medium/FoliageTypes/FT_vlkhcbxia_VarH.uexp" 2131
"C:/Users/rexge/Documents/Unreal Projects/TheBigHunt/Content/VRTemplate/Maps/VRTemplateMap.uexp" 2132
"C:/Users/rexge/Documents/Unreal Projects/TheBigHunt/Content/VRTemplate/Maps/VRTemplateMap.umap" 2133
