"C:/Users/rexge/Documents/Unreal Projects/TheBigHunt/TheBigHunt.uproject" 1
"../../../Engine/Plugins/AudioGameplay/AudioGameplay.uplugin" 2
"../../../Engine/Plugins/AudioGameplayVolume/AudioGameplayVolume.uplugin" 3
"../../../Engine/Plugins/AudioInsights/AudioInsights.uplugin" 4
"../../../Engine/Plugins/BlueprintFileUtils/BlueprintFileUtils.uplugin" 5
"../../../Engine/Plugins/ChaosClothAsset/ChaosClothAsset.uplugin" 6
"../../../Engine/Plugins/ChaosCloth/ChaosCloth.uplugin" 7
"../../../Engine/Plugins/Bridge/Bridge.uplugin" 8
"../../../Engine/Plugins/ChaosClothAssetEditor/ChaosClothAssetEditor.uplugin" 9
"../../../Engine/Plugins/ChaosVD/ChaosVD.uplugin" 10
"../../../Engine/Plugins/ChaosInsights/ChaosInsights.uplugin" 11
"../../../Engine/Plugins/Chooser/Chooser.uplugin" 12
"../../../Engine/Plugins/DiscoveryBeaconReceiver/DiscoveryBeaconReceiver.uplugin" 13
"../../../Engine/Plugins/EnhancedInput/EnhancedInput.uplugin" 14
"../../../Engine/Plugins/CmdLinkServer/CmdLinkServer.uplugin" 15
"../../../Engine/Plugins/Fab/Fab.uplugin" 16
"../../../Engine/Plugins/FastBuildController/FastBuildController.uplugin" 17
"../../../Engine/Plugins/IoStoreInsights/IoStoreInsights.uplugin" 18
"../../../Engine/Plugins/JsonBlueprintUtilities/JsonBlueprintUtilities.uplugin" 19
"../../../Engine/Plugins/LightWeightInstancesEditor/LightWeightInstancesEditor.uplugin" 20
"../../../Engine/Plugins/MassInsights/MassInsights.uplugin" 21
"../../../Engine/Plugins/MeshPainting/MeshPainting.uplugin" 22
"../../../Engine/Plugins/MemoryUsageQueries/MemoryUsageQueries.uplugin" 23
"../../../Engine/Plugins/Mutable/Mutable.uplugin" 24
"../../../Engine/Plugins/PCG/PCG.uplugin" 25
"../../../Engine/Plugins/RenderGraphInsights/RenderGraphInsights.uplugin" 26
"../../../Engine/Plugins/ScriptPlugin/ScriptPlugin.uplugin" 27
"../../../Engine/Plugins/TextureGraph/TextureGraph.uplugin" 28
"../../../Engine/Plugins/TraceUtilities/TraceUtilities.uplugin" 29
"../../../Engine/Plugins/UbaController/UbaController.uplugin" 30
"../../../Engine/Plugins/WorldMetrics/WorldMetrics.uplugin" 31
"../../../Engine/Plugins/XGEController/XGEController.uplugin" 32
"../../../Engine/Plugins/Developer/AnimationSharing/AnimationSharing.uplugin" 33
"../../../Engine/Plugins/Developer/BlankPlugin/BlankPlugin.uplugin" 34
"../../../Engine/Plugins/Developer/CLionSourceCodeAccess/CLionSourceCodeAccess.uplugin" 35
"../../../Engine/Plugins/Developer/CodeLiteSourceCodeAccess/CodeLiteSourceCodeAccess.uplugin" 36
"../../../Engine/Plugins/Developer/DirectoryPlaceholder/DirectoryPlaceholder.uplugin" 37
"../../../Engine/Plugins/Developer/DumpGPUServices/DumpGPUServices.uplugin" 38
"../../../Engine/Plugins/Developer/FieldNotificationTrace/FieldNotificationTrace.uplugin" 39
"../../../Engine/Plugins/Developer/GitSourceControl/GitSourceControl.uplugin" 40
"../../../Engine/Plugins/Developer/KDevelopSourceCodeAccess/KDevelopSourceCodeAccess.uplugin" 41
"../../../Engine/Plugins/Developer/N10XSourceCodeAccess/N10XSourceCodeAccess.uplugin" 42
"../../../Engine/Plugins/Developer/NamingTokens/NamingTokens.uplugin" 43
"../../../Engine/Plugins/Developer/NullSourceCodeAccess/NullSourceCodeAccess.uplugin" 44
"../../../Engine/Plugins/Developer/OneSkyLocalizationService/OneSkyLocalizationService.uplugin" 45
"../../../Engine/Plugins/Developer/PerforceSourceControl/PerforceSourceControl.uplugin" 46
"../../../Engine/Plugins/Developer/PixWinPlugin/PixWinPlugin.uplugin" 47
"../../../Engine/Plugins/Developer/PlasticSourceControl/PlasticSourceControl.uplugin" 48
"../../../Engine/Plugins/Developer/PluginUtils/PluginUtils.uplugin" 49
"../../../Engine/Plugins/Developer/PropertyAccessNode/PropertyAccessNode.uplugin" 50
"../../../Engine/Plugins/Developer/RiderSourceCodeAccess/RiderSourceCodeAccess.uplugin" 51
"../../../Engine/Plugins/Developer/RenderDocPlugin/RenderDocPlugin.uplugin" 52
"../../../Engine/Plugins/Developer/SubversionSourceControl/SubversionSourceControl.uplugin" 53
"../../../Engine/Plugins/Developer/TextureFormatOodle/TextureFormatOodle.uplugin" 54
"../../../Engine/Plugins/Developer/TraceDataFiltering/TraceDataFilters.uplugin" 55
"../../../Engine/Plugins/Developer/TraceSourceFiltering/TraceSourceFilters.uplugin" 56
"../../../Engine/Plugins/Developer/VisualStudioSourceCodeAccess/VisualStudioSourceCodeAccess.uplugin" 57
"../../../Engine/Plugins/Developer/XcodeGPUDebuggerPlugin/XcodeGPUDebuggerPlugin.uplugin" 58
"../../../Engine/Plugins/Developer/ProjectLauncher/ProjectLauncher.uplugin" 59
"../../../Engine/Plugins/Developer/UObjectPlugin/UObjectPlugin.uplugin" 60
"../../../Engine/Plugins/Developer/XCodeSourceCodeAccess/XCodeSourceCodeAccess.uplugin" 61
"../../../Engine/Plugins/Experimental/AbilitySystemGameFeatureActions/AbilitySystemGameFeatureActions.uplugin" 62
"../../../Engine/Plugins/Experimental/AdvancedRenamer/AdvancedRenamer.uplugin" 63
"../../../Engine/Plugins/Experimental/ActorPalette/ActorPalette.uplugin" 64
"../../../Engine/Plugins/Experimental/AnimNext/AnimNext.uplugin" 65
"../../../Engine/Plugins/Experimental/AnimNextChooser/AnimNextChooser.uplugin" 66
"../../../Engine/Plugins/Experimental/AnimNextControlRig/AnimNextControlRig.uplugin" 67
"../../../Engine/Plugins/Experimental/AnimNextStateTree/AnimNextStateTree.uplugin" 68
"../../../Engine/Plugins/Experimental/AnimNextWarping/AnimNextWarping.uplugin" 69
"../../../Engine/Plugins/Experimental/AnimToTexture/AnimToTexture.uplugin" 70
"../../../Engine/Plugins/Experimental/AsyncMessageSystem/AsyncMessageSystem.uplugin" 71
"../../../Engine/Plugins/Experimental/AsyncMessageSystemTests/AsyncMessageSystemTests.uplugin" 72
"../../../Engine/Plugins/Developer/VisualStudioCodeSourceCodeAccess/VisualStudioCodeSourceCodeAccess.uplugin" 73
"../../../Engine/Plugins/Experimental/AutomationUtils/AutomationUtils.uplugin" 74
"../../../Engine/Plugins/Experimental/AvalancheDisplayCluster/AvalancheDisplayCluster.uplugin" 75
"../../../Engine/Plugins/Experimental/AvalancheSceneState/AvalancheSceneState.uplugin" 76
"../../../Engine/Plugins/Experimental/AvalancheDataLink/AvalancheDataLink.uplugin" 77
"../../../Engine/Plugins/Experimental/AnimNextAnimGraph/AnimNextAnimGraph.uplugin" 78
"../../../Engine/Plugins/Experimental/BackChannel/BackChannel.uplugin" 79
"../../../Engine/Plugins/Experimental/AvalancheSequenceNavigator/AvalancheSequenceNavigator.uplugin" 80
"../../../Engine/Plugins/Experimental/BlueprintSnapNodes/BlueprintSnapNodes.uplugin" 81
"../../../Engine/Plugins/Experimental/Buoyancy/Buoyancy.uplugin" 82
"../../../Engine/Plugins/Experimental/BlueprintStats/BlueprintStats.uplugin" 83
"../../../Engine/Plugins/Experimental/CelestialVault/CelestialVault.uplugin" 84
"../../../Engine/Plugins/Experimental/ChaosClothEditor/ChaosClothEditor.uplugin" 85
"../../../Engine/Plugins/Experimental/AnimNextPoseSearch/AnimNextPoseSearch.uplugin" 86
"../../../Engine/Plugins/Experimental/ChaosCaching/ChaosCaching.uplugin" 87
"../../../Engine/Plugins/Experimental/ChaosFlesh/ChaosFlesh.uplugin" 88
"../../../Engine/Plugins/Experimental/ChaosModularVehicleExamples/ChaosModularVehicleExamples.uplugin" 89
"../../../Engine/Plugins/Experimental/ChaosModularVehicle/ChaosModularVehicle.uplugin" 90
"../../../Engine/Plugins/Experimental/ChaosOutfitAsset/ChaosOutfitAsset.uplugin" 91
"../../../Engine/Plugins/Experimental/ChaosMover/ChaosMover.uplugin" 92
"../../../Engine/Plugins/Experimental/ChaosSolverPlugin/ChaosSolverPlugin.uplugin" 93
"../../../Engine/Plugins/Experimental/ChaosNiagara/ChaosNiagara.uplugin" 94
"../../../Engine/Plugins/Experimental/ChaosCachingUSD/ChaosCachingUSD.uplugin" 95
"../../../Engine/Plugins/Experimental/ChaosUserDataPT/ChaosUserDataPT.uplugin" 96
"../../../Engine/Plugins/Experimental/ChaosVehiclesPlugin/ChaosVehiclesPlugin.uplugin" 97
"../../../Engine/Plugins/Experimental/CharacterAI/CharacterAI.uplugin" 98
"../../../Engine/Plugins/Experimental/CodeEditor/CodeEditor.uplugin" 99
"../../../Engine/Plugins/Experimental/CineCameraSceneCapture/CineCameraSceneCapture.uplugin" 100
"../../../Engine/Plugins/Experimental/ChaosEditor/ChaosEditor.uplugin" 101
"../../../Engine/Plugins/Experimental/ColorCorrectRegions/ColorCorrectRegions.uplugin" 102
"../../../Engine/Plugins/Experimental/CodeView/CodeView.uplugin" 103
"../../../Engine/Plugins/Experimental/CommonConversation/CommonConversation.uplugin" 104
"../../../Engine/Plugins/Experimental/Dataflow/Dataflow.uplugin" 105
"../../../Engine/Plugins/Experimental/CinematicPrestreaming/CinematicPrestreaming.uplugin" 106
"../../../Engine/Plugins/Experimental/DataLink/DataLink.uplugin" 107
"../../../Engine/Plugins/Experimental/ControlFlows/ControlFlows.uplugin" 108
"../../../Engine/Plugins/Experimental/DaySequence/DaySequence.uplugin" 109
"../../../Engine/Plugins/Experimental/DefaultInstallBundleManager/DefaultInstallBundleManager.uplugin" 110
"../../../Engine/Plugins/Experimental/EditorDataStorageFeatures/EditorDataStorageFeatures.uplugin" 111
"../../../Engine/Plugins/Experimental/DataLinkOAuth/DataLinkOAuth.uplugin" 112
"../../../Engine/Plugins/Experimental/EditorTelemetry/EditorTelemetry.uplugin" 113
"../../../Engine/Plugins/Experimental/EditorPerformance/EditorPerformance.uplugin" 114
"../../../Engine/Plugins/Experimental/FieldSystemPlugin/FieldSystemPlugin.uplugin" 115
"../../../Engine/Plugins/Experimental/Fracture/Fracture.uplugin" 116
"../../../Engine/Plugins/Experimental/EvaluationNotifies/EvaluationNotifies.uplugin" 117
"../../../Engine/Plugins/Experimental/FloatingProperties/FloatingProperties.uplugin" 118
"../../../Engine/Plugins/Experimental/CineCameraRigs/CineCameraRigs.uplugin" 119
"../../../Engine/Plugins/Experimental/FullBodyIK/FullBodyIK.uplugin" 120
"../../../Engine/Plugins/Experimental/GameplayBehaviors/GameplayBehaviors.uplugin" 121
"../../../Engine/Plugins/Experimental/GameplayGraph/GameplayGraph.uplugin" 122
"../../../Engine/Plugins/Experimental/GameplayTargetingSystem/TargetingSystem.uplugin" 123
"../../../Engine/Plugins/Experimental/Gauntlet/Gauntlet.uplugin" 124
"../../../Engine/Plugins/Experimental/GameInputWindows/GameInputWindows.uplugin" 125
"../../../Engine/Plugins/Experimental/GeometryCacheAbcFile/GeometryCacheAbcFile.uplugin" 126
"../../../Engine/Plugins/Experimental/GeometryCollectionPlugin/GeometryCollectionPlugin.uplugin" 127
"../../../Engine/Plugins/Experimental/GeometryDataflow/GeometryDataflow.uplugin" 128
"../../../Engine/Plugins/Experimental/GizmoEdMode/GizmoEdMode.uplugin" 129
"../../../Engine/Plugins/Experimental/GeometryFlow/GeometryFlow.uplugin" 130
"../../../Engine/Plugins/Experimental/EditorDataStorage/EditorDataStorage.uplugin" 131
"../../../Engine/Plugins/Experimental/GizmoFramework/GizmoFramework.uplugin" 132
"../../../Engine/Plugins/Experimental/DynamicMaterialMediaStreamBridge/DynamicMaterialMediaStreamBridge.uplugin" 133
"../../../Engine/Plugins/Experimental/HairCardGenerator/HairCardGenerator.uplugin" 134
"../../../Engine/Plugins/Experimental/HairModelingToolset/HairModelingToolset.uplugin" 135
"../../../Engine/Plugins/Experimental/GPULightmass/GPULightmass.uplugin" 136
"../../../Engine/Plugins/Experimental/FastGeoStreaming/FastGeoStreaming.uplugin" 137
"../../../Engine/Plugins/Experimental/ImagePlate/ImagePlate.uplugin" 138
"../../../Engine/Plugins/Experimental/ImageWidgets/ImageWidgets.uplugin" 139
"../../../Engine/Plugins/Experimental/ImpostorBaker/ImpostorBaker.uplugin" 140
"../../../Engine/Plugins/Experimental/GeometryCacheLevelSequenceBaker/GeometryCacheLevelSequenceBaker.uplugin" 141
"../../../Engine/Plugins/Experimental/HairStrandsMutable/HairStrandsMutable.uplugin" 142
"../../../Engine/Plugins/Experimental/InteractionInterface/InteractionInterface.uplugin" 143
"../../../Engine/Plugins/Experimental/Iris/Iris.uplugin" 144
"../../../Engine/Plugins/Experimental/JWT/JWT.uplugin" 145
"../../../Engine/Plugins/Experimental/Landmass/Landmass.uplugin" 146
"../../../Engine/Plugins/Experimental/LandscapePatch/LandscapePatch.uplugin" 147
"../../../Engine/Plugins/Experimental/InlineMaterialInstance/InlineMaterialInstance.uplugin" 148
"../../../Engine/Plugins/Experimental/LearningAgents/LearningAgents.uplugin" 149
"../../../Engine/Plugins/Experimental/InstanceDataObjectFixupTool/InstanceDataObjectFixupTool.uplugin" 150
"../../../Engine/Plugins/Experimental/LiveLinkOpenVR/LiveLinkOpenVR.uplugin" 151
"../../../Engine/Plugins/Experimental/LiveLinkFaceImporter/LiveLinkFaceImporter.uplugin" 152
"../../../Engine/Plugins/Experimental/LowLevelNetTrace/LowLevelNetTrace.uplugin" 153
"../../../Engine/Plugins/Experimental/LiveLinkControlRig/LiveLinkControlRig.uplugin" 154
"../../../Engine/Plugins/Experimental/MediaStream/MediaStream.uplugin" 155
"../../../Engine/Plugins/Experimental/LevelSequenceNavigatorBridge/LevelSequenceNavigatorBridge.uplugin" 156
"../../../Engine/Plugins/Experimental/MediaViewer/MediaViewer.uplugin" 157
"../../../Engine/Plugins/Experimental/MeshResizing/MeshResizing.uplugin" 158
"../../../Engine/Plugins/Experimental/MeshModelingToolsetExp/MeshModelingToolsetExp.uplugin" 159
"../../../Engine/Plugins/Experimental/MLflow/MLflow.uplugin" 160
"../../../Engine/Plugins/Experimental/Mover/Mover.uplugin" 161
"../../../Engine/Plugins/Experimental/MetasoundExperimental/MetasoundExperimental.uplugin" 162
"../../../Engine/Plugins/Experimental/LocalizableMessage/LocalizableMessage.uplugin" 163
"../../../Engine/Plugins/Experimental/MotoSynth/MotoSynth.uplugin" 164
"../../../Engine/Plugins/Experimental/MoverAnimNext/MoverAnimNext.uplugin" 165
"../../../Engine/Plugins/Experimental/MoverExamples/MoverExamples.uplugin" 166
"../../../Engine/Plugins/Experimental/MoverTests/MoverTests.uplugin" 167
"../../../Engine/Plugins/Experimental/MoverIntegrations/MoverIntegrations.uplugin" 168
"../../../Engine/Plugins/Experimental/MovieScenePoseSearchTracks/MovieScenePoseSearchTracks.uplugin" 169
"../../../Engine/Plugins/Experimental/MutableClothing/MutableClothing.uplugin" 170
"../../../Engine/Plugins/Experimental/NeuralRendering/NeuralRendering.uplugin" 171
"../../../Engine/Plugins/Experimental/MutablePopulation/MutablePopulation.uplugin" 172
"../../../Engine/Plugins/Experimental/MovieSceneAnimMixer/MovieSceneAnimMixer.uplugin" 173
"../../../Engine/Plugins/Experimental/NaniteDisplacedMesh/NaniteDisplacedMesh.uplugin" 174
"../../../Engine/Plugins/Experimental/NNERuntimeBasicCpu/NNERuntimeBasicCpu.uplugin" 175
"../../../Engine/Plugins/Experimental/NFORDenoise/NFORDenoise.uplugin" 176
"../../../Engine/Plugins/Experimental/NNERuntimeCoreML/NNERuntimeCoreML.uplugin" 177
"../../../Engine/Plugins/Experimental/NNERuntimeRDG/NNERuntimeRDG.uplugin" 178
"../../../Engine/Plugins/Experimental/NNERuntimeIREE/NNERuntimeIREE.uplugin" 179
"../../../Engine/Plugins/Experimental/OptiXDenoise/OptiXDenoise.uplugin" 180
"../../../Engine/Plugins/Experimental/PanoramicCapture/PanoramicCapture.uplugin" 181
"../../../Engine/Plugins/Experimental/PCGBiomeSample/PCGBiomeSample.uplugin" 182
"../../../Engine/Plugins/Experimental/PhysicsControl/PhysicsControl.uplugin" 183
"../../../Engine/Plugins/Experimental/OpenImageDenoise/OpenImageDenoise.uplugin" 184
"../../../Engine/Plugins/Experimental/PCGBiomeCore/PCGBiomeCore.uplugin" 185
"../../../Engine/Plugins/Experimental/PlainPropsUObject/PlainPropsUObject.uplugin" 186
"../../../Engine/Plugins/Experimental/PlanarCutPlugin/PlanarCut.uplugin" 187
"../../../Engine/Plugins/Experimental/PixelStreamingPlayer/PixelStreamingPlayer.uplugin" 188
"../../../Engine/Plugins/Experimental/PlainProps/PlainProps.uplugin" 189
"../../../Engine/Plugins/Experimental/PluginReferenceViewer/PluginReferenceViewer.uplugin" 190
"../../../Engine/Plugins/Experimental/PlatformCrypto/PlatformCrypto.uplugin" 191
"../../../Engine/Plugins/Experimental/PSDImporterMaterialDesignerBridge/PSDImporterMaterialDesignerBridge.uplugin" 192
"../../../Engine/Plugins/Experimental/PluginAudit/PluginAudit.uplugin" 193
"../../../Engine/Plugins/Experimental/PSDImporter/PSDImporter.uplugin" 194
"../../../Engine/Plugins/Experimental/PluginTemplateTool/PluginTemplateTool.uplugin" 195
"../../../Engine/Plugins/Experimental/PythonFoundationPackages/PythonFoundationPackages.uplugin" 196
"../../../Engine/Plugins/Experimental/PythonScriptPlugin/PythonScriptPlugin.uplugin" 197
"../../../Engine/Plugins/Experimental/PostProcessMaterialChainGraph/PostProcessMaterialChainGraph.uplugin" 198
"../../../Engine/Plugins/Experimental/QuicMessaging/QuicMessaging.uplugin" 199
"../../../Engine/Plugins/Experimental/RazerChromaDevices/RazerChromaDevices.uplugin" 200
"../../../Engine/Plugins/Experimental/RemoteSession/RemoteSession.uplugin" 201
"../../../Engine/Plugins/Experimental/RawInput/RawInput.uplugin" 202
"../../../Engine/Plugins/Experimental/RemoteControlComponents/RemoteControlComponents.uplugin" 203
"../../../Engine/Plugins/Experimental/RigLogicMutable/RigLogicMutable.uplugin" 204
"../../../Engine/Plugins/Experimental/RenderGrid/RenderGrid.uplugin" 205
"../../../Engine/Plugins/Experimental/RigLogicAnimNext/RigLogicAnimNext.uplugin" 206
"../../../Engine/Plugins/Experimental/RuntimeTelemetry/RuntimeTelemetry.uplugin" 207
"../../../Engine/Plugins/Experimental/ScreenReader/ScreenReader.uplugin" 208
"../../../Engine/Plugins/Experimental/SceneState/SceneState.uplugin" 209
"../../../Engine/Plugins/Experimental/SecuritySandbox/SecuritySandbox.uplugin" 210
"../../../Engine/Plugins/Experimental/MotorSimOutputMotoSynth/MotorSimOutputMotoSynth.uplugin" 211
"../../../Engine/Plugins/Experimental/SequenceNavigator/SequenceNavigator.uplugin" 212
"../../../Engine/Plugins/Experimental/SlateIM/SlateIM.uplugin" 213
"../../../Engine/Plugins/Experimental/SerializationUtils/SerializationUtils.uplugin" 214
"../../../Engine/Plugins/Experimental/StateGraph/StateGraph.uplugin" 215
"../../../Engine/Plugins/Experimental/SkeletalReduction/SkeletalReduction.uplugin" 216
"../../../Engine/Plugins/Experimental/Shotgrid/Shotgrid.uplugin" 217
"../../../Engine/Plugins/Experimental/SimpleHMD/SimpleHMD.uplugin" 218
"../../../Engine/Plugins/Experimental/SubmitToolEditor/SubmitToolEditor.uplugin" 219
"../../../Engine/Plugins/Experimental/SlateScreenReader/SlateScreenReader.uplugin" 220
"../../../Engine/Plugins/Experimental/StructUtils/StructUtils.uplugin" 221
"../../../Engine/Plugins/Experimental/SlateModelViewViewModel/SlateModelViewViewModel.uplugin" 222
"../../../Engine/Plugins/Experimental/SpatialReadiness/SpatialReadiness.uplugin" 223
"../../../Engine/Plugins/Experimental/SubtitlesAndClosedCaptions/SubtitlesAndClosedCaptions.uplugin" 224
"../../../Engine/Plugins/Experimental/TargetDeviceServicesScripting/TargetDeviceServicesScripting.uplugin" 225
"../../../Engine/Plugins/Experimental/TetMeshing/TetMeshing.uplugin" 226
"../../../Engine/Plugins/Experimental/Tensorboard/Tensorboard.uplugin" 227
"../../../Engine/Plugins/Experimental/TextToSpeech/TextToSpeech.uplugin" 228
"../../../Engine/Plugins/Experimental/UserToolBoxCore/UserToolBoxCore.uplugin" 229
"../../../Engine/Plugins/Experimental/Text3D/Text3D.uplugin" 230
"../../../Engine/Plugins/Experimental/UserToolBoxBasicCommand/UserToolBoxBasicCommand.uplugin" 231
"../../../Engine/Plugins/Experimental/TextureMediaPlayer/TextureMediaPlayer.uplugin" 232
"../../../Engine/Plugins/Experimental/SVGImporter/SVGImporter.uplugin" 233
"../../../Engine/Plugins/Experimental/SurfaceEffects/SurfaceEffects.uplugin" 234
"../../../Engine/Plugins/Experimental/UIFramework/UIFramework.uplugin" 235
"../../../Engine/Plugins/Experimental/TechAudioTools/TechAudioTools.uplugin" 236
"../../../Engine/Plugins/Experimental/ToolPresets/ToolPresets.uplugin" 237
"../../../Engine/Plugins/Experimental/VirtualProductionUtilities/VirtualProductionUtilities.uplugin" 238
"../../../Engine/Plugins/Experimental/Volumetrics/Volumetrics.uplugin" 239
"../../../Engine/Plugins/Experimental/VirtualHeightfieldMesh/VirtualHeightfieldMesh.uplugin" 240
"../../../Engine/Plugins/Experimental/Water/Water.uplugin" 241
"../../../Engine/Plugins/Experimental/WaterExtras/WaterExtras.uplugin" 242
"../../../Engine/Plugins/Media/AndroidMedia/AndroidMedia.uplugin" 243
"../../../Engine/Plugins/Media/AjaMedia/AjaMedia.uplugin" 244
"../../../Engine/Plugins/Experimental/WaterAdvanced/WaterAdvanced.uplugin" 245
"../../../Engine/Plugins/Media/AndroidCamera/AndroidCamera.uplugin" 246
"../../../Engine/Plugins/Experimental/XRCreativeFramework/XRCreativeFramework.uplugin" 247
"../../../Engine/Plugins/Experimental/WebSocketMessaging/WebSocketMessaging.uplugin" 248
"../../../Engine/Plugins/Media/AppleProResDecoderElectra/AppleProResDecoderElectra.uplugin" 249
"../../../Engine/Plugins/Media/AppleProResMedia/AppleProResMedia.uplugin" 250
"../../../Engine/Plugins/Media/AvfMedia/AvfMedia.uplugin" 251
"../../../Engine/Plugins/Media/AvidDNxMedia/AvidDNxMedia.uplugin" 252
"../../../Engine/Plugins/Media/AudioCaptureTimecodeProvider/AudioCaptureTimecodeProvider.uplugin" 253
"../../../Engine/Plugins/Media/BinkMedia/BinkMedia.uplugin" 254
"../../../Engine/Plugins/Media/ElectraCDM/ElectraCDM.uplugin" 255
"../../../Engine/Plugins/Media/AvidDNxHDDecoderElectra/AvidDNxHDDecoderElectra.uplugin" 256
"../../../Engine/Plugins/Media/D3D12VideoDecodersElectra/D3D12VideoDecodersElectra.uplugin" 257
"../../../Engine/Plugins/Media/ElectraCodecs/ElectraCodecs.uplugin" 258
"../../../Engine/Plugins/Media/ElectraPlayer/ElectraPlayer.uplugin" 259
"../../../Engine/Plugins/Media/BlackmagicMedia/BlackmagicMedia.uplugin" 260
"../../../Engine/Plugins/Media/ElectraSubtitles/ElectraSubtitles.uplugin" 261
"../../../Engine/Plugins/Media/ElectraUtil/ElectraUtil.uplugin" 262
"../../../Engine/Plugins/Media/HAPMedia/HAPMedia.uplugin" 263
"../../../Engine/Plugins/Media/HAPDecoderElectra/HAPDecoderElectra.uplugin" 264
"../../../Engine/Plugins/Experimental/WidgetEditorToolPalette/WidgetEditorToolPalette.uplugin" 265
"../../../Engine/Plugins/Media/HardwareEncoders/HardwareEncoders.uplugin" 266
"../../../Engine/Plugins/Media/FlacDecoderElectra/FlacDecoderElectra.uplugin" 267
"../../../Engine/Plugins/Media/LinearTimecode/LinearTimecode.uplugin" 268
"../../../Engine/Plugins/Media/MediaCompositing/MediaCompositing.uplugin" 269
"../../../Engine/Plugins/Experimental/WebSocketNetworking/WebSocketNetworking.uplugin" 270
"../../../Engine/Plugins/Media/ImgMedia/ImgMedia.uplugin" 271
"../../../Engine/Plugins/Experimental/Workspace/Workspace.uplugin" 272
"../../../Engine/Plugins/Media/MfMedia/MfMedia.uplugin" 273
"../../../Engine/Plugins/Media/MediaPlate/MediaPlate.uplugin" 274
"../../../Engine/Plugins/Media/MediaMovieStreamer/MediaMovieStreamer.uplugin" 275
"../../../Engine/Plugins/Media/OpusDecoderElectra/OpusDecoderElectra.uplugin" 276
"../../../Engine/Plugins/Experimental/WaveFunctionCollapse/WaveFunctionCollapse.uplugin" 277
"../../../Engine/Plugins/Media/NDIMedia/NDIMedia.uplugin" 278
"../../../Engine/Plugins/Media/MediaPlayerEditor/MediaPlayerEditor.uplugin" 279
"../../../Engine/Plugins/Media/MediaIOFramework/MediaIOFramework.uplugin" 280
"../../../Engine/Plugins/Media/PixelStreaming/PixelStreaming.uplugin" 281
"../../../Engine/Plugins/Media/MediaFrameworkUtilities/MediaFrameworkUtilities.uplugin" 282
"../../../Engine/Plugins/Media/PixelStreaming2/PixelStreaming2.uplugin" 283
"../../../Engine/Plugins/Media/WebMMedia/WebMMedia.uplugin" 284
"../../../Engine/Plugins/MetaHuman/MetaHumanAnimator/MetaHuman.uplugin" 285
"../../../Engine/Plugins/Media/PixelCapture/PixelCapture.uplugin" 286
"../../../Engine/Plugins/Media/VPxDecoderElectra/VPxDecoderElectra.uplugin" 287
"../../../Engine/Plugins/Media/TimecodeSynchronizer/TimecodeSynchronizer.uplugin" 288
"../../../Engine/Plugins/MetaHuman/MetaHumanCalibrationProcessing/MetaHumanCalibrationProcessing.uplugin" 289
"../../../Engine/Plugins/MetaHuman/MetaHumanSDK/MetaHumanSDK.uplugin" 290
"../../../Engine/Plugins/MetaHuman/MetaHumanCharacter/MetaHumanCharacter.uplugin" 291
"../../../Engine/Plugins/MetaHuman/MetaHumanCoreTechLib/MetaHumanCoreTech.uplugin" 292
"../../../Engine/Plugins/Performance/AutomatedPerfTesting/AutomatedPerfTesting.uplugin" 293
"../../../Engine/Plugins/NetcodeUnitTest/NetcodeUnitTest/NetcodeUnitTest.uplugin" 294
"../../../Engine/Plugins/MetaHuman/MetaHumanLiveLink/MetaHumanLiveLink.uplugin" 295
"../../../Engine/Plugins/Performance/PerformanceMonitor/PerformanceMonitor.uplugin" 296
"../../../Engine/Plugins/NetcodeUnitTest/NUTUnrealEngine/NUTUnrealEngine.uplugin" 297
"../../../Engine/Plugins/Media/WmfMedia/WmfMedia.uplugin" 298
"../../../Engine/Plugins/Tests/CQTestEnhancedInput/CQTestEnhancedInput.uplugin" 299
"../../../Engine/Plugins/Tests/InterchangeTests/InterchangeTests.uplugin" 300
"../../../Engine/Plugins/Tests/AutomationDriverTests/AutomationDriverTests.uplugin" 301
"../../../Engine/Plugins/Tests/FunctionalTestingEditor/FunctionalTestingEditor.uplugin" 302
"../../../Engine/Plugins/Tests/EditorTests/EditorTests.uplugin" 303
"../../../Engine/Plugins/Tests/CQTest/CQTest.uplugin" 304
"../../../Engine/Plugins/Tests/RHITests/RHITests.uplugin" 305
"../../../Engine/Plugins/FX/Cascade/Cascade.uplugin" 306
"../../../Engine/Plugins/Tests/PythonAutomationTest/PythonAutomationTest.uplugin" 307
"../../../Engine/Plugins/Tests/WidgetAutomationTests/WidgetAutomationTests.uplugin" 308
"../../../Engine/Plugins/Tests/RuntimeTests/RuntimeTests.uplugin" 309
"../../../Engine/Plugins/Tests/TestFramework/TestFramework.uplugin" 310
"../../../Engine/Plugins/FX/ExampleCustomDataInterface/ExampleCustomDataInterface.uplugin" 311
"../../../Engine/Plugins/FX/NiagaraFluids/NiagaraFluids.uplugin" 312
"../../../Engine/Plugins/FX/Niagara/Niagara.uplugin" 313
"../../../Engine/Plugins/FX/NiagaraMRQ/NiagaraMRQ.uplugin" 314
"../../../Engine/Plugins/Tests/TestSamples/TestSamples.uplugin" 315
"../../../Engine/Plugins/FX/CascadeToNiagaraConverter/CascadeToNiagaraConverter.uplugin" 316
"../../../Engine/Plugins/Tests/FbxAutomationTestBuilder/FbxAutomationTestBuilder.uplugin" 317
"../../../Engine/Plugins/FX/NiagaraSimCaching/NiagaraSimCaching.uplugin" 318
"../../../Engine/Plugins/MovieScene/MoviePipelineMaskRenderPass/MoviePipelineMaskRenderPass.uplugin" 319
"../../../Engine/Plugins/MovieScene/ActorSequence/ActorSequence.uplugin" 320
"../../../Engine/Plugins/MovieScene/CustomizableSequencerTracks/CustomizableSequencerTracks.uplugin" 321
"../../../Engine/Plugins/MovieScene/MovieRenderPipeline/MovieRenderPipeline.uplugin" 322
"../../../Engine/Plugins/MovieScene/LevelSequenceEditor/LevelSequenceEditor.uplugin" 323
"../../../Engine/Plugins/MovieScene/ReplayTracks/ReplayTracks.uplugin" 324
"../../../Engine/Plugins/MovieScene/MovieSceneTextTrack/MovieSceneTextTrack.uplugin" 325
"../../../Engine/Plugins/MovieScene/TemplateSequence/TemplateSequence.uplugin" 326
"../../../Engine/Plugins/MovieScene/SequencerScripting/SequencerScripting.uplugin" 327
"../../../Engine/Plugins/Online/OnlineBase/OnlineBase.uplugin" 328
"../../../Engine/Plugins/Online/EOSShared/EOSShared.uplugin" 329
"../../../Engine/Plugins/Online/OnlineFramework/OnlineFramework.uplugin" 330
"../../../Engine/Plugins/Online/OnlineServices/OnlineServices.uplugin" 331
"../../../Engine/Plugins/Online/OnlineServicesEOS/OnlineServicesEOS.uplugin" 332
"../../../Engine/Plugins/Online/OnlineServicesNull/OnlineServicesNull.uplugin" 333
"../../../Engine/Plugins/Online/OnlineServicesEOSGS/OnlineServicesEOSGS.uplugin" 334
"../../../Engine/Plugins/Online/OnlineSubsystem/OnlineSubsystem.uplugin" 335
"../../../Engine/Plugins/Online/OnlineServicesEpicCommon/OnlineServicesEpicCommon.uplugin" 336
"../../../Engine/Plugins/Online/OnlineSubsystemApple/OnlineSubsystemApple.uplugin" 337
"../../../Engine/Plugins/Online/OnlineSubsystemFacebook/OnlineSubsystemFacebook.uplugin" 338
"../../../Engine/Plugins/Online/OnlineServicesOSSAdapter/OnlineServicesOSSAdapter.uplugin" 339
"../../../Engine/Plugins/Online/OnlineSubsystemEOS/OnlineSubsystemEOS.uplugin" 340
"../../../Engine/Plugins/Online/OnlineSubsystemGoogle/OnlineSubsystemGoogle.uplugin" 341
"../../../Engine/Plugins/Online/OnlineSubsystemTencent/OnlineSubsystemTencent.uplugin" 342
"../../../Engine/Plugins/Online/OnlineSubsystemUtils/OnlineSubsystemUtils.uplugin" 343
"../../../Engine/Plugins/Online/OnlineSubsystemNull/OnlineSubsystemNull.uplugin" 344
"../../../Engine/Plugins/Online/OnlineSubsystemAmazon/OnlineSubsystemAmazon.uplugin" 345
"../../../Engine/Plugins/Online/OnlineSubsystemSteam/OnlineSubsystemSteam.uplugin" 346
"../../../Engine/Plugins/Protocols/MQTT/MQTT.uplugin" 347
"../../../Engine/Plugins/Online/WebAuth/WebAuth.uplugin" 348
"../../../Engine/Plugins/Online/SocketSubsystemEOS/SocketSubsystemEOS.uplugin" 349
"../../../Engine/Plugins/Online/SocketSubsystemSteamIP/SocketSubsystemSteamIP.uplugin" 350
"../../../Engine/Plugins/VirtualProduction/ActorModifier/ActorModifier.uplugin" 351
"../../../Engine/Plugins/Slate/SlateInsights/SlateInsights.uplugin" 352
"../../../Engine/Plugins/VirtualProduction/Avalanche/Avalanche.uplugin" 353
"../../../Engine/Plugins/Online/EOSOverlayInputProvider/EOSOverlayInputProvider.uplugin" 354
"../../../Engine/Plugins/Slate/SlateScripting/SlateScripting.uplugin" 355
"../../../Engine/Plugins/VirtualProduction/CameraCalibrationML/CameraCalibrationML.uplugin" 356
"../../../Engine/Plugins/VirtualProduction/CaptureData/CaptureData.uplugin" 357
"../../../Engine/Plugins/VirtualProduction/CustomDetailsView/CustomDetailsView.uplugin" 358
"../../../Engine/Plugins/VirtualProduction/ActorModifierCore/ActorModifierCore.uplugin" 359
"../../../Engine/Plugins/VirtualProduction/DataCharts/DataCharts.uplugin" 360
"../../../Engine/Plugins/VirtualProduction/CompositePlane/CompositePlane.uplugin" 361
"../../../Engine/Plugins/VirtualProduction/CameraCalibration/CameraCalibration.uplugin" 362
"../../../Engine/Plugins/VirtualProduction/ClonerEffector/ClonerEffector.uplugin" 363
"../../../Engine/Plugins/VirtualProduction/CinematicAssemblyTools/CinematicAssemblyTools.uplugin" 364
"../../../Engine/Plugins/VirtualProduction/EpicStageApp/EpicStageApp.uplugin" 365
"../../../Engine/Plugins/VirtualProduction/GeometryMask/GeometryMask.uplugin" 366
"../../../Engine/Plugins/VirtualProduction/LevelSnapshots/LevelSnapshots.uplugin" 367
"../../../Engine/Plugins/VirtualProduction/ICVFXTesting/ICVFXTesting.uplugin" 368
"../../../Engine/Plugins/VirtualProduction/LiveLinkFreeD/LiveLinkFreeD.uplugin" 369
"../../../Engine/Plugins/VirtualProduction/LiveLinkCamera/LiveLinkCamera.uplugin" 370
"../../../Engine/Plugins/VirtualProduction/LensComponent/LensComponent.uplugin" 371
"../../../Engine/Plugins/VirtualProduction/LiveLinkLens/LiveLinkLens.uplugin" 372
"../../../Engine/Plugins/VirtualProduction/LiveLinkPrestonMDR/LiveLinkPrestonMDR.uplugin" 373
"../../../Engine/Plugins/VirtualProduction/CameraCalibrationCore/CameraCalibrationCore.uplugin" 374
"../../../Engine/Plugins/VirtualProduction/LiveLinkMasterLockit/LiveLinkMasterLockit.uplugin" 375
"../../../Engine/Plugins/VirtualProduction/LiveLinkInputDevice/LiveLinkInputDevice.uplugin" 376
"../../../Engine/Plugins/VirtualProduction/LiveLinkXR/LiveLinkXR.uplugin" 377
"../../../Engine/Plugins/VirtualProduction/LiveLinkVRPN/LiveLinkVRPN.uplugin" 378
"../../../Engine/Plugins/VirtualProduction/MultiUserTakes/MultiUserTakes.uplugin" 379
"../../../Engine/Plugins/VirtualProduction/PerformanceCaptureWorkflow/PerformanceCaptureWorkflow.uplugin" 380
"../../../Engine/Plugins/VirtualProduction/OperatorStack/OperatorStack.uplugin" 381
"../../../Engine/Plugins/VirtualProduction/PropertyAnimatorCore/PropertyAnimatorCore.uplugin" 382
"../../../Engine/Plugins/VirtualProduction/LiveLinkOpenTrackIO/LiveLinkOpenTrackIO.uplugin" 383
"../../../Engine/Plugins/VirtualProduction/RemoteControl/RemoteControl.uplugin" 384
"../../../Engine/Plugins/VirtualProduction/ICVFX/ICVFX.uplugin" 385
"../../../Engine/Plugins/VirtualProduction/RemoteControlInterception/RemoteControlInterception.uplugin" 386
"../../../Engine/Plugins/VirtualProduction/DynamicMaterial/DynamicMaterial.uplugin" 387
"../../../Engine/Plugins/VirtualProduction/StormSyncAvalancheBridge/StormSyncAvalancheBridge.uplugin" 388
"../../../Engine/Plugins/VirtualProduction/RemoteControlProtocolDMX/RemoteControlProtocolDMX.uplugin" 389
"../../../Engine/Plugins/VirtualProduction/RemoteControlWebInterface/RemoteControlWebInterface.uplugin" 390
"../../../Engine/Plugins/VirtualProduction/Switchboard/Switchboard.uplugin" 391
"../../../Engine/Plugins/VirtualProduction/StageMonitoring/StageMonitoring.uplugin" 392
"../../../Engine/Plugins/VirtualProduction/RemoteControlProtocolMIDI/RemoteControlProtocolMIDI.uplugin" 393
"../../../Engine/Plugins/VirtualProduction/Takes/Takes.uplugin" 394
"../../../Engine/Plugins/VirtualProduction/PropertyAnimator/PropertyAnimator.uplugin" 395
"../../../Engine/Plugins/VirtualProduction/SequencerPlaylists/SequencerPlaylists.uplugin" 396
"../../../Engine/Plugins/VirtualProduction/StormSync/StormSync.uplugin" 397
"../../../Engine/Plugins/VirtualProduction/TimedDataMonitor/TimedDataMonitor.uplugin" 398
"../../../Engine/Plugins/VirtualProduction/VirtualCamera/VirtualCamera.uplugin" 399
"../../../Engine/Plugins/AI/AISupport/AISupport.uplugin" 400
"../../../Engine/Plugins/VirtualProduction/VirtualCameraCore/VirtualCameraCore.uplugin" 401
"../../../Engine/Plugins/VirtualProduction/TextureShare/TextureShare.uplugin" 402
"../../../Engine/Plugins/AI/EnvironmentQueryEditor/EnvironmentQueryEditor.uplugin" 403
"../../../Engine/Plugins/Animation/ACLPlugin/ACLPlugin.uplugin" 404
"../../../Engine/Plugins/AI/HTNPlanner/HTNPlanner.uplugin" 405
"../../../Engine/Plugins/AI/MLAdapter/MLAdapter.uplugin" 406
"../../../Engine/Plugins/2D/Paper2D/Paper2D.uplugin" 407
"../../../Engine/Plugins/Animation/AnimationLocomotionLibrary/AnimationLocomotionLibrary.uplugin" 408
"../../../Engine/Plugins/Animation/AnimationModifierLibrary/AnimationModifierLibrary.uplugin" 409
"../../../Engine/Plugins/AI/MassCrowd/MassCrowd.uplugin" 410
"../../../Engine/Plugins/Animation/AnimationData/AnimationData.uplugin" 411
"../../../Engine/Plugins/Animation/AnimationWarping/AnimationWarping.uplugin" 412
"../../../Engine/Plugins/Animation/AnimatorKit/AnimatorKit.uplugin" 413
"../../../Engine/Plugins/Animation/BlendSpaceMotionAnalysis/BlendSpaceMotionAnalysis.uplugin" 414
"../../../Engine/Plugins/VirtualProduction/RemoteControlProtocolOSC/RemoteControlProtocolOSC.uplugin" 415
"../../../Engine/Plugins/Animation/ControlRig/ControlRig.uplugin" 416
"../../../Engine/Plugins/Animation/ControlRigSpline/ControlRigSpline.uplugin" 417
"../../../Engine/Plugins/Animation/DeformerGraph/DeformerGraph.uplugin" 418
"../../../Engine/Plugins/Animation/BlendStack/BlendStack.uplugin" 419
"../../../Engine/Plugins/Animation/ControlRigModules/ControlRigModules.uplugin" 420
"../../../Engine/Plugins/Animation/LiveLink/LiveLink.uplugin" 421
"../../../Engine/Plugins/Animation/GeneSplicer/GeneSplicer.uplugin" 422
"../../../Engine/Plugins/Animation/DNACalib/DNACalib.uplugin" 423
"../../../Engine/Plugins/Animation/GameplayInsights/GameplayInsights.uplugin" 424
"../../../Engine/Plugins/Animation/LiveLinkCurveDebugUI/LiveLinkCurveDebugUI.uplugin" 425
"../../../Engine/Plugins/AI/MassAI/MassAI.uplugin" 426
"../../../Engine/Plugins/Animation/LiveLinkDevice/LiveLinkDevice.uplugin" 427
"../../../Engine/Plugins/Animation/LiveLinkHub/LiveLinkHub.uplugin" 428
"../../../Engine/Plugins/Animation/IKRig/IKRig.uplugin" 429
"../../../Engine/Plugins/Animation/LiveLinkExampleDevice/LiveLinkExampleDevice.uplugin" 430
"../../../Engine/Plugins/Animation/PoseSearch/PoseSearch.uplugin" 431
"../../../Engine/Plugins/Cameras/EngineCameras/EngineCameras.uplugin" 432
"../../../Engine/Plugins/Cameras/CameraShakePreviewer/CameraShakePreviewer.uplugin" 433
"../../../Engine/Plugins/Animation/RigLogic/RigLogic.uplugin" 434
"../../../Engine/Plugins/Animation/TweeningUtils/TweeningUtils.uplugin" 435
"../../../Engine/Plugins/Animation/PerformanceCaptureCore/PerformanceCaptureCore.uplugin" 436
"../../../Engine/Plugins/Animation/MotionWarping/MotionWarping.uplugin" 437
"../../../Engine/Plugins/Cameras/GameplayCameras/GameplayCameras.uplugin" 438
"../../../Engine/Plugins/VirtualProduction/VirtualScouting/VirtualScouting.uplugin" 439
"../../../Engine/Plugins/Compositing/Composure/Composure.uplugin" 440
"../../../Engine/Plugins/Animation/SkeletalMeshModelingTools/SkeletalMeshModelingTools.uplugin" 441
"../../../Engine/Plugins/Compositing/LensDistortion/LensDistortion.uplugin" 442
"../../../Engine/Plugins/Editor/AssetReferenceRestrictions/AssetReferenceRestrictions.uplugin" 443
"../../../Engine/Plugins/Compression/OodleNetwork/OodleNetwork.uplugin" 444
"../../../Engine/Plugins/Compositing/OpenCVLensDistortion/OpenCVLensDistortion.uplugin" 445
"../../../Engine/Plugins/Editor/AssetSearch/AssetSearch.uplugin" 446
"../../../Engine/Plugins/Editor/BlueprintHeaderView/BlueprintHeaderView.uplugin" 447
"../../../Engine/Plugins/Editor/ColorGrading/ColorGrading.uplugin" 448
"../../../Engine/Plugins/Editor/ConsoleVariablesEditor/ConsoleVariables.uplugin" 449
"../../../Engine/Plugins/Editor/CryptoKeys/CryptoKeys.uplugin" 450
"../../../Engine/Plugins/Editor/ChangelistReview/ChangelistReview.uplugin" 451
"../../../Engine/Plugins/Editor/CurveEditorTools/CurveEditorTools.uplugin" 452
"../../../Engine/Plugins/Editor/BlueprintMaterialTextureNodes/BlueprintMaterialTextureNodes.uplugin" 453
"../../../Engine/Plugins/Editor/DataValidation/DataValidation.uplugin" 454
"../../../Engine/Plugins/Compositing/OpenColorIO/OpenColorIO.uplugin" 455
"../../../Engine/Plugins/Editor/EngineAssetDefinitions/EngineAssetDefinitions.uplugin" 456
"../../../Engine/Plugins/Editor/EditorSysConfigAssistant/EditorSysConfigAssistant.uplugin" 457
"../../../Engine/Plugins/Editor/DisplayClusterLaunch/DisplayClusterLaunch.uplugin" 458
"../../../Engine/Plugins/Editor/EditorDebugTools/EditorDebugTools.uplugin" 459
"../../../Engine/Plugins/Editor/EditorScriptingUtilities/EditorScriptingUtilities.uplugin" 460
"../../../Engine/Plugins/Editor/FacialAnimation/FacialAnimation.uplugin" 461
"../../../Engine/Plugins/Editor/MacGraphicsSwitching/MacGraphicsSwitching.uplugin" 462
"../../../Engine/Plugins/Editor/LiveUpdateForSlate/LiveUpdateForSlate.uplugin" 463
"../../../Engine/Plugins/Editor/GameplayTagsEditor/GameplayTagsEditor.uplugin" 464
"../../../Engine/Plugins/Editor/MakeCookedEditorAsDLC/MakeCookedEditorAsDLC.uplugin" 465
"../../../Engine/Plugins/Editor/MeshLODToolset/MeshLODToolset.uplugin" 466
"../../../Engine/Plugins/Editor/AssetManagerEditor/AssetManagerEditor.uplugin" 467
"../../../Engine/Plugins/Editor/GuidedTutorials/GuidedTutorials.uplugin" 468
"../../../Engine/Plugins/Editor/ModelingToolsEditorMode/ModelingToolsEditorMode.uplugin" 469
"../../../Engine/Plugins/Editor/ModelViewViewModelPreview/ModelViewViewModelPreview.uplugin" 470
"../../../Engine/Plugins/Editor/MobileLauncherProfileWizard/MobileLauncherProfileWizard.uplugin" 471
"../../../Engine/Plugins/Editor/PluginBrowser/PluginBrowser.uplugin" 472
"../../../Engine/Plugins/Editor/ProxyLODPlugin/ProxyLODPlugin.uplugin" 473
"../../../Engine/Plugins/Editor/SpeedTreeImporter/SpeedTreeImporter.uplugin" 474
"../../../Engine/Plugins/Editor/SequencerAnimTools/SequencerAnimTools.uplugin" 475
"../../../Engine/Plugins/Editor/WaveformEditor/WaveformEditor.uplugin" 476
"../../../Engine/Plugins/Editor/MaterialAnalyzer/MaterialAnalyzer.uplugin" 477
"../../../Engine/Plugins/Editor/SampleToolsEditorMode/SampleToolsEditorMode.uplugin" 478
"../../../Engine/Plugins/Editor/AssetRegistryExport/AssetRegistryExport.uplugin" 479
"../../../Engine/Plugins/Editor/ScriptableToolsEditorMode/ScriptableToolsEditorMode.uplugin" 480
"../../../Engine/Plugins/Editor/GeometryMode/GeometryMode.uplugin" 481
"../../../Engine/Plugins/Enterprise/AxFImporter/AxFImporter.uplugin" 482
"../../../Engine/Plugins/Editor/UVEditor/UVEditor.uplugin" 483
"../../../Engine/Plugins/Editor/WorldPartitionHLODUtilities/WorldPartitionHLODUtilities.uplugin" 484
"../../../Engine/Plugins/Enterprise/DatasmithContent/DatasmithContent.uplugin" 485
"../../../Engine/Plugins/Editor/StylusInput/StylusInput.uplugin" 486
"../../../Engine/Plugins/Enterprise/DataprepEditor/DataprepEditor.uplugin" 487
"../../../Engine/Plugins/Enterprise/DatasmithC4DImporter/DatasmithC4DImporter.uplugin" 488
"../../../Engine/Plugins/Editor/UMGWidgetPreview/UMGWidgetPreview.uplugin" 489
"../../../Engine/Plugins/Enterprise/GLTFExporter/GLTFExporter.uplugin" 490
"../../../Engine/Plugins/Enterprise/DatasmithImporter/DatasmithImporter.uplugin" 491
"../../../Engine/Plugins/Enterprise/MDLImporter/MDLImporter.uplugin" 492
"../../../Engine/Plugins/Enterprise/DatasmithFBXImporter/DatasmithFBXImporter.uplugin" 493
"../../../Engine/Plugins/Enterprise/DatasmithCADImporter/DatasmithCADImporter.uplugin" 494
"../../../Engine/Plugins/Enterprise/VariantManager/VariantManager.uplugin" 495
"../../../Engine/Plugins/Enterprise/LidarPointCloud/LidarPointCloud.uplugin" 496
"../../../Engine/Plugins/Importers/AlembicImporter/AlembicImporter.uplugin" 497
"../../../Engine/Plugins/Importers/AlembicHairImporter/AlembicHairImporter.uplugin" 498
"../../../Engine/Plugins/Portal/LauncherChunkInstaller/LauncherChunkInstaller.uplugin" 499
"../../../Engine/Plugins/PCGInterops/PCGGeometryScriptInterop/PCGGeometryScriptInterop.uplugin" 500
"../../../Engine/Plugins/Editor/StaticMeshEditorModeling/StaticMeshEditorModeling.uplugin" 501
"../../../Engine/Plugins/Messaging/MessagingDebugger/MessagingDebugger.uplugin" 502
"../../../Engine/Plugins/Importers/USDImporter/USDImporter.uplugin" 503
"../../../Engine/Plugins/PCGInterops/PCGExternalDataInterop/PCGExternalDataInterop.uplugin" 504
"../../../Engine/Plugins/Runtime/ActorLayerUtilities/ActorLayerUtilities.uplugin" 505
"../../../Engine/Plugins/Runtime/AndroidFileServer/AndroidFileServer.uplugin" 506
"../../../Engine/Plugins/Importers/USDImporterMDL/USDImporterMDL.uplugin" 507
"../../../Engine/Plugins/Runtime/AndroidMoviePlayer/AndroidMoviePlayer.uplugin" 508
"../../../Engine/Plugins/Runtime/AndroidPermission/AndroidPermission.uplugin" 509
"../../../Engine/Plugins/Runtime/ApexDestruction/ApexDestruction.uplugin" 510
"../../../Engine/Plugins/Runtime/ADM/ADM.uplugin" 511
"../../../Engine/Plugins/Importers/USDMultiUser/USDMultiUser.uplugin" 512
"../../../Engine/Plugins/Runtime/AppleImageUtils/AppleImageUtils.uplugin" 513
"../../../Engine/Plugins/Enterprise/VariantManagerContent/VariantManagerContent.uplugin" 514
"../../../Engine/Plugins/Runtime/ArchVisCharacter/ArchVisCharacter.uplugin" 515
"../../../Engine/Plugins/Runtime/AndroidDeviceProfileSelector/AndroidDeviceProfileSelector.uplugin" 516
"../../../Engine/Plugins/Runtime/AudioCapture/AudioCapture.uplugin" 517
"../../../Engine/Plugins/Runtime/AudioModulation/AudioModulation.uplugin" 518
"../../../Engine/Plugins/Runtime/AudioWidgets/AudioWidgets.uplugin" 519
"../../../Engine/Plugins/Runtime/AudioSynesthesia/AudioSynesthesia.uplugin" 520
"../../../Engine/Plugins/Runtime/CableComponent/CableComponent.uplugin" 521
"../../../Engine/Plugins/Runtime/ChunkDownloader/ChunkDownloader.uplugin" 522
"../../../Engine/Plugins/Runtime/CommonUI/CommonUI.uplugin" 523
"../../../Engine/Plugins/Runtime/AssetTags/AssetTags.uplugin" 524
"../../../Engine/Plugins/Runtime/DataRegistry/DataRegistry.uplugin" 525
"../../../Engine/Plugins/Runtime/ComputeFramework/ComputeFramework.uplugin" 526
"../../../Engine/Plugins/Runtime/AudioMotorSim/AudioMotorSim.uplugin" 527
"../../../Engine/Plugins/Runtime/AppleMoviePlayer/AppleMoviePlayer.uplugin" 528
"../../../Engine/Plugins/Runtime/CustomMeshComponent/CustomMeshComponent.uplugin" 529
"../../../Engine/Plugins/Runtime/ExampleDeviceProfileSelector/ExampleDeviceProfileSelector.uplugin" 530
"../../../Engine/Plugins/Interchange/Assets/InterchangeAssets.uplugin" 531
"../../../Engine/Plugins/Runtime/GameFeatures/GameFeatures.uplugin" 532
"../../../Engine/Plugins/Runtime/GameInput/GameInput.uplugin" 533
"../../../Engine/Plugins/Runtime/GameplayAbilities/GameplayAbilities.uplugin" 534
"../../../Engine/Plugins/Runtime/GameplayInteractions/GameplayInteractions.uplugin" 535
"../../../Engine/Plugins/Runtime/GeometryCache/GeometryCache.uplugin" 536
"../../../Engine/Plugins/Runtime/GameplayStateTree/GameplayStateTree.uplugin" 537
"../../../Engine/Plugins/Interchange/Runtime/Interchange.uplugin" 538
"../../../Engine/Plugins/Runtime/Firebase/Firebase.uplugin" 539
"../../../Engine/Plugins/Messaging/TcpMessaging/TcpMessaging.uplugin" 540
"../../../Engine/Plugins/Runtime/GeoReferencing/GeoReferencing.uplugin" 541
"../../../Engine/Plugins/Runtime/GooglePAD/GooglePAD.uplugin" 542
"../../../Engine/Plugins/Runtime/GeometryProcessing/GeometryProcessing.uplugin" 543
"../../../Engine/Plugins/Runtime/GeometryScripting/GeometryScripting.uplugin" 544
"../../../Engine/Plugins/Runtime/HTTPChunkInstaller/HTTPChunkInstaller.uplugin" 545
"../../../Engine/Plugins/Runtime/HPMotionController/HPMotionController.uplugin" 546
"../../../Engine/Plugins/Runtime/GoogleCloudMessaging/GoogleCloudMessaging.uplugin" 547
"../../../Engine/Plugins/Runtime/Harmonix/Harmonix.uplugin" 548
"../../../Engine/Plugins/Runtime/GameplayBehaviorSmartObjects/GameplayBehaviorSmartObjects.uplugin" 549
"../../../Engine/Plugins/Runtime/InstancedActors/InstancedActors.uplugin" 550
"../../../Engine/Plugins/Runtime/HDRIBackdrop/HDRIBackdrop.uplugin" 551
"../../../Engine/Plugins/Runtime/AnimationBudgetAllocator/AnimationBudgetAllocator.uplugin" 552
"../../../Engine/Plugins/Runtime/IOSReplayKit/IOSReplayKit.uplugin" 553
"../../../Engine/Plugins/NNE/NNEDenoiser/NNEDenoiser.uplugin" 554
"../../../Engine/Plugins/Runtime/IOSDeviceProfileSelector/IOSDeviceProfileSelector.uplugin" 555
"../../../Engine/Plugins/Runtime/LiveLinkOvernDisplay/LiveLinkOverNDisplay.uplugin" 556
"../../../Engine/Plugins/Runtime/LocationServicesIOSImpl/LocationServicesIOSImpl.uplugin" 557
"../../../Engine/Plugins/Runtime/LevelStreamingPersistence/LevelStreamingPersistence.uplugin" 558
"../../../Engine/Plugins/Runtime/MassGameplay/MassGameplay.uplugin" 559
"../../../Engine/Plugins/Runtime/Metasound/Metasound.uplugin" 560
"../../../Engine/Plugins/Runtime/LocationServicesBPLibrary/LocationServicesBPLibrary.uplugin" 561
"../../../Engine/Plugins/Runtime/MicrosoftSpatialAudio/MicroSoftSpatialSound.uplugin" 562
"../../../Engine/Plugins/Runtime/MixedRealityCaptureFramework/MixedRealityCaptureFramework.uplugin" 563
"../../../Engine/Plugins/Interchange/Editor/InterchangeEditor.uplugin" 564
"../../../Engine/Plugins/Runtime/MassEntity/MassEntity.uplugin" 565
"../../../Engine/Plugins/Runtime/AndroidBackgroundService/AndroidBackgroundService.uplugin" 566
"../../../Engine/Plugins/Runtime/ModelViewViewModel/ModelViewViewModel.uplugin" 567
"../../../Engine/Plugins/Runtime/MobileFSR/MobileFSR.uplugin" 568
"../../../Engine/Plugins/Messaging/UdpMessaging/UdpMessaging.uplugin" 569
"../../../Engine/Plugins/Runtime/ModularGameplay/ModularGameplay.uplugin" 570
"../../../Engine/Plugins/Marketplace/MetaXRAudio/MetaXRAudio.uplugin" 571
"../../../Engine/Plugins/Runtime/MusicEnvironment/MusicEnvironment.uplugin" 572
"../../../Engine/Plugins/Runtime/LinuxDeviceProfileSelector/LinuxDeviceProfileSelector.uplugin" 573
"../../../Engine/Plugins/Runtime/MobilePatchingUtils/MobilePatchingUtils.uplugin" 574
"../../../Engine/Plugins/Runtime/HairStrands/HairStrands.uplugin" 575
"../../../Engine/Plugins/Runtime/MsQuic/MsQuic.uplugin" 576
"../../../Engine/Plugins/Runtime/MultiServerReplication/MultiServerReplication.uplugin" 577
"../../../Engine/Plugins/Runtime/NetworkPredictionInsights/NetworkPredictionInsights.uplugin" 578
"../../../Engine/Plugins/Runtime/NetworkPredictionExtras/NetworkPredictionExtras.uplugin" 579
"../../../Engine/Plugins/Runtime/MeshModelingToolset/MeshModelingToolset.uplugin" 580
"../../../Engine/Plugins/Runtime/InputDebugging/InputDebugging.uplugin" 581
"../../../Engine/Plugins/Runtime/nDisplayModularFeatures/nDisplayModularFeatures.uplugin" 582
"../../../Engine/Plugins/Runtime/NavCorridor/NavCorridor.uplugin" 583
"../../../Engine/Plugins/Runtime/OpenXRHandTracking/OpenXRHandTracking.uplugin" 584
"../../../Engine/Plugins/Runtime/NetworkPrediction/NetworkPrediction.uplugin" 585
"../../../Engine/Plugins/Runtime/OpenXRViveTracker/OpenXRViveTracker.uplugin" 586
"../../../Engine/Plugins/Runtime/OpenXR/OpenXR.uplugin" 587
"../../../Engine/Plugins/Runtime/OSC/OSC.uplugin" 588
"../../../Engine/Plugins/Runtime/OptionalMobileFeaturesBPLibrary/OptionalMobileFeaturesBPLibrary.uplugin" 589
"../../../Engine/Plugins/Runtime/RenderTrace/RenderTrace.uplugin" 590
"../../../Engine/Plugins/NNE/NNERuntimeORT/NNERuntimeORT.uplugin" 591
"../../../Engine/Plugins/Runtime/OpenXRMsftHandInteraction/OpenXRMsftHandInteraction.uplugin" 592
"../../../Engine/Plugins/Runtime/ReplicationGraph/ReplicationGraph.uplugin" 593
"../../../Engine/Plugins/Runtime/ResonanceAudio/ResonanceAudio.uplugin" 594
"../../../Engine/Plugins/Runtime/LocationServicesAndroidImpl/LocationServicesAndroidImpl.uplugin" 595
"../../../Engine/Plugins/Runtime/PropertyBindingUtils/PropertyBindingUtils.uplugin" 596
"../../../Engine/Plugins/Runtime/PreLoadScreenMoviePlayer/PreLoadScreenMoviePlayer.uplugin" 597
"../../../Engine/Plugins/Runtime/MIDIDevice/MIDIDevice.uplugin" 598
"../../../Engine/Plugins/Runtime/SignificanceManager/SignificanceManager.uplugin" 599
"../../../Engine/Plugins/Runtime/nDisplay/nDisplay.uplugin" 600
"../../../Engine/Plugins/Runtime/ScriptableToolsFramework/ScriptableToolsFramework.uplugin" 601
"../../../Engine/Plugins/Runtime/Soundscape/Soundscape.uplugin" 602
"../../../Engine/Plugins/Runtime/SoundUtilities/SoundUtilities.uplugin" 603
"../../../Engine/Plugins/Runtime/SoundMod/SoundMod.uplugin" 604
"../../../Engine/Plugins/Runtime/RigVM/RigVM.uplugin" 605
"../../../Engine/Plugins/Runtime/ProceduralMeshComponent/ProceduralMeshComponent.uplugin" 606
"../../../Engine/Plugins/Runtime/PropertyAccess/PropertyAccessEditor.uplugin" 607
"../../../Engine/Plugins/Runtime/SoundFields/SoundFields.uplugin" 608
"../../../Engine/Plugins/Runtime/SunPosition/SunPosition.uplugin" 609
"../../../Engine/Plugins/Runtime/StateTree/StateTree.uplugin" 610
"../../../Engine/Plugins/Runtime/WarpUtils/WarpUtils.uplugin" 611
"../../../Engine/Plugins/Runtime/WaveTable/WaveTable.uplugin" 612
"../../../Engine/Plugins/Runtime/Spatialization/Spatialization.uplugin" 613
"../../../Engine/Plugins/Runtime/ReplicationSystemTestPlugin/ReplicationSystemTestPlugin.uplugin" 614
"../../../Engine/Plugins/Runtime/SoundCueTemplates/SoundCueTemplates.uplugin" 615
"../../../Engine/Plugins/Runtime/SmartObjects/SmartObjects.uplugin" 616
"../../../Engine/Plugins/Runtime/WorldConditions/WorldConditions.uplugin" 617
"../../../Engine/Plugins/Runtime/SkeletalMerging/SkeletalMerging.uplugin" 618
"../../../Engine/Plugins/Runtime/Synthesis/Synthesis.uplugin" 619
"../../../Engine/Plugins/Runtime/WebBrowserNativeProxy/WebBrowserNativeProxy.uplugin" 620
"../../../Engine/Plugins/Runtime/XRBase/XRBase.uplugin" 621
"../../../Engine/Plugins/Runtime/WebMMoviePlayer/WebMMoviePlayer.uplugin" 622
"../../../Engine/Plugins/Runtime/ZoneGraph/ZoneGraph.uplugin" 623
"../../../Engine/Plugins/Runtime/WebBrowserWidget/WebBrowserWidget.uplugin" 624
"../../../Engine/Plugins/Runtime/WindowsDeviceProfileSelector/WindowsDeviceProfileSelector.uplugin" 625
"../../../Engine/Plugins/Runtime/WindowsMoviePlayer/WindowsMoviePlayer.uplugin" 626
"../../../Engine/Plugins/Runtime/OpenCV/OpenCV.uplugin" 627
"../../../Engine/Plugins/Experimental/AVCodecs/AVCodecsCore/AVCodecsCore.uplugin" 628
"../../../Engine/Plugins/Experimental/AVCodecs/AMFCodecs/AMFCodecs.uplugin" 629
"../../../Engine/Plugins/Runtime/USDCore/USDCore.uplugin" 630
"../../../Engine/Plugins/Experimental/AVCodecs/NVCodecs/NVCodecs.uplugin" 631
"../../../Engine/Plugins/Web/HttpBlueprint/HttpBlueprint.uplugin" 632
"../../../Engine/Plugins/Runtime/OpenXREyeTracker/OpenXREyeTracker.uplugin" 633
"../../../Engine/Plugins/Experimental/AVCodecs/WMFCodecs/WMFCodecs.uplugin" 634
"../../../Engine/Plugins/Runtime/ZoneGraphAnnotations/ZoneGraphAnnotations.uplugin" 635
"../../../Engine/Plugins/Animation/MLDeformer/ChaosFleshGenerator/ChaosFleshGenerator.uplugin" 636
"../../../Engine/Plugins/Experimental/AVCodecs/VTCodecs/VTCodecs.uplugin" 637
"../../../Engine/Plugins/Online/Android/OnlineSubsystemGooglePlay/OnlineSubsystemGooglePlay.uplugin" 638
"../../../Engine/Plugins/Animation/MLDeformer/ChaosClothGenerator/ChaosClothGenerator.uplugin" 639
"../../../Engine/Plugins/Animation/MLDeformer/MLDeformerFramework/MLDeformerFramework.uplugin" 640
"../../../Engine/Plugins/Animation/MLDeformer/NearestNeighborModel/NearestNeighborModel.uplugin" 641
"../../../Engine/Plugins/Animation/MLDeformer/NeuralMorphModel/NeuralMorphModel.uplugin" 642
"../../../Engine/Plugins/Online/Android/AndroidFetchBackgroundDownload/AndroidFetchBackgroundDownload.uplugin" 643
"../../../Engine/Plugins/Experimental/AVCodecs/LibVpxCodecs/LibVpxCodecs.uplugin" 644
"../../../Engine/Plugins/Animation/MLDeformer/VertexDeltaModel/VertexDeltaModel.uplugin" 645
"../../../Engine/Plugins/Editor/ContentBrowser/ContentBrowserFileDataSource/ContentBrowserFileDataSource.uplugin" 646
"../../../Engine/Plugins/Experimental/Animation/HierarchyTable/HierarchyTable.uplugin" 647
"../../../Engine/Plugins/Editor/ContentBrowser/ContentBrowserAssetDataSource/ContentBrowserAssetDataSource.uplugin" 648
"../../../Engine/Plugins/Experimental/Animation/ContextualAnimation/ContextualAnimation.uplugin" 649
"../../../Engine/Plugins/Experimental/Animation/HierarchyTableAnimation/HierarchyTableAnimation.uplugin" 650
"../../../Engine/Plugins/Editor/ContentBrowser/ContentBrowserAliasDataSource/ContentBrowserAliasDataSource.uplugin" 651
"../../../Engine/Plugins/Experimental/Animation/CurveExpression/CurveExpression.uplugin" 652
"../../../Engine/Plugins/Experimental/Animation/SkeletonTemplateFramework/SkeletonTemplateFramework.uplugin" 653
"../../../Engine/Plugins/Experimental/Enterprise/DataprepGeometryOperations/DataprepGeometryOperations.uplugin" 654
"../../../Engine/Plugins/Experimental/CharacterFXEditor/BaseCharacterFXEditor/BaseCharacterFXEditor.uplugin" 655
"../../../Engine/Plugins/Experimental/Animation/Locomotor/Locomotor.uplugin" 656
"../../../Engine/Plugins/Experimental/Animation/TrajectoryTools/TrajectoryTools.uplugin" 657
"../../../Engine/Plugins/Experimental/CharacterFXEditor/ExampleCharacterFXEditor/ExampleCharacterFXEditor.uplugin" 658
"../../../Engine/Plugins/Experimental/VirtualProduction/LedWallCalibration/LedWallCalibration.uplugin" 659
"../../../Engine/Plugins/Experimental/Enterprise/DatasmithRuntime/DatasmithRuntime.uplugin" 660
"../../../Engine/Plugins/Editor/ContentBrowser/ContentBrowserClassDataSource/ContentBrowserClassDataSource.uplugin" 661
"../../../Engine/Plugins/Experimental/VirtualProduction/VPSettings/VPSettings.uplugin" 662
"../../../Engine/Plugins/Online/IOS/OnlineSubsystemIOS/OnlineSubsystemIOS.uplugin" 663
"../../../Engine/Plugins/Experimental/Animation/Optimus/Optimus.uplugin" 664
"../../../Engine/Plugins/Experimental/Animation/SkeletalMeshMorphTargetEditingTools/SkeletalMeshMorphTargetEditingTools.uplugin" 665
"../../../Engine/Plugins/Experimental/Animation/MotionTrajectory/MotionTrajectory.uplugin" 666
"../../../Engine/Plugins/VirtualProduction/DMX/DatasmithMVR/DatasmithMVR.uplugin" 667
"../../../Engine/Plugins/Interchange/Extensions/OpenUSD/InterchangeOpenUSD.uplugin" 668
"../../../Engine/Plugins/Experimental/Enterprise/DatasmithInterchange/DatasmithInterchange.uplugin" 669
"../../../Engine/Plugins/Experimental/Animation/RigMapper/RigMapper.uplugin" 670
"../../../Engine/Plugins/Interchange/Extensions/OpenVDB/InterchangeOpenVDB.uplugin" 671
"../../../Engine/Plugins/VirtualProduction/DMX/DMXControlConsole/DMXControlConsole.uplugin" 672
"../../../Engine/Plugins/Experimental/VirtualProduction/VPRoles/VPRoles.uplugin" 673
"../../../Engine/Plugins/VirtualProduction/DMX/DMXDisplayCluster/DMXDisplayCluster.uplugin" 674
"../../../Engine/Plugins/VirtualProduction/DMX/DMXEngine/DMXEngine.uplugin" 675
"../../../Engine/Plugins/Experimental/Animation/PackedAttributes/PackedAttributes.uplugin" 676
"../../../Engine/Plugins/VirtualProduction/DMX/DMXPixelMapping/DMXPixelMapping.uplugin" 677
"../../../Engine/Plugins/VirtualProduction/DMX/DMXProtocol/DMXProtocol.uplugin" 678
"../../../Engine/Plugins/Runtime/AR/ARUtilities/ARUtilities.uplugin" 679
"../../../Engine/Plugins/VirtualProduction/DMX/DMXModularFeatures/DMXModularFeatures.uplugin" 680
"../../../Engine/Plugins/VirtualProduction/DMX/DMXGDTF/DMXGDTF.uplugin" 681
"../../../Engine/Plugins/VirtualProduction/DMX/DMXFixtures/DMXFixtures.uplugin" 682
"../../../Engine/Plugins/Runtime/Nvidia/Reflex/Reflex.uplugin" 683
"../../../Engine/Plugins/Runtime/PacketHandlers/AESHandlerComponent/AESHandlerComponent.uplugin" 684
"../../../Engine/Plugins/Experimental/MetaHuman/MetaHumanRuntime/MetaHumanRuntime.uplugin" 685
"../../../Engine/Plugins/Online/VoiceChat/EOSVoiceChat/EOSVoiceChat.uplugin" 686
"../../../Engine/Plugins/Runtime/PacketHandlers/DTLSHandlerComponent/DTLSHandlerComponent.uplugin" 687
"../../../Engine/Plugins/Runtime/Nvidia/GeForceNOWWrapper/GeForceNOWWrapper.uplugin" 688
"../../../Engine/Plugins/Runtime/Analytics/Adjust/Adjust.uplugin" 689
"../../../Engine/Plugins/Runtime/Analytics/AnalyticsMulticast/AnalyticsMulticast.uplugin" 690
"../../../Engine/Plugins/Online/VoiceChat/VoiceChat/VoiceChat.uplugin" 691
"../../../Engine/Plugins/Runtime/Analytics/FileLogging/FileLogging.uplugin" 692
"../../../Engine/Plugins/Runtime/PacketHandlers/AESGCMHandlerComponent/AESGCMHandlerComponent.uplugin" 693
"../../../Engine/Plugins/Runtime/Windows/WinDualShock/WinDualShock.uplugin" 694
"../../../Engine/Plugins/Runtime/Steam/SteamSockets/SteamSockets.uplugin" 695
"../../../Engine/Plugins/Runtime/XR/XRScribe/XRScribe.uplugin" 696
"../../../Engine/Plugins/Runtime/Steam/SteamAudio/SteamAudio.uplugin" 697
"../../../Engine/Plugins/Experimental/PCGInterops/PCGWaterInterop/PCGWaterInterop.uplugin" 698
"../../../Engine/Plugins/VirtualProduction/CaptureManager/CaptureManagerCore/CaptureManagerCore.uplugin" 699
"../../../Engine/Plugins/VirtualProduction/CaptureManager/CaptureManagerApp/CaptureManagerApp.uplugin" 700
"../../../Engine/Plugins/Experimental/Compositing/CompositeCore/CompositeCore.uplugin" 701
"../../../Engine/Plugins/Developer/Concert/ConcertMain/ConcertMain.uplugin" 702
"../../../Engine/Plugins/VirtualProduction/CaptureManager/CaptureManagerDevices/CaptureManagerDevices.uplugin" 703
"../../../Engine/Plugins/Experimental/Web/WebAPI/WebAPI.uplugin" 704
"../../../Engine/Plugins/Runtime/XR/XRVisualization/XRVisualization.uplugin" 705
"../../../Engine/Plugins/Runtime/Windows/XInputDevice/XInputDevice.uplugin" 706
"../../../Engine/Plugins/Experimental/Compositing/HoldoutComposite/HoldoutComposite.uplugin" 707
"../../../Engine/Plugins/VirtualProduction/Rivermax/RivermaxMedia/RivermaxMedia.uplugin" 708
"../../../Engine/Plugins/Editor/ObjectMixer/LightMixer/LightMixer.uplugin" 709
"../../../Engine/Plugins/VirtualProduction/Rivermax/RivermaxSync/RivermaxSync.uplugin" 710
"../../../Engine/Plugins/Runtime/Steam/SteamShared/SteamShared.uplugin" 711
"../../../Engine/Plugins/Runtime/Database/ADOSupport/ADOSupport.uplugin" 712
"../../../Engine/Plugins/Runtime/Advertising/IOSTapJoy/IOSTapJoy.uplugin" 713
"../../../Engine/Plugins/Runtime/Database/DatabaseSupport/DatabaseSupport.uplugin" 714
"../../../Engine/Plugins/Runtime/Database/SQLiteSupport/SQLiteSupport.uplugin" 715
"../../../Engine/Plugins/Runtime/Database/RemoteDatabaseSupport/RemoteDatabaseSupport.uplugin" 716
"../../../Engine/Plugins/Editor/ObjectMixer/ObjectMixer/ObjectMixer.uplugin" 717
"../../../Engine/Plugins/Runtime/Database/SQLiteCore/SQLiteCore.uplugin" 718
"../../../Engine/Plugins/VirtualProduction/CaptureManager/CaptureManagerEditor/CaptureManagerEditor.uplugin" 719
"../../../Engine/Plugins/Runtime/Steam/SteamController/SteamController.uplugin" 720
"../../../Engine/Plugins/Marketplace/UnrealMetaXRPlugin.83.0/MetaXR/OculusXR.uplugin" 721
"../../../Engine/Plugins/Editor/Localization/PortableObjectFileDataSource/PortableObjectFileDataSource.uplugin" 722
"../../../Engine/Plugins/Experimental/PCGInterops/PCGInstancedActorsInterop/PCGInstancedActorsInterop.uplugin" 723
"../../../Engine/Plugins/Runtime/AR/Google/GoogleARCoreServices/GoogleARCoreServices.uplugin" 724
"../../../Engine/Plugins/Runtime/AR/Google/GoogleARCore/GoogleARCore.uplugin" 725
"../../../Engine/Plugins/Developer/Concert/ConcertSync/ConcertSyncCore/ConcertSyncCore.uplugin" 726
"../../../Engine/Plugins/Runtime/MeshReconstruction/DummyMeshReconstructor/DummyMeshReconstructor.uplugin" 727
"../../../Engine/Plugins/Developer/Concert/ConcertSync/ConcertSyncClient/ConcertSyncClient.uplugin" 728
"../../../Engine/Plugins/Developer/Concert/ConcertInsights/ConcertInsightsCore/ConcertInsightsCore.uplugin" 729
"../../../Engine/Plugins/Developer/Concert/ConcertSync/ConcertSyncServer/ConcertSyncServer.uplugin" 730
"../../../Engine/Plugins/Experimental/Animation/MLDeformer/DetailPoseModel/DetailPoseModel.uplugin" 731
"../../../Engine/Plugins/Developer/Concert/ConcertInsights/ConcertInsightsVisualizer/ConcertInsightsVisualizer.uplugin" 732
"../../../Engine/Plugins/Runtime/AR/AppleAR/AppleARKit/AppleARKit.uplugin" 733
"../../../Engine/Plugins/VirtualProduction/Rivermax/RivermaxCore/RivermaxCore.uplugin" 734
"../../../Engine/Plugins/Developer/Concert/ConcertApp/MultiUserClient/MultiUserClient.uplugin" 735
"../../../Engine/Plugins/Runtime/AR/AppleAR/AppleARKitFaceSupport/AppleARKitFaceSupport.uplugin" 736
"../../../Engine/Plugins/Developer/Concert/ConcertUI/ConcertClientSharedSlate/ConcertClientSharedSlate.uplugin" 737
"../../../Engine/Plugins/Developer/Concert/ConcertScripting/ConcertReplicationScripting/ConcertReplicationScripting.uplugin" 738
"../../../Engine/Plugins/Developer/Concert/ConcertApp/DisasterRecoveryClient/DisasterRecoveryClient.uplugin" 739
"../../../Engine/Plugins/Experimental/PCGInterops/PCGNiagaraInterop/PCGNiagaraInterop.uplugin" 740
"../../../Engine/Plugins/Developer/Concert/ConcertInsights/ConcertInsightsClient/ConcertInsightsClient.uplugin" 741
"../../../Engine/Plugins/Developer/Concert/ConcertApp/MultiUserServer/MultiUserServer.uplugin" 742
"../../../Engine/Plugins/Developer/Concert/ConcertSync/ConcertSyncTest/ConcertSyncTest.uplugin" 743
"../../../Engine/Plugins/Developer/Concert/ConcertInsights/ConcertInsightsServer/ConcertInsightsServer.uplugin" 744
"../../../Engine/Plugins/Runtime/Analytics/AnalyticsBlueprintLibrary/AnalyticsBlueprintLibrary.uplugin" 745
"../../../Engine/Plugins/Developer/Concert/ConcertUI/ConcertSharedSlate/ConcertSharedSlate.uplugin" 746
"../../../Engine/Platforms/Android/Plugins/RigLogic/RigLogic_Android.uplugin" 747
"../../../Engine/Platforms/Android/Plugins/Animation/ACLPlugin/ACLPlugin_Android.uplugin" 748
"../../../Engine/Platforms/IOS/Plugins/RigLogic/RigLogic_IOS.uplugin" 749
"../../../Engine/Content/Internationalization/icudt64l/cnvalias.icu" 750
"../../../Engine/Content/Internationalization/icudt64l/res_index.res" 751
"../../../Engine/Content/Internationalization/icudt64l/plurals.res" 752
"../../../Engine/Content/Internationalization/icudt64l/lang/en.res" 753
"../../../Engine/Content/Internationalization/icudt64l/lang/pool.res" 754
"../../../Engine/Content/Internationalization/icudt64l/lang/root.res" 755
"../../../Engine/Content/Internationalization/icudt64l/region/en.res" 756
"../../../Engine/Content/Internationalization/icudt64l/region/pool.res" 757
"../../../Engine/Content/Internationalization/icudt64l/region/root.res" 758
"../../../Engine/Content/Internationalization/icudt64l/windowsZones.res" 759
"../../../Engine/Content/Internationalization/icudt64l/zoneinfo64.res" 760
"../../../Engine/Content/Internationalization/icudt64l/keyTypeData.res" 761
"../../../Engine/Content/Internationalization/icudt64l/timezoneTypes.res" 762
"../../../Engine/Content/Internationalization/icudt64l/likelySubtags.res" 763
"../../../Engine/Content/Internationalization/icudt64l/en_US.res" 764
"../../../Engine/Content/Internationalization/icudt64l/pool.res" 765
"../../../Engine/Content/Internationalization/icudt64l/en.res" 766
"../../../Engine/Content/Internationalization/icudt64l/root.res" 767
"../../../Engine/Content/Internationalization/icudt64l/supplementalData.res" 768
"../../../Engine/Config/ConfigRedirects.ini" 769
"C:/Users/rexge/AppData/Local/UnrealEngine/5.6/Saved/Config/WindowsEditor/Manifest.ini" 770
"../../../Engine/Config/BaseEngine.ini" 771
"../../../Engine/Config/Windows/BaseWindowsEngine.ini" 772
"../../../../../../Users/rexge/Documents/Unreal Projects/TheBigHunt/Config/DefaultEngine.ini" 773
"C:/Users/rexge/AppData/Local/Unreal Engine/Engine/Config/UserEngine.ini" 774
"../../../Engine/Config/BaseGame.ini" 775
"../../../../../../Users/rexge/Documents/Unreal Projects/TheBigHunt/Config/DefaultGame.ini" 776
"../../../Engine/Config/Windows/WindowsGame.ini" 777
"../../../Engine/Config/BaseInput.ini" 778
"../../../Engine/Config/Windows/BaseWindowsInput.ini" 779
"../../../../../../Users/rexge/Documents/Unreal Projects/TheBigHunt/Config/DefaultInput.ini" 780
"../../../Engine/Config/Windows/WindowsInput.ini" 781
"../../../Engine/Config/BaseDeviceProfiles.ini" 782
"../../../Engine/Config/BaseGameUserSettings.ini" 783
"C:/Users/rexge/Documents/Unreal Projects/TheBigHunt/Saved/Config/WindowsEditor/GameUserSettings.ini" 784
"../../../Engine/Config/BaseScalability.ini" 785
"../../../Engine/Config/BaseRuntimeOptions.ini" 786
"../../../Engine/Config/BaseInstallBundle.ini" 787
"../../../Engine/Config/BaseHardware.ini" 788
"../../../Engine/Config/BaseCompat.ini" 789
"../../../Engine/Config/BaseLightmass.ini" 790
"../../../Engine/Config/BaseEditor.ini" 791
"../../../../../../Users/rexge/Documents/Unreal Projects/TheBigHunt/Config/DefaultEditor.ini" 792
"C:/Users/rexge/Documents/Unreal Projects/TheBigHunt/Saved/Config/WindowsEditor/Editor.ini" 793
"../../../Engine/Config/BaseMaterialExpressions.ini" 794
"../../../Engine/Config/BaseEditorPerProjectUserSettings.ini" 795
"../../../../../../Users/rexge/Documents/Unreal Projects/TheBigHunt/Config/DefaultEditorPerProjectUserSettings.ini" 796
"../../../Engine/Config/Windows/WindowsEditorPerProjectUserSettings.ini" 797
"C:/Users/rexge/Documents/Unreal Projects/TheBigHunt/Saved/Config/WindowsEditor/EditorPerProjectUserSettings.ini" 798
"../../../Engine/Config/BaseEditorSettings.ini" 799
"../../../Engine/Config/Windows/WindowsEditorSettings.ini" 800
"C:/Users/rexge/AppData/Local/UnrealEngine/5.6/Saved/Config/WindowsEditor/EditorSettings.ini" 801
"../../../Engine/Config/BaseEditorKeyBindings.ini" 802
"C:/Users/rexge/AppData/Local/UnrealEngine/5.6/Saved/Config/WindowsEditor/EditorLayout.ini" 803
"../../../Engine/Config/Android/BaseAndroidEngine.ini" 804
"../../../Engine/Config/IOS/BaseIOSEngine.ini" 805
"../../../Engine/Config/Android/AndroidEngine.ini" 806
"../../../Engine/Platforms/VisionOS/Config/BaseVisionOSEngine.ini" 807
"../../../Engine/Config/Unix/UnixEngine.ini" 808
"../../../Engine/Binaries/Win64/BootstrapPackagedGame-Win64-Shipping.target" 809
"../../../Engine/Binaries/Win64/BuildPatchTool-Win64-Shipping.target" 810
"../../../Engine/Binaries/Win64/CrashReportClient-Win64-Shipping.target" 811
"../../../Engine/Platforms/VisionOS/Config/VisionOSEngine.ini" 812
"../../../../../../Users/rexge/Documents/Unreal Projects/TheBigHunt/Config/VisionOS/VisionOSEngine.ini" 813
"../../../Engine/Binaries/Win64/CrashReportClientEditor-Win64-Shipping.target" 814
"../../../Engine/Config/TVOS/TVOSEngine.ini" 815
"../../../Engine/Config/Linux/BaseLinuxEngine.ini" 816
"../../../Engine/Binaries/Win64/DatasmithCADWorker.target" 817
"../../../Engine/Binaries/Win64/EpicWebHelper-Win64-Shipping.target" 818
"../../../Engine/Binaries/Win64/InterchangeWorker.target" 819
"../../../Engine/Binaries/Win64/LiveCodingConsole.target" 820
"../../../Engine/Config/Android/BaseAndroidGame.ini" 821
"../../../Engine/Config/Mac/BaseMacEngine.ini" 822
"../../../Engine/Binaries/Win64/LiveLinkHub.target" 823
"../../../Engine/Config/Linux/LinuxEngine.ini" 824
"../../../../../../Users/rexge/Documents/Unreal Projects/TheBigHunt/Config/Mac/MacEngine.ini" 825
"../../../Engine/Config/IOS/BaseIOSGame.ini" 826
"../../../Engine/Config/IOS/IOSGame.ini" 827
"../../../Engine/Config/Android/BaseAndroidInput.ini" 828
"../../../Engine/Config/IOS/BaseIOSInput.ini" 829
"../../../Engine/Config/Linux/LinuxGame.ini" 830
"../../../Engine/Config/Mac/MacGame.ini" 831
"../../../Engine/Config/Mac/BaseMacInput.ini" 832
"../../../Engine/Config/Android/AndroidScalability.ini" 833
"../../../Engine/Config/IOS/IOSScalability.ini" 834
"../../../Engine/Config/Android/BaseAndroidInstallBundle.ini" 835
"../../../Engine/Config/IOS/BaseIOSInstallBundle.ini" 836
"../../../Engine/Binaries/Win64/ShaderCompileWorker.target" 837
"../../../Engine/Binaries/Win64/SwitchboardListener.target" 838
"../../../Engine/Binaries/Win64/SwitchboardListenerHelper.target" 839
"../../../Engine/Binaries/Win64/UnrealEditor-Win64-DebugGame.target" 840
"../../../Engine/Binaries/Win64/UnrealEditor.target" 841
"../../../Engine/Config/PluginBase.ini" 842
"../../../Engine/Plugins/ChaosVD/Config/DefaultChaosVD.ini" 843
"../../../Engine/Plugins/EnhancedInput/Config/BaseEnhancedInput.ini" 844
"../../../Engine/Plugins/Fab/Config/BaseFab.ini" 845
"../../../Engine/Plugins/TraceUtilities/Config/BaseTraceUtilities.ini" 846
"../../../Engine/Plugins/Experimental/FullBodyIK/Config/BaseFullBodyIK.ini" 847
"../../../Engine/Plugins/Experimental/ToolPresets/Config/BaseToolPresets.ini" 848
"../../../Engine/Plugins/MetaHuman/MetaHumanSDK/Config/BaseMetaHumanSDK.ini" 849
"../../../Engine/Plugins/FX/Niagara/Config/BaseNiagara.ini" 850
"../../../Engine/Plugins/VirtualProduction/CameraCalibrationCore/Config/BaseCameraCalibrationCore.ini" 851
"../../../Engine/Plugins/VirtualProduction/Takes/Config/BaseTakes.ini" 852
"../../../Engine/Plugins/2D/Paper2D/Config/BasePaper2D.ini" 853
"../../../Engine/Plugins/Animation/ControlRig/Config/BaseControlRig.ini" 854
"../../../Engine/Plugins/Animation/DeformerGraph/Config/BaseDeformerGraph.ini" 855
"../../../Engine/Plugins/Animation/LiveLink/Config/BaseLiveLink.ini" 856
"../../../Engine/Plugins/Animation/IKRig/Config/BaseIKRig.ini" 857
"../../../Engine/Plugins/Cameras/GameplayCameras/Config/BaseGameplayCameras.ini" 858
"../../../Engine/Plugins/Editor/EditorScriptingUtilities/Config/BaseEditorScriptingUtilities.ini" 859
"../../../Engine/Plugins/Enterprise/DatasmithContent/Config/BaseDatasmithContent.ini" 860
"../../../Engine/Plugins/Enterprise/GLTFExporter/Config/BaseGLTFExporter.ini" 861
"../../../Engine/Plugins/Enterprise/GLTFExporter/Config/DefaultGLTFExporter.ini" 862
"../../../Engine/Plugins/Enterprise/VariantManagerContent/Config/BaseVariantManagerContent.ini" 863
"../../../Engine/Plugins/Interchange/Assets/Config/BaseInterchangeAssets.ini" 864
"../../../Engine/Plugins/Interchange/Runtime/Config/BaseInterchange.ini" 865
"../../../Engine/Plugins/Runtime/Metasound/Config/BaseMetasound.ini" 866
"../../../Engine/Plugins/Runtime/Metasound/Config/DefaultMetasound.ini" 867
"../../../Engine/Plugins/Runtime/HairStrands/Config/BaseHairStrands.ini" 868
"../../../Engine/Plugins/Runtime/PropertyBindingUtils/Config/BasePropertyBindingUtils.ini" 869
"../../../Engine/Plugins/Runtime/RigVM/Config/BaseRigVM.ini" 870
"../../../Engine/Plugins/Runtime/StateTree/Config/BaseStateTree.ini" 871
"../../../Engine/Plugins/Runtime/Synthesis/Config/BaseSynthesis.ini" 872
"../../../Engine/Plugins/Experimental/Compositing/CompositeCore/Config/BaseCompositeCore.ini" 873
"../../../Engine/Plugins/ChaosVD/Config/Engine.ini" 874
"../../../Engine/Plugins/Runtime/OpenXR/Config/Engine.ini" 875
"../../../Engine/Plugins/EnhancedInput/Config/Input.ini" 876
"../../../Engine/Plugins/Runtime/InputDebugging/Config/Input.ini" 877
"../../../Engine/Plugins/Runtime/Windows/XInputDevice/Config/Input.ini" 878
"../../../Engine/Plugins/Experimental/WaterExtras/Config/WaterExtras.ini" 879
"../../../Engine/Plugins/Online/OnlineSubsystemUtils/Config/Editor.ini" 880
"../../../Engine/Plugins/Runtime/RigVM/Config/Editor.ini" 881
"../../../Engine/Plugins/NNE/NNEDenoiser/Config/Game.ini" 882
"../../../Engine/Plugins/Runtime/OpenXR/Binaries/Win64/UnrealEditor.modules" 883
"../../../Engine/Plugins/Runtime/XRBase/Binaries/Win64/UnrealEditor.modules" 884
"../../../Engine/Plugins/EnhancedInput/Binaries/Win64/UnrealEditor.modules" 885
"../../../Engine/Plugins/Editor/DataValidation/Binaries/Win64/UnrealEditor.modules" 886
"../../../Engine/Plugins/Runtime/OpenXREyeTracker/Binaries/Win64/UnrealEditor.modules" 887
"../../../Engine/Plugins/Runtime/OpenXRHandTracking/Binaries/Win64/UnrealEditor.modules" 888
"../../../Engine/Plugins/Animation/LiveLink/Binaries/Win64/UnrealEditor.modules" 889
"../../../Engine/Plugins/VirtualProduction/Takes/Binaries/Win64/UnrealEditor.modules" 890
"../../../Engine/Plugins/Editor/ContentBrowser/ContentBrowserAssetDataSource/Binaries/Win64/UnrealEditor.modules" 891
"../../../Engine/Plugins/Runtime/AudioCapture/Binaries/Win64/UnrealEditor.modules" 892
"../../../Engine/Plugins/MovieScene/LevelSequenceEditor/Binaries/Win64/UnrealEditor.modules" 893
"../../../Engine/Plugins/Developer/NamingTokens/Binaries/Win64/UnrealEditor.modules" 894
"../../../Engine/Plugins/MovieScene/SequencerScripting/Binaries/Win64/UnrealEditor.modules" 895
"../../../Engine/Plugins/Editor/EngineAssetDefinitions/Binaries/Win64/UnrealEditor.modules" 896
"../../../Engine/Plugins/Experimental/PythonScriptPlugin/Binaries/Win64/UnrealEditor.modules" 897
"../../../Engine/Plugins/Editor/ContentBrowser/ContentBrowserFileDataSource/Binaries/Win64/UnrealEditor.modules" 898
"../../../Engine/Plugins/Experimental/Water/Binaries/Win64/UnrealEditor.modules" 899
"../../../Engine/Plugins/Experimental/Landmass/Binaries/Win64/UnrealEditor.modules" 900
"../../../Engine/Plugins/FX/Niagara/Binaries/Win64/UnrealEditor.modules" 901
"../../../Engine/Plugins/Runtime/GeometryProcessing/Binaries/Win64/UnrealEditor.modules" 902
"../../../Engine/Plugins/Editor/BlueprintMaterialTextureNodes/Binaries/Win64/UnrealEditor.modules" 903
"../../../Engine/Plugins/Bridge/Binaries/Win64/UnrealEditor.modules" 904
"../../../Engine/Plugins/Editor/EditorScriptingUtilities/Binaries/Win64/UnrealEditor.modules" 905
"../../../Engine/Plugins/MetaHuman/MetaHumanSDK/Binaries/Win64/UnrealEditor.modules" 906
"../../../Engine/Plugins/Animation/ControlRig/Binaries/Win64/UnrealEditor.modules" 907
"../../../Engine/Plugins/Runtime/HairStrands/Binaries/Win64/UnrealEditor.modules" 908
"../../../Engine/Plugins/Animation/RigLogic/Binaries/Win64/UnrealEditor.modules" 909
"../../../Engine/Plugins/Online/EOSShared/Binaries/Win64/UnrealEditor.modules" 910
"../../../Engine/Plugins/Runtime/RigVM/Binaries/Win64/UnrealEditor.modules" 911
"../../../Engine/Plugins/Runtime/PropertyAccess/Binaries/Win64/UnrealEditor.modules" 912
"../../../Engine/Plugins/Animation/TweeningUtils/Binaries/Win64/UnrealEditor.modules" 913
"../../../Engine/Plugins/Runtime/GeometryCache/Binaries/Win64/UnrealEditor.modules" 914
"../../../Engine/Plugins/Animation/DeformerGraph/Binaries/Win64/UnrealEditor.modules" 915
"../../../Engine/Plugins/Experimental/Dataflow/Binaries/Win64/UnrealEditor.modules" 916
"../../../Engine/Plugins/Runtime/ComputeFramework/Binaries/Win64/UnrealEditor.modules" 917
"../../../Engine/Plugins/Experimental/CharacterFXEditor/BaseCharacterFXEditor/Binaries/Win64/UnrealEditor.modules" 918
"../../../Engine/Plugins/Runtime/ProceduralMeshComponent/Binaries/Win64/UnrealEditor.modules" 919
"../../../Engine/Plugins/Experimental/MeshModelingToolsetExp/Binaries/Win64/UnrealEditor.modules" 920
"../../../Engine/Plugins/Experimental/ChaosCaching/Binaries/Win64/UnrealEditor.modules" 921
"../../../Engine/Plugins/Experimental/EditorDataStorage/Binaries/Win64/UnrealEditor.modules" 922
"../../../Engine/Plugins/Experimental/EditorDataStorageFeatures/Binaries/Win64/UnrealEditor.modules" 923
"../../../Engine/Plugins/Runtime/MeshModelingToolset/Binaries/Win64/UnrealEditor.modules" 924
"../../../Engine/Plugins/Editor/ProxyLODPlugin/Binaries/Win64/UnrealEditor.modules" 925
"../../../Engine/Plugins/Experimental/PlanarCutPlugin/Binaries/Win64/UnrealEditor.modules" 926
"../../../Engine/Plugins/ChaosCloth/Binaries/Win64/UnrealEditor.modules" 927
"../../../Engine/Plugins/ChaosVD/Binaries/Win64/UnrealEditor.modules" 928
"../../../Engine/Plugins/ChaosInsights/Binaries/Win64/UnrealEditor.modules" 929
"../../../Engine/Plugins/CmdLinkServer/Binaries/Win64/UnrealEditor.modules" 930
"../../../Engine/Plugins/Fab/Binaries/Win64/UnrealEditor.modules" 931
"../../../Engine/Plugins/Interchange/Runtime/Binaries/Win64/UnrealEditor.modules" 932
"../../../Engine/Plugins/Enterprise/VariantManagerContent/Binaries/Win64/UnrealEditor.modules" 933
"../../../Engine/Plugins/Enterprise/VariantManager/Binaries/Win64/UnrealEditor.modules" 934
"../../../Engine/Plugins/Interchange/Assets/Binaries/Win64/UnrealEditor.modules" 935
"../../../Engine/Plugins/FastBuildController/Binaries/Win64/UnrealEditor.modules" 936
"../../../Engine/Plugins/IoStoreInsights/Binaries/Win64/UnrealEditor.modules" 937
"../../../Engine/Plugins/MassInsights/Binaries/Win64/UnrealEditor.modules" 938
"../../../Engine/Plugins/MeshPainting/Binaries/Win64/UnrealEditor.modules" 939
"../../../Engine/Plugins/Interchange/Editor/Binaries/Win64/UnrealEditor.modules" 940
"../../../Engine/Plugins/RenderGraphInsights/Binaries/Win64/UnrealEditor.modules" 941
"../../../Engine/Plugins/TraceUtilities/Binaries/Win64/UnrealEditor.modules" 942
"../../../Engine/Plugins/UbaController/Binaries/Win64/UnrealEditor.modules" 943
"../../../Engine/Plugins/WorldMetrics/Binaries/Win64/UnrealEditor.modules" 944
"../../../Engine/Plugins/XGEController/Binaries/Win64/UnrealEditor.modules" 945
"../../../Engine/Plugins/Developer/AnimationSharing/Binaries/Win64/UnrealEditor.modules" 946
"../../../Engine/Plugins/Runtime/SignificanceManager/Binaries/Win64/UnrealEditor.modules" 947
"../../../Engine/Plugins/Developer/CLionSourceCodeAccess/Binaries/Win64/UnrealEditor.modules" 948
"../../../Engine/Plugins/Developer/DumpGPUServices/Binaries/Win64/UnrealEditor.modules" 949
"../../../Engine/Plugins/Developer/GitSourceControl/Binaries/Win64/UnrealEditor.modules" 950
"../../../Engine/Plugins/Developer/N10XSourceCodeAccess/Binaries/Win64/UnrealEditor.modules" 951
"../../../Engine/Plugins/Developer/PerforceSourceControl/Binaries/Win64/UnrealEditor.modules" 952
"../../../Engine/Plugins/Developer/PixWinPlugin/Binaries/Win64/UnrealEditor.modules" 953
"../../../Engine/Plugins/Developer/PlasticSourceControl/Binaries/Win64/UnrealEditor.modules" 954
"../../../Engine/Plugins/Developer/PluginUtils/Binaries/Win64/UnrealEditor.modules" 955
"../../../Engine/Plugins/Developer/ProjectLauncher/Binaries/Win64/UnrealEditor.modules" 956
"../../../Engine/Plugins/Developer/PropertyAccessNode/Binaries/Win64/UnrealEditor.modules" 957
"../../../Engine/Plugins/Developer/RenderDocPlugin/Binaries/Win64/UnrealEditor.modules" 958
"../../../Engine/Plugins/Developer/RiderSourceCodeAccess/Binaries/Win64/UnrealEditor.modules" 959
"../../../Engine/Plugins/Developer/SubversionSourceControl/Binaries/Win64/UnrealEditor.modules" 960
"../../../Engine/Plugins/Developer/TextureFormatOodle/Binaries/Win64/UnrealEditor.modules" 961
"../../../Engine/Plugins/Developer/VisualStudioCodeSourceCodeAccess/Binaries/Win64/UnrealEditor.modules" 962
"../../../Engine/Plugins/Developer/VisualStudioSourceCodeAccess/Binaries/Win64/UnrealEditor.modules" 963
"../../../Engine/Plugins/Developer/UObjectPlugin/Binaries/Win64/UnrealEditor.modules" 964
"../../../Engine/Plugins/Experimental/AdvancedRenamer/Binaries/Win64/UnrealEditor.modules" 965
"../../../Engine/Plugins/Experimental/AutomationUtils/Binaries/Win64/UnrealEditor.modules" 966
"../../../Engine/Plugins/Experimental/BackChannel/Binaries/Win64/UnrealEditor.modules" 967
"../../../Engine/Plugins/Experimental/ChaosEditor/Binaries/Win64/UnrealEditor.modules" 968
"../../../Engine/Plugins/Experimental/GeometryCollectionPlugin/Binaries/Win64/UnrealEditor.modules" 969
"../../../Engine/Plugins/Experimental/Fracture/Binaries/Win64/UnrealEditor.modules" 970
"../../../Engine/Plugins/Experimental/ChaosSolverPlugin/Binaries/Win64/UnrealEditor.modules" 971
"../../../Engine/Plugins/Experimental/GeometryDataflow/Binaries/Win64/UnrealEditor.modules" 972
"../../../Engine/Plugins/Experimental/ChaosNiagara/Binaries/Win64/UnrealEditor.modules" 973
"../../../Engine/Plugins/Experimental/ChaosUserDataPT/Binaries/Win64/UnrealEditor.modules" 974
"../../../Engine/Plugins/Experimental/CharacterAI/Binaries/Win64/UnrealEditor.modules" 975
"../../../Engine/Plugins/Experimental/EditorPerformance/Binaries/Win64/UnrealEditor.modules" 976
"../../../Engine/Plugins/Experimental/EditorTelemetry/Binaries/Win64/UnrealEditor.modules" 977
"../../../Engine/Plugins/Experimental/LevelSequenceNavigatorBridge/Binaries/Win64/UnrealEditor.modules" 978
"../../../Engine/Plugins/Experimental/SequenceNavigator/Binaries/Win64/UnrealEditor.modules" 979
"../../../Engine/Plugins/Experimental/LocalizableMessage/Binaries/Win64/UnrealEditor.modules" 980
"../../../Engine/Plugins/Experimental/NFORDenoise/Binaries/Win64/UnrealEditor.modules" 981
"../../../Engine/Plugins/Experimental/PlatformCrypto/Binaries/Win64/UnrealEditor.modules" 982
"../../../Engine/Plugins/Experimental/RuntimeTelemetry/Binaries/Win64/UnrealEditor.modules" 983
"../../../Engine/Plugins/Experimental/SkeletalReduction/Binaries/Win64/UnrealEditor.modules" 984
"../../../Engine/Plugins/Experimental/ToolPresets/Binaries/Win64/UnrealEditor.modules" 985
"../../../Engine/Plugins/Media/AndroidMedia/Binaries/Win64/UnrealEditor.modules" 986
"../../../Engine/Plugins/Media/AvfMedia/Binaries/Win64/UnrealEditor.modules" 987
"../../../Engine/Plugins/Media/ImgMedia/Binaries/Win64/UnrealEditor.modules" 988
"../../../Engine/Plugins/Media/MediaPlayerEditor/Binaries/Win64/UnrealEditor.modules" 989
"../../../Engine/Plugins/Media/MediaCompositing/Binaries/Win64/UnrealEditor.modules" 990
"../../../Engine/Plugins/Media/MediaPlate/Binaries/Win64/UnrealEditor.modules" 991
"../../../Engine/Plugins/Experimental/Compositing/CompositeCore/Binaries/Win64/UnrealEditor.modules" 992
"../../../Engine/Plugins/Media/WmfMedia/Binaries/Win64/UnrealEditor.modules" 993
"../../../Engine/Plugins/Tests/InterchangeTests/Binaries/Win64/UnrealEditor.modules" 994
"../../../Engine/Plugins/FX/Cascade/Binaries/Win64/UnrealEditor.modules" 995
"../../../Engine/Plugins/FX/NiagaraSimCaching/Binaries/Win64/UnrealEditor.modules" 996
"../../../Engine/Plugins/MovieScene/ActorSequence/Binaries/Win64/UnrealEditor.modules" 997
"../../../Engine/Plugins/Online/OnlineBase/Binaries/Win64/UnrealEditor.modules" 998
"../../../Engine/Plugins/Online/OnlineSubsystem/Binaries/Win64/UnrealEditor.modules" 999
"../../../Engine/Plugins/Online/OnlineSubsystemUtils/Binaries/Win64/UnrealEditor.modules" 1000
"../../../Engine/Plugins/Online/OnlineServices/Binaries/Win64/UnrealEditor.modules" 1001
"../../../Engine/Plugins/Online/OnlineSubsystemNull/Binaries/Win64/UnrealEditor.modules" 1002
"../../../Engine/Plugins/AI/AISupport/Binaries/Win64/UnrealEditor.modules" 1003
"../../../Engine/Plugins/2D/Paper2D/Binaries/Win64/UnrealEditor.modules" 1004
"../../../Engine/Plugins/AI/EnvironmentQueryEditor/Binaries/Win64/UnrealEditor.modules" 1005
"../../../Engine/Plugins/Animation/ACLPlugin/Binaries/Win64/UnrealEditor.modules" 1006
"../../../Engine/Plugins/Animation/AnimationData/Binaries/Win64/UnrealEditor.modules" 1007
"../../../Engine/Plugins/Animation/AnimationModifierLibrary/Binaries/Win64/UnrealEditor.modules" 1008
"../../../Engine/Plugins/Animation/BlendSpaceMotionAnalysis/Binaries/Win64/UnrealEditor.modules" 1009
"../../../Engine/Plugins/Animation/ControlRigSpline/Binaries/Win64/UnrealEditor.modules" 1010
"../../../Engine/Plugins/Animation/IKRig/Binaries/Win64/UnrealEditor.modules" 1011
"../../../Engine/Plugins/Experimental/FullBodyIK/Binaries/Win64/UnrealEditor.modules" 1012
"../../../Engine/Plugins/Cameras/EngineCameras/Binaries/Win64/UnrealEditor.modules" 1013
"../../../Engine/Plugins/MovieScene/TemplateSequence/Binaries/Win64/UnrealEditor.modules" 1014
"../../../Engine/Plugins/Cameras/CameraShakePreviewer/Binaries/Win64/UnrealEditor.modules" 1015
"../../../Engine/Plugins/Cameras/GameplayCameras/Binaries/Win64/UnrealEditor.modules" 1016
"../../../Engine/Plugins/VirtualProduction/CameraCalibrationCore/Binaries/Win64/UnrealEditor.modules" 1017
"../../../Engine/Plugins/Runtime/StateTree/Binaries/Win64/UnrealEditor.modules" 1018
"../../../Engine/Plugins/Animation/GameplayInsights/Binaries/Win64/UnrealEditor.modules" 1019
"../../../Engine/Plugins/Runtime/PropertyBindingUtils/Binaries/Win64/UnrealEditor.modules" 1020
"../../../Engine/Plugins/Animation/SkeletalMeshModelingTools/Binaries/Win64/UnrealEditor.modules" 1021
"../../../Engine/Plugins/Editor/ModelingToolsEditorMode/Binaries/Win64/UnrealEditor.modules" 1022
"../../../Engine/Plugins/Editor/MeshLODToolset/Binaries/Win64/UnrealEditor.modules" 1023
"../../../Engine/Plugins/Editor/StylusInput/Binaries/Win64/UnrealEditor.modules" 1024
"../../../Engine/Plugins/Experimental/GeometryFlow/Binaries/Win64/UnrealEditor.modules" 1025
"../../../Engine/Plugins/Compression/OodleNetwork/Binaries/Win64/UnrealEditor.modules" 1026
"../../../Engine/Plugins/Editor/BlueprintHeaderView/Binaries/Win64/UnrealEditor.modules" 1027
"../../../Engine/Plugins/Editor/ColorGrading/Binaries/Win64/UnrealEditor.modules" 1028
"../../../Engine/Plugins/Editor/ObjectMixer/ObjectMixer/Binaries/Win64/UnrealEditor.modules" 1029
"../../../Engine/Plugins/Editor/CryptoKeys/Binaries/Win64/UnrealEditor.modules" 1030
"../../../Engine/Plugins/Editor/ChangelistReview/Binaries/Win64/UnrealEditor.modules" 1031
"../../../Engine/Plugins/Editor/CurveEditorTools/Binaries/Win64/UnrealEditor.modules" 1032
"../../../Engine/Plugins/Editor/EditorDebugTools/Binaries/Win64/UnrealEditor.modules" 1033
"../../../Engine/Plugins/Editor/FacialAnimation/Binaries/Win64/UnrealEditor.modules" 1034
"../../../Engine/Plugins/Editor/GameplayTagsEditor/Binaries/Win64/UnrealEditor.modules" 1035
"../../../Engine/Plugins/Editor/GeometryMode/Binaries/Win64/UnrealEditor.modules" 1036
"../../../Engine/Plugins/Editor/AssetManagerEditor/Binaries/Win64/UnrealEditor.modules" 1037
"../../../Engine/Plugins/Editor/MobileLauncherProfileWizard/Binaries/Win64/UnrealEditor.modules" 1038
"../../../Engine/Plugins/Editor/PluginBrowser/Binaries/Win64/UnrealEditor.modules" 1039
"../../../Engine/Plugins/Editor/MaterialAnalyzer/Binaries/Win64/UnrealEditor.modules" 1040
"../../../Engine/Plugins/Editor/SequencerAnimTools/Binaries/Win64/UnrealEditor.modules" 1041
"../../../Engine/Plugins/Editor/SpeedTreeImporter/Binaries/Win64/UnrealEditor.modules" 1042
"../../../Engine/Plugins/Editor/UMGWidgetPreview/Binaries/Win64/UnrealEditor.modules" 1043
"../../../Engine/Plugins/Editor/UVEditor/Binaries/Win64/UnrealEditor.modules" 1044
"../../../Engine/Plugins/Editor/WorldPartitionHLODUtilities/Binaries/Win64/UnrealEditor.modules" 1045
"../../../Engine/Plugins/Enterprise/DatasmithContent/Binaries/Win64/UnrealEditor.modules" 1046
"../../../Engine/Plugins/Enterprise/GLTFExporter/Binaries/Win64/UnrealEditor.modules" 1047
"../../../Engine/Plugins/Importers/AlembicImporter/Binaries/Win64/UnrealEditor.modules" 1048
"../../../Engine/Plugins/Messaging/TcpMessaging/Binaries/Win64/UnrealEditor.modules" 1049
"../../../Engine/Plugins/Messaging/UdpMessaging/Binaries/Win64/UnrealEditor.modules" 1050
"../../../Engine/Plugins/NNE/NNEDenoiser/Binaries/Win64/UnrealEditor.modules" 1051
"../../../Engine/Plugins/NNE/NNERuntimeORT/Binaries/Win64/UnrealEditor.modules" 1052
"../../../Engine/Plugins/Portal/LauncherChunkInstaller/Binaries/Win64/UnrealEditor.modules" 1053
"../../../Engine/Plugins/Runtime/ActorLayerUtilities/Binaries/Win64/UnrealEditor.modules" 1054
"../../../Engine/Plugins/Runtime/AndroidFileServer/Binaries/Win64/UnrealEditor.modules" 1055
"../../../Engine/Plugins/Runtime/AndroidPermission/Binaries/Win64/UnrealEditor.modules" 1056
"../../../Engine/Plugins/Runtime/AppleImageUtils/Binaries/Win64/UnrealEditor.modules" 1057
"../../../Engine/Plugins/Runtime/AndroidDeviceProfileSelector/Binaries/Win64/UnrealEditor.modules" 1058
"../../../Engine/Plugins/Runtime/ArchVisCharacter/Binaries/Win64/UnrealEditor.modules" 1059
"../../../Engine/Plugins/Runtime/CableComponent/Binaries/Win64/UnrealEditor.modules" 1060
"../../../Engine/Plugins/Runtime/ChunkDownloader/Binaries/Win64/UnrealEditor.modules" 1061
"../../../Engine/Plugins/Runtime/AssetTags/Binaries/Win64/UnrealEditor.modules" 1062
"../../../Engine/Plugins/Runtime/CustomMeshComponent/Binaries/Win64/UnrealEditor.modules" 1063
"../../../Engine/Plugins/Runtime/ExampleDeviceProfileSelector/Binaries/Win64/UnrealEditor.modules" 1064
"../../../Engine/Plugins/Runtime/GooglePAD/Binaries/Win64/UnrealEditor.modules" 1065
"../../../Engine/Plugins/Runtime/InputDebugging/Binaries/Win64/UnrealEditor.modules" 1066
"../../../Engine/Plugins/Runtime/LocationServicesBPLibrary/Binaries/Win64/UnrealEditor.modules" 1067
"../../../Engine/Plugins/Runtime/Metasound/Binaries/Win64/UnrealEditor.modules" 1068
"../../../Engine/Plugins/Runtime/AudioWidgets/Binaries/Win64/UnrealEditor.modules" 1069
"../../../Engine/Plugins/Runtime/AudioSynesthesia/Binaries/Win64/UnrealEditor.modules" 1070
"../../../Engine/Plugins/Runtime/WaveTable/Binaries/Win64/UnrealEditor.modules" 1071
"../../../Engine/Plugins/Runtime/MsQuic/Binaries/Win64/UnrealEditor.modules" 1072
"../../../Engine/Plugins/Runtime/MobilePatchingUtils/Binaries/Win64/UnrealEditor.modules" 1073
"../../../Engine/Plugins/Runtime/ResonanceAudio/Binaries/Win64/UnrealEditor.modules" 1074
"../../../Engine/Plugins/Runtime/SoundFields/Binaries/Win64/UnrealEditor.modules" 1075
"../../../Engine/Plugins/Runtime/Synthesis/Binaries/Win64/UnrealEditor.modules" 1076
"../../../Engine/Plugins/Runtime/WebMMoviePlayer/Binaries/Win64/UnrealEditor.modules" 1077
"../../../Engine/Plugins/Media/WebMMedia/Binaries/Win64/UnrealEditor.modules" 1078
"../../../Engine/Plugins/Runtime/WindowsDeviceProfileSelector/Binaries/Win64/UnrealEditor.modules" 1079
"../../../Engine/Plugins/Runtime/WindowsMoviePlayer/Binaries/Win64/UnrealEditor.modules" 1080
"../../../Engine/Plugins/Editor/ContentBrowser/ContentBrowserClassDataSource/Binaries/Win64/UnrealEditor.modules" 1081
"../../../Engine/Plugins/Editor/Localization/PortableObjectFileDataSource/Binaries/Win64/UnrealEditor.modules" 1082
"../../../Engine/Plugins/Runtime/Windows/XInputDevice/Binaries/Win64/UnrealEditor.modules" 1083
"../../../Engine/Plugins/Editor/ObjectMixer/LightMixer/Binaries/Win64/UnrealEditor.modules" 1084
"../../../Engine/Config/BaseSourceControlSettings.ini" 1085
"C:/Users/rexge/AppData/Local/UnrealEngine/5.6/Saved/Config/WindowsEditor/SourceControlSettings.ini" 1086
"../../../Engine/Content/Internationalization/icudt64l/coll/ucadata.icu" 1087
"../../../Engine/Content/Internationalization/icudt64l/coll/en_US.res" 1088
"../../../Engine/Content/Internationalization/icudt64l/coll/en.res" 1089
"../../../Engine/Content/Internationalization/icudt64l/coll/root.res" 1090
"../../../Engine/Content/Certificates/ThirdParty/cacert.pem" 1091
"../../../Engine/Config/ConsoleVariables.ini" 1092
"../../../Engine/Binaries/Win64/Android/UnrealEditor.modules" 1093
"../../../Engine/Binaries/Win64/IOS/UnrealEditor.modules" 1094
"../../../Engine/Binaries/Win64/Linux/UnrealEditor.modules" 1095
"../../../Engine/Content/Localization/Editor/en/Editor.locres" 1096
"../../../Engine/Content/Localization/EditorTutorials/en/EditorTutorials.locres" 1097
"../../../Engine/Content/Localization/Keywords/en/Keywords.locres" 1098
"../../../Engine/Content/Localization/Category/en/Category.locres" 1099
"../../../Engine/Content/Localization/ToolTips/en/ToolTips.locres" 1100
"../../../Engine/Content/Localization/PropertyNames/en/PropertyNames.locres" 1101
"../../../Engine/Content/Localization/Engine/en/Engine.locres" 1102
"../../../Engine/Plugins/MetaHuman/MetaHumanSDK/Content/Localization/MetaHumanSDK/en/MetaHumanSDK.locres" 1103
"../../../Engine/Plugins/Online/OnlineSubsystem/Content/Localization/OnlineSubsystem/en/OnlineSubsystem.locres" 1104
"../../../Engine/Plugins/Online/OnlineSubsystemUtils/Content/Localization/OnlineSubsystemUtils/en/OnlineSubsystemUtils.locres" 1105
"../../../Engine/Plugins/Online/Android/OnlineSubsystemGooglePlay/Content/Localization/OnlineSubsystemGooglePlay/en/OnlineSubsystemGooglePlay.locres" 1106
"../../../Engine/Plugins/Online/IOS/OnlineSubsystemIOS/Content/Localization/OnlineSubsystemIOS/en/OnlineSubsystemIOS.locres" 1107
"../../../Engine/Content/Internationalization/icudt64l/numberingSystems.res" 1108
"../../../Engine/Content/Internationalization/icudt64l/curr/supplementalData.res" 1109
"../../../Engine/Content/Internationalization/icudt64l/curr/en.res" 1110
"../../../Engine/Content/Internationalization/icudt64l/curr/pool.res" 1111
"../../../Engine/Content/Internationalization/icudt64l/curr/root.res" 1112
"../../../Engine/Content/Internationalization/icudt64l/lang/af.res" 1113
"../../../Engine/Content/Internationalization/icudt64l/region/af.res" 1114
"../../../Engine/Content/Internationalization/icudt64l/lang/agq.res" 1115
"../../../Engine/Content/Internationalization/icudt64l/region/agq.res" 1116
"../../../Engine/Content/Internationalization/icudt64l/lang/ak.res" 1117
"../../../Engine/Content/Internationalization/icudt64l/region/ak.res" 1118
"../../../Engine/Content/Internationalization/icudt64l/lang/am.res" 1119
"../../../Engine/Content/Internationalization/icudt64l/region/am.res" 1120
"../../../Engine/Content/Internationalization/icudt64l/lang/ar.res" 1121
"../../../Engine/Content/Internationalization/icudt64l/region/ar.res" 1122
"../../../Engine/Content/Internationalization/icudt64l/region/ar_AE.res" 1123
"../../../Engine/Content/Internationalization/icudt64l/lang/ar_EG.res" 1124
"../../../Engine/Content/Internationalization/icudt64l/lang/ar_LY.res" 1125
"../../../Engine/Content/Internationalization/icudt64l/region/ar_LY.res" 1126
"../../../Engine/Content/Internationalization/icudt64l/lang/ar_SA.res" 1127
"../../../Engine/Content/Internationalization/icudt64l/region/ar_SA.res" 1128
"../../../Engine/Content/Internationalization/icudt64l/lang/as.res" 1129
"../../../Engine/Content/Internationalization/icudt64l/region/as.res" 1130
"../../../Engine/Content/Internationalization/icudt64l/lang/asa.res" 1131
"../../../Engine/Content/Internationalization/icudt64l/region/asa.res" 1132
"../../../Engine/Content/Internationalization/icudt64l/lang/ast.res" 1133
"../../../Engine/Content/Internationalization/icudt64l/region/ast.res" 1134
"../../../Engine/Content/Internationalization/icudt64l/lang/az.res" 1135
"../../../Engine/Content/Internationalization/icudt64l/lang/az_Cyrl.res" 1136
"../../../Engine/Content/Internationalization/icudt64l/lang/az_AZ.res" 1137
"../../../Engine/Content/Internationalization/icudt64l/lang/az_Latn_AZ.res" 1138
"../../../Engine/Content/Internationalization/icudt64l/lang/az_Latn.res" 1139
"../../../Engine/Content/Internationalization/icudt64l/region/az_AZ.res" 1140
"../../../Engine/Content/Internationalization/icudt64l/region/az_Latn_AZ.res" 1141
"../../../Engine/Content/Internationalization/icudt64l/region/az_Latn.res" 1142
"../../../Engine/Content/Internationalization/icudt64l/region/az.res" 1143
"../../../Engine/Content/Internationalization/icudt64l/region/az_Cyrl.res" 1144
"../../../Engine/Content/Internationalization/icudt64l/lang/bas.res" 1145
"../../../Engine/Content/Internationalization/icudt64l/region/bas.res" 1146
"../../../Engine/Content/Internationalization/icudt64l/lang/be.res" 1147
"../../../Engine/Content/Internationalization/icudt64l/region/be.res" 1148
"../../../Engine/Content/Internationalization/icudt64l/lang/bem.res" 1149
"../../../Engine/Content/Internationalization/icudt64l/region/bem.res" 1150
"../../../Engine/Content/Internationalization/icudt64l/lang/bez.res" 1151
"../../../Engine/Content/Internationalization/icudt64l/region/bez.res" 1152
"../../../Engine/Content/Internationalization/icudt64l/lang/bg.res" 1153
"../../../Engine/Content/Internationalization/icudt64l/region/bg.res" 1154
"../../../Engine/Content/Internationalization/icudt64l/lang/bm.res" 1155
"../../../Engine/Content/Internationalization/icudt64l/region/bm.res" 1156
"../../../Engine/Content/Internationalization/icudt64l/lang/bn.res" 1157
"../../../Engine/Content/Internationalization/icudt64l/region/bn.res" 1158
"../../../Engine/Content/Internationalization/icudt64l/lang/bn_IN.res" 1159
"../../../Engine/Content/Internationalization/icudt64l/region/bn_IN.res" 1160
"../../../Engine/Content/Internationalization/icudt64l/lang/bo.res" 1161
"../../../Engine/Content/Internationalization/icudt64l/region/bo.res" 1162
"../../../Engine/Content/Internationalization/icudt64l/region/bo_IN.res" 1163
"../../../Engine/Content/Internationalization/icudt64l/lang/br.res" 1164
"../../../Engine/Content/Internationalization/icudt64l/region/br.res" 1165
"../../../Engine/Content/Internationalization/icudt64l/lang/brx.res" 1166
"../../../Engine/Content/Internationalization/icudt64l/region/brx.res" 1167
"../../../Engine/Content/Internationalization/icudt64l/lang/bs.res" 1168
"../../../Engine/Content/Internationalization/icudt64l/lang/bs_Cyrl.res" 1169
"../../../Engine/Content/Internationalization/icudt64l/lang/bs_BA.res" 1170
"../../../Engine/Content/Internationalization/icudt64l/lang/bs_Latn_BA.res" 1171
"../../../Engine/Content/Internationalization/icudt64l/lang/bs_Latn.res" 1172
"../../../Engine/Content/Internationalization/icudt64l/region/bs_BA.res" 1173
"../../../Engine/Content/Internationalization/icudt64l/region/bs_Latn_BA.res" 1174
"../../../Engine/Content/Internationalization/icudt64l/region/bs_Latn.res" 1175
"../../../Engine/Content/Internationalization/icudt64l/region/bs.res" 1176
"../../../Engine/Content/Internationalization/icudt64l/region/bs_Cyrl.res" 1177
"../../../Engine/Content/Internationalization/icudt64l/lang/ca.res" 1178
"../../../Engine/Content/Internationalization/icudt64l/region/ca.res" 1179
"../../../Engine/Content/Internationalization/icudt64l/lang/ccp.res" 1180
"../../../Engine/Content/Internationalization/icudt64l/region/ccp.res" 1181
"../../../Engine/Content/Internationalization/icudt64l/lang/ce.res" 1182
"../../../Engine/Content/Internationalization/icudt64l/region/ce.res" 1183
"../../../Engine/Content/Internationalization/icudt64l/lang/ceb.res" 1184
"../../../Engine/Content/Internationalization/icudt64l/region/ceb.res" 1185
"../../../Engine/Content/Internationalization/icudt64l/lang/cgg.res" 1186
"../../../Engine/Content/Internationalization/icudt64l/region/cgg.res" 1187
"../../../Engine/Content/Internationalization/icudt64l/lang/chr.res" 1188
"../../../Engine/Content/Internationalization/icudt64l/region/chr.res" 1189
"../../../Engine/Content/Internationalization/icudt64l/lang/ckb.res" 1190
"../../../Engine/Content/Internationalization/icudt64l/region/ckb.res" 1191
"../../../Engine/Content/Internationalization/icudt64l/lang/cs.res" 1192
"../../../Engine/Content/Internationalization/icudt64l/region/cs.res" 1193
"../../../Engine/Content/Internationalization/icudt64l/lang/cy.res" 1194
"../../../Engine/Content/Internationalization/icudt64l/region/cy.res" 1195
"../../../Engine/Content/Internationalization/icudt64l/lang/da.res" 1196
"../../../Engine/Content/Internationalization/icudt64l/region/da.res" 1197
"../../../Engine/Content/Internationalization/icudt64l/lang/dav.res" 1198
"../../../Engine/Content/Internationalization/icudt64l/region/dav.res" 1199
"../../../Engine/Content/Internationalization/icudt64l/lang/de.res" 1200
"../../../Engine/Content/Internationalization/icudt64l/lang/de_AT.res" 1201
"../../../Engine/Content/Internationalization/icudt64l/region/de_AT.res" 1202
"../../../Engine/Content/Internationalization/icudt64l/region/de.res" 1203
"../../../Engine/Content/Internationalization/icudt64l/lang/de_CH.res" 1204
"../../../Engine/Content/Internationalization/icudt64l/region/de_CH.res" 1205
"../../../Engine/Content/Internationalization/icudt64l/lang/de_LU.res" 1206
"../../../Engine/Content/Internationalization/icudt64l/lang/dje.res" 1207
"../../../Engine/Content/Internationalization/icudt64l/region/dje.res" 1208
"../../../Engine/Content/Internationalization/icudt64l/lang/dsb.res" 1209
"../../../Engine/Content/Internationalization/icudt64l/region/dsb.res" 1210
"../../../Engine/Content/Internationalization/icudt64l/lang/dua.res" 1211
"../../../Engine/Content/Internationalization/icudt64l/region/dua.res" 1212
"../../../Engine/Content/Internationalization/icudt64l/lang/dyo.res" 1213
"../../../Engine/Content/Internationalization/icudt64l/region/dyo.res" 1214
"../../../Engine/Content/Internationalization/icudt64l/lang/dz.res" 1215
"../../../Engine/Content/Internationalization/icudt64l/region/dz.res" 1216
"../../../Engine/Content/Internationalization/icudt64l/lang/ebu.res" 1217
"../../../Engine/Content/Internationalization/icudt64l/region/ebu.res" 1218
"../../../Engine/Content/Internationalization/icudt64l/lang/ee.res" 1219
"../../../Engine/Content/Internationalization/icudt64l/region/ee.res" 1220
"../../../Engine/Content/Internationalization/icudt64l/lang/el.res" 1221
"../../../Engine/Content/Internationalization/icudt64l/region/el.res" 1222
"../../../Engine/Content/Internationalization/icudt64l/lang/en_001.res" 1223
"../../../Engine/Content/Internationalization/icudt64l/lang/en_150.res" 1224
"../../../Engine/Content/Internationalization/icudt64l/region/en_150.res" 1225
"../../../Engine/Content/Internationalization/icudt64l/lang/en_AG.res" 1226
"../../../Engine/Content/Internationalization/icudt64l/region/en_AG.res" 1227
"../../../Engine/Content/Internationalization/icudt64l/lang/en_AI.res" 1228
"../../../Engine/Content/Internationalization/icudt64l/region/en_AI.res" 1229
"../../../Engine/Content/Internationalization/icudt64l/lang/en_AT.res" 1230
"../../../Engine/Content/Internationalization/icudt64l/region/en_AT.res" 1231
"../../../Engine/Content/Internationalization/icudt64l/lang/en_AU.res" 1232
"../../../Engine/Content/Internationalization/icudt64l/region/en_AU.res" 1233
"../../../Engine/Content/Internationalization/icudt64l/lang/en_BB.res" 1234
"../../../Engine/Content/Internationalization/icudt64l/region/en_BB.res" 1235
"../../../Engine/Content/Internationalization/icudt64l/lang/en_BE.res" 1236
"../../../Engine/Content/Internationalization/icudt64l/region/en_BE.res" 1237
"../../../Engine/Content/Internationalization/icudt64l/lang/en_BM.res" 1238
"../../../Engine/Content/Internationalization/icudt64l/region/en_BM.res" 1239
"../../../Engine/Content/Internationalization/icudt64l/lang/en_BS.res" 1240
"../../../Engine/Content/Internationalization/icudt64l/region/en_BS.res" 1241
"../../../Engine/Content/Internationalization/icudt64l/lang/en_BW.res" 1242
"../../../Engine/Content/Internationalization/icudt64l/region/en_BW.res" 1243
"../../../Engine/Content/Internationalization/icudt64l/lang/en_BZ.res" 1244
"../../../Engine/Content/Internationalization/icudt64l/region/en_BZ.res" 1245
"../../../Engine/Content/Internationalization/icudt64l/lang/en_CA.res" 1246
"../../../Engine/Content/Internationalization/icudt64l/region/en_CA.res" 1247
"../../../Engine/Content/Internationalization/icudt64l/lang/en_CC.res" 1248
"../../../Engine/Content/Internationalization/icudt64l/region/en_CC.res" 1249
"../../../Engine/Content/Internationalization/icudt64l/lang/en_CH.res" 1250
"../../../Engine/Content/Internationalization/icudt64l/region/en_CH.res" 1251
"../../../Engine/Content/Internationalization/icudt64l/lang/en_CK.res" 1252
"../../../Engine/Content/Internationalization/icudt64l/region/en_CK.res" 1253
"../../../Engine/Content/Internationalization/icudt64l/lang/en_CM.res" 1254
"../../../Engine/Content/Internationalization/icudt64l/region/en_CM.res" 1255
"../../../Engine/Content/Internationalization/icudt64l/lang/en_CX.res" 1256
"../../../Engine/Content/Internationalization/icudt64l/region/en_CX.res" 1257
"../../../Engine/Content/Internationalization/icudt64l/lang/en_CY.res" 1258
"../../../Engine/Content/Internationalization/icudt64l/region/en_CY.res" 1259
"../../../Engine/Content/Internationalization/icudt64l/lang/en_DE.res" 1260
"../../../Engine/Content/Internationalization/icudt64l/region/en_DE.res" 1261
"../../../Engine/Content/Internationalization/icudt64l/lang/en_DG.res" 1262
"../../../Engine/Content/Internationalization/icudt64l/region/en_DG.res" 1263
"../../../Engine/Content/Internationalization/icudt64l/lang/en_DK.res" 1264
"../../../Engine/Content/Internationalization/icudt64l/region/en_DK.res" 1265
"../../../Engine/Content/Internationalization/icudt64l/lang/en_DM.res" 1266
"../../../Engine/Content/Internationalization/icudt64l/region/en_DM.res" 1267
"../../../Engine/Content/Internationalization/icudt64l/lang/en_ER.res" 1268
"../../../Engine/Content/Internationalization/icudt64l/region/en_ER.res" 1269
"../../../Engine/Content/Internationalization/icudt64l/lang/en_FI.res" 1270
"../../../Engine/Content/Internationalization/icudt64l/region/en_FI.res" 1271
"../../../Engine/Content/Internationalization/icudt64l/lang/en_FJ.res" 1272
"../../../Engine/Content/Internationalization/icudt64l/region/en_FJ.res" 1273
"../../../Engine/Content/Internationalization/icudt64l/lang/en_FK.res" 1274
"../../../Engine/Content/Internationalization/icudt64l/region/en_FK.res" 1275
"../../../Engine/Content/Internationalization/icudt64l/lang/en_FM.res" 1276
"../../../Engine/Content/Internationalization/icudt64l/region/en_FM.res" 1277
"../../../Engine/Content/Internationalization/icudt64l/lang/en_GB.res" 1278
"../../../Engine/Content/Internationalization/icudt64l/region/en_GB.res" 1279
"../../../Engine/Content/Internationalization/icudt64l/lang/en_GD.res" 1280
"../../../Engine/Content/Internationalization/icudt64l/region/en_GD.res" 1281
"../../../Engine/Content/Internationalization/icudt64l/lang/en_GG.res" 1282
"../../../Engine/Content/Internationalization/icudt64l/region/en_GG.res" 1283
"../../../Engine/Content/Internationalization/icudt64l/lang/en_GH.res" 1284
"../../../Engine/Content/Internationalization/icudt64l/region/en_GH.res" 1285
"../../../Engine/Content/Internationalization/icudt64l/lang/en_GI.res" 1286
"../../../Engine/Content/Internationalization/icudt64l/region/en_GI.res" 1287
"../../../Engine/Content/Internationalization/icudt64l/lang/en_GM.res" 1288
"../../../Engine/Content/Internationalization/icudt64l/region/en_GM.res" 1289
"../../../Engine/Content/Internationalization/icudt64l/lang/en_GY.res" 1290
"../../../Engine/Content/Internationalization/icudt64l/region/en_GY.res" 1291
"../../../Engine/Content/Internationalization/icudt64l/lang/en_HK.res" 1292
"../../../Engine/Content/Internationalization/icudt64l/region/en_HK.res" 1293
"../../../Engine/Content/Internationalization/icudt64l/lang/en_IE.res" 1294
"../../../Engine/Content/Internationalization/icudt64l/region/en_IE.res" 1295
"../../../Engine/Content/Internationalization/icudt64l/lang/en_IL.res" 1296
"../../../Engine/Content/Internationalization/icudt64l/region/en_IL.res" 1297
"../../../Engine/Content/Internationalization/icudt64l/lang/en_IM.res" 1298
"../../../Engine/Content/Internationalization/icudt64l/region/en_IM.res" 1299
"../../../Engine/Content/Internationalization/icudt64l/lang/en_IN.res" 1300
"../../../Engine/Content/Internationalization/icudt64l/region/en_IN.res" 1301
"../../../Engine/Content/Internationalization/icudt64l/lang/en_IO.res" 1302
"../../../Engine/Content/Internationalization/icudt64l/region/en_IO.res" 1303
"../../../Engine/Content/Internationalization/icudt64l/lang/en_JE.res" 1304
"../../../Engine/Content/Internationalization/icudt64l/region/en_JE.res" 1305
"../../../Engine/Content/Internationalization/icudt64l/lang/en_JM.res" 1306
"../../../Engine/Content/Internationalization/icudt64l/region/en_JM.res" 1307
"../../../Engine/Content/Internationalization/icudt64l/lang/en_KE.res" 1308
"../../../Engine/Content/Internationalization/icudt64l/region/en_KE.res" 1309
"../../../Engine/Content/Internationalization/icudt64l/lang/en_KI.res" 1310
"../../../Engine/Content/Internationalization/icudt64l/region/en_KI.res" 1311
"../../../Engine/Content/Internationalization/icudt64l/lang/en_KN.res" 1312
"../../../Engine/Content/Internationalization/icudt64l/region/en_KN.res" 1313
"../../../Engine/Content/Internationalization/icudt64l/lang/en_KY.res" 1314
"../../../Engine/Content/Internationalization/icudt64l/region/en_KY.res" 1315
"../../../Engine/Content/Internationalization/icudt64l/lang/en_LC.res" 1316
"../../../Engine/Content/Internationalization/icudt64l/region/en_LC.res" 1317
"../../../Engine/Content/Internationalization/icudt64l/lang/en_LR.res" 1318
"../../../Engine/Content/Internationalization/icudt64l/region/en_LR.res" 1319
"../../../Engine/Content/Internationalization/icudt64l/lang/en_LS.res" 1320
"../../../Engine/Content/Internationalization/icudt64l/region/en_LS.res" 1321
"../../../Engine/Content/Internationalization/icudt64l/lang/en_MG.res" 1322
"../../../Engine/Content/Internationalization/icudt64l/region/en_MG.res" 1323
"../../../Engine/Content/Internationalization/icudt64l/lang/en_MO.res" 1324
"../../../Engine/Content/Internationalization/icudt64l/region/en_MO.res" 1325
"../../../Engine/Content/Internationalization/icudt64l/lang/en_MS.res" 1326
"../../../Engine/Content/Internationalization/icudt64l/region/en_MS.res" 1327
"../../../Engine/Content/Internationalization/icudt64l/lang/en_MT.res" 1328
"../../../Engine/Content/Internationalization/icudt64l/region/en_MT.res" 1329
"../../../Engine/Content/Internationalization/icudt64l/lang/en_MU.res" 1330
"../../../Engine/Content/Internationalization/icudt64l/region/en_MU.res" 1331
"../../../Engine/Content/Internationalization/icudt64l/lang/en_MW.res" 1332
"../../../Engine/Content/Internationalization/icudt64l/region/en_MW.res" 1333
"../../../Engine/Content/Internationalization/icudt64l/lang/en_MY.res" 1334
"../../../Engine/Content/Internationalization/icudt64l/region/en_MY.res" 1335
"../../../Engine/Content/Internationalization/icudt64l/lang/en_NA.res" 1336
"../../../Engine/Content/Internationalization/icudt64l/region/en_NA.res" 1337
"../../../Engine/Content/Internationalization/icudt64l/lang/en_NF.res" 1338
"../../../Engine/Content/Internationalization/icudt64l/region/en_NF.res" 1339
"../../../Engine/Content/Internationalization/icudt64l/lang/en_NG.res" 1340
"../../../Engine/Content/Internationalization/icudt64l/region/en_NG.res" 1341
"../../../Engine/Content/Internationalization/icudt64l/lang/en_NL.res" 1342
"../../../Engine/Content/Internationalization/icudt64l/region/en_NL.res" 1343
"../../../Engine/Content/Internationalization/icudt64l/lang/en_NR.res" 1344
"../../../Engine/Content/Internationalization/icudt64l/region/en_NR.res" 1345
"../../../Engine/Content/Internationalization/icudt64l/lang/en_NU.res" 1346
"../../../Engine/Content/Internationalization/icudt64l/region/en_NU.res" 1347
"../../../Engine/Content/Internationalization/icudt64l/lang/en_NZ.res" 1348
"../../../Engine/Content/Internationalization/icudt64l/region/en_NZ.res" 1349
"../../../Engine/Content/Internationalization/icudt64l/lang/en_PG.res" 1350
"../../../Engine/Content/Internationalization/icudt64l/region/en_PG.res" 1351
"../../../Engine/Content/Internationalization/icudt64l/lang/en_PH.res" 1352
"../../../Engine/Content/Internationalization/icudt64l/region/en_PH.res" 1353
"../../../Engine/Content/Internationalization/icudt64l/lang/en_PK.res" 1354
"../../../Engine/Content/Internationalization/icudt64l/region/en_PK.res" 1355
"../../../Engine/Content/Internationalization/icudt64l/lang/en_PN.res" 1356
"../../../Engine/Content/Internationalization/icudt64l/region/en_PN.res" 1357
"../../../Engine/Content/Internationalization/icudt64l/lang/en_PW.res" 1358
"../../../Engine/Content/Internationalization/icudt64l/region/en_PW.res" 1359
"../../../Engine/Content/Internationalization/icudt64l/lang/en_RW.res" 1360
"../../../Engine/Content/Internationalization/icudt64l/region/en_RW.res" 1361
"../../../Engine/Content/Internationalization/icudt64l/lang/en_SB.res" 1362
"../../../Engine/Content/Internationalization/icudt64l/region/en_SB.res" 1363
"../../../Engine/Content/Internationalization/icudt64l/lang/en_SC.res" 1364
"../../../Engine/Content/Internationalization/icudt64l/region/en_SC.res" 1365
"../../../Engine/Content/Internationalization/icudt64l/lang/en_SD.res" 1366
"../../../Engine/Content/Internationalization/icudt64l/region/en_SD.res" 1367
"../../../Engine/Content/Internationalization/icudt64l/lang/en_SE.res" 1368
"../../../Engine/Content/Internationalization/icudt64l/region/en_SE.res" 1369
"../../../Engine/Content/Internationalization/icudt64l/lang/en_SG.res" 1370
"../../../Engine/Content/Internationalization/icudt64l/region/en_SG.res" 1371
"../../../Engine/Content/Internationalization/icudt64l/lang/en_SH.res" 1372
"../../../Engine/Content/Internationalization/icudt64l/region/en_SH.res" 1373
"../../../Engine/Content/Internationalization/icudt64l/lang/en_SI.res" 1374
"../../../Engine/Content/Internationalization/icudt64l/region/en_SI.res" 1375
"../../../Engine/Content/Internationalization/icudt64l/lang/en_SL.res" 1376
"../../../Engine/Content/Internationalization/icudt64l/region/en_SL.res" 1377
"../../../Engine/Content/Internationalization/icudt64l/lang/en_SS.res" 1378
"../../../Engine/Content/Internationalization/icudt64l/region/en_SS.res" 1379
"../../../Engine/Content/Internationalization/icudt64l/lang/en_SX.res" 1380
"../../../Engine/Content/Internationalization/icudt64l/region/en_SX.res" 1381
"../../../Engine/Content/Internationalization/icudt64l/lang/en_SZ.res" 1382
"../../../Engine/Content/Internationalization/icudt64l/region/en_SZ.res" 1383
"../../../Engine/Content/Internationalization/icudt64l/lang/en_TC.res" 1384
"../../../Engine/Content/Internationalization/icudt64l/region/en_TC.res" 1385
"../../../Engine/Content/Internationalization/icudt64l/lang/en_TK.res" 1386
"../../../Engine/Content/Internationalization/icudt64l/region/en_TK.res" 1387
"../../../Engine/Content/Internationalization/icudt64l/lang/en_TO.res" 1388
"../../../Engine/Content/Internationalization/icudt64l/region/en_TO.res" 1389
"../../../Engine/Content/Internationalization/icudt64l/lang/en_TT.res" 1390
"../../../Engine/Content/Internationalization/icudt64l/region/en_TT.res" 1391
"../../../Engine/Content/Internationalization/icudt64l/lang/en_TV.res" 1392
"../../../Engine/Content/Internationalization/icudt64l/region/en_TV.res" 1393
"../../../Engine/Content/Internationalization/icudt64l/lang/en_TZ.res" 1394
"../../../Engine/Content/Internationalization/icudt64l/region/en_TZ.res" 1395
"../../../Engine/Content/Internationalization/icudt64l/lang/en_UG.res" 1396
"../../../Engine/Content/Internationalization/icudt64l/region/en_UG.res" 1397
"../../../Engine/Content/Internationalization/icudt64l/lang/en_VC.res" 1398
"../../../Engine/Content/Internationalization/icudt64l/region/en_VC.res" 1399
"../../../Engine/Content/Internationalization/icudt64l/lang/en_VG.res" 1400
"../../../Engine/Content/Internationalization/icudt64l/region/en_VG.res" 1401
"../../../Engine/Content/Internationalization/icudt64l/lang/en_VU.res" 1402
"../../../Engine/Content/Internationalization/icudt64l/region/en_VU.res" 1403
"../../../Engine/Content/Internationalization/icudt64l/lang/en_WS.res" 1404
"../../../Engine/Content/Internationalization/icudt64l/region/en_WS.res" 1405
"../../../Engine/Content/Internationalization/icudt64l/lang/en_ZA.res" 1406
"../../../Engine/Content/Internationalization/icudt64l/region/en_ZA.res" 1407
"../../../Engine/Content/Internationalization/icudt64l/lang/en_ZM.res" 1408
"../../../Engine/Content/Internationalization/icudt64l/region/en_ZM.res" 1409
"../../../Engine/Content/Internationalization/icudt64l/lang/en_ZW.res" 1410
"../../../Engine/Content/Internationalization/icudt64l/region/en_ZW.res" 1411
"../../../Engine/Content/Internationalization/icudt64l/lang/eo.res" 1412
"../../../Engine/Content/Internationalization/icudt64l/region/eo.res" 1413
"../../../Engine/Content/Internationalization/icudt64l/lang/es.res" 1414
"../../../Engine/Content/Internationalization/icudt64l/lang/es_419.res" 1415
"../../../Engine/Content/Internationalization/icudt64l/region/es_419.res" 1416
"../../../Engine/Content/Internationalization/icudt64l/region/es.res" 1417
"../../../Engine/Content/Internationalization/icudt64l/lang/es_AR.res" 1418
"../../../Engine/Content/Internationalization/icudt64l/region/es_AR.res" 1419
"../../../Engine/Content/Internationalization/icudt64l/lang/es_BO.res" 1420
"../../../Engine/Content/Internationalization/icudt64l/region/es_BO.res" 1421
"../../../Engine/Content/Internationalization/icudt64l/lang/es_BR.res" 1422
"../../../Engine/Content/Internationalization/icudt64l/region/es_BR.res" 1423
"../../../Engine/Content/Internationalization/icudt64l/lang/es_BZ.res" 1424
"../../../Engine/Content/Internationalization/icudt64l/region/es_BZ.res" 1425
"../../../Engine/Content/Internationalization/icudt64l/lang/es_CL.res" 1426
"../../../Engine/Content/Internationalization/icudt64l/region/es_CL.res" 1427
"../../../Engine/Content/Internationalization/icudt64l/lang/es_CO.res" 1428
"../../../Engine/Content/Internationalization/icudt64l/region/es_CO.res" 1429
"../../../Engine/Content/Internationalization/icudt64l/lang/es_CR.res" 1430
"../../../Engine/Content/Internationalization/icudt64l/region/es_CR.res" 1431
"../../../Engine/Content/Internationalization/icudt64l/lang/es_CU.res" 1432
"../../../Engine/Content/Internationalization/icudt64l/region/es_CU.res" 1433
"../../../Engine/Content/Internationalization/icudt64l/lang/es_DO.res" 1434
"../../../Engine/Content/Internationalization/icudt64l/region/es_DO.res" 1435
"../../../Engine/Content/Internationalization/icudt64l/lang/es_EC.res" 1436
"../../../Engine/Content/Internationalization/icudt64l/region/es_EC.res" 1437
"../../../Engine/Content/Internationalization/icudt64l/lang/es_GT.res" 1438
"../../../Engine/Content/Internationalization/icudt64l/region/es_GT.res" 1439
"../../../Engine/Content/Internationalization/icudt64l/lang/es_HN.res" 1440
"../../../Engine/Content/Internationalization/icudt64l/region/es_HN.res" 1441
"../../../Engine/Content/Internationalization/icudt64l/lang/es_MX.res" 1442
"../../../Engine/Content/Internationalization/icudt64l/region/es_MX.res" 1443
"../../../Engine/Content/Internationalization/icudt64l/lang/es_NI.res" 1444
"../../../Engine/Content/Internationalization/icudt64l/region/es_NI.res" 1445
"../../../Engine/Content/Internationalization/icudt64l/lang/es_PA.res" 1446
"../../../Engine/Content/Internationalization/icudt64l/region/es_PA.res" 1447
"../../../Engine/Content/Internationalization/icudt64l/lang/es_PE.res" 1448
"../../../Engine/Content/Internationalization/icudt64l/region/es_PE.res" 1449
"../../../Engine/Content/Internationalization/icudt64l/lang/es_PR.res" 1450
"../../../Engine/Content/Internationalization/icudt64l/region/es_PR.res" 1451
"../../../Engine/Content/Internationalization/icudt64l/lang/es_PY.res" 1452
"../../../Engine/Content/Internationalization/icudt64l/region/es_PY.res" 1453
"../../../Engine/Content/Internationalization/icudt64l/lang/es_SV.res" 1454
"../../../Engine/Content/Internationalization/icudt64l/region/es_SV.res" 1455
"../../../Engine/Content/Internationalization/icudt64l/lang/es_US.res" 1456
"../../../Engine/Content/Internationalization/icudt64l/region/es_US.res" 1457
"../../../Engine/Content/Internationalization/icudt64l/lang/es_UY.res" 1458
"../../../Engine/Content/Internationalization/icudt64l/region/es_UY.res" 1459
"../../../Engine/Content/Internationalization/icudt64l/lang/es_VE.res" 1460
"../../../Engine/Content/Internationalization/icudt64l/region/es_VE.res" 1461
"../../../Engine/Content/Internationalization/icudt64l/lang/et.res" 1462
"../../../Engine/Content/Internationalization/icudt64l/region/et.res" 1463
"../../../Engine/Content/Internationalization/icudt64l/lang/eu.res" 1464
"../../../Engine/Content/Internationalization/icudt64l/region/eu.res" 1465
"../../../Engine/Content/Internationalization/icudt64l/lang/ewo.res" 1466
"../../../Engine/Content/Internationalization/icudt64l/region/ewo.res" 1467
"../../../Engine/Content/Internationalization/icudt64l/lang/fa.res" 1468
"../../../Engine/Content/Internationalization/icudt64l/lang/fa_AF.res" 1469
"../../../Engine/Content/Internationalization/icudt64l/region/fa_AF.res" 1470
"../../../Engine/Content/Internationalization/icudt64l/region/fa.res" 1471
"../../../Engine/Content/Internationalization/icudt64l/lang/ff.res" 1472
"../../../Engine/Content/Internationalization/icudt64l/lang/ff_Latn.res" 1473
"../../../Engine/Content/Internationalization/icudt64l/region/ff.res" 1474
"../../../Engine/Content/Internationalization/icudt64l/region/ff_Latn.res" 1475
"../../../Engine/Content/Internationalization/icudt64l/lang/ff_CM.res" 1476
"../../../Engine/Content/Internationalization/icudt64l/lang/ff_Latn_CM.res" 1477
"../../../Engine/Content/Internationalization/icudt64l/region/ff_CM.res" 1478
"../../../Engine/Content/Internationalization/icudt64l/region/ff_Latn_CM.res" 1479
"../../../Engine/Content/Internationalization/icudt64l/lang/ff_GN.res" 1480
"../../../Engine/Content/Internationalization/icudt64l/lang/ff_Latn_GN.res" 1481
"../../../Engine/Content/Internationalization/icudt64l/region/ff_GN.res" 1482
"../../../Engine/Content/Internationalization/icudt64l/region/ff_Latn_GN.res" 1483
"../../../Engine/Content/Internationalization/icudt64l/lang/ff_MR.res" 1484
"../../../Engine/Content/Internationalization/icudt64l/lang/ff_Latn_MR.res" 1485
"../../../Engine/Content/Internationalization/icudt64l/region/ff_MR.res" 1486
"../../../Engine/Content/Internationalization/icudt64l/region/ff_Latn_MR.res" 1487
"../../../Engine/Content/Internationalization/icudt64l/lang/ff_SN.res" 1488
"../../../Engine/Content/Internationalization/icudt64l/lang/ff_Latn_SN.res" 1489
"../../../Engine/Content/Internationalization/icudt64l/region/ff_SN.res" 1490
"../../../Engine/Content/Internationalization/icudt64l/region/ff_Latn_SN.res" 1491
"../../../Engine/Content/Internationalization/icudt64l/lang/fi.res" 1492
"../../../Engine/Content/Internationalization/icudt64l/region/fi.res" 1493
"../../../Engine/Content/Internationalization/icudt64l/lang/fil.res" 1494
"../../../Engine/Content/Internationalization/icudt64l/lang/fil_PH.res" 1495
"../../../Engine/Content/Internationalization/icudt64l/region/fil_PH.res" 1496
"../../../Engine/Content/Internationalization/icudt64l/region/fil.res" 1497
"../../../Engine/Content/Internationalization/icudt64l/lang/fo.res" 1498
"../../../Engine/Content/Internationalization/icudt64l/region/fo.res" 1499
"../../../Engine/Content/Internationalization/icudt64l/lang/fr.res" 1500
"../../../Engine/Content/Internationalization/icudt64l/lang/fr_BE.res" 1501
"../../../Engine/Content/Internationalization/icudt64l/region/fr_BE.res" 1502
"../../../Engine/Content/Internationalization/icudt64l/region/fr.res" 1503
"../../../Engine/Content/Internationalization/icudt64l/lang/fr_CA.res" 1504
"../../../Engine/Content/Internationalization/icudt64l/region/fr_CA.res" 1505
"../../../Engine/Content/Internationalization/icudt64l/lang/fr_CH.res" 1506
"../../../Engine/Content/Internationalization/icudt64l/lang/fur.res" 1507
"../../../Engine/Content/Internationalization/icudt64l/region/fur.res" 1508
"../../../Engine/Content/Internationalization/icudt64l/lang/fy.res" 1509
"../../../Engine/Content/Internationalization/icudt64l/region/fy.res" 1510
"../../../Engine/Content/Internationalization/icudt64l/lang/ga.res" 1511
"../../../Engine/Content/Internationalization/icudt64l/region/ga.res" 1512
"../../../Engine/Content/Internationalization/icudt64l/lang/gd.res" 1513
"../../../Engine/Content/Internationalization/icudt64l/region/gd.res" 1514
"../../../Engine/Content/Internationalization/icudt64l/lang/gl.res" 1515
"../../../Engine/Content/Internationalization/icudt64l/region/gl.res" 1516
"../../../Engine/Content/Internationalization/icudt64l/lang/gsw.res" 1517
"../../../Engine/Content/Internationalization/icudt64l/region/gsw.res" 1518
"../../../Engine/Content/Internationalization/icudt64l/lang/gu.res" 1519
"../../../Engine/Content/Internationalization/icudt64l/region/gu.res" 1520
"../../../Engine/Content/Internationalization/icudt64l/lang/guz.res" 1521
"../../../Engine/Content/Internationalization/icudt64l/region/guz.res" 1522
"../../../Engine/Content/Internationalization/icudt64l/lang/gv.res" 1523
"../../../Engine/Content/Internationalization/icudt64l/region/gv.res" 1524
"../../../Engine/Content/Internationalization/icudt64l/lang/ha.res" 1525
"../../../Engine/Content/Internationalization/icudt64l/region/ha.res" 1526
"../../../Engine/Content/Internationalization/icudt64l/lang/ha_NE.res" 1527
"../../../Engine/Content/Internationalization/icudt64l/region/ha_NE.res" 1528
"../../../Engine/Content/Internationalization/icudt64l/lang/haw.res" 1529
"../../../Engine/Content/Internationalization/icudt64l/region/haw.res" 1530
"../../../Engine/Content/Internationalization/icudt64l/lang/he.res" 1531
"../../../Engine/Content/Internationalization/icudt64l/lang/he_IL.res" 1532
"../../../Engine/Content/Internationalization/icudt64l/region/he_IL.res" 1533
"../../../Engine/Content/Internationalization/icudt64l/region/he.res" 1534
"../../../Engine/Content/Internationalization/icudt64l/lang/hi.res" 1535
"../../../Engine/Content/Internationalization/icudt64l/region/hi.res" 1536
"../../../Engine/Content/Internationalization/icudt64l/lang/hr.res" 1537
"../../../Engine/Content/Internationalization/icudt64l/region/hr.res" 1538
"../../../Engine/Content/Internationalization/icudt64l/lang/hsb.res" 1539
"../../../Engine/Content/Internationalization/icudt64l/region/hsb.res" 1540
"../../../Engine/Content/Internationalization/icudt64l/lang/hu.res" 1541
"../../../Engine/Content/Internationalization/icudt64l/region/hu.res" 1542
"../../../Engine/Content/Internationalization/icudt64l/lang/hy.res" 1543
"../../../Engine/Content/Internationalization/icudt64l/region/hy.res" 1544
"../../../Engine/Content/Internationalization/icudt64l/lang/ia.res" 1545
"../../../Engine/Content/Internationalization/icudt64l/region/ia.res" 1546
"../../../Engine/Content/Internationalization/icudt64l/lang/id.res" 1547
"../../../Engine/Content/Internationalization/icudt64l/lang/id_ID.res" 1548
"../../../Engine/Content/Internationalization/icudt64l/region/id_ID.res" 1549
"../../../Engine/Content/Internationalization/icudt64l/region/id.res" 1550
"../../../Engine/Content/Internationalization/icudt64l/lang/ig.res" 1551
"../../../Engine/Content/Internationalization/icudt64l/region/ig.res" 1552
"../../../Engine/Content/Internationalization/icudt64l/lang/ii.res" 1553
"../../../Engine/Content/Internationalization/icudt64l/region/ii.res" 1554
"../../../Engine/Content/Internationalization/icudt64l/lang/is.res" 1555
"../../../Engine/Content/Internationalization/icudt64l/region/is.res" 1556
"../../../Engine/Content/Internationalization/icudt64l/lang/it.res" 1557
"../../../Engine/Content/Internationalization/icudt64l/region/it.res" 1558
"../../../Engine/Content/Internationalization/icudt64l/lang/ja.res" 1559
"../../../Engine/Content/Internationalization/icudt64l/lang/ja_JP.res" 1560
"../../../Engine/Content/Internationalization/icudt64l/region/ja_JP.res" 1561
"../../../Engine/Content/Internationalization/icudt64l/region/ja.res" 1562
"../../../Engine/Content/Internationalization/icudt64l/lang/jgo.res" 1563
"../../../Engine/Content/Internationalization/icudt64l/region/jgo.res" 1564
"../../../Engine/Content/Internationalization/icudt64l/lang/jmc.res" 1565
"../../../Engine/Content/Internationalization/icudt64l/region/jmc.res" 1566
"../../../Engine/Content/Internationalization/icudt64l/lang/jv.res" 1567
"../../../Engine/Content/Internationalization/icudt64l/region/jv.res" 1568
"../../../Engine/Content/Internationalization/icudt64l/lang/ka.res" 1569
"../../../Engine/Content/Internationalization/icudt64l/region/ka.res" 1570
"../../../Engine/Content/Internationalization/icudt64l/lang/kab.res" 1571
"../../../Engine/Content/Internationalization/icudt64l/region/kab.res" 1572
"../../../Engine/Content/Internationalization/icudt64l/lang/kam.res" 1573
"../../../Engine/Content/Internationalization/icudt64l/region/kam.res" 1574
"../../../Engine/Content/Internationalization/icudt64l/lang/kde.res" 1575
"../../../Engine/Content/Internationalization/icudt64l/region/kde.res" 1576
"../../../Engine/Content/Internationalization/icudt64l/lang/kea.res" 1577
"../../../Engine/Content/Internationalization/icudt64l/region/kea.res" 1578
"../../../Engine/Content/Internationalization/icudt64l/lang/khq.res" 1579
"../../../Engine/Content/Internationalization/icudt64l/region/khq.res" 1580
"../../../Engine/Content/Internationalization/icudt64l/lang/ki.res" 1581
"../../../Engine/Content/Internationalization/icudt64l/region/ki.res" 1582
"../../../Engine/Content/Internationalization/icudt64l/lang/kk.res" 1583
"../../../Engine/Content/Internationalization/icudt64l/region/kk.res" 1584
"../../../Engine/Content/Internationalization/icudt64l/lang/kkj.res" 1585
"../../../Engine/Content/Internationalization/icudt64l/region/kkj.res" 1586
"../../../Engine/Content/Internationalization/icudt64l/lang/kl.res" 1587
"../../../Engine/Content/Internationalization/icudt64l/region/kl.res" 1588
"../../../Engine/Content/Internationalization/icudt64l/lang/kln.res" 1589
"../../../Engine/Content/Internationalization/icudt64l/region/kln.res" 1590
"../../../Engine/Content/Internationalization/icudt64l/lang/km.res" 1591
"../../../Engine/Content/Internationalization/icudt64l/region/km.res" 1592
"../../../Engine/Content/Internationalization/icudt64l/lang/kn.res" 1593
"../../../Engine/Content/Internationalization/icudt64l/region/kn.res" 1594
"../../../Engine/Content/Internationalization/icudt64l/lang/ko.res" 1595
"../../../Engine/Content/Internationalization/icudt64l/region/ko_KP.res" 1596
"../../../Engine/Content/Internationalization/icudt64l/region/ko.res" 1597
"../../../Engine/Content/Internationalization/icudt64l/lang/kok.res" 1598
"../../../Engine/Content/Internationalization/icudt64l/region/kok.res" 1599
"../../../Engine/Content/Internationalization/icudt64l/lang/ks.res" 1600
"../../../Engine/Content/Internationalization/icudt64l/region/ks.res" 1601
"../../../Engine/Content/Internationalization/icudt64l/lang/ksb.res" 1602
"../../../Engine/Content/Internationalization/icudt64l/region/ksb.res" 1603
"../../../Engine/Content/Internationalization/icudt64l/lang/ksf.res" 1604
"../../../Engine/Content/Internationalization/icudt64l/region/ksf.res" 1605
"../../../Engine/Content/Internationalization/icudt64l/lang/ksh.res" 1606
"../../../Engine/Content/Internationalization/icudt64l/region/ksh.res" 1607
"../../../Engine/Content/Internationalization/icudt64l/lang/ku.res" 1608
"../../../Engine/Content/Internationalization/icudt64l/region/ku.res" 1609
"../../../Engine/Content/Internationalization/icudt64l/lang/kw.res" 1610
"../../../Engine/Content/Internationalization/icudt64l/region/kw.res" 1611
"../../../Engine/Content/Internationalization/icudt64l/lang/ky.res" 1612
"../../../Engine/Content/Internationalization/icudt64l/region/ky.res" 1613
"../../../Engine/Content/Internationalization/icudt64l/lang/lag.res" 1614
"../../../Engine/Content/Internationalization/icudt64l/region/lag.res" 1615
"../../../Engine/Content/Internationalization/icudt64l/lang/lb.res" 1616
"../../../Engine/Content/Internationalization/icudt64l/region/lb.res" 1617
"../../../Engine/Content/Internationalization/icudt64l/lang/lg.res" 1618
"../../../Engine/Content/Internationalization/icudt64l/region/lg.res" 1619
"../../../Engine/Content/Internationalization/icudt64l/lang/lkt.res" 1620
"../../../Engine/Content/Internationalization/icudt64l/region/lkt.res" 1621
"../../../Engine/Content/Internationalization/icudt64l/lang/ln.res" 1622
"../../../Engine/Content/Internationalization/icudt64l/region/ln.res" 1623
"../../../Engine/Content/Internationalization/icudt64l/lang/lo.res" 1624
"../../../Engine/Content/Internationalization/icudt64l/region/lo.res" 1625
"../../../Engine/Content/Internationalization/icudt64l/lang/lrc.res" 1626
"../../../Engine/Content/Internationalization/icudt64l/region/lrc.res" 1627
"../../../Engine/Content/Internationalization/icudt64l/lang/lt.res" 1628
"../../../Engine/Content/Internationalization/icudt64l/region/lt.res" 1629
"../../../Engine/Content/Internationalization/icudt64l/lang/lu.res" 1630
"../../../Engine/Content/Internationalization/icudt64l/region/lu.res" 1631
"../../../Engine/Content/Internationalization/icudt64l/lang/luo.res" 1632
"../../../Engine/Content/Internationalization/icudt64l/region/luo.res" 1633
"../../../Engine/Content/Internationalization/icudt64l/lang/luy.res" 1634
"../../../Engine/Content/Internationalization/icudt64l/region/luy.res" 1635
"../../../Engine/Content/Internationalization/icudt64l/lang/lv.res" 1636
"../../../Engine/Content/Internationalization/icudt64l/region/lv.res" 1637
"../../../Engine/Content/Internationalization/icudt64l/lang/mas.res" 1638
"../../../Engine/Content/Internationalization/icudt64l/region/mas.res" 1639
"../../../Engine/Content/Internationalization/icudt64l/lang/mer.res" 1640
"../../../Engine/Content/Internationalization/icudt64l/region/mer.res" 1641
"../../../Engine/Content/Internationalization/icudt64l/lang/mfe.res" 1642
"../../../Engine/Content/Internationalization/icudt64l/region/mfe.res" 1643
"../../../Engine/Content/Internationalization/icudt64l/lang/mg.res" 1644
"../../../Engine/Content/Internationalization/icudt64l/region/mg.res" 1645
"../../../Engine/Content/Internationalization/icudt64l/lang/mgh.res" 1646
"../../../Engine/Content/Internationalization/icudt64l/region/mgh.res" 1647
"../../../Engine/Content/Internationalization/icudt64l/lang/mgo.res" 1648
"../../../Engine/Content/Internationalization/icudt64l/region/mgo.res" 1649
"../../../Engine/Content/Internationalization/icudt64l/lang/mi.res" 1650
"../../../Engine/Content/Internationalization/icudt64l/region/mi.res" 1651
"../../../Engine/Content/Internationalization/icudt64l/lang/mk.res" 1652
"../../../Engine/Content/Internationalization/icudt64l/region/mk.res" 1653
"../../../Engine/Content/Internationalization/icudt64l/lang/ml.res" 1654
"../../../Engine/Content/Internationalization/icudt64l/region/ml.res" 1655
"../../../Engine/Content/Internationalization/icudt64l/lang/mn.res" 1656
"../../../Engine/Content/Internationalization/icudt64l/region/mn.res" 1657
"../../../Engine/Content/Internationalization/icudt64l/lang/mr.res" 1658
"../../../Engine/Content/Internationalization/icudt64l/region/mr.res" 1659
"../../../Engine/Content/Internationalization/icudt64l/lang/ms.res" 1660
"../../../Engine/Content/Internationalization/icudt64l/region/ms.res" 1661
"../../../Engine/Content/Internationalization/icudt64l/lang/mt.res" 1662
"../../../Engine/Content/Internationalization/icudt64l/region/mt.res" 1663
"../../../Engine/Content/Internationalization/icudt64l/lang/mua.res" 1664
"../../../Engine/Content/Internationalization/icudt64l/region/mua.res" 1665
"../../../Engine/Content/Internationalization/icudt64l/lang/my.res" 1666
"../../../Engine/Content/Internationalization/icudt64l/region/my.res" 1667
"../../../Engine/Content/Internationalization/icudt64l/lang/mzn.res" 1668
"../../../Engine/Content/Internationalization/icudt64l/region/mzn.res" 1669
"../../../Engine/Content/Internationalization/icudt64l/lang/naq.res" 1670
"../../../Engine/Content/Internationalization/icudt64l/region/naq.res" 1671
"../../../Engine/Content/Internationalization/icudt64l/lang/nb.res" 1672
"../../../Engine/Content/Internationalization/icudt64l/lang/nb_NO.res" 1673
"../../../Engine/Content/Internationalization/icudt64l/region/nb_NO.res" 1674
"../../../Engine/Content/Internationalization/icudt64l/region/nb.res" 1675
"../../../Engine/Content/Internationalization/icudt64l/lang/nd.res" 1676
"../../../Engine/Content/Internationalization/icudt64l/region/nd.res" 1677
"../../../Engine/Content/Internationalization/icudt64l/lang/nds.res" 1678
"../../../Engine/Content/Internationalization/icudt64l/region/nds.res" 1679
"../../../Engine/Content/Internationalization/icudt64l/lang/ne.res" 1680
"../../../Engine/Content/Internationalization/icudt64l/region/ne.res" 1681
"../../../Engine/Content/Internationalization/icudt64l/lang/nl.res" 1682
"../../../Engine/Content/Internationalization/icudt64l/region/nl.res" 1683
"../../../Engine/Content/Internationalization/icudt64l/lang/nmg.res" 1684
"../../../Engine/Content/Internationalization/icudt64l/region/nmg.res" 1685
"../../../Engine/Content/Internationalization/icudt64l/lang/nn.res" 1686
"../../../Engine/Content/Internationalization/icudt64l/lang/nn_NO.res" 1687
"../../../Engine/Content/Internationalization/icudt64l/region/nn_NO.res" 1688
"../../../Engine/Content/Internationalization/icudt64l/region/nn.res" 1689
"../../../Engine/Content/Internationalization/icudt64l/lang/nnh.res" 1690
"../../../Engine/Content/Internationalization/icudt64l/region/nnh.res" 1691
"../../../Engine/Content/Internationalization/icudt64l/lang/nus.res" 1692
"../../../Engine/Content/Internationalization/icudt64l/region/nus.res" 1693
"../../../Engine/Content/Internationalization/icudt64l/lang/nyn.res" 1694
"../../../Engine/Content/Internationalization/icudt64l/region/nyn.res" 1695
"../../../Engine/Content/Internationalization/icudt64l/lang/om.res" 1696
"../../../Engine/Content/Internationalization/icudt64l/region/om.res" 1697
"../../../Engine/Content/Internationalization/icudt64l/lang/or.res" 1698
"../../../Engine/Content/Internationalization/icudt64l/region/or.res" 1699
"../../../Engine/Content/Internationalization/icudt64l/lang/os.res" 1700
"../../../Engine/Content/Internationalization/icudt64l/region/os.res" 1701
"../../../Engine/Content/Internationalization/icudt64l/lang/pa.res" 1702
"../../../Engine/Content/Internationalization/icudt64l/lang/pa_Arab.res" 1703
"../../../Engine/Content/Internationalization/icudt64l/lang/pa_PK.res" 1704
"../../../Engine/Content/Internationalization/icudt64l/lang/pa_Arab_PK.res" 1705
"../../../Engine/Content/Internationalization/icudt64l/region/pa_PK.res" 1706
"../../../Engine/Content/Internationalization/icudt64l/region/pa_Arab_PK.res" 1707
"../../../Engine/Content/Internationalization/icudt64l/region/pa_Arab.res" 1708
"../../../Engine/Content/Internationalization/icudt64l/lang/pa_Guru.res" 1709
"../../../Engine/Content/Internationalization/icudt64l/lang/pa_IN.res" 1710
"../../../Engine/Content/Internationalization/icudt64l/lang/pa_Guru_IN.res" 1711
"../../../Engine/Content/Internationalization/icudt64l/region/pa_IN.res" 1712
"../../../Engine/Content/Internationalization/icudt64l/region/pa_Guru_IN.res" 1713
"../../../Engine/Content/Internationalization/icudt64l/region/pa_Guru.res" 1714
"../../../Engine/Content/Internationalization/icudt64l/region/pa.res" 1715
"../../../Engine/Content/Internationalization/icudt64l/lang/pl.res" 1716
"../../../Engine/Content/Internationalization/icudt64l/region/pl.res" 1717
"../../../Engine/Content/Internationalization/icudt64l/lang/ps.res" 1718
"../../../Engine/Content/Internationalization/icudt64l/region/ps.res" 1719
"../../../Engine/Content/Internationalization/icudt64l/lang/ps_PK.res" 1720
"../../../Engine/Content/Internationalization/icudt64l/region/ps_PK.res" 1721
"../../../Engine/Content/Internationalization/icudt64l/lang/pt.res" 1722
"../../../Engine/Content/Internationalization/icudt64l/lang/pt_AO.res" 1723
"../../../Engine/Content/Internationalization/icudt64l/lang/pt_PT.res" 1724
"../../../Engine/Content/Internationalization/icudt64l/region/pt_AO.res" 1725
"../../../Engine/Content/Internationalization/icudt64l/region/pt_PT.res" 1726
"../../../Engine/Content/Internationalization/icudt64l/region/pt.res" 1727
"../../../Engine/Content/Internationalization/icudt64l/lang/pt_CH.res" 1728
"../../../Engine/Content/Internationalization/icudt64l/region/pt_CH.res" 1729
"../../../Engine/Content/Internationalization/icudt64l/lang/pt_CV.res" 1730
"../../../Engine/Content/Internationalization/icudt64l/region/pt_CV.res" 1731
"../../../Engine/Content/Internationalization/icudt64l/lang/pt_GQ.res" 1732
"../../../Engine/Content/Internationalization/icudt64l/region/pt_GQ.res" 1733
"../../../Engine/Content/Internationalization/icudt64l/lang/pt_GW.res" 1734
"../../../Engine/Content/Internationalization/icudt64l/region/pt_GW.res" 1735
"../../../Engine/Content/Internationalization/icudt64l/lang/pt_LU.res" 1736
"../../../Engine/Content/Internationalization/icudt64l/region/pt_LU.res" 1737
"../../../Engine/Content/Internationalization/icudt64l/lang/pt_MO.res" 1738
"../../../Engine/Content/Internationalization/icudt64l/region/pt_MO.res" 1739
"../../../Engine/Content/Internationalization/icudt64l/lang/pt_MZ.res" 1740
"../../../Engine/Content/Internationalization/icudt64l/region/pt_MZ.res" 1741
"../../../Engine/Content/Internationalization/icudt64l/lang/pt_ST.res" 1742
"../../../Engine/Content/Internationalization/icudt64l/region/pt_ST.res" 1743
"../../../Engine/Content/Internationalization/icudt64l/lang/pt_TL.res" 1744
"../../../Engine/Content/Internationalization/icudt64l/region/pt_TL.res" 1745
"../../../Engine/Content/Internationalization/icudt64l/lang/qu.res" 1746
"../../../Engine/Content/Internationalization/icudt64l/region/qu.res" 1747
"../../../Engine/Content/Internationalization/icudt64l/lang/rm.res" 1748
"../../../Engine/Content/Internationalization/icudt64l/region/rm.res" 1749
"../../../Engine/Content/Internationalization/icudt64l/lang/rn.res" 1750
"../../../Engine/Content/Internationalization/icudt64l/region/rn.res" 1751
"../../../Engine/Content/Internationalization/icudt64l/lang/ro.res" 1752
"../../../Engine/Content/Internationalization/icudt64l/lang/ro_MD.res" 1753
"../../../Engine/Content/Internationalization/icudt64l/region/ro_MD.res" 1754
"../../../Engine/Content/Internationalization/icudt64l/region/ro.res" 1755
"../../../Engine/Content/Internationalization/icudt64l/lang/rof.res" 1756
"../../../Engine/Content/Internationalization/icudt64l/region/rof.res" 1757
"../../../Engine/Content/Internationalization/icudt64l/lang/ru.res" 1758
"../../../Engine/Content/Internationalization/icudt64l/region/ru.res" 1759
"../../../Engine/Content/Internationalization/icudt64l/region/ru_UA.res" 1760
"../../../Engine/Content/Internationalization/icudt64l/lang/rw.res" 1761
"../../../Engine/Content/Internationalization/icudt64l/region/rw.res" 1762
"../../../Engine/Content/Internationalization/icudt64l/lang/rwk.res" 1763
"../../../Engine/Content/Internationalization/icudt64l/region/rwk.res" 1764
"../../../Engine/Content/Internationalization/icudt64l/lang/sah.res" 1765
"../../../Engine/Content/Internationalization/icudt64l/region/sah.res" 1766
"../../../Engine/Content/Internationalization/icudt64l/lang/saq.res" 1767
"../../../Engine/Content/Internationalization/icudt64l/region/saq.res" 1768
"../../../Engine/Content/Internationalization/icudt64l/lang/sbp.res" 1769
"../../../Engine/Content/Internationalization/icudt64l/region/sbp.res" 1770
"../../../Engine/Content/Internationalization/icudt64l/lang/sd.res" 1771
"../../../Engine/Content/Internationalization/icudt64l/region/sd.res" 1772
"../../../Engine/Content/Internationalization/icudt64l/lang/se.res" 1773
"../../../Engine/Content/Internationalization/icudt64l/lang/se_FI.res" 1774
"../../../Engine/Content/Internationalization/icudt64l/region/se_FI.res" 1775
"../../../Engine/Content/Internationalization/icudt64l/region/se.res" 1776
"../../../Engine/Content/Internationalization/icudt64l/lang/seh.res" 1777
"../../../Engine/Content/Internationalization/icudt64l/region/seh.res" 1778
"../../../Engine/Content/Internationalization/icudt64l/lang/ses.res" 1779
"../../../Engine/Content/Internationalization/icudt64l/region/ses.res" 1780
"../../../Engine/Content/Internationalization/icudt64l/lang/sg.res" 1781
"../../../Engine/Content/Internationalization/icudt64l/region/sg.res" 1782
"../../../Engine/Content/Internationalization/icudt64l/lang/shi.res" 1783
"../../../Engine/Content/Internationalization/icudt64l/lang/shi_Latn.res" 1784
"../../../Engine/Content/Internationalization/icudt64l/lang/shi_MA.res" 1785
"../../../Engine/Content/Internationalization/icudt64l/lang/shi_Tfng_MA.res" 1786
"../../../Engine/Content/Internationalization/icudt64l/lang/shi_Tfng.res" 1787
"../../../Engine/Content/Internationalization/icudt64l/region/shi_MA.res" 1788
"../../../Engine/Content/Internationalization/icudt64l/region/shi_Tfng_MA.res" 1789
"../../../Engine/Content/Internationalization/icudt64l/region/shi_Tfng.res" 1790
"../../../Engine/Content/Internationalization/icudt64l/region/shi.res" 1791
"../../../Engine/Content/Internationalization/icudt64l/region/shi_Latn.res" 1792
"../../../Engine/Content/Internationalization/icudt64l/lang/si.res" 1793
"../../../Engine/Content/Internationalization/icudt64l/region/si.res" 1794
"../../../Engine/Content/Internationalization/icudt64l/lang/sk.res" 1795
"../../../Engine/Content/Internationalization/icudt64l/region/sk.res" 1796
"../../../Engine/Content/Internationalization/icudt64l/lang/sl.res" 1797
"../../../Engine/Content/Internationalization/icudt64l/region/sl.res" 1798
"../../../Engine/Content/Internationalization/icudt64l/lang/smn.res" 1799
"../../../Engine/Content/Internationalization/icudt64l/region/smn.res" 1800
"../../../Engine/Content/Internationalization/icudt64l/lang/sn.res" 1801
"../../../Engine/Content/Internationalization/icudt64l/region/sn.res" 1802
"../../../Engine/Content/Internationalization/icudt64l/lang/so.res" 1803
"../../../Engine/Content/Internationalization/icudt64l/region/so.res" 1804
"../../../Engine/Content/Internationalization/icudt64l/lang/sq.res" 1805
"../../../Engine/Content/Internationalization/icudt64l/region/sq.res" 1806
"../../../Engine/Content/Internationalization/icudt64l/lang/sr.res" 1807
"../../../Engine/Content/Internationalization/icudt64l/lang/sr_Cyrl.res" 1808
"../../../Engine/Content/Internationalization/icudt64l/lang/sr_BA.res" 1809
"../../../Engine/Content/Internationalization/icudt64l/lang/sr_Cyrl_BA.res" 1810
"../../../Engine/Content/Internationalization/icudt64l/region/sr_BA.res" 1811
"../../../Engine/Content/Internationalization/icudt64l/region/sr_Cyrl_BA.res" 1812
"../../../Engine/Content/Internationalization/icudt64l/region/sr_Cyrl.res" 1813
"../../../Engine/Content/Internationalization/icudt64l/region/sr.res" 1814
"../../../Engine/Content/Internationalization/icudt64l/lang/sr_ME.res" 1815
"../../../Engine/Content/Internationalization/icudt64l/lang/sr_Latn_ME.res" 1816
"../../../Engine/Content/Internationalization/icudt64l/lang/sr_Latn.res" 1817
"../../../Engine/Content/Internationalization/icudt64l/region/sr_ME.res" 1818
"../../../Engine/Content/Internationalization/icudt64l/region/sr_Latn_ME.res" 1819
"../../../Engine/Content/Internationalization/icudt64l/region/sr_Latn.res" 1820
"../../../Engine/Content/Internationalization/icudt64l/lang/sr_Cyrl_ME.res" 1821
"../../../Engine/Content/Internationalization/icudt64l/region/sr_Cyrl_ME.res" 1822
"../../../Engine/Content/Internationalization/icudt64l/lang/sr_RS.res" 1823
"../../../Engine/Content/Internationalization/icudt64l/lang/sr_Cyrl_RS.res" 1824
"../../../Engine/Content/Internationalization/icudt64l/region/sr_RS.res" 1825
"../../../Engine/Content/Internationalization/icudt64l/region/sr_Cyrl_RS.res" 1826
"../../../Engine/Content/Internationalization/icudt64l/lang/sr_XK.res" 1827
"../../../Engine/Content/Internationalization/icudt64l/lang/sr_Cyrl_XK.res" 1828
"../../../Engine/Content/Internationalization/icudt64l/region/sr_XK.res" 1829
"../../../Engine/Content/Internationalization/icudt64l/region/sr_Cyrl_XK.res" 1830
"../../../Engine/Content/Internationalization/icudt64l/lang/sr_Latn_BA.res" 1831
"../../../Engine/Content/Internationalization/icudt64l/region/sr_Latn_BA.res" 1832
"../../../Engine/Content/Internationalization/icudt64l/lang/sr_Latn_RS.res" 1833
"../../../Engine/Content/Internationalization/icudt64l/region/sr_Latn_RS.res" 1834
"../../../Engine/Content/Internationalization/icudt64l/lang/sr_Latn_XK.res" 1835
"../../../Engine/Content/Internationalization/icudt64l/region/sr_Latn_XK.res" 1836
"../../../Engine/Content/Internationalization/icudt64l/lang/sv.res" 1837
"../../../Engine/Content/Internationalization/icudt64l/region/sv.res" 1838
"../../../Engine/Content/Internationalization/icudt64l/lang/sv_FI.res" 1839
"../../../Engine/Content/Internationalization/icudt64l/lang/sw.res" 1840
"../../../Engine/Content/Internationalization/icudt64l/lang/sw_CD.res" 1841
"../../../Engine/Content/Internationalization/icudt64l/region/sw_CD.res" 1842
"../../../Engine/Content/Internationalization/icudt64l/region/sw.res" 1843
"../../../Engine/Content/Internationalization/icudt64l/lang/sw_KE.res" 1844
"../../../Engine/Content/Internationalization/icudt64l/region/sw_KE.res" 1845
"../../../Engine/Content/Internationalization/icudt64l/lang/ta.res" 1846
"../../../Engine/Content/Internationalization/icudt64l/region/ta.res" 1847
"../../../Engine/Content/Internationalization/icudt64l/lang/te.res" 1848
"../../../Engine/Content/Internationalization/icudt64l/region/te.res" 1849
"../../../Engine/Content/Internationalization/icudt64l/lang/teo.res" 1850
"../../../Engine/Content/Internationalization/icudt64l/region/teo.res" 1851
"../../../Engine/Content/Internationalization/icudt64l/lang/tg.res" 1852
"../../../Engine/Content/Internationalization/icudt64l/region/tg.res" 1853
"../../../Engine/Content/Internationalization/icudt64l/lang/th.res" 1854
"../../../Engine/Content/Internationalization/icudt64l/lang/th_TH.res" 1855
"../../../Engine/Content/Internationalization/icudt64l/region/th_TH.res" 1856
"../../../Engine/Content/Internationalization/icudt64l/region/th.res" 1857
"../../../Engine/Content/Internationalization/icudt64l/lang/ti.res" 1858
"../../../Engine/Content/Internationalization/icudt64l/region/ti.res" 1859
"../../../Engine/Content/Internationalization/icudt64l/lang/tk.res" 1860
"../../../Engine/Content/Internationalization/icudt64l/region/tk.res" 1861
"../../../Engine/Content/Internationalization/icudt64l/lang/to.res" 1862
"../../../Engine/Content/Internationalization/icudt64l/region/to.res" 1863
"../../../Engine/Content/Internationalization/icudt64l/lang/tr.res" 1864
"../../../Engine/Content/Internationalization/icudt64l/region/tr.res" 1865
"../../../Engine/Content/Internationalization/icudt64l/lang/tt.res" 1866
"../../../Engine/Content/Internationalization/icudt64l/region/tt.res" 1867
"../../../Engine/Content/Internationalization/icudt64l/lang/twq.res" 1868
"../../../Engine/Content/Internationalization/icudt64l/region/twq.res" 1869
"../../../Engine/Content/Internationalization/icudt64l/lang/tzm.res" 1870
"../../../Engine/Content/Internationalization/icudt64l/region/tzm.res" 1871
"../../../Engine/Content/Internationalization/icudt64l/lang/ug.res" 1872
"../../../Engine/Content/Internationalization/icudt64l/region/ug.res" 1873
"../../../Engine/Content/Internationalization/icudt64l/lang/uk.res" 1874
"../../../Engine/Content/Internationalization/icudt64l/region/uk.res" 1875
"../../../Engine/Content/Internationalization/icudt64l/lang/ur.res" 1876
"../../../Engine/Content/Internationalization/icudt64l/lang/ur_IN.res" 1877
"../../../Engine/Content/Internationalization/icudt64l/region/ur_IN.res" 1878
"../../../Engine/Content/Internationalization/icudt64l/region/ur.res" 1879
"../../../Engine/Content/Internationalization/icudt64l/lang/uz.res" 1880
"../../../Engine/Content/Internationalization/icudt64l/lang/uz_Arab.res" 1881
"../../../Engine/Content/Internationalization/icudt64l/lang/uz_AF.res" 1882
"../../../Engine/Content/Internationalization/icudt64l/lang/uz_Arab_AF.res" 1883
"../../../Engine/Content/Internationalization/icudt64l/region/uz_AF.res" 1884
"../../../Engine/Content/Internationalization/icudt64l/region/uz_Arab_AF.res" 1885
"../../../Engine/Content/Internationalization/icudt64l/region/uz_Arab.res" 1886
"../../../Engine/Content/Internationalization/icudt64l/lang/uz_Cyrl.res" 1887
"../../../Engine/Content/Internationalization/icudt64l/lang/uz_UZ.res" 1888
"../../../Engine/Content/Internationalization/icudt64l/lang/uz_Latn_UZ.res" 1889
"../../../Engine/Content/Internationalization/icudt64l/lang/uz_Latn.res" 1890
"../../../Engine/Content/Internationalization/icudt64l/region/uz_UZ.res" 1891
"../../../Engine/Content/Internationalization/icudt64l/region/uz_Latn_UZ.res" 1892
"../../../Engine/Content/Internationalization/icudt64l/region/uz_Latn.res" 1893
"../../../Engine/Content/Internationalization/icudt64l/region/uz.res" 1894
"../../../Engine/Content/Internationalization/icudt64l/region/uz_Cyrl.res" 1895
"../../../Engine/Content/Internationalization/icudt64l/lang/vai.res" 1896
"../../../Engine/Content/Internationalization/icudt64l/lang/vai_Latn.res" 1897
"../../../Engine/Content/Internationalization/icudt64l/lang/vai_LR.res" 1898
"../../../Engine/Content/Internationalization/icudt64l/lang/vai_Vaii_LR.res" 1899
"../../../Engine/Content/Internationalization/icudt64l/lang/vai_Vaii.res" 1900
"../../../Engine/Content/Internationalization/icudt64l/region/vai_LR.res" 1901
"../../../Engine/Content/Internationalization/icudt64l/region/vai_Vaii_LR.res" 1902
"../../../Engine/Content/Internationalization/icudt64l/region/vai_Vaii.res" 1903
"../../../Engine/Content/Internationalization/icudt64l/region/vai.res" 1904
"../../../Engine/Content/Internationalization/icudt64l/region/vai_Latn.res" 1905
"../../../Engine/Content/Internationalization/icudt64l/lang/vi.res" 1906
"../../../Engine/Content/Internationalization/icudt64l/region/vi.res" 1907
"../../../Engine/Content/Internationalization/icudt64l/lang/vun.res" 1908
"../../../Engine/Content/Internationalization/icudt64l/region/vun.res" 1909
"../../../Engine/Content/Internationalization/icudt64l/lang/wae.res" 1910
"../../../Engine/Content/Internationalization/icudt64l/region/wae.res" 1911
"../../../Engine/Content/Internationalization/icudt64l/lang/wo.res" 1912
"../../../Engine/Content/Internationalization/icudt64l/region/wo.res" 1913
"../../../Engine/Content/Internationalization/icudt64l/lang/xh.res" 1914
"../../../Engine/Content/Internationalization/icudt64l/region/xh.res" 1915
"../../../Engine/Content/Internationalization/icudt64l/lang/xog.res" 1916
"../../../Engine/Content/Internationalization/icudt64l/region/xog.res" 1917
"../../../Engine/Content/Internationalization/icudt64l/lang/yav.res" 1918
"../../../Engine/Content/Internationalization/icudt64l/region/yav.res" 1919
"../../../Engine/Content/Internationalization/icudt64l/lang/yi.res" 1920
"../../../Engine/Content/Internationalization/icudt64l/region/yi.res" 1921
"../../../Engine/Content/Internationalization/icudt64l/lang/yo.res" 1922
"../../../Engine/Content/Internationalization/icudt64l/lang/yo_BJ.res" 1923
"../../../Engine/Content/Internationalization/icudt64l/region/yo_BJ.res" 1924
"../../../Engine/Content/Internationalization/icudt64l/region/yo.res" 1925
"../../../Engine/Content/Internationalization/icudt64l/lang/yue.res" 1926
"../../../Engine/Content/Internationalization/icudt64l/lang/yue_Hans.res" 1927
"../../../Engine/Content/Internationalization/icudt64l/lang/yue_CN.res" 1928
"../../../Engine/Content/Internationalization/icudt64l/lang/yue_Hans_CN.res" 1929
"../../../Engine/Content/Internationalization/icudt64l/region/yue_CN.res" 1930
"../../../Engine/Content/Internationalization/icudt64l/region/yue_Hans_CN.res" 1931
"../../../Engine/Content/Internationalization/icudt64l/region/yue_Hans.res" 1932
"../../../Engine/Content/Internationalization/icudt64l/lang/yue_Hant.res" 1933
"../../../Engine/Content/Internationalization/icudt64l/lang/yue_HK.res" 1934
"../../../Engine/Content/Internationalization/icudt64l/lang/yue_Hant_HK.res" 1935
"../../../Engine/Content/Internationalization/icudt64l/region/yue_HK.res" 1936
"../../../Engine/Content/Internationalization/icudt64l/region/yue_Hant_HK.res" 1937
"../../../Engine/Content/Internationalization/icudt64l/region/yue_Hant.res" 1938
"../../../Engine/Content/Internationalization/icudt64l/region/yue.res" 1939
"../../../Engine/Content/Internationalization/icudt64l/lang/zgh.res" 1940
"../../../Engine/Content/Internationalization/icudt64l/region/zgh.res" 1941
"../../../Engine/Content/Internationalization/icudt64l/lang/zh.res" 1942
"../../../Engine/Content/Internationalization/icudt64l/lang/zh_Hans.res" 1943
"../../../Engine/Content/Internationalization/icudt64l/lang/zh_CN.res" 1944
"../../../Engine/Content/Internationalization/icudt64l/lang/zh_Hans_CN.res" 1945
"../../../Engine/Content/Internationalization/icudt64l/region/zh_CN.res" 1946
"../../../Engine/Content/Internationalization/icudt64l/region/zh_Hans_CN.res" 1947
"../../../Engine/Content/Internationalization/icudt64l/region/zh_Hans.res" 1948
"../../../Engine/Content/Internationalization/icudt64l/region/zh.res" 1949
"../../../Engine/Content/Internationalization/icudt64l/lang/zh_HK.res" 1950
"../../../Engine/Content/Internationalization/icudt64l/lang/zh_Hant_HK.res" 1951
"../../../Engine/Content/Internationalization/icudt64l/lang/zh_Hant.res" 1952
"../../../Engine/Content/Internationalization/icudt64l/region/zh_HK.res" 1953
"../../../Engine/Content/Internationalization/icudt64l/region/zh_Hant_HK.res" 1954
"../../../Engine/Content/Internationalization/icudt64l/region/zh_Hant.res" 1955
"../../../Engine/Content/Internationalization/icudt64l/lang/zh_MO.res" 1956
"../../../Engine/Content/Internationalization/icudt64l/lang/zh_Hant_MO.res" 1957
"../../../Engine/Content/Internationalization/icudt64l/region/zh_MO.res" 1958
"../../../Engine/Content/Internationalization/icudt64l/region/zh_Hant_MO.res" 1959
"../../../Engine/Content/Internationalization/icudt64l/lang/zh_SG.res" 1960
"../../../Engine/Content/Internationalization/icudt64l/lang/zh_Hans_SG.res" 1961
"../../../Engine/Content/Internationalization/icudt64l/region/zh_SG.res" 1962
"../../../Engine/Content/Internationalization/icudt64l/region/zh_Hans_SG.res" 1963
"../../../Engine/Content/Internationalization/icudt64l/lang/zh_TW.res" 1964
"../../../Engine/Content/Internationalization/icudt64l/lang/zh_Hant_TW.res" 1965
"../../../Engine/Content/Internationalization/icudt64l/region/zh_TW.res" 1966
"../../../Engine/Content/Internationalization/icudt64l/region/zh_Hant_TW.res" 1967
"../../../Engine/Content/Internationalization/icudt64l/lang/zu.res" 1968
"../../../Engine/Content/Internationalization/icudt64l/region/zu.res" 1969
"../../../Engine/Content/Internationalization/icudt64l/lang/no.res" 1970
"../../../Engine/Content/Internationalization/icudt64l/lang/tl.res" 1971
"../../../Engine/Config/Android/DataDrivenPlatformInfo.ini" 1972
"../../../Engine/Config/IOS/DataDrivenPlatformInfo.ini" 1973
"../../../Engine/Config/Linux/DataDrivenPlatformInfo.ini" 1974
"../../../Engine/Config/Mac/DataDrivenPlatformInfo.ini" 1975
"../../../Engine/Config/TVOS/DataDrivenPlatformInfo.ini" 1976
"../../../Engine/Config/Unix/DataDrivenPlatformInfo.ini" 1977
"../../../Engine/Config/VulkanPC/DataDrivenPlatformInfo.ini" 1978
"../../../Engine/Config/Windows/DataDrivenPlatformInfo.ini" 1979
"../../../Engine/Platforms/VisionOS/Config/DataDrivenPlatformInfo.ini" 1980
"../../../Engine/Content/Renderer/TessellationTable.bin" 1981
"../../../Engine/DerivedDataCache/Compressed.ddp" 1982
"C:/Users/rexge/AppData/Local/UnrealEngine/5.6/Saved/Zen/zen.version" 1983
"C:/Users/rexge/AppData/Local/UnrealEngine/Common/Zen/Install/zen.version" 1984
"C:/Users/rexge/AppData/Local/UnrealEngine/Common/Zen/Install/zenserver.runcontext" 1985
"C:/Users/rexge/AppData/Local/UnrealEngine/Common/DerivedDataCache/TestData/0/TestData_4kb.dat" 1986
"C:/Users/rexge/AppData/Local/UnrealEngine/Common/DerivedDataCache/TestData/1/TestData_4kb.dat" 1987
"C:/Users/rexge/AppData/Local/UnrealEngine/Common/DerivedDataCache/TestData/0/TestData_8kb.dat" 1988
"C:/Users/rexge/AppData/Local/UnrealEngine/Common/DerivedDataCache/TestData/1/TestData_8kb.dat" 1989
"C:/Users/rexge/AppData/Local/UnrealEngine/Common/DerivedDataCache/TestData/0/TestData_16kb.dat" 1990
"C:/Users/rexge/AppData/Local/UnrealEngine/Common/DerivedDataCache/TestData/1/TestData_16kb.dat" 1991
"C:/Users/rexge/AppData/Local/UnrealEngine/Common/DerivedDataCache/TestData/0/TestData_64kb.dat" 1992
"C:/Users/rexge/AppData/Local/UnrealEngine/Common/DerivedDataCache/TestData/1/TestData_64kb.dat" 1993
"C:/Users/rexge/AppData/Local/UnrealEngine/Common/DerivedDataCache/TestData/0/TestData_128kb.dat" 1994
"C:/Users/rexge/AppData/Local/UnrealEngine/Common/DerivedDataCache/TestData/1/TestData_128kb.dat" 1995
"C:/Users/rexge/AppData/Local/UnrealEngine/Common/DerivedDataCache/TestData/0/TestData_256kb.dat" 1996
"C:/Users/rexge/AppData/Local/UnrealEngine/Common/DerivedDataCache/TestData/1/TestData_256kb.dat" 1997
"C:/Users/rexge/AppData/Roaming/Unreal Engine/UnrealBuildTool/BuildConfiguration.xml" 1998
"../../../../../../Users/rexge/Documents/Unreal Projects/TheBigHunt/Intermediate/ShaderAutogen/PCD3D_SM6/AutogenShaderHeaders.ush" 1999
"../../../Engine/Shaders/Private/HairStrands/HairStrandsVertexFactory.ush" 2000
"../../../Engine/Shaders/Private/VertexFactoryCommon.ush" 2001
"../../../Engine/Shaders/Private/Common.ush" 2002
"../../../Engine/Shaders/Public/Platform.ush" 2003
"../../../Engine/Shaders/Public/FP16Math.ush" 2004
"../../../Engine/Shaders/Public/Platform/D3D/D3DCommon.ush" 2005
"../../../Engine/Shaders/Shared/HLSLReservedSpaces.h" 2006
"../../../Engine/Shaders/Public/BindlessResources.ush" 2007
"../../../Engine/Shaders/Public/Platform/D3D/PlatformBindlessResources.ush" 2008
"../../../Engine/Shaders/Shared/RayTracingBuiltInResources.h" 2009
"../../../Engine/Shaders/Shared/RayTracingDefinitions.h" 2010
"../../../Engine/Shaders/Public/OverloadMacros.ush" 2011
"../../../Engine/Shaders/Public/ShaderVersion.ush" 2012
"../../../Engine/Shaders/Shared/ThirdParty/NVIDIA/nvHLSLExtns.h" 2013
"../../../Engine/Shaders/Shared/ThirdParty/NVIDIA/nvHLSLExtnsInternal.h" 2014
"../../../Engine/Shaders/Shared/ThirdParty/NVIDIA/nvShaderExtnEnums.h" 2015
"../../../Engine/Shaders/Private/PackUnpack.ush" 2016
"../../../Engine/Shaders/Private/GeneratedUniformBufferTypes.ush" 2017
"../../../Engine/Shaders/Private/Nanite/NanitePackedNaniteView.ush" 2018
"../../../Engine/Shaders/Private/HairStrands/HairStrandsVisibilityCommonStruct.ush" 2019
"../../../Engine/Shaders/Private/HairStrands/HairStrandsVoxelPageCommonStruct.ush" 2020
"../../../Engine/Shaders/Private/HairStrands/HairStrandsDeepShadowCommonStruct.ush" 2021
"../../../Engine/Shaders/Shared/LightSceneData.h" 2022
"../../../Engine/Shaders/Shared/HLSLTypeAliases.h" 2023
"../../../Engine/Shaders/Private/LargeWorldCoordinates.ush" 2024
"../../../Engine/Shaders/Private/DoubleFloat.ush" 2025
"../../../Engine/Shaders/Private/RandomPCG.ush" 2026
"../../../Engine/Shaders/Private/DoubleFloatOperations.ush" 2027
"../../../Engine/Shaders/Private/DoubleFloatVectorDefinition.ush" 2028
"../../../Engine/Shaders/Private/LWCOperations.ush" 2029
"../../../Engine/Shaders/Shared/LightViewData.h" 2030
"../../../Engine/Shaders/Shared/RayTracingTypes.h" 2031
"../../../Engine/Shaders/Shared/HLSLStaticAssert.h" 2032
"../../../Engine/Shaders/Private/CommonViewUniformBuffer.ush" 2033
"../../../Engine/Shaders/Private/InstancedStereo.ush" 2034
"../../../Engine/Shaders/Private/Definitions.usf" 2035
"../../../Engine/Shaders/Private/AssertionMacros.ush" 2036
"../../../Engine/Shaders/Private/FastMath.ush" 2037
"../../../Engine/Shaders/Private/FastMathThirdParty.ush" 2038
"../../../Engine/Shaders/Private/Random.ush" 2039
"../../../Engine/Shaders/Private/RandomInterleavedGradientNoise.ush" 2040
"../../../Engine/Shaders/Private/SceneData.ush" 2041
"../../../Engine/Shaders/Private/OctahedralCommon.ush" 2042
"../../../Engine/Shaders/Private/WaveOpUtil.ush" 2043
"../../../Engine/Shaders/Private/ByteBuffer.ush" 2044
"../../../Engine/Shaders/Shared/SceneDefinitions.h" 2045
"../../../Engine/Shaders/Private/SceneDataMobileLoader.ush" 2046
"../../../Engine/Shaders/Private/LocalVertexFactoryCommon.ush" 2047
"../../../Engine/Shaders/Private/HairStrands/HairStrandsVisibilityCommon.ush" 2048
"../../../Engine/Shaders/Shared/HairStrandsDefinitions.h" 2049
"../../../Engine/Shaders/Private/HairStrands/HairStrandsVertexFactoryCommon.ush" 2050
"../../../Engine/Shaders/Private/HairStrands/HairStrandsPack.ush" 2051
"../../../Engine/Shaders/Private/HairStrands/HairStrandsAttributeCommon.ush" 2052
"../../../Engine/Shaders/Private/HairStrands/HairStrandsAttributeTemplate.ush" 2053
"../../../Engine/Shaders/Private/VertexFactoryDefaultInterface.ush" 2054
"../../../Engine/Shaders/Private/HairStrands/HairCardsVertexFactory.ush" 2055
"../../../Engine/Shaders/Private/HairStrands/HairCardsAttributeCommon.ush" 2056
"../../../Engine/Shaders/Private/RayTracing/RayTracingCommon.ush" 2057
"../../../Engine/Shaders/Private/ShadingCommon.ush" 2058
"../../../Engine/Shaders/Shared/RayTracingPayloadType.h" 2059
"../../../Engine/Shaders/Private/RayTracing/RayTracingRayCone.ush" 2060
"../../../Engine/Shaders/Private/Substrate/Substrate.ush" 2061
"../../../Engine/Shaders/Private/ShadingEnergyConservation.ush" 2062
"../../../Engine/Shaders/Private/ShadingEnergyConservationTemplate.ush" 2063
"../../../Engine/Shaders/Private/BRDF.ush" 2064
"../../../Engine/Shaders/Private/ColorSpace.ush" 2065
"../../../Engine/Shaders/Private/DeferredShadingCommon.ush" 2066
"../../../Engine/Shaders/Private/LightAccumulator.ush" 2067
"../../../Engine/Shaders/Private/SceneTexturesCommon.ush" 2068
"../../../Engine/Shaders/Private/MonteCarlo.ush" 2069
"../../../Engine/Shaders/Private/GBufferHelpers.ush" 2070
"../../../Engine/Shaders/Private/SceneTextureParameters.ush" 2071
"C:/Users/rexge/Documents/Unreal Projects/TheBigHunt/Intermediate/ShaderAutogen/PCD3D_SM6/AutogenShaderHeaders.ush" 2072
"../../../Engine/Shaders/Private/ParticipatingMediaCommon.ush" 2073
"../../../Engine/Shaders/Private/ThinFilmBSDF.ush" 2074
"../../../Engine/Shaders/Private/MortonCode.ush" 2075
"../../../Engine/Shaders/Private/SubsurfaceProfileCommon.ush" 2076
"../../../Engine/Shaders/Private/BurleyNormalizedSSSCommon.ush" 2077
"../../../Engine/Shaders/Private/GammaCorrectionCommon.ush" 2078
"../../../Engine/Shaders/Shared/SubstrateDefinitions.h" 2079
"../../../Engine/Shaders/Private/Substrate/SubstrateStatisticalOperators.ush" 2080
"../../../Engine/Shaders/Private/Substrate/SubstrateSubsurface.ush" 2081
"../../../Engine/Shaders/Private/TransmissionCommon.ush" 2082
"../../../Engine/Shaders/Private/Substrate/SubstrateExportCommon.ush" 2083
"../../../Engine/Shaders/Private/SpecularProfileCommon.ush" 2084
"../../../Engine/Shaders/Private/RayTracing/RayTracingCommonMetal.ush" 2085
"../../../Engine/Shaders/Private/PositionReconstructionCommon.ush" 2086
"../../../Engine/Shaders/Private/RayTracing/TraceRayInline.ush" 2087
"../../../Engine/Shaders/Private/RayTracing/TraceRayInlineCommon.ush" 2088
"../../../Engine/Shaders/Private/RayTracing/TraceRayInlineVulkan.ush" 2089
"../../../Engine/Shaders/Private/RayTracing/TraceRayInlineMetal.ush" 2090
"../../../Engine/Shaders/Private/RayTracing/TraceRayInlineD3D12.ush" 2091
"../../../Engine/Shaders/Private/RayTracing/RayTracingHitGroupCommon.ush" 2092
"../../../Engine/Shaders/Private/Nanite/NaniteRayTrace.ush" 2093
"../../../Engine/Shaders/Private/Nanite/NaniteDataDecode.ush" 2094
"../../../Engine/Shaders/Private/BitPacking.ush" 2095
"../../../Engine/Shaders/Private/BitStreamReaderImplementation.ush" 2096
"../../../Engine/Shaders/Private/BoneTransform.ush" 2097
"../../../Engine/Shaders/Private/Quaternion.ush" 2098
"../../../Engine/Shaders/Shared/NaniteDefinitions.h" 2099
"../../../Engine/Shaders/Shared/SkinningDefinitions.h" 2100
"../../../Engine/Shaders/Private/Nanite/NaniteAttributeDecode.ush" 2101
"../../../Engine/Shaders/Private/Barycentrics.ush" 2102
"../../../Engine/Shaders/Private/DualNumber.ush" 2103
"../../../Engine/Shaders/Shared/ThirdParty/RayTriangleIntersection.h" 2104
"../../../Engine/Shaders/Private/Nanite/NaniteVertexFetch.ush" 2105
"../../../Engine/Shaders/Private/Nanite/NaniteSceneCommon.ush" 2106
"../../../Engine/Plugins/Experimental/Water/Shaders/Private/WaterMeshVertexFactory.ush" 2107
"../../../Engine/Plugins/FX/Niagara/Shaders/Private/NiagaraSpriteVertexFactory.ush" 2108
"../../../Engine/Shaders/Private/ParticleVertexFactoryCommon.ush" 2109
"../../../Engine/Plugins/FX/Niagara/Shaders/Private/NiagaraVFCommon.usf" 2110
"../../../Engine/Plugins/FX/Niagara/Shaders/Private/NiagaraVFParticleAccess.usf" 2111
"../../../Engine/Plugins/FX/Niagara/Shaders/Private/NiagaraParticleAccess.ush" 2112
"../../../Engine/Plugins/FX/Niagara/Shaders/Private/NiagaraRibbonVertexFactory.ush" 2113
"../../../Engine/Plugins/FX/Niagara/Shaders/Private/NiagaraMeshVertexFactory.ush" 2114
"../../../Engine/Plugins/FX/Niagara/Shaders/Private/NiagaraCommon.ush" 2115
"../../../Engine/Plugins/FX/Niagara/Shaders/Private/NiagaraMeshParticleUtils.ush" 2116
"../../../Engine/Shaders/Private/VectorFieldVisualizationVertexFactory.ush" 2117
"../../../Engine/Shaders/Private/Nanite/NaniteVertexFactory.ush" 2118
"../../../Engine/Shaders/Private/LightmapData.ush" 2119
"../../../Engine/Shaders/Private/SplineMeshCommon.ush" 2120
"../../../Engine/Shaders/Shared/SplineMeshShaderParams.h" 2121
"../../../Engine/Shaders/Private/ShaderPrint.ush" 2122
"../../../Engine/Shaders/Private/ShaderPrintCommon.ush" 2123
"../../../Engine/Shaders/Private/MiniFontCommon.ush" 2124
"../../../Engine/Shaders/Private/MaterialCache/MaterialCacheCommon.ush" 2125
"../../../Engine/Shaders/Shared/MaterialCacheDefinitions.h" 2126
"../../../Engine/Shaders/Private/Nanite/NaniteVertexDeformation.ush" 2127
"../../../Engine/Shaders/Private/ViewData.ush" 2128
"../../../Engine/Shaders/Shared/ViewDefinitions.h" 2129
"../../../Engine/Shaders/Private/Matrices.ush" 2130
"../../../Engine/Shaders/Private/ParticleSpriteVertexFactory.ush" 2131
"../../../Engine/Shaders/Private/ParticleGPUSpriteVertexFactory.ush" 2132
"../../../Engine/Shaders/Private/ParticleSimulationCommon.ush" 2133
"../../../Engine/Shaders/Private/ParticleBeamTrailVertexFactory.ush" 2134
"../../../Engine/Shaders/Private/MeshParticleVertexFactory.ush" 2135
"../../../Engine/Shaders/Private/LocalVertexFactory.ush" 2136
"../../../Engine/Shaders/Private/GpuSkinCommon.ush" 2137
"../../../Engine/Shaders/Private/GpuSkinVertexFactory.ush" 2138
"../../../Engine/Shaders/Private/GeometryCollectionVertexFactory.ush" 2139
"../../../Engine/Shaders/Private/GeometryCacheVertexFactory.ush" 2140
"../../../Engine/Shaders/Private/LandscapeVertexFactory.ush" 2141
"../../../Engine/Plugins/Experimental/Compositing/CompositeCore/Shaders/Private/CompositeCoreMerge.usf" 2142
"../../../Engine/Shaders/Private/ScreenPass.ush" 2143
"../../../Engine/Shaders/Private/LensDistortion.ush" 2144
"../../../Engine/Plugins/Experimental/Compositing/CompositeCore/Shaders/Private/CompositeCoreDisplayTransform.usf" 2145
"../../../Engine/Plugins/Experimental/Compositing/CompositeCore/Shaders/Private/CompositeCoreDilate.usf" 2146
"../../../Engine/Shaders/Private/DisplayMappingPixelShader.usf" 2147
"../../../Engine/Shaders/Private/TonemapCommon.ush" 2148
"../../../Engine/Shaders/Private/ACES/ACESCommon.ush" 2149
"../../../Engine/Shaders/Private/ACES/ACESOutputTransform.ush" 2150
"../../../Engine/Shaders/Private/ACES/ACESUtilities.ush" 2151
"../../../Engine/Shaders/Private/ACES/ACESTonescale.ush" 2152
"../../../Engine/Shaders/Private/ACES/ACESDisplayEncoding.ush" 2153
"../../../Engine/Shaders/Private/ACES/ACES_v1.3.ush" 2154
"../../../Engine/Plugins/Runtime/HairStrands/Shaders/Private/NiagaraCopyVelocityGrid.usf" 2155
"../../../Engine/Plugins/Runtime/HairStrands/Shaders/Private/NiagaraClearVelocityGrid.usf" 2156
"../../../Engine/Plugins/Runtime/HairStrands/Shaders/Private/NiagaraClearPressureGrid.usf" 2157
"../../../Engine/Plugins/Runtime/HairStrands/Shaders/Private/NiagaraInterpolateGroomGuides.usf" 2158
"../../../Engine/Plugins/Runtime/HairStrands/Shaders/Private/NiagaraGroomInterpolationUtils.ush" 2159
"../../../Engine/Plugins/FX/Niagara/Shaders/Private/NiagaraQuaternionUtils.ush" 2160
"../../../Engine/Shaders/Private/HairStrands/HairStrandsMesh.usf" 2161
"../../../Engine/Shaders/Private/HairStrands/HairStrandsBindingCommon.ush" 2162
"../../../Engine/Shaders/Private/HairStrands/HairStrandsFollicleMask.usf" 2163
"../../../Engine/Shaders/Private/HairStrands/HairStrandsSkinUpdate.usf" 2164
"../../../Engine/Shaders/Private/HairStrands/HairStrandsClusterCulling.usf" 2165
"../../../Engine/Shaders/Private/ColorMap.ush" 2166
"../../../Engine/Shaders/Private/HairStrands/HairStrandsAABBCommon.ush" 2167
"../../../Engine/Shaders/Private/HairStrands/HairStrandsClusterCommon.ush" 2168
"../../../Engine/Shaders/Private/ThreadGroupPrefixSum.ush" 2169
"../../../Engine/Shaders/Private/HairStrands/HairStrandsRaytracingGeometry.usf" 2170
"../../../Engine/Shaders/Private/HairStrands/HairStrandsTangent.usf" 2171
"../../../Engine/Shaders/Private/HairStrands/HairCardsDeformation.usf" 2172
"../../../Engine/Shaders/Private/HairStrands/HairStrandsInterpolation.usf" 2173
"../../../Engine/Shaders/Private/HairStrands/HairStrandsGuideDeform.usf" 2174
"../../../Engine/Shaders/Private/HairStrands/HairStrandsTexturesGeneration.usf" 2175
"../../../Engine/Shaders/Private/HairStrands/HairCardsTextureCommon.ush" 2176
"../../../Engine/Shaders/Private/HairStrands/HairStrandsTranscode.usf" 2177
"../../../Engine/Shaders/Private/HairStrands/HairStrandsDebug.usf" 2178
"../../../Engine/Shaders/Private/HairShadingCommon.ush" 2179
"../../../Engine/Shaders/Private/PostProcessCommon.ush" 2180
"../../../Engine/Shaders/Private/ShadingModels.ush" 2181
"../../../Engine/Shaders/Private/CapsuleLight.ush" 2182
"../../../Engine/Shaders/Private/RectLight.ush" 2183
"../../../Engine/Shaders/Private/LightData.ush" 2184
"../../../Engine/Shaders/Shared/LightDefinitions.h" 2185
"../../../Engine/Shaders/Private/AreaLightCommon.ush" 2186
"../../../Engine/Shaders/Private/HairBsdf.ush" 2187
"../../../Engine/Shaders/Private/MobileGGX.ush" 2188
"../../../Engine/Shaders/Private/HairStrands/HairStrandsCommon.ush" 2189
"../../../Engine/Shaders/Private/HairStrands/HairStrandsEnvironmentLightingCommon.ush" 2190
"../../../Engine/Shaders/Private/HairStrands/HairStrandsDeepTransmittanceCommon.ush" 2191
"../../../Engine/Shaders/Private/HairStrands/HairStrandsDeepTransmittanceDualScattering.ush" 2192
"../../../Engine/Shaders/Private/HairStrands/HairStrandsDeepShadowCommon.ush" 2193
"../../../Engine/Shaders/Private/HairStrands/HairStrandsDebugCommonStruct.ush" 2194
"../../../Engine/Plugins/NNE/NNEDenoiser/Shaders/NNEDenoiserShadersTransferFunctionOidn.usf" 2195
"../../../Engine/Plugins/NNE/NNEDenoiser/Shaders/NNEDenoiserShadersMappedCopy.usf" 2196
"../../../Engine/Plugins/NNE/NNEDenoiser/Shaders/NNEDenoiserShadersDefaultIOProcess.usf" 2197
"../../../Engine/Plugins/NNE/NNEDenoiser/Shaders/NNEDenoiserShadersAutoExposureReduceFinal.usf" 2198
"../../../Engine/Plugins/NNE/NNEDenoiser/Shaders/NNEDenoiserShadersAutoExposureReduce.usf" 2199
"../../../Engine/Plugins/NNE/NNEDenoiser/Shaders/NNEDenoiserShadersAutoExposureDownsample.usf" 2200
"../../../Engine/Plugins/Enterprise/GLTFExporter/Shaders/Private/SimpleTexture2DPS.usf" 2201
"../../../Engine/Shaders/Private/SimpleElementNormalMapPixelShader.usf" 2202
"../../../Engine/Plugins/Runtime/ComputeFramework/Shaders/Private/ComputeKernel.usf" 2203
"../../../Engine/Plugins/Runtime/ComputeFramework/Shaders/Private/ComputeKernelCommon.ush" 2204
"../../../Engine/Plugins/VirtualProduction/CameraCalibrationCore/Shaders/Private/CrosshairOverlay.usf" 2205
"../../../Engine/Plugins/VirtualProduction/CameraCalibrationCore/Shaders/Private/DisplacementMapBlending.usf" 2206
"../../../Engine/Plugins/VirtualProduction/CameraCalibrationCore/Shaders/Private/RecenterSTDisplacementMaps.usf" 2207
"../../../Engine/Plugins/VirtualProduction/CameraCalibrationCore/Shaders/Private/FillSTDisplacementMap.usf" 2208
"../../../Engine/Plugins/VirtualProduction/CameraCalibrationCore/Shaders/Private/InvertDisplacementMap.usf" 2209
"../../../Engine/Plugins/VirtualProduction/CameraCalibrationCore/Shaders/Private/CropDisplacementMap.usf" 2210
"../../../Engine/Plugins/VirtualProduction/CameraCalibrationCore/Shaders/Private/BlendDisplacementMaps.usf" 2211
"../../../Engine/Plugins/VirtualProduction/CameraCalibrationCore/Shaders/Private/DrawDisplacementMaps.usf" 2212
"../../../Engine/Plugins/VirtualProduction/CameraCalibrationCore/Shaders/Private/UndistortImagePoints.usf" 2213
"../../../Engine/Plugins/VirtualProduction/CameraCalibrationCore/Shaders/Private/DistortionSTMapProcessor.usf" 2214
"../../../Engine/Plugins/Media/WmfMedia/Shaders/Private/MediaHardwareVideoDecoding.usf" 2215
"../../../Engine/Shaders/Private/ColorUtils.ush" 2216
"../../../Engine/Plugins/Media/ImgMedia/Shaders/Private/ExrSwizzler.usf" 2217
"../../../Engine/Plugins/Experimental/Water/Shaders/Private/WaterQuadTreeDraws.usf" 2218
"../../../Engine/Plugins/Experimental/Water/Shaders/Private/WaterQuadTreeCommon.ush" 2219
"../../../Engine/Shaders/Private/Nanite/NaniteHZBCull.ush" 2220
"../../../Engine/Shaders/Private/HZB.ush" 2221
"../../../Engine/Plugins/Experimental/Water/Shaders/Private/WaterQuadTreeBuild.usf" 2222
"../../../Engine/Plugins/Experimental/Water/Shaders/Private/WaterQuadTreeMerge.usf" 2223
"../../../Engine/Plugins/Experimental/Water/Shaders/Private/WaterQuadTreePixelShader.usf" 2224
"../../../Engine/Plugins/Experimental/Water/Shaders/Private/WaterQuadTreeVertexShader.usf" 2225
"../../../Engine/Plugins/Experimental/Water/Shaders/Private/WaterInfoFinalize.usf" 2226
"../../../Engine/Plugins/Experimental/Water/Shaders/Private/WaterInfoMerge.usf" 2227
"../../../Engine/Plugins/FX/Niagara/Shaders/Private/NiagaraVertexFactoryExport.usf" 2228
"../../../Engine/Shaders/Private/ComputeShaderUtils.ush" 2229
"../../../Engine/Shaders/Private/MaterialTemplate.ush" 2230
"../../../Engine/Shaders/Private/WorldSpaceMath.ush" 2231
"../../../Engine/Shaders/Private/EyeAdaptationCommon.ush" 2232
"../../../Engine/Shaders/Private/SobolRandom.ush" 2233
"../../../Engine/Shaders/Private/DepthOfFieldCommon.ush" 2234
"../../../Engine/Shaders/Private/CircleDOFCommon.ush" 2235
"../../../Engine/Shaders/Private/DistanceField/GlobalDistanceFieldShared.ush" 2236
"../../../Engine/Shaders/Private/PhysicsFieldSampler.ush" 2237
"../../../Engine/Shaders/Private/PhysicsFieldShared.ush" 2238
"../../../Engine/Shaders/Private/SparseVolumeTexture/SparseVolumeTextureCommon.ush" 2239
"../../../Engine/Shaders/Shared/EnvironmentComponentsFlags.h" 2240
"../../../Engine/Shaders/Private/MeshPaintTextureCommon.ush" 2241
"../../../Engine/Shaders/Private/VirtualTextureMaterial.ush" 2242
"../../../Engine/Shaders/Private/MaterialCache/MaterialCacheMaterialCommon.ush" 2243
"../../../Engine/Shaders/Private/MaterialCache/MaterialCacheABuffer.ush" 2244
"../../../Engine/Shaders/Private/SpeedTreeCommon.ush" 2245
"../../../Engine/Shaders/Private/VirtualTextureCommon.ush" 2246
"../../../Engine/Shaders/Private/MaterialTexture.ush" 2247
"../../../Engine/Shaders/Private/MinMaterialTexCoords.ush" 2248
"../../../Engine/Shaders/Private/SkyAtmosphereCommon.ush" 2249
"../../../Engine/Shaders/Private/SingleLayerWaterCommon.ush" 2250
"../../../Engine/Shaders/Private/TextureSampling.ush" 2251
"../../../Engine/Shaders/Private/PaniniProjection.ush" 2252
"../../../Engine/Shaders/Private/DBufferNormalReprojection.ush" 2253
"../../../Engine/Shaders/Public/SubstratePublic.ush" 2254
"../../../Engine/Shaders/Private/Substrate/SubstrateTree.ush" 2255
"../../../Engine/Shaders/Private/Substrate/SubstrateEvaluation.ush" 2256
"../../../Engine/Shaders/Private/Substrate/Glint/GlintThirdParty.ush" 2257
"../../../Engine/Shaders/Private/BlueNoise.ush" 2258
"../../../Engine/Shaders/Private/SHCommon.ush" 2259
"../../../Engine/Shaders/Private/ShadingModelsSampling.ush" 2260
"../../../Engine/Shaders/Private/HairStrands/HairBsdfSample.ush" 2261
"../../../Engine/Shaders/Private/Substrate/SubstrateLegacyConversion.ush" 2262
"../../../Engine/Shaders/Private/DBufferDecalShared.ush" 2263
"../../../Engine/Plugins/FX/Niagara/Shaders/Private/NiagaraSortKeyGen.usf" 2264
"../../../Engine/Plugins/FX/Niagara/Shaders/Private/NiagaraGPURayTracingTransforms.usf" 2265
"../../../Engine/Plugins/FX/Niagara/Shaders/Private/NiagaraDrawIndirectArgsGen.usf" 2266
"../../../Engine/Plugins/FX/Niagara/Shaders/Private/NiagaraDispatchIndirectArgsGen.usf" 2267
"../../../Engine/Plugins/FX/Niagara/Shaders/Private/Stateless/NiagaraStatelessSimulationDefault.usf" 2268
"../../../Engine/Plugins/FX/Niagara/Shaders/Private/Stateless/NiagaraStatelessSimulationTemplate.ush" 2269
"../../../Engine/Plugins/FX/Niagara/Shaders/Private/Stateless/NiagaraStatelessCommon.ush" 2270
"../../../Engine/Plugins/FX/Niagara/Shaders/Shared/NiagaraStatelessDefinitions.h" 2271
"../../../Engine/Plugins/FX/Niagara/Shaders/Shared/NiagaraStatelessBuiltDistribution.h" 2272
"../../../Engine/Plugins/FX/Niagara/Shaders/Private/Stateless/NiagaraStatelessDistribution.ush" 2273
"../../../Engine/Plugins/FX/Niagara/Shaders/Private/Stateless/Modules/NiagaraStatelessModule_CalculateAccurateVelocity.ush" 2274
"../../../Engine/Plugins/FX/Niagara/Shaders/Private/Stateless/Modules/NiagaraStatelessModule_CameraOffset.ush" 2275
"../../../Engine/Plugins/FX/Niagara/Shaders/Private/Stateless/Modules/NiagaraStatelessModule_DynamicMaterialParameters.ush" 2276
"../../../Engine/Plugins/FX/Niagara/Shaders/Private/Stateless/Modules/NiagaraStatelessModule_InitializeParticle.ush" 2277
"../../../Engine/Plugins/FX/Niagara/Shaders/Private/Stateless/Modules/NiagaraStatelessModule_InitialMeshOrientation.ush" 2278
"../../../Engine/Plugins/FX/Niagara/Shaders/Private/Stateless/Modules/NiagaraStatelessModule_MeshIndex.ush" 2279
"../../../Engine/Plugins/FX/Niagara/Shaders/Private/Stateless/Modules/NiagaraStatelessModule_MeshRotationRate.ush" 2280
"../../../Engine/Plugins/FX/Niagara/Shaders/Private/Stateless/Modules/NiagaraStatelessModule_RotateAroundPoint.ush" 2281
"../../../Engine/Plugins/FX/Niagara/Shaders/Private/Stateless/Modules/NiagaraStatelessModule_ShapeLocation.ush" 2282
"../../../Engine/Plugins/FX/Niagara/Shaders/Private/Stateless/Modules/NiagaraStatelessModule_ScaleColor.ush" 2283
"../../../Engine/Plugins/FX/Niagara/Shaders/Private/Stateless/Modules/NiagaraStatelessModule_ScaleRibbonWidth.ush" 2284
"../../../Engine/Plugins/FX/Niagara/Shaders/Private/Stateless/Modules/NiagaraStatelessModule_ScaleSpriteSize.ush" 2285
"../../../Engine/Plugins/FX/Niagara/Shaders/Private/Stateless/Modules/NiagaraStatelessModule_ScaleSpriteSizeBySpeed.ush" 2286
"../../../Engine/Plugins/FX/Niagara/Shaders/Private/Stateless/Modules/NiagaraStatelessModule_ScaleMeshSize.ush" 2287
"../../../Engine/Plugins/FX/Niagara/Shaders/Private/Stateless/Modules/NiagaraStatelessModule_ScaleMeshSizebySpeed.ush" 2288
"../../../Engine/Plugins/FX/Niagara/Shaders/Private/Stateless/Modules/NiagaraStatelessModule_SolveVelocitiesAndForces.ush" 2289
"../../../Engine/Plugins/FX/Niagara/Shaders/Private/Stateless/Modules/NiagaraStatelessModule_SpriteFacingAndAlignment.ush" 2290
"../../../Engine/Plugins/FX/Niagara/Shaders/Private/Stateless/Modules/NiagaraStatelessModule_SpriteRotationRate.ush" 2291
"../../../Engine/Plugins/FX/Niagara/Shaders/Private/Stateless/Modules/NiagaraStatelessModule_SubUVAnimation.ush" 2292
"../../../Engine/Plugins/FX/Niagara/Shaders/Private/NiagaraBlendSVTsToDenseBuffer.usf" 2293
"../../../Engine/Plugins/FX/Niagara/Shaders/Private/NiagaraSVTToDenseBuffer.usf" 2294
"../../../Engine/Plugins/FX/Niagara/Shaders/Private/NiagaraFillIntBuffer.usf" 2295
"../../../Engine/Plugins/FX/Niagara/Shaders/Private/NiagaraComputeFreeIDs.usf" 2296
"../../../Engine/Plugins/FX/Niagara/Shaders/Private/NiagaraInitFreeIDBuffer.usf" 2297
"../../../Engine/Plugins/FX/Niagara/Shaders/Private/NiagaraEmitterInstanceShader.usf" 2298
"../../../Engine/Plugins/FX/Niagara/Shaders/Private/NiagaraShaderVersion.ush" 2299
"../../../Engine/Plugins/FX/Niagara/Shaders/Private/NiagaraPhysicsCommon.ush" 2300
"../../../Engine/Plugins/FX/Niagara/Shaders/Private/Ribbons/NiagaraRibbonAggregationApply.usf" 2301
"../../../Engine/Plugins/FX/Niagara/Shaders/Private/Ribbons/NiagaraRibbonCommon.ush" 2302
"../../../Engine/Plugins/FX/Niagara/Shaders/Private/Ribbons/NiagaraRibbonAggregationStep.usf" 2303
"../../../Engine/Plugins/FX/Niagara/Shaders/Private/Ribbons/NiagaraRibbonGenerateIndices.usf" 2304
"../../../Engine/Plugins/FX/Niagara/Shaders/Private/Ribbons/NiagaraRibbonInitializeIndices.usf" 2305
"../../../Engine/Plugins/FX/Niagara/Shaders/Private/Ribbons/NiagaraRibbonRibbonUVParamCalculation.usf" 2306
"../../../Engine/Plugins/FX/Niagara/Shaders/Private/Ribbons/NiagaraRibbonVertexReductionFinalization.usf" 2307
"../../../Engine/Plugins/FX/Niagara/Shaders/Private/Ribbons/NiagaraRibbonVertexReductionInitialization.usf" 2308
"../../../Engine/Plugins/FX/Niagara/Shaders/Private/Ribbons/NiagaraRibbonSortParticles.usf" 2309
"../../../Engine/Plugins/FX/Niagara/Shaders/Private/NiagaraLWCHelper.usf" 2310
"../../../Engine/Plugins/FX/Niagara/Shaders/Private/NiagaraUpdateMeshGPUSceneInstances.usf" 2311
"../../../Engine/Shaders/Private/GPUScene/GPUSceneWriter.ush" 2312
"../../../Engine/Plugins/FX/Niagara/Shaders/Private/NiagaraGenerateMips.usf" 2313
"../../../Engine/Plugins/FX/Niagara/Shaders/Private/NiagaraDebugDraw.usf" 2314
"../../../Engine/Plugins/FX/Niagara/Shaders/Private/NiagaraDebugDraw.ush" 2315
"../../../Engine/Plugins/FX/Niagara/Shaders/Private/NiagaraVisualizeTexture.usf" 2316
"../../../Engine/Plugins/FX/Niagara/Shaders/Private/NiagaraClearCounts.usf" 2317
"../../../Engine/Plugins/FX/Niagara/Shaders/Private/NiagaraBatchedElements.usf" 2318
"../../../Engine/Plugins/FX/Niagara/Shaders/Private/NiagaraRayTracingShaders.usf" 2319
"../../../Engine/Plugins/FX/Niagara/Shaders/Private/NiagaraAsyncGpuTraceCommon.ush" 2320
"../../../Engine/Shaders/Private/HashTable.ush" 2321
"../../../Engine/Shaders/Private/Hash.ush" 2322
"../../../Engine/Shaders/Private/RayTracing/VFXTraceRay.ush" 2323
"../../../Engine/Plugins/FX/Niagara/Shaders/Private/NiagaraRayMarchingShaders.usf" 2324
"../../../Engine/Plugins/FX/Niagara/Shaders/Private/NiagaraRayTraceCollisionGroupShaders.usf" 2325
"../../../Engine/Plugins/FX/Niagara/Shaders/Private/NiagaraAsyncGpuTraceUtils.usf" 2326
"../../../Engine/Plugins/Experimental/NFORDenoise/Shaders/NFORDenoise.usf" 2327
"../../../Engine/Plugins/Experimental/NFORDenoise/Shaders/NFORRegressionCommon.ush" 2328
"../../../Engine/Plugins/Experimental/NFORDenoise/Shaders/NFORRegression.ush" 2329
"../../../Engine/Shaders/Private/VirtualTextureAdapter.usf" 2330
"../../../Engine/Shaders/Private/BlockCompressionCommon.ush" 2331
"../../../Engine/Shaders/Private/BCCompressionCommon.ush" 2332
"../../../Engine/Shaders/Private/TranslucentLightingShaders.usf" 2333
"../../../Engine/Shaders/Private/CubemapCommon.ush" 2334
"../../../Engine/Shaders/Private/VectorFieldCompositeShaders.usf" 2335
"../../../Engine/Shaders/Private/UpdateTextureShaders.usf" 2336
"../../../Engine/Shaders/Private/StereoLayerShader.usf" 2337
"../../../Engine/Shaders/Private/SparseVolumeTexture/UpdateSparseVolumeTexture.usf" 2338
"../../../Engine/Shaders/Private/MorphTargets.usf" 2339
"../../../Engine/Shaders/Private/SimpleElementColorChannelMaskPixelShader.usf" 2340
"../../../Engine/Shaders/Private/SimpleElementHitProxyPixelShader.usf" 2341
"../../../Engine/Shaders/Private/SimpleElementPixelShader.usf" 2342
"../../../Engine/Shaders/Private/IESLightProfilesCommon.ush" 2343
"../../../Engine/Shaders/Private/SimpleElementVertexShader.usf" 2344
"../../../Engine/Shaders/Private/ScreenPixelShaderOES.usf" 2345
"../../../Engine/Shaders/Private/ScreenVertexShader.usf" 2346
"../../../Engine/Shaders/Private/ScreenPixelShader.usf" 2347
"../../../Engine/Shaders/Private/SSProfilePreIntegratedMobile.usf" 2348
"../../../Engine/Shaders/Private/SpecularProfile.usf" 2349
"../../../Engine/Shaders/Private/Nanite/NaniteStreaming.usf" 2350
"../../../Engine/Shaders/Private/Nanite/NaniteStreaming.ush" 2351
"../../../Engine/Shaders/Private/Nanite/NaniteTranscode.usf" 2352
"../../../Engine/Shaders/Private/VolumetricLightmapStreaming.usf" 2353
"../../../Engine/Shaders/Private/PhysicsFieldReset.usf" 2354
"../../../Engine/Shaders/Private/PhysicsFieldBuilder.usf" 2355
"../../../Engine/Shaders/Private/PhysicsFieldEval.ush" 2356
"../../../Engine/Shaders/Private/ParticleSortKeyGen.usf" 2357
"../../../Engine/Shaders/Private/ParticleBoundsShader.usf" 2358
"../../../Engine/Shaders/Private/ParticleSimVisualizeShader.usf" 2359
"../../../Engine/Shaders/Private/ParticleInjectionShader.usf" 2360
"../../../Engine/Shaders/Private/ParticleSimulationShader.usf" 2361
"../../../Engine/Shaders/Private/ParticleCurveInjectionShader.usf" 2362
"../../../Engine/Shaders/Private/CopyUIntBuffer.usf" 2363
"../../../Engine/Shaders/Private/RadixSortShaders.usf" 2364
"../../../Engine/Shaders/Private/RecomputeTangentsPerVertexPass.usf" 2365
"../../../Engine/Shaders/Private/RecomputeTangentsCommon.ush" 2366
"../../../Engine/Shaders/Private/RecomputeTangentsPerTrianglePass.usf" 2367
"../../../Engine/Shaders/Private/GpuSkinCacheComputeShader.usf" 2368
"../../../Engine/Shaders/Private/HeightFieldAtlasManagement.usf" 2369
"../../../Engine/Shaders/Private/Landscape/LandscapeEditLayersUtils.usf" 2370
"../../../Engine/Shaders/Private/Landscape/LandscapeCommon.ush" 2371
"../../../Engine/Shaders/Private/Landscape/LandscapeEditLayersWeightmaps.usf" 2372
"../../../Engine/Shaders/Private/Landscape/LandscapeEditLayersHeightmaps.usf" 2373
"../../../Engine/Shaders/Private/Landscape/LandscapeLayersWeightmapsPS.usf" 2374
"../../../Engine/Shaders/Private/Landscape/LandscapeLayersHeightmapsPS.usf" 2375
"../../../Engine/Shaders/Private/LandscapeLayersCS.usf" 2376
"../../../Engine/Shaders/Private/LandscapeLayersPS.usf" 2377
"../../../Engine/Shaders/Private/LandscapeLayersVS.usf" 2378
"../../../Engine/Shaders/Private/LandscapePhysicalMaterial.usf" 2379
"../../../Engine/Shaders/Private/LandscapeGrassWeight.usf" 2380
"../../../Engine/Shaders/Private/Landscape/LandscapeCulling.usf" 2381
"../../../Engine/Shaders/Private/Landscape/LandscapeMergeTexturesPS.usf" 2382
"../../../Engine/Shaders/Private/WideCustomResolveShaders.usf" 2383
"../../../Engine/Shaders/Private/WideCustomResolve_Wide.ush" 2384
"../../../Engine/Shaders/Private/WideCustomResolve_Wider.ush" 2385
"../../../Engine/Shaders/Private/WideCustomResolve_Widest.ush" 2386
"../../../Engine/Shaders/Private/WaterInfoTextureBlur.usf" 2387
"../../../Engine/Shaders/Private/WaterInfoTextureMerge.usf" 2388
"../../../Engine/Shaders/Private/PageTableUpdate.usf" 2389
"../../../Engine/Shaders/Private/VirtualTextureCompress.usf" 2390
"../../../Engine/Shaders/Private/ASTCCompressionCommon.ush" 2391
"../../../Engine/Shaders/Private/IntegerSequenceEncoding.ush" 2392
"../../../Engine/Shaders/Private/ETCCompressionCommon.ush" 2393
"../../../Engine/Shaders/Private/VirtualTextureMaterial.usf" 2394
"../../../Engine/Shaders/Private/PixelShaderOutputCommon.ush" 2395
"../../../Engine/Shaders/Private/ShaderOutputCommon.ush" 2396
"../../../Engine/Shaders/Private/VolumetricRenderTarget.usf" 2397
"../../../Engine/Shaders/Private/HeightFogCommon.ush" 2398
"../../../Engine/Shaders/Private/LocalFogVolumes/LocalFogVolumeCommon.ush" 2399
"../../../Engine/Shaders/Private/ReflectionEnvironmentShared.ush" 2400
"../../../Engine/Shaders/Private/VolumetricFogVoxelization.usf" 2401
"../../../Engine/Shaders/Private/VolumetricCloudMaterialPixelCommon.ush" 2402
"../../../Engine/Shaders/Private/VolumetricFogLightFunction.usf" 2403
"../../../Engine/Shaders/Private/LightFunctionCommon.ush" 2404
"../../../Engine/Shaders/Private/VolumetricFog.usf" 2405
"../../../Engine/Shaders/Private/DeferredLightingCommon.ush" 2406
"../../../Engine/Shaders/Private/DynamicLightingCommon.ush" 2407
"../../../Engine/Shaders/Private/CapsuleLightIntegrate.ush" 2408
"../../../Engine/Shaders/Private/CapsuleLightSampling.ush" 2409
"../../../Engine/Shaders/Private/RectLightIntegrate.ush" 2410
"../../../Engine/Shaders/Private/ScreenSpaceShadowRayCast.ush" 2411
"../../../Engine/Shaders/Private/LightFunctionAtlas/LightFunctionAtlasCommon.usf" 2412
"../../../Engine/Shaders/Private/HeterogeneousVolumes/HeterogeneousVolumesAdaptiveVolumetricShadowMapSampling.ush" 2413
"../../../Engine/Shaders/Private/HeterogeneousVolumes/HeterogeneousVolumesAdaptiveVolumetricShadowMapUtils.ush" 2414
"../../../Engine/Shaders/Private/HeterogeneousVolumes/HeterogeneousVolumesRayMarchingUtils.ush" 2415
"../../../Engine/Shaders/Private/HeterogeneousVolumes/HeterogeneousVolumesRayMarchingTypes.ush" 2416
"../../../Engine/Shaders/Private/PathTracing/Utilities/PathTracingRandomSequence.ush" 2417
"../../../Engine/Shaders/Private/HeterogeneousVolumes/HeterogeneousVolumesTracingUtils.ush" 2418
"../../../Engine/Shaders/Private/VelocityCommon.ush" 2419
"../../../Engine/Shaders/Private/HeterogeneousVolumes/HeterogeneousVolumesTransmittanceVolumeUtils.ush" 2420
"../../../Engine/Shaders/Private/ForwardShadowingCommon.ush" 2421
"../../../Engine/Shaders/Private/ShadowFilteringCommon.ush" 2422
"../../../Engine/Shaders/Private/PixelQuadMessagePassing.ush" 2423
"../../../Engine/Shaders/Private/VolumeLightingCommon.ush" 2424
"../../../Engine/Shaders/Private/ShadowProjectionCommon.ush" 2425
"../../../Engine/Shaders/Private/VolumeLightingCommonSampling.ush" 2426
"../../../Engine/Shaders/Private/Lumen/LumenTranslucencyVolumeShared.ush" 2427
"../../../Engine/Shaders/Private/Lumen/LumenRadianceCacheInterpolation.ush" 2428
"../../../Engine/Shaders/Private/HeterogeneousVolumes/HeterogeneousVolumesAdaptiveVolumetricShadowMapSampler.ush" 2429
"../../../Engine/Shaders/Private/LightGridCommon.ush" 2430
"../../../Engine/Shaders/Private/DistanceFieldAOShared.ush" 2431
"../../../Engine/Shaders/Private/IntersectionUtils.ush" 2432
"../../../Engine/Shaders/Private/VolumetricLightmapShared.ush" 2433
"../../../Engine/Shaders/Private/LightDataUniforms.ush" 2434
"../../../Engine/Shaders/Private/VirtualShadowMaps/VirtualShadowMapProjectionCommon.ush" 2435
"../../../Engine/Shaders/Private/VirtualShadowMaps/VirtualShadowMapPageAccessCommon.ush" 2436
"../../../Engine/Shaders/Shared/VirtualShadowMapDefinitions.h" 2437
"../../../Engine/Shaders/Shared/HLSLMathAliases.h" 2438
"../../../Engine/Shaders/Private/VirtualShadowMaps/VirtualShadowMapProjectionStructs.ush" 2439
"../../../Engine/Shaders/Private/VolumetricCloudCommon.ush" 2440
"../../../Engine/Shaders/Private/VolumetricCloud.usf" 2441
"../../../Engine/Shaders/Private/VisualizeVolumetricLightmap.usf" 2442
"../../../Engine/Shaders/Private/VirtualShadowMaps/VirtualShadowMapProjectionComposite.usf" 2443
"../../../Engine/Shaders/Private/LightShaderParameters.ush" 2444
"../../../Engine/Shaders/Private/VirtualShadowMaps/VirtualShadowMapMaskBitsCommon.ush" 2445
"../../../Engine/Shaders/Private/VirtualShadowMaps/VirtualShadowMapLightGrid.ush" 2446
"../../../Engine/Shaders/Private/VirtualShadowMaps/VirtualShadowMapProjection.usf" 2447
"../../../Engine/Shaders/Private/Visualization.ush" 2448
"../../../Engine/Shaders/Private/VirtualShadowMaps/VirtualShadowMapProjectionFilter.ush" 2449
"../../../Engine/Shaders/Private/VirtualShadowMaps/VirtualShadowMapProjectionDirectional.ush" 2450
"../../../Engine/Shaders/Private/VirtualShadowMaps/VirtualShadowMapSMRTCommon.ush" 2451
"../../../Engine/Shaders/Private/VirtualShadowMaps/VirtualShadowMapSMRTTemplate.ush" 2452
"../../../Engine/Shaders/Private/VirtualShadowMaps/VirtualShadowMapProjectionSpot.ush" 2453
"../../../Engine/Shaders/Private/VirtualShadowMaps/VirtualShadowMapTransmissionCommon.ush" 2454
"../../../Engine/Shaders/Private/VirtualShadowMaps/VirtualShadowMapScreenRayTrace.ush" 2455
"../../../Engine/Shaders/Private/VirtualShadowMaps/VirtualShadowMapStats.ush" 2456
"../../../Engine/Shaders/Private/HairStrands/HairStrandsVoxelPageCommon.ush" 2457
"../../../Engine/Shaders/Private/HairStrands/HairStrandsVoxelPageTraversal.ush" 2458
"../../../Engine/Shaders/Private/VirtualShadowMaps/VirtualShadowMapCacheGPUInvalidation.usf" 2459
"../../../Engine/Shaders/Private/VirtualShadowMaps/VirtualShadowMapPageCacheCommon.ush" 2460
"../../../Engine/Shaders/Private/VirtualShadowMaps/VirtualShadowMapCacheInvalidation.ush" 2461
"../../../Engine/Shaders/Private/VirtualShadowMaps/VirtualShadowMapPageOverlap.ush" 2462
"../../../Engine/Shaders/Private/ScreenSpaceDenoise/SSDDefinitions.ush" 2463
"../../../Engine/Shaders/Private/InstanceCulling/InstanceCullingLoadBalancer.ush" 2464
"../../../Engine/Shaders/Private/VirtualShadowMaps/VirtualShadowMapCacheLoadBalancer.usf" 2465
"../../../Engine/Shaders/Private/VirtualShadowMaps/VirtualShadowMapCopyStats.usf" 2466
"../../../Engine/Shaders/Private/VirtualShadowMaps/VirtualShadowMapDebug.usf" 2467
"../../../Engine/Shaders/Private/VirtualShadowMaps/Desaturate.usf" 2468
"../../../Engine/Shaders/Private/VirtualShadowMaps/VirtualShadowMapPhysicalPageManagement.usf" 2469
"../../../Engine/Shaders/Private/ReductionCommon.ush" 2470
"../../../Engine/Shaders/Private/GPUMessaging.ush" 2471
"../../../Engine/Shaders/Private/VirtualShadowMaps/VirtualShadowMapPerPageDispatch.ush" 2472
"../../../Engine/Shaders/Private/VirtualShadowMaps/VirtualShadowMapCompactViews.usf" 2473
"../../../Engine/Shaders/Shared/SceneCullingDefinitions.h" 2474
"../../../Engine/Shaders/Private/VirtualShadowMaps/VirtualShadowMapBuildPerPageDrawCommands.usf" 2475
"../../../Engine/Shaders/Private/Nanite/NaniteCullingCommon.ush" 2476
"../../../Engine/Shaders/Private/Nanite/NaniteCulling.ush" 2477
"../../../Engine/Shaders/Private/Nanite/NaniteHierarchyTraversalCommon.ush" 2478
"../../../Engine/Shaders/Private/InstanceCulling/InstanceCullingCommon.ush" 2479
"../../../Engine/Shaders/Shared/InstanceCullingDefinitions.h" 2480
"../../../Engine/Shaders/Private/VirtualShadowMaps/VirtualShadowMapPrintStats.usf" 2481
"../../../Engine/Shaders/Private/VirtualShadowMaps/VirtualShadowMapPageManagement.usf" 2482
"../../../Engine/Shaders/Private/VirtualShadowMaps/VirtualShadowMapPageMarking.usf" 2483
"../../../Engine/Shaders/Shared/SingleLayerWaterDefinitions.h" 2484
"../../../Engine/Shaders/Private/HairStrands/HairStrandsTileCommon.ush" 2485
"../../../Engine/Shaders/Private/Froxel/Froxel.ush" 2486
"../../../Engine/Shaders/Shared/FroxelDefinitions.h" 2487
"../../../Engine/Shaders/Private/DiaphragmDOF/DOFCommon.ush" 2488
"../../../Engine/Shaders/Private/VariableRateShading/VRSShadingRatePreview.usf" 2489
"../../../Engine/Shaders/Private/VariableRateShading/VRSShadingRateCommon.ush" 2490
"../../../Engine/Shaders/Private/VariableRateShading/VRSShadingRateCombine.usf" 2491
"../../../Engine/Shaders/Private/VariableRateShading/VRSShadingRateFoveated.usf" 2492
"../../../Engine/Shaders/Private/VariableRateShading/VRSShadingRateReproject.usf" 2493
"../../../Engine/Shaders/Private/VariableRateShading/VRSShadingRateCalculate.usf" 2494
"../../../Engine/Shaders/Private/TranslucencyUpsampling.usf" 2495
"../../../Engine/Shaders/Private/ComposeSeparateTranslucency.usf" 2496
"../../../Engine/Shaders/Private/SeparateTranslucency.ush" 2497
"../../../Engine/Shaders/Private/TranslucentLightInjectionShaders.usf" 2498
"../../../Engine/Shaders/Private/TranslucentShadowDepthShaders.usf" 2499
"../../../Engine/Shaders/Private/ShadowDepthCommon.ush" 2500
"../../../Engine/Shaders/Private/RayTracing/RayTracingTest.usf" 2501
"../../../Engine/Shaders/Private/PostprocessSubsurfaceTile.usf" 2502
"../../../Engine/Shaders/Private/PostProcessSubsurfaceCommon.ush" 2503
"../../../Engine/Shaders/Private/Substrate/SubstrateVisualize.usf" 2504
"../../../Engine/Shaders/Private/Substrate/SubstrateTile.ush" 2505
"../../../Engine/Shaders/Shared/SubstrateVisualizeDefinitions.h" 2506
"../../../Engine/Shaders/Private/Substrate/SubstrateVisualizeCommon.ush" 2507
"../../../Engine/Shaders/Private/SkyLightingDiffuseShared.ush" 2508
"../../../Engine/Shaders/Private/SkyLightingShared.ush" 2509
"../../../Engine/Shaders/Private/ClearCoatCommon.ush" 2510
"../../../Engine/Shaders/Private/ReflectionEnvironmentComposite.ush" 2511
"../../../Engine/Shaders/Private/Substrate/SubstrateLightingCommon.ush" 2512
"../../../Engine/Shaders/Private/Substrate/SubstrateRoughRefraction.usf" 2513
"../../../Engine/Shaders/Private/PathTracing/Material/PathTracingFresnel.ush" 2514
"../../../Engine/Shaders/Private/PathTracing/Material/PathTracingGlossy.ush" 2515
"../../../Engine/Shaders/Private/Substrate/SubstrateMaterialSampling.usf" 2516
"../../../Engine/Shaders/Private/Substrate/SubstrateMaterialSampling.ush" 2517
"../../../Engine/Shaders/Private/Lumen/LumenPosition.ush" 2518
"../../../Engine/Shaders/Private/Substrate/SubstrateTile.usf" 2519
"../../../Engine/Shaders/Private/Substrate/SubstrateMaterialClassification.usf" 2520
"../../../Engine/Shaders/Private/Substrate/SubstrateDBuffer.usf" 2521
"../../../Engine/Shaders/Private/StochasticLighting/StochasticLightingDenoising.usf" 2522
"../../../Engine/Shaders/Private/Lumen/LumenMaterial.ush" 2523
"../../../Engine/Shaders/Private/StochasticLighting/StochasticLightingCommon.ush" 2524
"../../../Engine/Shaders/Private/SplineMeshSceneTexture.usf" 2525
"../../../Engine/Shaders/Private/SparseVolumeTexture/VisualizeSparseVolumeTexture.usf" 2526
"../../../Engine/Shaders/Private/SkyAtmosphere.usf" 2527
"../../../Engine/Shaders/Private/Skinning/SkinnedMeshDebug.usf" 2528
"../../../Engine/Shaders/Private/Skinning/AnimBankEval.usf" 2529
"../../../Engine/Shaders/Private/SingleLayerWaterComposite.usf" 2530
"../../../Engine/Shaders/Private/Froxel/FroxelBuild.ush" 2531
"../../../Engine/Shaders/Private/SingleLayerWaterRefractionCulling.usf" 2532
"../../../Engine/Shaders/Private/ScreenSpaceShadows.usf" 2533
"../../../Engine/Shaders/Private/bend_sss_gpu.ush" 2534
"../../../Engine/Shaders/Private/ShadowFactorsUpsampleCommon.ush" 2535
"../../../Engine/Shaders/Private/FirstPersonSelfShadow.usf" 2536
"../../../Engine/Shaders/Private/HZBTracing.ush" 2537
"../../../Engine/Shaders/Private/ShadowProjectionVertexShader.usf" 2538
"../../../Engine/Shaders/Private/ShadowProjectionPixelShader.usf" 2539
"../../../Engine/Shaders/Private/MobileLightingCommon.ush" 2540
"../../../Engine/Shaders/Private/PlanarReflectionShared.ush" 2541
"../../../Engine/Shaders/Private/MobileSSR.ush" 2542
"../../../Engine/Shaders/Private/SSRT/SSRTRayCast.ush" 2543
"../../../Engine/Shaders/Private/ShadowPercentageCloserFiltering.ush" 2544
"../../../Engine/Shaders/Private/TransmissionThickness.ush" 2545
"../../../Engine/Shaders/Private/CopyShadowMaps.usf" 2546
"../../../Engine/Shaders/Private/ShadowDepthPixelShader.usf" 2547
"../../../Engine/Shaders/Private/ShadowDepthVertexShader.usf" 2548
"../../../Engine/Shaders/Private/ShadingEnergyConservationTable.usf" 2549
"../../../Engine/Shaders/Shared/PathTracingDefinitions.h" 2550
"../../../Engine/Shaders/Private/ShadingFurnaceTest.usf" 2551
"../../../Engine/Shaders/Private/Substrate/SubstrateDeferredLighting.ush" 2552
"../../../Engine/Shaders/Private/ShaderPrintDraw.usf" 2553
"../../../Engine/Shaders/Private/ShaderPrintDrawPrimitive.usf" 2554
"../../../Engine/Shaders/Private/DefaultSSRTiles.usf" 2555
"../../../Engine/Shaders/Private/ScreenSpaceReflectionTileCommons.ush" 2556
"../../../Engine/Shaders/Private/SSRT/SSRTDiffuseIndirect.usf" 2557
"../../../Engine/Shaders/Private/SSRT/SSRTTileClassificationBuffer.ush" 2558
"../../../Engine/Shaders/Private/SSRT/SSRTReflections.usf" 2559
"../../../Engine/Shaders/Private/ScreenSpaceDenoise/SSDPublic.ush" 2560
"../../../Engine/Shaders/Private/SSRT/SSRTTileClassification.usf" 2561
"../../../Engine/Shaders/Private/SSRT/SSRTPrevFrameReduction.usf" 2562
"../../../Engine/Shaders/Private/ScreenSpaceDenoise/SSDComposeHarmonics.usf" 2563
"../../../Engine/Shaders/Private/ScreenSpaceDenoise/SSDPublicHarmonics.ush" 2564
"../../../Engine/Shaders/Private/ScreenSpaceDenoise/SSDSignalFramework.ush" 2565
"../../../Engine/Shaders/Private/ScreenSpaceDenoise/SSDCommon.ush" 2566
"../../../Engine/Shaders/Private/SphericalGaussian.ush" 2567
"../../../Engine/Shaders/Public/WaveBroadcastIntrinsics.ush" 2568
"../../../Engine/Shaders/Private/ScreenSpaceDenoise/SSDMetadata.ush" 2569
"../../../Engine/Shaders/Private/ScreenSpaceDenoise/SSDSignalCore.ush" 2570
"../../../Engine/Shaders/Private/ScreenSpaceDenoise/DenoisingCommon.ush" 2571
"../../../Engine/Shaders/Private/ScreenSpaceDenoise/SSDSignalArray.ush" 2572
"../../../Engine/Shaders/Private/ScreenSpaceDenoise/SSDSignalBufferEncoding.ush" 2573
"../../../Engine/Shaders/Private/ScreenSpaceDenoise/SSDPublicBufferEncoding.ush" 2574
"../../../Engine/Shaders/Private/Lumen/LumenBufferEncoding.ush" 2575
"../../../Engine/Shaders/Private/ScreenSpaceDenoise/SSDTemporalAccumulation.usf" 2576
"../../../Engine/Shaders/Private/ScreenSpaceDenoise/SSDSpatialKernel.ush" 2577
"../../../Engine/Shaders/Private/ScreenSpaceDenoise/SSDSignalAccumulatorArray.ush" 2578
"../../../Engine/Shaders/Private/ScreenSpaceDenoise/SSDSignalAccumulator.ush" 2579
"../../../Engine/Shaders/Private/ScreenSpaceDenoise/SSDSignalCompression.ush" 2580
"../../../Engine/Shaders/Private/ScreenSpaceDenoise/SSDSpatialAccumulation.usf" 2581
"../../../Engine/Shaders/Private/ScreenSpaceDenoise/SSDInjest.usf" 2582
"../../../Engine/Shaders/Private/ScreenSpaceDenoise/SSDCompressMetadata.usf" 2583
"../../../Engine/Shaders/Private/DownsampleDepthPixelShader.usf" 2584
"../../../Engine/Shaders/Private/ScreenPass.usf" 2585
"../../../Engine/Shaders/Private/HZB.usf" 2586
"../../../Engine/Shaders/Private/OcclusionFeedbackShaders.usf" 2587
"../../../Engine/Shaders/Private/HZBOcclusion.usf" 2588
"../../../Engine/Shaders/Private/OcclusionQueryPixelShader.usf" 2589
"../../../Engine/Shaders/Private/OcclusionQueryVertexShader.usf" 2590
"../../../Engine/Shaders/Private/HitProxyCopy.usf" 2591
"../../../Engine/Shaders/Private/HitProxyPixelShader.usf" 2592
"../../../Engine/Shaders/Private/HitProxyVertexShader.usf" 2593
"../../../Engine/Shaders/Private/SceneCulling/SceneCullingDebugRender.usf" 2594
"../../../Engine/Shaders/Private/SceneCulling/SceneCulling.ush" 2595
"../../../Engine/Shaders/Private/SceneCulling/SceneCullingBuildExplicitBounds.usf" 2596
"../../../Engine/Shaders/Private/SceneCapturePixelShader.usf" 2597
"../../../Engine/Shaders/Private/RendererUtils.usf" 2598
"../../../Engine/Shaders/Private/RTWriteMaskDecode.usf" 2599
"../../../Engine/Shaders/Private/ReflectionEnvironmentShaders.usf" 2600
"../../../Engine/Shaders/Private/RectLightAtlas.usf" 2601
"../../../Engine/Shaders/Private/RayTracing/TraceRayInlineStatistics.usf" 2602
"../../../Engine/Shaders/Private/RayTracing/CompositeSkyLightPS.usf" 2603
"../../../Engine/Shaders/Private/RayTracing/GenerateSkyLightVisibilityRaysCS.usf" 2604
"../../../Engine/Shaders/Private/RayTracing/RayTracingSkyLightCommon.ush" 2605
"../../../Engine/Shaders/Private/RayTracing/SkyLightVisibilityRaysData.ush" 2606
"../../../Engine/Shaders/Private/Raytracing/RaytracingSkylightRGS.usf" 2607
"../../../Engine/Shaders/Private/HairStrands/HairStrandsRaytracing.ush" 2608
"../../../Engine/Shaders/Private/Raytracing/RayTracingSkyLightEvaluation.ush" 2609
"../../../Engine/Shaders/Private/Raytracing/RayTracingDeferredShadingCommon.ush" 2610
"../../../Engine/Shaders/Private/RayTracing/RayTracingOcclusionRGS.usf" 2611
"../../../Engine/Shaders/Private/RayTracing/RayTracingDirectionalLight.ush" 2612
"../../../Engine/Shaders/Private/RayTracing/RayTracingRectLight.ush" 2613
"../../../Engine/Shaders/Private/RayTracing/RayTracingSphereLight.ush" 2614
"../../../Engine/Shaders/Private/RayTracing/RayTracingCapsuleLight.ush" 2615
"../../../Engine/Shaders/Private/Raytracing/RayTracingFeedback.usf" 2616
"../../../Engine/Shaders/Shared/RayTracingDebugTypes.h" 2617
"../../../Engine/Shaders/Private/RayTracing/RayTracingPrimaryRays.usf" 2618
"../../../Engine/Shaders/Private/RayTracing/RayTracingLightingCommon.ush" 2619
"../../../Engine/Shaders/Private/RayTracing/RayTracingLightCullingCommon.ush" 2620
"../../../Engine/Shaders/Private/RayTracing/RayTracingMaterialDefaultHitShaders.usf" 2621
"../../../Engine/Shaders/Private/RayTracing/RayTracingMaterialHitShaders.usf" 2622
"../../../Engine/Shaders/Private/RayTracing/RayTracingShaderUtils.ush" 2623
"../../../Engine/Shaders/Private/RayTracing/RayTracingCalcInterpolants.ush" 2624
"../../../Engine/Shaders/Private/LightmapCommon.ush" 2625
"../../../Engine/Shaders/Private/Lumen/LumenHardwareRayTracingPayloadCommon.ush" 2626
"../../../Engine/Shaders/Shared/LumenDefinitions.h" 2627
"../../../Engine/Shaders/Private/Substrate/SubstrateExport.ush" 2628
"../../../Engine/Shaders/Private/RayTracing/RayTracingLightingMS.usf" 2629
"../../../Engine/Shaders/Private/Lumen/LumenDiffuseColorBoost.ush" 2630
"../../../Engine/Shaders/Private/RayTracing/RayTracingLightFunctionCommon.ush" 2631
"../../../Engine/Shaders/Private/RayTracing/RayTracingBuildLightGrid.usf" 2632
"../../../Engine/Shaders/Private/Raytracing/RayTracingInstanceBufferUtil.usf" 2633
"../../../Engine/Shaders/Private/RayTracing/RayTracingDynamicMesh.usf" 2634
"../../../Engine/Shaders/Private/RayTracing/RayTracingDefaultDecalHitShader.usf" 2635
"../../../Engine/Shaders/Private/RayTracing/RayTracingDecalMaterialShader.usf" 2636
"../../../Engine/Shaders/Private/PathTracing/PathTracingShaderUtils.ush" 2637
"../../../Engine/Shaders/Private/PathTracing/PathTracingCommon.ush" 2638
"../../../Engine/Shaders/Private/PathTracing/Material/PathTracingMaterialCommon.ush" 2639
"../../../Engine/Shaders/Private/PathTracing/Utilities/PathTracingRIS.ush" 2640
"../../../Engine/Shaders/Private/RayTracing/RayTracingBuildDecalGrid.usf" 2641
"../../../Engine/Shaders/Private/RayTracing/RayTracingDebugHitStatsUtils.usf" 2642
"../../../Engine/Shaders/Private/RayTracing/RayTracingDebugInstanceOverlap.usf" 2643
"../../../Engine/Shaders/Private/RayTracing/RayTracingDebugPicking.usf" 2644
"../../../Engine/Shaders/Private/RayTracing/RayTracingDebugUtils.ush" 2645
"../../../Engine/Shaders/Private/RayTracing/RayTracingDebugTraversal.usf" 2646
"../../../Engine/Shaders/Private/RayTracing/RayTracingDeferredMaterials.ush" 2647
"../../../Engine/Shaders/Shared/ThirdParty/AMD/ags_shader_intrinsics_dx12.h" 2648
"../../../Engine/Shaders/Shared/RayTracingDebugDefinitions.h" 2649
"../../../Engine/Shaders/Private/RayTracing/RayTracingDebugHitStatsCHS.usf" 2650
"../../../Engine/Shaders/Private/RayTracing/RayTracingDebugHitStats.usf" 2651
"../../../Engine/Shaders/Private/RayTracing/RayTracingDebugMS.usf" 2652
"../../../Engine/Shaders/Private/RayTracing/RayTracingDebugCHS.usf" 2653
"../../../Engine/Shaders/Private/RayTracing/RayTracingDebug.usf" 2654
"../../../Engine/Shaders/Private/RayTracing/RayTracingBuiltInShaders.usf" 2655
"../../../Engine/Shaders/Private/RayTracing/RayTracingBarycentrics.usf" 2656
"../../../Engine/Shaders/Private/RayTracing/RayTracingAmbientOcclusionRGS.usf" 2657
"../../../Engine/Shaders/Private/VisualizeShadingModels.usf" 2658
"../../../Engine/Shaders/Private/MotionBlur/VisualizeMotionVectors.usf" 2659
"../../../Engine/Shaders/Private/TemporalSuperResolution/TSRVisualize.usf" 2660
"../../../Engine/Shaders/Private/TemporalSuperResolution/TSRColorSpace.ush" 2661
"../../../Engine/Shaders/Private/TemporalSuperResolution/TSRCommon.ush" 2662
"../../../Engine/Shaders/Public/DualPixelVectorization.ush" 2663
"../../../Engine/Shaders/Private/TemporalSuperResolution/TSRReprojectionField.ush" 2664
"../../../Engine/Shaders/Private/TemporalSuperResolution/TSRResolveHistory.usf" 2665
"../../../Engine/Shaders/Private/TemporalSuperResolution/TSRConvolutionNetwork.ush" 2666
"../../../Engine/Shaders/Private/TemporalSuperResolution/TSRKernels.ush" 2667
"../../../Engine/Shaders/Public/LaneVectorization.ush" 2668
"../../../Engine/Shaders/Private/TemporalSuperResolution/TSRUpdateHistory.usf" 2669
"../../../Engine/Shaders/Private/TemporalSuperResolution/TSRSpatialAntiAliasing.ush" 2670
"../../../Engine/Shaders/Private/TemporalSuperResolution/TSRSpatialAntiAliasing.usf" 2671
"../../../Engine/Shaders/Private/TemporalSuperResolution/TSRRejectShading.usf" 2672
"../../../Engine/Shaders/Private/TemporalSuperResolution/TSRShadingAnalysis.ush" 2673
"../../../Engine/Shaders/Private/TemporalSuperResolution/TSRConvolutionNetworkPass.ush" 2674
"../../../Engine/Shaders/Private/TemporalSuperResolution/TSRDecimateHistory.usf" 2675
"../../../Engine/Shaders/Private/TemporalSuperResolution/TSRDepthVelocityAnalysis.ush" 2676
"../../../Engine/Shaders/Private/TemporalSuperResolution/TSRClosestOccluder.ush" 2677
"../../../Engine/Shaders/Private/TemporalSuperResolution/TSRWeightRelaxation.usf" 2678
"../../../Engine/Shaders/Private/TemporalSuperResolution/TSRThinGeometryCommon.ush" 2679
"../../../Engine/Shaders/Private/TemporalSuperResolution/TSRDetectThinGeometry.usf" 2680
"../../../Engine/Shaders/Private/TemporalSuperResolution/TSRDilateVelocity.usf" 2681
"../../../Engine/Shaders/Private/MotionBlur/MotionBlurVelocityFlatten.ush" 2682
"../../../Engine/Shaders/Private/MotionBlur/MotionBlurCommon.ush" 2683
"../../../Engine/Shaders/Private/TemporalSuperResolution/TSRClearPrevTextures.usf" 2684
"../../../Engine/Shaders/Private/TemporalSuperResolution/TSRMeasureCoverage.usf" 2685
"../../../Engine/Shaders/Private/TemporalSuperResolution/TSRMeasureFlickeringLuma.usf" 2686
"../../../Engine/Shaders/Private/TemporalAA.usf" 2687
"../../../Engine/Shaders/Private/FilterPixelShader.usf" 2688
"../../../Engine/Shaders/Private/FilterVertexShader.usf" 2689
"../../../Engine/Shaders/Private/VisualizeVirtualTexture.usf" 2690
"../../../Engine/Shaders/Private/PostProcessVisualizeBuffer.usf" 2691
"../../../Engine/Shaders/Private/PostProcessVisualizeLocalExposure.usf" 2692
"../../../Engine/Shaders/Private/PostProcessHistogramCommon.ush" 2693
"../../../Engine/Shaders/Private/PostProcessVisualizeLevelInstance.usf" 2694
"../../../Engine/Shaders/Private/PostProcessVisualizeHDR.usf" 2695
"../../../Engine/Shaders/Private/ShaderComplexityApplyPixelShader.usf" 2696
"../../../Engine/Shaders/Private/QuadOverdraw.ush" 2697
"../../../Engine/Shaders/Private/PostProcessUpscale.usf" 2698
"../../../Engine/Shaders/Private/PostProcessTonemap.usf" 2699
"../../../Engine/Shaders/Private/PostProcessing/FilmGrainPackConstants.usf" 2700
"../../../Engine/Shaders/Private/PostProcessing/FilmGrainReduce.usf" 2701
"../../../Engine/Shaders/Private/PostProcessTestImage.usf" 2702
"../../../Engine/Shaders/Private/PostProcessSubsurface.usf" 2703
"../../../Engine/Shaders/Private/SeparableSSS.ush" 2704
"../../../Engine/Shaders/Private/SubsurfaceBurleyNormalized.ush" 2705
"../../../Engine/Shaders/Private/PostProcessSelectionOutline.usf" 2706
"../../../Engine/Shaders/Private/MotionBlur/MotionBlurVisualize.usf" 2707
"../../../Engine/Shaders/Private/MotionBlur/MotionBlurApply.usf" 2708
"../../../Engine/Shaders/Private/MotionBlur/MotionBlurFilterTileClassify.usf" 2709
"../../../Engine/Shaders/Private/MotionBlur/MotionBlurTileScatter.usf" 2710
"../../../Engine/Shaders/Private/MotionBlur/MotionBlurTileGather.usf" 2711
"../../../Engine/Shaders/Private/MotionBlur/MotionBlurVelocityFlatten.usf" 2712
"../../../Engine/Shaders/Private/PostProcessMobile.usf" 2713
"../../../Engine/Shaders/Private/PostProcessMitchellNetravali.usf" 2714
"../../../Engine/Shaders/Private/PostProcessMaterialShaders.usf" 2715
"../../../Engine/Shaders/Private/NeuralPostProcessCommon.usf" 2716
"../../../Engine/Shaders/Private/PostProcessLocalExposure.usf" 2717
"../../../Engine/Shaders/Private/PostProcessLensFlares.usf" 2718
"../../../Engine/Shaders/Private/PostProcessGBufferHints.usf" 2719
"../../../Engine/Shaders/Private/PostProcessHMD.usf" 2720
"../../../Engine/Shaders/Private/Histogram.usf" 2721
"../../../Engine/Shaders/Private/PostProcessHistogramReduce.usf" 2722
"../../../Engine/Shaders/Private/PostProcessHistogram.usf" 2723
"../../../Engine/Shaders/Private/Bloom/BloomFinalizeApplyConstants.usf" 2724
"../../../Engine/Shaders/Private/Bloom/BloomCommon.ush" 2725
"../../../Engine/Shaders/Private/Bloom/BloomResizeKernel.usf" 2726
"../../../Engine/Shaders/Private/Bloom/BloomDownsampleKernel.usf" 2727
"../../../Engine/Shaders/Private/Bloom/BloomClampKernel.usf" 2728
"../../../Engine/Shaders/Private/Bloom/BloomPackKernelConstants.usf" 2729
"../../../Engine/Shaders/Private/Bloom/BloomSumScatterDispersionEnergy.usf" 2730
"../../../Engine/Shaders/Private/Bloom/BloomReduceKernelSurvey.usf" 2731
"../../../Engine/Shaders/Private/Bloom/BloomSurveyKernelCenterEnergy.usf" 2732
"../../../Engine/Shaders/Private/Bloom/BloomSurveyMaxScatterDispersion.usf" 2733
"../../../Engine/Shaders/Private/Bloom/BloomFindKernelCenter.usf" 2734
"../../../Engine/Shaders/Private/PostProcessEyeAdaptation.usf" 2735
"../../../Engine/Shaders/Private/TranslucencyVolumeCommon.ush" 2736
"../../../Engine/Shaders/Private/PostProcessEyeAdaptationUtils.usf" 2737
"../../../Engine/Shaders/Private/PostProcessDownsample.usf" 2738
"../../../Engine/Shaders/Private/PostProcessDOF.usf" 2739
"../../../Engine/Shaders/Private/PostProcessDeviceEncodingOnly.usf" 2740
"../../../Engine/Shaders/Private/PostProcessCompositePrimitives.usf" 2741
"../../../Engine/Shaders/Private/PostProcessCombineLUTs.usf" 2742
"../../../Engine/Shaders/Private/PostProcessVisualizeDOF.usf" 2743
"../../../Engine/Shaders/Private/PostProcessBloom.usf" 2744
"../../../Engine/Shaders/Private/PostProcessAmbientOcclusionMobile.usf" 2745
"../../../Engine/Shaders/Private/PostProcessAmbientOcclusionCommon.ush" 2746
"../../../Engine/Shaders/Private/FXAAShader.usf" 2747
"../../../Engine/Shaders/Private/Fxaa3_11.ush" 2748
"../../../Engine/Shaders/Private/PaniniProjection.usf" 2749
"../../../Engine/Shaders/Private/DiaphragmDOF/DOFRecombine.usf" 2750
"../../../Engine/Shaders/Private/DiaphragmDOF/DOFHybridScatterPixelShader.usf" 2751
"../../../Engine/Shaders/Private/DiaphragmDOF/DOFHybridScatterCommon.ush" 2752
"../../../Engine/Shaders/Private/DiaphragmDOF/DOFVignetteCommon.ush" 2753
"../../../Engine/Shaders/Private/DiaphragmDOF/DOFHybridScatterVertexShader.usf" 2754
"../../../Engine/Shaders/Private/DiaphragmDOF/DOFPostfiltering.usf" 2755
"../../../Engine/Shaders/Private/DiaphragmDOF/DOFGatherTileSuggest.ush" 2756
"../../../Engine/Shaders/Private/DiaphragmDOF/DOFCocTileCommon.ush" 2757
"../../../Engine/Shaders/Private/DiaphragmDOF/DOFGatherPass.usf" 2758
"../../../Engine/Shaders/Private/DiaphragmDOF/DOFGatherCommon.ush" 2759
"../../../Engine/Shaders/Private/DiaphragmDOF/DOFGatherAccumulator.ush" 2760
"../../../Engine/Shaders/Private/DiaphragmDOF/DOFGatherKernel.ush" 2761
"../../../Engine/Shaders/Private/DiaphragmDOF/DOFBokehLUT.usf" 2762
"../../../Engine/Shaders/Private/DiaphragmDOF/DOFHybridScatterCompilation.usf" 2763
"../../../Engine/Shaders/Private/DiaphragmDOF/DOFReduce.usf" 2764
"../../../Engine/Shaders/Private/DiaphragmDOF/DOFDownsample.ush" 2765
"../../../Engine/Shaders/Private/DiaphragmDOF/DOFHybridScatterCompilation.ush" 2766
"../../../Engine/Shaders/Private/DiaphragmDOF/DOFDownsample.usf" 2767
"../../../Engine/Shaders/Private/DiaphragmDOF/DOFCocTileDilate.usf" 2768
"../../../Engine/Shaders/Private/DiaphragmDOF/DOFCocTileFlatten.usf" 2769
"../../../Engine/Shaders/Private/DiaphragmDOF/DOFSetup.usf" 2770
"../../../Engine/Shaders/Private/Tools/DebugAlphaChannel.usf" 2771
"../../../Engine/Shaders/Private/PostProcessAlphaInvert.usf" 2772
"../../../Engine/Shaders/Private/PlanarReflectionShaders.usf" 2773
"../../../Engine/Shaders/Private/PhysicsFieldVisualizer.usf" 2774
"../../../Engine/Shaders/Private/PathTracing/PathTracingSpatialTemporalDenoising.usf" 2775
"../../../Engine/Shaders/Private/ColorDifference.ush" 2776
"../../../Engine/Shaders/Private/PathTracing/PathTracingCompositingPixelShader.usf" 2777
"../../../Engine/Shaders/Private/PathTracing/PathTracingAdaptiveUtils.ush" 2778
"../../../Engine/Shaders/Private/PathTracing/PathTracingDefaultHitShader.usf" 2779
"../../../Engine/Shaders/Private/PathTracing/PathTracingGPULightmassMaterialHitShader.usf" 2780
"../../../Engine/Shaders/Private/PathTracing/PathTracingMaterialHitShader.usf" 2781
"../../../Engine/Shaders/Private/PathTracing/Material/PathTracingSubstrateCommon.ush" 2782
"../../../Engine/Shaders/Private/PathTracing/PathTracingLightingMissShader.usf" 2783
"../../../Engine/Shaders/Private/PathTracing/PathTracingMissShader.usf" 2784
"../../../Engine/Shaders/Private/PathTracing/PathTracingAdaptiveStart.usf" 2785
"../../../Engine/Shaders/Private/PathTracing/PathTracingBuildAdaptiveError.usf" 2786
"../../../Engine/Shaders/Private/PathTracing/PathTracingVolumetricCloudMaterialShader.usf" 2787
"../../../Engine/Shaders/Private/PathTracing/Volume/PathTracingCloudsMaterialCommon.ush" 2788
"../../../Engine/Shaders/Private/PathTracing/Volume/PathTracingVolumeCommon.ush" 2789
"../../../Engine/Shaders/Private/PathTracing/Volume/PathTracingCloudsCommon.ush" 2790
"../../../Engine/Shaders/Private/PathTracing/Volume/PathTracingFog.ush" 2791
"../../../Engine/Shaders/Private/PathTracing/Volume/PathTracingAtmosphere.ush" 2792
"../../../Engine/Shaders/Private/PathTracing/Volume/PathTracingAtmosphereCommon.ush" 2793
"../../../Engine/Shaders/Private/PathTracing/Volume/PathTracingVolumeSampling.ush" 2794
"../../../Engine/Shaders/Private/PathTracing/PathTracingBuildCloudAccelerationMap.usf" 2795
"../../../Engine/Shaders/Private/PathTracing/PathTracingBuildAtmosphereLUT.usf" 2796
"../../../Engine/Shaders/Private/PathTracing/PathTracingSwizzleScanlines.usf" 2797
"../../../Engine/Shaders/Private/PathTracing/PathTracingInitExtinctionCoefficient.usf" 2798
"../../../Engine/Shaders/Private/PathTracing/PathTracingCopyDepth.usf" 2799
"../../../Engine/Shaders/Private/PathTracing/PathTracingDebug.usf" 2800
"../../../Engine/Shaders/Private/RayTracing/RayTracingDecalGrid.ush" 2801
"../../../Engine/Shaders/Private/PathTracing/Material/PathTracingMaterialSampling.ush" 2802
"../../../Engine/Shaders/Private/PathTracing/Material/PathTracingLambert.ush" 2803
"../../../Engine/Shaders/Private/PathTracing/Material/PathTracingSubstrate.ush" 2804
"../../../Engine/Shaders/Private/PathTracing/Material/PathTracingSubstrateFoliage.ush" 2805
"../../../Engine/Shaders/Private/PathTracing/Material/PathTracingSubstrateSolidGlass.ush" 2806
"../../../Engine/Shaders/Private/PathTracing/Material/PathTracingSubstrateThinGlass.ush" 2807
"../../../Engine/Shaders/Private/PathTracing/Material/PathTracingSolidGlass.ush" 2808
"../../../Engine/Shaders/Private/PathTracing/Material/PathTracingEnergyConservation.ush" 2809
"../../../Engine/Shaders/Private/PathTracing/Material/PathTracingThinGlass.ush" 2810
"../../../Engine/Shaders/Private/PathTracing/Material/PathTracingDefaultLit.ush" 2811
"../../../Engine/Shaders/Private/PathTracing/Material/PathTracingClearCoat.ush" 2812
"../../../Engine/Shaders/Private/PathTracing/Material/PathTracingTwoSidedFoliage.ush" 2813
"../../../Engine/Shaders/Private/PathTracing/Material/PathTracingCloth.ush" 2814
"../../../Engine/Shaders/Private/PathTracing/Material/PathTracingSubsurfaceProfile.ush" 2815
"../../../Engine/Shaders/Private/PathTracing/Material/PathTracingEye.ush" 2816
"../../../Engine/Shaders/Private/PathTracing/Material/PathTracingHair.ush" 2817
"../../../Engine/Shaders/Private/PathTracing/Material/PathTracingMedium.ush" 2818
"../../../Engine/Shaders/Private/PathTracing/Light/PathTracingLightSampling.ush" 2819
"../../../Engine/Shaders/Private/PathTracing/Light/PathTracingLightCommon.ush" 2820
"../../../Engine/Shaders/Private/PathTracing/Light/PathTracingDirectionalLight.ush" 2821
"../../../Engine/Shaders/Private/PathTracing/Light/PathTracingPointLight.ush" 2822
"../../../Engine/Shaders/Private/PathTracing/Light/PathTracingCapsuleLight.ush" 2823
"../../../Engine/Shaders/Private/PathTracing/Light/PathTracingRectLight.ush" 2824
"../../../Engine/Shaders/Private/PathTracing/Light/PathTracingSkyLight.ush" 2825
"../../../Engine/Shaders/Private/PathTracing/Light/PathTracingLightGrid.ush" 2826
"../../../Engine/Shaders/Private/PathTracing/PathTracing.usf" 2827
"../../../Engine/Shaders/Private/PathTracing/PathTracingCore.ush" 2828
"../../../Engine/Shaders/Private/HeterogeneousVolumes/HeterogeneousVolumesVoxelGridTypes.ush" 2829
"../../../Engine/Shaders/Private/PathTracing/Volume/PathTracingVolume.ush" 2830
"../../../Engine/Shaders/Private/PathTracing/Volume/PathTracingClouds.ush" 2831
"../../../Engine/Shaders/Private/PathTracing/Volume/PathTracingHeterogeneousVolumes.ush" 2832
"../../../Engine/Shaders/Private/HeterogeneousVolumes/HeterogeneousVolumesVoxelGridTraversal.ush" 2833
"../../../Engine/Shaders/Private/HeterogeneousVolumes/HeterogeneousVolumesVoxelGridUtils.ush" 2834
"../../../Engine/Shaders/Private/HeterogeneousVolumes/HeterogeneousVolumesFrustumVoxelGridUtils.ush" 2835
"../../../Engine/Shaders/Private/PathTracing/PathTracingBuildLightGrid.usf" 2836
"../../../Engine/Shaders/Private/PathTracing/PathTracingSkylightMISCompensation.usf" 2837
"../../../Engine/Shaders/Private/PathTracing/PathTracingSkylightPrepare.usf" 2838
"../../../Engine/Shaders/Private/OIT/OITSorting.usf" 2839
"../../../Engine/Shaders/Private/OITCombine.usf" 2840
"../../../Engine/Shaders/Private/OITCommon.ush" 2841
"../../../Engine/Shaders/Private/Nanite/Voxel/RasterizeBricks.usf" 2842
"../../../Engine/Shaders/Private/Nanite/Voxel/Brick.ush" 2843
"../../../Engine/Shaders/Private/Nanite/Voxel/Voxel.ush" 2844
"../../../Engine/Shaders/Private/Nanite/Voxel/ScatterBricks.usf" 2845
"../../../Engine/Shaders/Private/Nanite/Voxel/TileBricks.usf" 2846
"../../../Engine/Shaders/Private/Nanite/Voxel/AutoVoxel.usf" 2847
"../../../Engine/Shaders/Private/Nanite/NaniteDebugViews.usf" 2848
"../../../Engine/Shaders/Private/Nanite/NaniteEditorCommon.ush" 2849
"../../../Engine/Shaders/Private/BinarySearch.ush" 2850
"../../../Engine/Shaders/Private/Nanite/NaniteDepthDecode.usf" 2851
"../../../Engine/Shaders/Private/HTileEncoding.ush" 2852
"../../../Engine/Shaders/Private/Nanite/NaniteVisualize.usf" 2853
"../../../Engine/Shaders/Private/Nanite/NaniteStreamOut.usf" 2854
"../../../Engine/Shaders/Private/Nanite/NaniteHierarchyTraversal.ush" 2855
"../../../Engine/Shaders/Private/Nanite/NaniteSkinningUpdateViewData.usf" 2856
"../../../Engine/Shaders/Private/Skinning/TransformProviders.usf" 2857
"../../../Engine/Shaders/Private/Nanite/NaniteShadeBinning.usf" 2858
"../../../Engine/Shaders/Private/Nanite/NaniteShadeCommon.ush" 2859
"../../../Engine/Shaders/Private/Nanite/NaniteFastClear.usf" 2860
"../../../Engine/Shaders/Private/Nanite/NaniteExportGBuffer.usf" 2861
"../../../Engine/Shaders/Private/Nanite/NaniteClusterCulling.usf" 2862
"../../../Engine/Shaders/Private/Nanite/NanitePrintStats.usf" 2863
"../../../Engine/Shaders/Private/Nanite/NaniteRasterizer.usf" 2864
"../../../Engine/Shaders/Private/Nanite/NaniteRasterizationCommon.ush" 2865
"../../../Engine/Shaders/Private/Nanite/NaniteRasterizer.ush" 2866
"../../../Engine/Shaders/Private/Nanite/NaniteWritePixel.ush" 2867
"../../../Engine/Shaders/Private/Nanite/NaniteTessellation.ush" 2868
"../../../Engine/Shaders/Private/WorkDistribution.ush" 2869
"../../../Engine/Shaders/Private/Nanite/NaniteDice.ush" 2870
"../../../Engine/Shaders/Private/ShaderBundleWorkGraphCommon.ush" 2871
"../../../Engine/Shaders/Public/RootConstants.ush" 2872
"../../../Engine/Shaders/Public/Platform/D3D/D3DRootConstants.ush" 2873
"../../../Engine/Shaders/Private/Nanite/NaniteSplit.usf" 2874
"../../../Engine/Shaders/Private/Nanite/NaniteRasterBinning.usf" 2875
"../../../Engine/Shaders/Private/Nanite/NaniteInstanceCulling.usf" 2876
"../../../Engine/Shaders/Private/Nanite/NaniteImposter.ush" 2877
"../../../Engine/Shaders/Private/Nanite/NaniteInstanceHierarchyCulling.usf" 2878
"../../../Engine/Shaders/Private/WorkGroupLoadBalancer.ush" 2879
"../../../Engine/Shaders/Private/Nanite/NanitePrimitiveFilter.usf" 2880
"../../../Engine/Shaders/Private/Nanite/NaniteRasterClear.usf" 2881
"../../../Engine/Shaders/Private/Nanite/NaniteDepthExport.usf" 2882
"../../../Engine/Shaders/Private/Nanite/NaniteEmitShadow.usf" 2883
"../../../Engine/Shaders/Private/MobileDeferredUtils.usf" 2884
"../../../Engine/Shaders/Private/MobileLocalLightsBuffer.usf" 2885
"../../../Engine/Shaders/Private/MobileFog.usf" 2886
"../../../Engine/Shaders/Private/DistortApplyScreenPS.usf" 2887
"../../../Engine/Shaders/Private/MobileDeferredShading.usf" 2888
"../../../Engine/Shaders/Private/MobileBasePassPixelShader.usf" 2889
"../../../Engine/Shaders/Private/MobileBasePassCommon.ush" 2890
"../../../Engine/Shaders/Private/BasePassCommon.ush" 2891
"../../../Engine/Shaders/Private/ShadingModelsMaterial.ush" 2892
"../../../Engine/Shaders/Private/ThinTranslucentCommon.ush" 2893
"../../../Engine/Shaders/Private/SingleLayerWaterShading.ush" 2894
"../../../Engine/Shaders/Private/DistortionCommon.ush" 2895
"../../../Engine/Shaders/Private/Substrate/SubstrateMobileForwardLighting.ush" 2896
"../../../Engine/Shaders/Private/MobileBasePassVertexShader.usf" 2897
"../../../Engine/Shaders/Private/MeshEdges.usf" 2898
"../../../Engine/Shaders/Private/MegaLights/MegaLightsVSMTracing.usf" 2899
"../../../Engine/Shaders/Private/MegaLights/MegaLights.ush" 2900
"../../../Engine/Shaders/Shared/MegaLightsDefinitions.h" 2901
"../../../Engine/Shaders/Private/HairStrands/HairStrandsVisibilityUtils.ush" 2902
"../../../Engine/Shaders/Private/MegaLights/MegaLightsRayTracing.ush" 2903
"../../../Engine/Shaders/Private/MegaLights/MegaLightsRayTracing.usf" 2904
"../../../Engine/Shaders/Private/DistanceField/GlobalDistanceFieldUtils.ush" 2905
"../../../Engine/Shaders/Private/Lumen/LumenScreenTracing.ush" 2906
"../../../Engine/Shaders/Private/MegaLights/MegaLightsVolumeRayTracing.usf" 2907
"../../../Engine/Shaders/Private/MegaLights/MegaLightsVolume.ush" 2908
"../../../Engine/Shaders/Private/MegaLights/MegaLightsVolumeHardwareRayTracing.usf" 2909
"../../../Engine/Shaders/Private/Lumen/LumenHardwareRayTracingCommon.ush" 2910
"../../../Engine/Shaders/Private/RayTracing/RayTracingReflectionEnvironment.ush" 2911
"../../../Engine/Shaders/Private/Lumen/LumenHardwareRayTracingPlatformCommon.ush" 2912
"../../../Engine/Shaders/Private/Lumen/LumenReflectionsCombine.ush" 2913
"../../../Engine/Shaders/Private/Lumen/LumenTracingCommon.ush" 2914
"../../../Engine/Shaders/Private/Lumen/SurfaceCache/LumenSurfaceCacheSampling.ush" 2915
"../../../Engine/Shaders/Private/Lumen/SurfaceCache/LumenSurfaceCache.ush" 2916
"../../../Engine/Shaders/Private/Lumen/LumenCardCommon.ush" 2917
"../../../Engine/Shaders/Private/Lumen/LumenCardTileShadowDownsampleFactor.ush" 2918
"../../../Engine/Shaders/Private/MegaLights/MegaLightsHardwareRayTracing.usf" 2919
"../../../Engine/Shaders/Private/MegaLights/MegaLights.usf" 2920
"../../../Engine/Shaders/Private/MegaLights/MegaLightsShading.ush" 2921
"../../../Engine/Shaders/Private/MegaLights/MegaLightsFilterVisibleLightHash.usf" 2922
"../../../Engine/Shaders/Private/MegaLights/MegaLightsDenoiserSpatial.usf" 2923
"../../../Engine/Shaders/Private/Lumen/LumenReflectionDenoiserCommon.ush" 2924
"../../../Engine/Shaders/Private/MegaLights/MegaLightsDenoiserTemporal.usf" 2925
"../../../Engine/Shaders/Private/MegaLights/MegaLightsShading.usf" 2926
"../../../Engine/Shaders/Private/StochasticLighting/StochasticLightingUpsample.ush" 2927
"../../../Engine/Shaders/Private/MegaLights/MegaLightsVisibleLightHash.usf" 2928
"../../../Engine/Shaders/Private/MegaLights/MegaLightsVolumeShading.usf" 2929
"../../../Engine/Shaders/Private/MegaLights/MegaLightsSampling.usf" 2930
"../../../Engine/Shaders/Private/MegaLights/MegaLightsSampling.ush" 2931
"../../../Engine/Shaders/Private/MegaLights/MegaLightsVolumeSampling.usf" 2932
"../../../Engine/Shaders/Private/MaterialCache/MaterialCacheABufferPages.usf" 2933
"../../../Engine/Shaders/Private/MaterialCache/MaterialCacheShade.usf" 2934
"../../../Engine/Shaders/Private/MaterialCache/MaterialCacheUnwrapNaniteShade.usf" 2935
"../../../Engine/Shaders/Private/MaterialCache/MaterialCacheUnwrapPixelShader.usf" 2936
"../../../Engine/Shaders/Private/MaterialCache/MaterialCacheUnwrapVertexShader.usf" 2937
"../../../Engine/Shaders/Private/Lumen/LumenVisualizeRadianceCache.usf" 2938
"../../../Engine/Shaders/Private/Lumen/LumenRadianceCacheCommon.ush" 2939
"../../../Engine/Shaders/Private/Lumen/LumenVisualizeHardwareRayTracing.usf" 2940
"../../../Engine/Shaders/Private/Lumen/LumenVisualize.ush" 2941
"../../../Engine/Shaders/Private/Lumen/LumenHairTracing.ush" 2942
"../../../Engine/Shaders/Private/Lumen/LumenVisualize.usf" 2943
"../../../Engine/Shaders/Private/Lumen/LumenSoftwareRayTracing.ush" 2944
"../../../Engine/Shaders/Private/DistanceField/GlobalDistanceFieldObjectGrid.ush" 2945
"../../../Engine/Shaders/Private/DistanceFieldLightingShared.ush" 2946
"../../../Engine/Shaders/Private/Lumen/LumenVisualizeTraces.ush" 2947
"../../../Engine/Shaders/Private/Lumen/LumenTranslucencyVolumeLighting.usf" 2948
"../../../Engine/Shaders/Private/Lumen/LumenRadianceCacheMarkCommon.ush" 2949
"../../../Engine/Shaders/Private/Lumen/LumenTranslucencyVolumeLightingShared.ush" 2950
"../../../Engine/Shaders/Private/Lumen/LumenScreenProbeCommon.ush" 2951
"../../../Engine/Shaders/Private/RayTracing/RayGenUtils.ush" 2952
"../../../Engine/Shaders/Private/Lumen/LumenRadianceCacheTracingCommon.ush" 2953
"../../../Engine/Shaders/Private/Lumen/LumenTranslucencyVolumeHardwareRayTracing.usf" 2954
"../../../Engine/Shaders/Private/Lumen/LumenTranslucencyRadianceCacheMarkShaders.usf" 2955
"../../../Engine/Shaders/Private/Lumen/SurfaceCache/LumenSurfaceCache.usf" 2956
"../../../Engine/Shaders/Private/Lumen/LumenShortRangeAOHardwareRayTracing.usf" 2957
"../../../Engine/Shaders/Private/Lumen/LumenScreenSpaceBentNormal.ush" 2958
"../../../Engine/Shaders/Private/Lumen/LumenScreenSpaceBentNormal.usf" 2959
"../../../Engine/Shaders/Private/Lumen/LumenScreenProbeTracing.usf" 2960
"../../../Engine/Shaders/Private/Lumen/LumenScreenProbeTracingCommon.ush" 2961
"../../../Engine/Shaders/Private/Lumen/LumenFloatQuantization.ush" 2962
"../../../Engine/Shaders/Private/Lumen/LumenScreenProbeImportanceSampling.usf" 2963
"../../../Engine/Shaders/Private/Lumen/LumenScreenProbeImportanceSamplingShared.ush" 2964
"../../../Engine/Shaders/Private/Lumen/LumenScreenProbeHardwareRayTracing.usf" 2965
"../../../Engine/Shaders/Private/Lumen/LumenScreenProbeDebug.usf" 2966
"../../../Engine/Shaders/Private/Lumen/LumenScreenProbeGather.usf" 2967
"../../../Engine/Shaders/Private/Lumen/LumenScreenProbeGatherTemporal.usf" 2968
"../../../Engine/Shaders/Private/Lumen/LumenScreenProbeFiltering.usf" 2969
"../../../Engine/Shaders/Private/Lumen/LumenSceneLighting.usf" 2970
"../../../Engine/Shaders/Private/Lumen/LumenCardTile.ush" 2971
"../../../Engine/Shaders/Private/Lumen/LumenSceneLighting.ush" 2972
"../../../Engine/Shaders/Private/Lumen/Radiosity/LumenRadiosity.ush" 2973
"../../../Engine/Shaders/Private/Lumen/LumenSceneLightingDebug.usf" 2974
"../../../Engine/Shaders/Private/Lumen/LumenScene.usf" 2975
"../../../Engine/Shaders/Private/Lumen/LumenSceneDirectLightingHardwareRayTracing.usf" 2976
"../../../Engine/Shaders/Private/Lumen/LumenSceneDirectLightingStochastic.ush" 2977
"../../../Engine/Shaders/Private/Lumen/LumenReflectionCommon.ush" 2978
"../../../Engine/Shaders/Private/Lumen/LumenSceneDirectLighting.ush" 2979
"../../../Engine/Shaders/Private/Lumen/LumenSceneDebugHardwareRayTracing.usf" 2980
"../../../Engine/Shaders/Private/Lumen/LumenSceneDirectLightingStochastic.usf" 2981
"../../../Engine/Shaders/Private/Lumen/LumenSceneDirectLightingSoftwareRayTracing.usf" 2982
"../../../Engine/Shaders/Private/DistanceFieldShadowingShared.ush" 2983
"../../../Engine/Shaders/Private/Lumen/LumenSceneDirectLightingPerLightShadowCommon.ush" 2984
"../../../Engine/Shaders/Private/Lumen/LumenSceneDirectLightingShadowMask.usf" 2985
"../../../Engine/Shaders/Private/Lumen/LumenSceneDirectLighting.usf" 2986
"../../../Engine/Shaders/Private/Lumen/LumenSceneDirectLightingCulling.usf" 2987
"../../../Engine/Shaders/Private/Lumen/LumenCardComputeShader.usf" 2988
"../../../Engine/Shaders/Private/Lumen/LumenCardBasePass.ush" 2989
"../../../Engine/Shaders/Private/Lumen/LumenCardPixelShader.usf" 2990
"../../../Engine/Shaders/Private/Lumen/LumenCardVertexShader.usf" 2991
"../../../Engine/Shaders/Private/Lumen/LumenReSTIRGather.usf" 2992
"../../../Engine/Shaders/Private/Lumen/LumenReflectionTracing.usf" 2993
"../../../Engine/Shaders/Private/Lumen/LumenReflectionDenoiserSpatial.usf" 2994
"../../../Engine/Shaders/Private/Lumen/LumenReflectionDenoiserClear.usf" 2995
"../../../Engine/Shaders/Private/Lumen/LumenReflectionDenoiserTemporal.usf" 2996
"../../../Engine/Shaders/Private/Lumen/LumenReflectionResolve.usf" 2997
"../../../Engine/Shaders/Private/Lumen/LumenReflections.usf" 2998
"../../../Engine/Shaders/Private/Lumen/RayTracedTranslucency.usf" 2999
"../../../Engine/Shaders/Private/Lumen/LumenReflectionHardwareRayTracing.usf" 3000
"../../../Engine/Shaders/Private/Lumen/Radiosity/LumenVisualizeRadiosityProbes.usf" 3001
"../../../Engine/Shaders/Private/Lumen/Radiosity/LumenRadiosity.usf" 3002
"../../../Engine/Shaders/Private/Lumen/Radiosity/LumenRadiosityHardwareRayTracing.usf" 3003
"../../../Engine/Shaders/Private/Lumen/Radiosity/LumenRadiosityCulling.usf" 3004
"../../../Engine/Shaders/Private/Lumen/LumenRadianceCacheHardwareRayTracing.usf" 3005
"../../../Engine/Shaders/Private/Lumen/LumenRadianceCache.usf" 3006
"../../../Engine/Shaders/Private/Lumen/LumenRadianceCacheUpdate.ush" 3007
"../../../Engine/Shaders/Private/Lumen/LumenRadianceCacheDebug.usf" 3008
"../../../Engine/Shaders/Private/Lumen/LumenRadianceCacheUpdate.usf" 3009
"../../../Engine/Shaders/Private/Lumen/LumenMeshSDFCulling.usf" 3010
"../../../Engine/Shaders/Private/HybridIndirectLighting.ush" 3011
"../../../Engine/Shaders/Private/MeshDistanceFieldCommon.ush" 3012
"../../../Engine/Shaders/Private/Lumen/LumenIrradianceFieldGather.usf" 3013
"../../../Engine/Shaders/Private/Lumen/LumenHardwareRayTracingMaterials.usf" 3014
"../../../Engine/Shaders/Private/Lumen/LumenFrontLayerTranslucency.usf" 3015
"../../../Engine/Shaders/Private/LocalFogVolumes/LocalFogVolumeSplat.usf" 3016
"../../../Engine/Shaders/Private/LocalFogVolumes/LocalFogVolumeTiledCulling.usf" 3017
"../../../Engine/Shaders/Private/LightShaftShader.usf" 3018
"../../../Engine/Shaders/Private/StationaryLightOverlapShaders.usf" 3019
"../../../Engine/Shaders/Private/DeferredLightPixelShaders.usf" 3020
"../../../Engine/Shaders/Private/DeferredLightVertexShaders.usf" 3021
"../../../Engine/Shaders/Private/LightMapDensityShader.usf" 3022
"../../../Engine/Shaders/Private/LightGridInjection.usf" 3023
"../../../Engine/Shaders/Shared/LightGridDefinitions.h" 3024
"../../../Engine/Shaders/Private/LightFunctionPixelShader.usf" 3025
"../../../Engine/Shaders/Private/LightFunctionVertexShader.usf" 3026
"../../../Engine/Shaders/Private/LightFunctionAtlas/LightFunctionAtlasRender.usf" 3027
"../../../Engine/Shaders/Private/InstanceCulling/InstanceCullingOcclusionQuery.usf" 3028
"../../../Engine/Shaders/Private/InstanceCulling/InstanceCullingSetup.ush" 3029
"../../../Engine/Shaders/Private/InstanceCulling/BuildInstanceDrawCommands.usf" 3030
"../../../Engine/Shaders/Private/InstanceCulling/InstanceCompactionCommon.ush" 3031
"../../../Engine/Shaders/Private/SceneDataMobileWriter.ush" 3032
"../../../Engine/Shaders/Private/InstanceCulling/CompactVisibleInstances.usf" 3033
"../../../Engine/Shaders/Private/ReflectionEnvironmentPixelShader.usf" 3034
"../../../Engine/Shaders/Private/AmbientCubemapComposite.usf" 3035
"../../../Engine/Shaders/Private/DiffuseIndirectComposite.usf" 3036
"../../../Engine/Shaders/Private/IESAtlas.usf" 3037
"../../../Engine/Shaders/Private/HeterogeneousVolumes/HeterogeneousVolumesVoxelGridShadows.usf" 3038
"../../../Engine/Shaders/Private/HeterogeneousVolumes/HeterogeneousVolumesStochasticFiltering.ush" 3039
"../../../Engine/Shaders/Private/HeterogeneousVolumes/HeterogeneousVolumesVoxelGridRenderingUtils.ush" 3040
"../../../Engine/Shaders/Private/HeterogeneousVolumes/HeterogeneousVolumesLightingUtils.ush" 3041
"../../../Engine/Shaders/Private/HeterogeneousVolumes/HeterogeneousVolumesVoxelGridRendering.usf" 3042
"../../../Engine/Shaders/Private/HeterogeneousVolumes/HeterogeneousVolumesVoxelGridPipeline.usf" 3043
"../../../Engine/Shaders/Private/HeterogeneousVolumes/HeterogeneousVolumesMaterialBakingPipeline.usf" 3044
"../../../Engine/Shaders/Private/HeterogeneousVolumes/HeterogeneousVolumesLiveShadingUtils.ush" 3045
"../../../Engine/Shaders/Private/HeterogeneousVolumes/HeterogeneousVolumesFrustumVoxelGrid.usf" 3046
"../../../Engine/Shaders/Private/HeterogeneousVolumes/HeterogeneousVolumesSparseVoxelPipeline.usf" 3047
"../../../Engine/Shaders/Private/HeterogeneousVolumes/HeterogeneousVolumesSparseVoxelUtils.ush" 3048
"../../../Engine/Shaders/Private/HeterogeneousVolumes/HeterogeneousVolumesSparseVoxelUniformBufferUtils.ush" 3049
"../../../Engine/Shaders/Private/HeterogeneousVolumes/HeterogeneousVolumesPreshadingPipeline.usf" 3050
"../../../Engine/Shaders/Private/HeterogeneousVolumes/HeterogeneousVolumesLiveShadingShadows.usf" 3051
"../../../Engine/Shaders/Private/HeterogeneousVolumes/HeterogeneousVolumesLiveShadingGlobalPipeline.usf" 3052
"../../../Engine/Shaders/Private/HeterogeneousVolumes/HeterogeneousVolumesLiveShadingPipeline.usf" 3053
"../../../Engine/Shaders/Private/HeterogeneousVolumes/HeterogeneousVolumesHardwareRayTracing.usf" 3054
"../../../Engine/Shaders/Private/HeterogeneousVolumes/HeterogeneousVolumesAmbientOcclusionPipeline.usf" 3055
"../../../Engine/Shaders/Private/HeterogeneousVolumes/HeterogeneousVolumesComposite.usf" 3056
"../../../Engine/Shaders/Private/HdrCustomResolveShaders.usf" 3057
"../../../Engine/Shaders/Private/HairStrands/RenderCurveRaster.usf" 3058
"../../../Engine/Shaders/Private/HairStrands/HairStrandsVoxelRasterCompute.usf" 3059
"../../../Engine/Shaders/Private/HairStrands/HairStrandsHitProxy.usf" 3060
"../../../Engine/Shaders/Private/HairStrands/HairStrandsVisibilityRasterComputeNaive.usf" 3061
"../../../Engine/Shaders/Private/HairStrands/HairStrandsVisibilityRasterHW.usf" 3062
"../../../Engine/Shaders/Private/HairStrands/HairStrandsVisibilityRasterCompute.usf" 3063
"../../../Engine/Shaders/Private/HairStrands/HairStrandsVisibilityRasterClassification.usf" 3064
"../../../Engine/Shaders/Private/HairStrands/HairStrandsCoverage.usf" 3065
"../../../Engine/Shaders/Private/HairStrands/HairStrandsVisibilityDepthPS.usf" 3066
"../../../Engine/Shaders/Private/HairStrands/HairStrandsVisibilityTransmittanceDepthPS.usf" 3067
"../../../Engine/Shaders/Private/HairStrands/HairStrandsVisibilityFillOpaqueDepthPS.usf" 3068
"../../../Engine/Shaders/Private/HairStrands/HairStrandsVisibilityCompactionComputeRaster.usf" 3069
"../../../Engine/Shaders/Private/HairStrands/HairStrandsVisibilityCompaction.usf" 3070
"../../../Engine/Shaders/Private/HairStrands/HairStrandsVisibilityCopyIndirectArg.usf" 3071
"../../../Engine/Shaders/Private/HairStrands/HairStrandsVisibilityClearPS.usf" 3072
"../../../Engine/Shaders/Private/HairStrands/HairStrandsVisibilityPS.usf" 3073
"../../../Engine/Shaders/Private/HairStrands/HairStrandsVisibilityVS.usf" 3074
"../../../Engine/Shaders/Private/HairStrands/HairStrandsVelocity.usf" 3075
"../../../Engine/Shaders/Private/HairStrands/HairStrandsVisibilityComputeSampleCoverage.usf" 3076
"../../../Engine/Shaders/Private/HairStrands/HairStrandsMaterialPS.usf" 3077
"../../../Engine/Shaders/Private/HairStrands/HairStrandsMaterialCommon.ush" 3078
"../../../Engine/Shaders/Private/HairStrands/HairStrandsMaterialVS.usf" 3079
"../../../Engine/Shaders/Private/HairStrands/HairStrandsLightSample.usf" 3080
"../../../Engine/Shaders/Private/HairStrands/HairStrandsDeepShadowMask.usf" 3081
"../../../Engine/Shaders/Private/HairStrands/HairStrandsDeepTransmittanceMask.usf" 3082
"../../../Engine/Shaders/Private/HairStrands/HairStrandsVisibilityTile.usf" 3083
"../../../Engine/Shaders/Private/HairStrands/HairStrandsDeepShadowPS.usf" 3084
"../../../Engine/Shaders/Private/HairStrands/HairStrandsDeepShadowVS.usf" 3085
"../../../Engine/Shaders/Private/HairStrands/HairStrandsAABB.usf" 3086
"../../../Engine/Shaders/Private/HairStrands/HairStrandsLUT.usf" 3087
"../../../Engine/Shaders/Private/HairStrands/HairStrandsForwardRaster.usf" 3088
"../../../Engine/Shaders/Private/HairStrands/HairStrandsForwardCulling.usf" 3089
"../../../Engine/Shaders/Private/HairStrands/HairStrandsEnvironmentLighting.usf" 3090
"../../../Engine/Shaders/Private/HairStrands/HairStrandsEnvironmentAO.usf" 3091
"../../../Engine/Shaders/Private/HairStrands/HairStrandsDeepShadowAllocation.usf" 3092
"../../../Engine/Shaders/Private/HairStrands/HairStrandsVoxelDebug.usf" 3093
"../../../Engine/Shaders/Private/HairStrands/HairStrandsComposition.usf" 3094
"../../../Engine/Shaders/Private/HairStrands/HairStrandsGBufferCommon.ush" 3095
"../../../Engine/Shaders/Private/GPUScene/GPUSceneDataManagement.usf" 3096
"../../../Engine/Shaders/Private/GPUSceneDebugRender.usf" 3097
"../../../Engine/Shaders/Private/GPUFeedbackCompaction.usf" 3098
"../../../Engine/Shaders/Private/GPUFastFourierTransform.usf" 3099
"../../../Engine/Shaders/Private/GPUFastFourierTransform2DCore.ush" 3100
"../../../Engine/Shaders/Private/GPUFastFourierTransformCore.ush" 3101
"../../../Engine/Shaders/Private/GPUBenchmark.usf" 3102
"../../../Engine/Shaders/Private/DistanceField/GlobalDistanceFieldDebug.usf" 3103
"../../../Engine/Shaders/Private/DistanceField/GlobalDistanceFieldUpdate.ush" 3104
"../../../Engine/Shaders/Private/DistanceField/GlobalDistanceFieldMip.usf" 3105
"../../../Engine/Shaders/Private/DistanceField/GlobalDistanceField.usf" 3106
"../../../Engine/Shaders/Private/DistanceField/GlobalDistanceFieldCompositeObjects.usf" 3107
"../../../Engine/Shaders/Private/DistanceField/GlobalDistanceFieldHeightfields.usf" 3108
"../../../Engine/Shaders/Private/HeightfieldLightingShared.ush" 3109
"../../../Engine/Shaders/Private/GenerateConservativeDepth.usf" 3110
"../../../Engine/Shaders/Private/HeightFogPixelShader.usf" 3111
"../../../Engine/Shaders/Private/HeightFogVertexShader.usf" 3112
"../../../Engine/Shaders/Private/DistortFiltering.usf" 3113
"../../../Engine/Shaders/Private/DistortAccumulatePS.usf" 3114
"../../../Engine/Shaders/Private/DistortAccumulateVS.usf" 3115
"../../../Engine/Shaders/Private/DistanceFieldVisualization.usf" 3116
"../../../Engine/Shaders/Private/DistanceFieldStreaming.usf" 3117
"../../../Engine/Shaders/Private/DistanceFieldShadowing.usf" 3118
"../../../Engine/Shaders/Private/DistanceFieldScreenGridLighting.usf" 3119
"../../../Engine/Shaders/Private/DistanceFieldObjectCulling.usf" 3120
"../../../Engine/Shaders/Private/DistanceFieldLightingPost.usf" 3121
"../../../Engine/Shaders/Private/DitheredTransitionStencil.usf" 3122
"../../../Engine/Shaders/Private/CopyDepthTexture.usf" 3123
"../../../Engine/Shaders/Private/CopyDepthTextureCS.usf" 3124
"../../../Engine/Shaders/Private/DeferredDecal.usf" 3125
"../../../Engine/Shaders/Private/DecalCommon.ush" 3126
"../../../Engine/Shaders/Private/DebugViewModeVertexShader.usf" 3127
"../../../Engine/Shaders/Private/DebugViewModeCommon.ush" 3128
"../../../Engine/Shaders/Private/DebugViewModePixelShader.usf" 3129
"../../../Engine/Shaders/Private/DebugProbes.usf" 3130
"../../../Engine/Shaders/Private/MeshDecals.usf" 3131
"../../../Engine/Shaders/Private/PostProcessAmbientOcclusion.usf" 3132
"../../../Engine/Shaders/Private/ClusteredDeferredShadingPixelShader.usf" 3133
"../../../Engine/Shaders/Private/ClusteredDeferredShadingVertexShader.usf" 3134
"../../../Engine/Shaders/Private/CapsuleShadowShaders.usf" 3135
"../../../Engine/Shaders/Private/BasePassPixelShader.usf" 3136
"../../../Engine/Shaders/Private/ForwardLightingCommon.ush" 3137
"../../../Engine/Shaders/Private/Substrate/SubstrateForwardLighting.ush" 3138
"../../../Engine/Shaders/Private/ComputeShaderOutputCommon.ush" 3139
"../../../Engine/Shaders/Private/BasePassVertexShader.usf" 3140
"../../../Engine/Shaders/Private/BasePassVertexCommon.ush" 3141
"../../../Engine/Shaders/Private/SimpleElementVolumeTexturePreviewPixelShader.usf" 3142
"../../../Engine/Shaders/Private/SimpleElementTexture2DPreviewPixelShader.usf" 3143
"../../../Engine/Shaders/Private/meshpaintdilatepixelshader.usf" 3144
"../../../Engine/Shaders/Private/meshpaintdilatevertexshader.usf" 3145
"../../../Engine/Shaders/Private/MeshPaintPixelShader.usf" 3146
"../../../Engine/Shaders/Private/MeshPaintVertexShader.usf" 3147
"../../../Engine/Shaders/Private/SlateElementPixelShader.usf" 3148
"../../../Engine/Shaders/Private/SlateShaderCommon.ush" 3149
"../../../Engine/Shaders/Private/SlateMaskingShader.usf" 3150
"../../../Engine/Shaders/Private/SlateVertexShader.usf" 3151
"../../../Engine/Shaders/Private/CompositeUIPixelShader.usf" 3152
"../../../Engine/Shaders/Private/ColorDeficiency.ush" 3153
"../../../Engine/Shaders/Private/SlatePostProcessColorDeficiencyPixelShader.usf" 3154
"../../../Engine/Shaders/Private/SlatePostProcessPixelShader.usf" 3155
"../../../Engine/Shaders/Private/Tools/VisualizeTexture.usf" 3156
"../../../Engine/Shaders/Private/UpdateDescriptorHandle.usf" 3157
"../../../Engine/Shaders/Private/ByteBuffer.usf" 3158
"../../../Engine/Shaders/Private/ShaderBundleWorkGraphDispatch.usf" 3159
"../../../Engine/Shaders/Private/ShaderBundleDispatch.usf" 3160
"../../../Engine/Shaders/Private/ResolveVertexShader.usf" 3161
"../../../Engine/Shaders/Private/ResolvePixelShader.usf" 3162
"../../../Engine/Shaders/Private/Tools/SetupIndirectArgs.usf" 3163
"../../../Engine/Shaders/Private/ClearReplacementShaders.usf" 3164
"../../../Engine/Shaders/Private/Tools/DrawTexture.usf" 3165
"../../../Engine/Shaders/Private/RayTracing/RayTracingValidation.usf" 3166
"../../../Engine/Shaders/Private/RenderGraphUtilities.usf" 3167
"../../../Engine/Shaders/Private/OneColorShader.usf" 3168
"../../../Engine/Shaders/Private/OculusShaders.usf" 3169
"../../../Engine/Shaders/Private/MediaShaders.usf" 3170
"../../../Engine/Shaders/Private/GPUMessaging.usf" 3171
"../../../Engine/Shaders/Private/Tools/GPUDebugCrashUtils.usf" 3172
"../../../Engine/Shaders/Private/NullPixelShader.usf" 3173
"../../../Engine/Shaders/Private/ComputeGenerateMips.usf" 3174
"../../../Engine/Shaders/Private/Tools/DumpTexture.usf" 3175
"../../../Engine/Shaders/Private/CopyTextureShaders.usf" 3176
"../../../Engine/Shaders/Private/Tools/FullscreenVertexShader.usf" 3177
"../../../Engine/Shaders/Private/RayTracing/RayTracingDispatchDesc.usf" 3178
"../../../Engine/Shaders/Private/Bink.usf" 3179
"../../../Engine/Shaders/Private/VelocityShader.usf" 3180
"../../../Engine/Shaders/Private/DepthOnlyPixelShader.usf" 3181
"../../../Engine/Shaders/Private/PositionOnlyDepthVertexShader.usf" 3182
"../../../Engine/Shaders/Private/DepthOnlyVertexShader.usf" 3183
"../../../Engine/Shaders/Private/AnisotropyPassShader.usf" 3184
"C:/Users/rexge/Documents/Unreal Projects/TheBigHunt/Content/VRTemplate/Maps/VRTemplateMap.umap" 3185
"/Engine/EngineResources/WhiteSquareTexture" 3186
"../../../Engine/Content/EngineResources/WhiteSquareTexture.uasset" 3187
"/Engine/EngineResources/GradientTexture0" 3188
"../../../Engine/Content/EngineResources/GradientTexture0.uasset" 3189
"/Engine/EngineResources/Black" 3190
"../../../Engine/Content/EngineResources/Black.uasset" 3191
"/Engine/EditorResources/S_Actor" 3192
"../../../Engine/Content/EditorResources/S_Actor.uasset" 3193
"/Engine/EngineFonts/RobotoDistanceField" 3194
"../../../Engine/Content/EngineFonts/RobotoDistanceField.uasset" 3195
"/Engine/EngineMaterials/DefaultTextMaterialOpaque" 3196
"../../../Engine/Content/EngineMaterials/DefaultTextMaterialOpaque.uasset" 3197
"/Engine/Functions/Engine_MaterialFunctions01/Shading/PowerToRoughness" 3198
"../../../Engine/Content/Functions/Engine_MaterialFunctions01/Shading/PowerToRoughness.uasset" 3199
"/Engine/Functions/Engine_MaterialFunctions01/Shading/ConvertFromDiffSpec" 3200
"../../../Engine/Content/Functions/Engine_MaterialFunctions01/Shading/ConvertFromDiffSpec.uasset" 3201
"/Engine/EngineMaterials/WorldGridMaterial" 3202
"../../../Engine/Content/EngineMaterials/WorldGridMaterial.uasset" 3203
"../../../Engine/Content/Functions/Engine_MaterialFunctions01/Opacity/CameraDepthFade.uasset" 3204
"../../../Engine/Content/EngineMaterials/T_Default_Material_Grid_M.uasset" 3205
"../../../Engine/Content/EngineMaterials/T_Default_Material_Grid_N.uasset" 3206
"/Engine/EngineMaterials/DefaultDeferredDecalMaterial" 3207
"../../../Engine/Content/EngineMaterials/DefaultDeferredDecalMaterial.uasset" 3208
"../../../Engine/Content/EngineMaterials/DefaultDiffuse.uasset" 3209
"/Engine/EngineMaterials/DefaultLightFunctionMaterial" 3210
"../../../Engine/Content/EngineMaterials/DefaultLightFunctionMaterial.uasset" 3211
"/Engine/EngineMaterials/DefaultPostProcessMaterial" 3212
"../../../Engine/Content/EngineMaterials/DefaultPostProcessMaterial.uasset" 3213
"../../../Engine/Content/Functions/Engine_MaterialFunctions02/Utility/BreakOutFloat2Components.uasset" 3214
"/Engine/EditorResources/S_Trigger" 3215
"../../../Engine/Content/EditorResources/S_Trigger.uasset" 3216
"/Engine/EditorResources/S_BoxReflectionCapture" 3217
"../../../Engine/Content/EditorResources/S_BoxReflectionCapture.uasset" 3218
"/Engine/EngineResources/DefaultTexture" 3219
"../../../Engine/Content/EngineResources/DefaultTexture.uasset" 3220
"/Engine/EditorResources/S_TriggerBox" 3221
"../../../Engine/Content/EditorResources/S_TriggerBox.uasset" 3222
"/Engine/EditorResources/S_TriggerCapsule" 3223
"../../../Engine/Content/EditorResources/S_TriggerCapsule.uasset" 3224
"/Engine/EditorResources/S_TriggerSphere" 3225
"../../../Engine/Content/EditorResources/S_TriggerSphere.uasset" 3226
"/Engine/EngineDamageTypes/DmgTypeBP_Environmental" 3227
"../../../Engine/Content/EngineDamageTypes/DmgTypeBP_Environmental.uasset" 3228
"/Engine/EngineMeshes/Sphere" 3229
"../../../Engine/Content/EngineMeshes/Sphere.uasset" 3230
"/Engine/EngineResources/DefaultTextureCube" 3231
"../../../Engine/Content/EngineResources/DefaultTextureCube.uasset" 3232
"/Engine/EngineResources/DefaultVolumeTexture" 3233
"../../../Engine/Content/EngineResources/DefaultVolumeTexture.uasset" 3234
"../../../Engine/Content/EngineResources/DefaultVolumeTexture2D.uasset" 3235
"/Engine/VREditor/TransformGizmo/SM_Sequencer_Node" 3236
"../../../Engine/Content/VREditor/TransformGizmo/SM_Sequencer_Node.uasset" 3237
"../../../Engine/Content/VREditor/TransformGizmo/Main.uasset" 3238
"../../../Engine/Content/VREditor/TransformGizmo/Xray.uasset" 3239
"/Engine/EditorResources/S_Solver" 3240
"../../../Engine/Content/EditorResources/S_Solver.uasset" 3241
"/Engine/EngineDebugMaterials/VolumeToRender" 3242
"../../../Engine/Content/EngineDebugMaterials/VolumeToRender.uasset" 3243
"/Engine/EngineDebugMaterials/M_VolumeRenderSphereTracePP" 3244
"../../../Engine/Content/EngineDebugMaterials/M_VolumeRenderSphereTracePP.uasset" 3245
"../../../Engine/Content/Functions/Engine_MaterialFunctions02/Utility/CameraDirectionVector.uasset" 3246
"/Engine/EditorMeshes/Camera/SM_CraneRig_Base" 3247
"../../../Engine/Content/EditorMeshes/Camera/SM_CraneRig_Base.uasset" 3248
"../../../Engine/Content/EditorMaterials/Camera/MI_CineMat_Rig.uasset" 3249
"../../../Engine/Content/EditorMaterials/Camera/CineMat.uasset" 3250
"/Engine/EditorMeshes/Camera/SM_CraneRig_Arm" 3251
"../../../Engine/Content/EditorMeshes/Camera/SM_CraneRig_Arm.uasset" 3252
"/Engine/EditorMeshes/Camera/SM_CraneRig_Mount" 3253
"../../../Engine/Content/EditorMeshes/Camera/SM_CraneRig_Mount.uasset" 3254
"/Engine/EditorMeshes/Camera/SM_CraneRig_Body" 3255
"../../../Engine/Content/EditorMeshes/Camera/SM_CraneRig_Body.uasset" 3256
"/Engine/EditorMeshes/Camera/SM_RailRig_Track" 3257
"../../../Engine/Content/EditorMeshes/Camera/SM_RailRig_Track.uasset" 3258
"/Engine/EditorMeshes/Camera/SM_RailRig_Mount" 3259
"../../../Engine/Content/EditorMeshes/Camera/SM_RailRig_Mount.uasset" 3260
"/Engine/EditorLandscapeResources/SplineEditorMesh" 3261
"../../../Engine/Content/EditorLandscapeResources/SplineEditorMesh.uasset" 3262
"../../../Engine/Content/EditorLandscapeResources/SplineEditorMeshMat.uasset" 3263
"/Water/Icons/WaterBodyIslandSprite" 3264
"../../Plugins/Experimental/Water/Content/Icons/WaterBodyIslandSprite.uasset" 3265
"/Water/Icons/WaterZoneActorSprite" 3266
"../../Plugins/Experimental/Water/Content/Icons/WaterZoneActorSprite.uasset" 3267
"/Engine/BasicShapes/Cube" 3268
"../../../Engine/Content/BasicShapes/Cube.uasset" 3269
"/CameraCalibrationCore/Materials/M_DefaultOddSquare" 3270
"../../Plugins/VirtualProduction/CameraCalibrationCore/Content/Materials/M_DefaultOddSquare.uasset" 3271
"/CameraCalibrationCore/Materials/M_DefaultEvenSquare" 3272
"../../Plugins/VirtualProduction/CameraCalibrationCore/Content/Materials/M_DefaultEvenSquare.uasset" 3273
"/HairStrands/Materials/HairDebugMaterial" 3274
"../../Plugins/Runtime/HairStrands/Content/Materials/HairDebugMaterial.uasset" 3275
"../../../Engine/Content/Functions/Engine_MaterialFunctions02/Utility/MakeFloat2.uasset" 3276
"../../../Engine/Content/Functions/Engine_MaterialFunctions02/Utility/MakeFloat3.uasset" 3277
"../../../Engine/Content/EngineMaterials/HairColorMap.uasset" 3278
"../../../Engine/Content/EngineMaterials/HairDebugColor.uasset" 3279
"../../Plugins/Runtime/HairStrands/Content/Materials/HairGroupColors.uasset" 3280
"/HairStrands/Materials/HairDefaultMaterial" 3281
"../../Plugins/Runtime/HairStrands/Content/Materials/HairDefaultMaterial.uasset" 3282
"/HairStrands/Materials/HairCardsDefaultMaterial" 3283
"../../Plugins/Runtime/HairStrands/Content/Materials/HairCardsDefaultMaterial.uasset" 3284
"/HairStrands/Materials/HairMeshesDefaultMaterial" 3285
"../../Plugins/Runtime/HairStrands/Content/Materials/HairMeshesDefaultMaterial.uasset" 3286
"/Engine/EngineMaterials/Widget3DPassThrough_Translucent" 3287
"../../../Engine/Content/EngineMaterials/Widget3DPassThrough_Translucent.uasset" 3288
"../../../Engine/Content/EngineMaterials/Widget3DPassThrough.uasset" 3289
"/Engine/EngineMaterials/Widget3DPassThrough_Translucent_OneSided" 3290
"../../../Engine/Content/EngineMaterials/Widget3DPassThrough_Translucent_OneSided.uasset" 3291
"/Engine/EngineMaterials/Widget3DPassThrough_Opaque" 3292
"../../../Engine/Content/EngineMaterials/Widget3DPassThrough_Opaque.uasset" 3293
"/Engine/EngineMaterials/Widget3DPassThrough_Opaque_OneSided" 3294
"../../../Engine/Content/EngineMaterials/Widget3DPassThrough_Opaque_OneSided.uasset" 3295
"/Engine/EngineMaterials/Widget3DPassThrough_Masked" 3296
"../../../Engine/Content/EngineMaterials/Widget3DPassThrough_Masked.uasset" 3297
"/Engine/EngineMaterials/Widget3DPassThrough_Masked_OneSided" 3298
"../../../Engine/Content/EngineMaterials/Widget3DPassThrough_Masked_OneSided.uasset" 3299
"/Engine/VREditor/ViewportInteractionAssetContainerData" 3300
"../../../Engine/Content/VREditor/ViewportInteractionAssetContainerData.uasset" 3301
"../../../Engine/Content/VREditor/SnapGrid/SnapGridMaterial.uasset" 3302
"../../../Engine/Content/VREditor/TransformGizmo/TransformGizmoMaterial_Inst.uasset" 3303
"../../../Engine/Content/VREditor/TransformGizmo/TranslucentTransformGizmoMaterial_Inst.uasset" 3304
"../../../Engine/Content/VREditor/SnapGrid/SnapGridPlaneMesh.uasset" 3305
"../../../Engine/Content/VREditor/Sounds/UI/Drop_Item_From_ContentBrowser.uasset" 3306
"../../../Engine/Content/VREditor/Sounds/UI/Gizmo_Handle_Clicked.uasset" 3307
"../../../Engine/Content/VREditor/Sounds/UI/Object_PickUp.uasset" 3308
"../../../Engine/Content/VREditor/Sounds/UI/Object_Snaps_To_Another_Actor.uasset" 3309
"../../../Engine/Content/VREditor/Sounds/UI/Object_Snaps_To_Grid.uasset" 3310
"../../../Engine/Content/VREditor/Sounds/UI/Scaling_Down.uasset" 3311
"../../../Engine/Content/VREditor/Sounds/UI/Scaling_Up.uasset" 3312
"../../../Engine/Content/VREditor/Sounds/UI/Selection_Changes.uasset" 3313
"../../../Engine/Content/VREditor/TransformGizmo/PlaneTranslationHandle.uasset" 3314
"../../../Engine/Content/VREditor/TransformGizmo/RotationHandleFull.uasset" 3315
"../../../Engine/Content/VREditor/TransformGizmo/RotationHandleIndicator.uasset" 3316
"../../../Engine/Content/VREditor/TransformGizmo/RotationHandleQuarter.uasset" 3317
"../../../Engine/Content/VREditor/TransformGizmo/StartRotationHandleIndicator.uasset" 3318
"../../../Engine/Content/VREditor/TransformGizmo/TransformGizmoFreeRotation.uasset" 3319
"../../../Engine/Content/VREditor/TransformGizmo/TranslateArrowHandle.uasset" 3320
"../../../Engine/Content/VREditor/TransformGizmo/UniformScaleHandle.uasset" 3321
"../../../Engine/Content/Functions/Engine_MaterialFunctions02/Math/Transform3x3Matrix.uasset" 3322
"../../../Engine/Content/Functions/Engine_MaterialFunctions02/SplitComponents.uasset" 3323
"../../../Engine/Content/VREditor/TransformGizmo/TransformGizmoMaterial.uasset" 3324
"../../../Engine/Content/VREditor/TransformGizmo/TranslucentTransformGizmoMaterial.uasset" 3325
"../../../Engine/Content/Functions/Engine_MaterialFunctions02/Utility/BreakOutFloat3Components.uasset" 3326
"../../../Engine/Content/VREditor/LaserPointer/VR_LaserPower_01.uasset" 3327
"/Engine/VREditor/TransformGizmo/BoundingBoxCorner" 3328
"../../../Engine/Content/VREditor/TransformGizmo/BoundingBoxCorner.uasset" 3329
"/Engine/VREditor/TransformGizmo/BoundingBoxEdge" 3330
"../../../Engine/Content/VREditor/TransformGizmo/BoundingBoxEdge.uasset" 3331
"/Engine/ArtTools/RenderToTexture/Meshes/S_1_Unit_Plane" 3332
"../../../Engine/Content/ArtTools/RenderToTexture/Meshes/S_1_Unit_Plane.uasset" 3333
"/Engine/EngineDebugMaterials/M_SimpleUnlitTranslucent" 3334
"../../../Engine/Content/EngineDebugMaterials/M_SimpleUnlitTranslucent.uasset" 3335
"/Engine/EngineFonts/Roboto" 3336
"../../../Engine/Content/EngineFonts/Roboto.uasset" 3337
"../../../Engine/Content/EngineFonts/Faces/DroidSansFallback.uasset" 3338
"../../../Engine/Content/EngineFonts/Faces/RobotoBold.uasset" 3339
"../../../Engine/Content/EngineFonts/Faces/RobotoBoldItalic.uasset" 3340
"../../../Engine/Content/EngineFonts/Faces/RobotoItalic.uasset" 3341
"../../../Engine/Content/EngineFonts/Faces/RobotoLight.uasset" 3342
"../../../Engine/Content/EngineFonts/Faces/RobotoRegular.uasset" 3343
"/Engine/EditorMaterials/ParticleSystems/PSysThumbnail_NoImage" 3344
"../../../Engine/Content/EditorMaterials/ParticleSystems/PSysThumbnail_NoImage.uasset" 3345
"/Engine/EditorMaterials/ParticleSystems/PSysThumbnail_OOD" 3346
"../../../Engine/Content/EditorMaterials/ParticleSystems/PSysThumbnail_OOD.uasset" 3347
"/Engine/EngineResources/LandscapeVisibilityLayerInfo" 3348
"../../../Engine/Content/EngineResources/LandscapeVisibilityLayerInfo.uasset" 3349
"/Water/Meshes/LakeMesh" 3350
"../../Plugins/Experimental/Water/Content/Meshes/LakeMesh.uasset" 3351
"/Water/Meshes/RiverMesh" 3352
"../../Plugins/Experimental/Water/Content/Meshes/RiverMesh.uasset" 3353
"/Water/Icons/WaterBodyExclusionVolumeSprite" 3354
"../../Plugins/Experimental/Water/Content/Icons/WaterBodyExclusionVolumeSprite.uasset" 3355
"/ACLPlugin/ACLAnimBoneCompressionSettings" 3356
"../../Plugins/Animation/ACLPlugin/Content/ACLAnimBoneCompressionSettings.uasset" 3357
"/Engine/Animation/DefaultRecorderBoneCompression" 3358
"../../../Engine/Content/Animation/DefaultRecorderBoneCompression.uasset" 3359
"/ACLPlugin/ACLAnimCurveCompressionSettings" 3360
"../../Plugins/Animation/ACLPlugin/Content/ACLAnimCurveCompressionSettings.uasset" 3361
"/Engine/Animation/DefaultVariableFrameStrippingSettings" 3362
"../../../Engine/Content/Animation/DefaultVariableFrameStrippingSettings.uasset" 3363
"/ControlRig/Controls/ControlRigXRayMaterial" 3364
"../../Plugins/Animation/ControlRig/Content/Controls/ControlRigXRayMaterial.uasset" 3365
"/ControlRig/Controls/DefaultGizmoLibraryNormalized" 3366
"../../Plugins/Animation/ControlRig/Content/Controls/DefaultGizmoLibraryNormalized.uasset" 3367
"/Paper2D/MaskedUnlitSpriteMaterial" 3368
"../../Plugins/2D/Paper2D/Content/MaskedUnlitSpriteMaterial.uasset" 3369
"../../Plugins/2D/Paper2D/Content/DefaultSpriteMaterial.uasset" 3370
"../../Plugins/2D/Paper2D/Content/PlaceholderTextures/DummySpriteTexture.uasset" 3371
"/Paper2D/OpaqueUnlitSpriteMaterial" 3372
"../../Plugins/2D/Paper2D/Content/OpaqueUnlitSpriteMaterial.uasset" 3373
"/Paper2D/DefaultPaperTerrainMaterial" 3374
"../../Plugins/2D/Paper2D/Content/DefaultPaperTerrainMaterial.uasset" 3375
"../../Plugins/2D/Paper2D/Content/DummySprite.uasset" 3376
"/ControlRig/M_Manip" 3377
"../../Plugins/Animation/ControlRig/Content/M_Manip.uasset" 3378
"../../../Engine/Content/Functions/Engine_MaterialFunctions02/WorldPositionOffset/CameraOffset.uasset" 3379
"/AudioWidgets/Resources/ScrubHandleDown_Clamped" 3380
"../../Plugins/Runtime/AudioWidgets/Content/Resources/ScrubHandleDown_Clamped.uasset" 3381
"/Landmass/Landscape/BlueprintBrushes/Materials/Internal/BrushBounds" 3382
"../../Plugins/Experimental/Landmass/Content/Landscape/BlueprintBrushes/Materials/Internal/BrushBounds.uasset" 3383
"../../../Engine/Content/EditorMaterials/TilingAAGrid.uasset" 3384
"../../../Engine/Content/EditorMaterials/TilingAALineBoxFiltered.uasset" 3385
"../../../Engine/Content/EditorMaterials/TilingAALineIntegral.uasset" 3386
"../../../Engine/Content/Functions/Engine_MaterialFunctions01/ImageAdjustment/SCurve.uasset" 3387
"../../../Engine/Content/Functions/Engine_MaterialFunctions02/Utility/VectorLength.uasset" 3388
"../../../Engine/Content/Functions/Engine_MaterialFunctions02/WorldPositionOffset/V2/ObjectScale.uasset" 3389
"../../../Engine/Content/Functions/Engine_MaterialFunctions03/Blends/Blend_Screen.uasset" 3390
"../../../Engine/Content/Functions/Engine_MaterialFunctions03/Procedurals/ComputeFilterWidth.uasset" 3391
"../../Plugins/Experimental/Landmass/Content/Landscape/BlueprintBrushes/Materials/BrushMaterials/BasicFunctions/LandmassBrush_ShapeMask.uasset" 3392
"../../Plugins/Experimental/Landmass/Content/Landscape/BlueprintBrushes/MF/Landmass_BrushTilt.uasset" 3393
"../../Plugins/Experimental/Landmass/Content/Landscape/BlueprintBrushes/MF/LandmassBrush_EdgeFalloff.uasset" 3394
"../../Plugins/Experimental/Landmass/Content/Landscape/BlueprintBrushes/MF/LandmassBrush_Noise.uasset" 3395
"../../Plugins/Experimental/Landmass/Content/Landscape/BlueprintBrushes/MF/LandmassBrush_UVs.uasset" 3396
"../../Plugins/Experimental/Landmass/Content/Landscape/BlueprintBrushes/MF/PointSampleLandscapeUVs.uasset" 3397
"../../Plugins/Experimental/Landmass/Content/Landscape/OldPrototype_BP/Mats/MF/UnpackRG8Height.uasset" 3398
"../../Plugins/Experimental/Landmass/Content/Landscape/BlueprintBrushes/MPC/MPC_Landscape.uasset" 3399
"../../../Engine/Content/ArtTools/RenderToTexture/Textures/T_EV_BlankWhite_01.uasset" 3400
"../../../Engine/Content/EngineMaterials/BlendFunc_DefBase.uasset" 3401
"../../../Engine/Content/EngineMaterials/BlendFunc_DefBlend.uasset" 3402
"../../../Engine/Content/EngineResources/Black_Low.uasset" 3403
"/Landmass/Landscape/Meshes/S_SpritePlane" 3404
"../../Plugins/Experimental/Landmass/Content/Landscape/Meshes/S_SpritePlane.uasset" 3405
"/Landmass/Landscape/BlueprintBrushes/Materials/Sprite/M_BrushSprite_01" 3406
"../../Plugins/Experimental/Landmass/Content/Landscape/BlueprintBrushes/Materials/Sprite/M_BrushSprite_01.uasset" 3407
"../../../Engine/Content/Functions/Engine_MaterialFunctions02/WorldPositionOffset/ComponentPivotLocation.uasset" 3408
"../../../Engine/Content/Functions/Engine_MaterialFunctions02/WorldPositionOffset/Sprite.uasset" 3409
"../../../Engine/Content/EditorResources/S_Terrain.uasset" 3410
"/MediaPlate/SM_MediaPlateScreen" 3411
"../../Plugins/Media/MediaPlate/Content/SM_MediaPlateScreen.uasset" 3412
"/SpeedTreeImporter/SpeedTree9/SpeedTreeMaster" 3413
"../../Plugins/Editor/SpeedTreeImporter/Content/SpeedTree9/SpeedTreeMaster.uasset" 3414
"../../../Engine/Content/Functions/Engine_MaterialFunctions02/ObjectLocalBounds.uasset" 3415
"../../../Engine/Content/Functions/Engine_MaterialFunctions02/SafeNormalize.uasset" 3416
"../../../Engine/Content/Functions/Engine_MaterialFunctions02/UVs/BoundingBoxBased_0-1_UVW.uasset" 3417
"../../../Engine/Content/Functions/Engine_MaterialFunctions02/WorldPositionOffset/ObjectScale.uasset" 3418
"../../Plugins/Editor/SpeedTreeImporter/Content/SpeedTree9/SpeedTreeBranchMotion.uasset" 3419
"../../Plugins/Editor/SpeedTreeImporter/Content/SpeedTree9/SpeedTreeCameraFacing.uasset" 3420
"../../Plugins/Editor/SpeedTreeImporter/Content/SpeedTree9/SpeedTreeWind.uasset" 3421
"../../Plugins/Editor/SpeedTreeImporter/Content/SpeedTree9/SpeedTreeWindMotion.uasset" 3422
"../../Plugins/Editor/SpeedTreeImporter/Content/SpeedTree9/UnpackDirection.uasset" 3423
"../../Plugins/Editor/SpeedTreeImporter/Content/SpeedTree9/UnpackInteger3.uasset" 3424
"../../Plugins/Editor/SpeedTreeImporter/Content/SpeedTree9/Empty.uasset" 3425
"../../Plugins/Editor/SpeedTreeImporter/Content/SpeedTree9/EmptyNormal.uasset" 3426
"../../Plugins/Editor/SpeedTreeImporter/Content/SpeedTree9/game_wind_noise.uasset" 3427
"/SpeedTreeImporter/SpeedTree9/SpeedTreeBillboardMaster" 3428
"../../Plugins/Editor/SpeedTreeImporter/Content/SpeedTree9/SpeedTreeBillboardMaster.uasset" 3429
"../../Plugins/Editor/SpeedTreeImporter/Content/SpeedTree9/SpeedTreeBillboard.uasset" 3430
"/OpenXR/Devices/HTCVive/HTCViveController" 3431
"../../Plugins/Runtime/OpenXR/Content/Devices/HTCVive/HTCViveController.uasset" 3432
"../../Plugins/Runtime/OpenXR/Content/Devices/HTCVive/MI_HTCVive.uasset" 3433
"../../Plugins/Runtime/OpenXR/Content/Devices/M_XRController.uasset" 3434
"../../../Engine/Content/EngineMaterials/BaseFlattenNormalMap.uasset" 3435
"../../Plugins/Runtime/OpenXR/Content/Devices/HTCVive/BaseTexture.uasset" 3436
"/OpenXR/Devices/MicrosoftMixedReality/Left/left_MicrosoftMixedRealityController" 3437
"../../Plugins/Runtime/OpenXR/Content/Devices/MicrosoftMixedReality/Left/left_MicrosoftMixedRealityController.uasset" 3438
"../../Plugins/Runtime/OpenXR/Content/Devices/MicrosoftMixedReality/MI_MicrosoftMixedReality.uasset" 3439
"../../Plugins/Runtime/OpenXR/Content/Devices/MicrosoftMixedReality/BaseTexture.uasset" 3440
"../../Plugins/Runtime/OpenXR/Content/Devices/MicrosoftMixedReality/EmissiveTexture.uasset" 3441
"../../Plugins/Runtime/OpenXR/Content/Devices/MicrosoftMixedReality/MRTexture.uasset" 3442
"../../Plugins/Runtime/OpenXR/Content/Devices/MicrosoftMixedReality/NormalTexture.uasset" 3443
"/OpenXR/Devices/MicrosoftMixedReality/Right/right_MicrosoftMixedRealityController" 3444
"../../Plugins/Runtime/OpenXR/Content/Devices/MicrosoftMixedReality/Right/right_MicrosoftMixedRealityController.uasset" 3445
"/OpenXR/Devices/OculusGo/OculusGoController" 3446
"../../Plugins/Runtime/OpenXR/Content/Devices/OculusGo/OculusGoController.uasset" 3447
"../../Plugins/Runtime/OpenXR/Content/Devices/OculusGo/MI_OculusGo.uasset" 3448
"../../Plugins/Runtime/OpenXR/Content/Devices/OculusGo/BaseTexture.uasset" 3449
"/OpenXR/Devices/OculusTouch/Left/left_OculusTouchController" 3450
"../../Plugins/Runtime/OpenXR/Content/Devices/OculusTouch/Left/left_OculusTouchController.uasset" 3451
"../../Plugins/Runtime/OpenXR/Content/Devices/OculusTouch/MI_OculusTouch.uasset" 3452
"../../Plugins/Runtime/OpenXR/Content/Devices/OculusTouch/BaseTexture.uasset" 3453
"../../Plugins/Runtime/OpenXR/Content/Devices/OculusTouch/MRTexture.uasset" 3454
"/OpenXR/Devices/OculusTouch/Right/right_OculusTouchController" 3455
"../../Plugins/Runtime/OpenXR/Content/Devices/OculusTouch/Right/right_OculusTouchController.uasset" 3456
"/OpenXR/Devices/ValveIndex/Left/left_ValveIndexController" 3457
"../../Plugins/Runtime/OpenXR/Content/Devices/ValveIndex/Left/left_ValveIndexController.uasset" 3458
"../../Plugins/Runtime/OpenXR/Content/Devices/ValveIndex/Left/MI_left_ValveIndex.uasset" 3459
"../../Plugins/Runtime/OpenXR/Content/Devices/ValveIndex/BaseTexture.uasset" 3460
"../../Plugins/Runtime/OpenXR/Content/Devices/ValveIndex/MRTexture.uasset" 3461
"/OpenXR/Devices/ValveIndex/Right/right_ValveIndexController" 3462
"../../Plugins/Runtime/OpenXR/Content/Devices/ValveIndex/Right/right_ValveIndexController.uasset" 3463
"../../Plugins/Runtime/OpenXR/Content/Devices/ValveIndex/Right/MI_right_ValveIndex.uasset" 3464
"/OpenXR/Devices/OculusTouch_v2/Left/left_OculusTouch_v2Controller" 3465
"../../Plugins/Runtime/OpenXR/Content/Devices/OculusTouch_v2/Left/left_OculusTouch_v2Controller.uasset" 3466
"../../Plugins/Runtime/OpenXR/Content/Devices/OculusTouch_v2/MI_OculusTouch_v2.uasset" 3467
"../../Plugins/Runtime/OpenXR/Content/Devices/OculusTouch_v2/BaseTexture.uasset" 3468
"../../Plugins/Runtime/OpenXR/Content/Devices/OculusTouch_v2/MRTexture.uasset" 3469
"/OpenXR/Devices/OculusTouch_v2/Right/right_OculusTouch_v2Controller" 3470
"../../Plugins/Runtime/OpenXR/Content/Devices/OculusTouch_v2/Right/right_OculusTouch_v2Controller.uasset" 3471
"/OpenXR/Devices/OculusTouch_v3/Left/left_OculusTouch_v3Controller" 3472
"../../Plugins/Runtime/OpenXR/Content/Devices/OculusTouch_v3/Left/left_OculusTouch_v3Controller.uasset" 3473
"../../Plugins/Runtime/OpenXR/Content/Devices/OculusTouch_v3/MI_OculusTouch_v3.uasset" 3474
"../../Plugins/Runtime/OpenXR/Content/Devices/OculusTouch_v3/BaseTexture.uasset" 3475
"../../Plugins/Runtime/OpenXR/Content/Devices/OculusTouch_v3/MRTexture.uasset" 3476
"/OpenXR/Devices/OculusTouch_v3/Right/right_OculusTouch_v3Controller" 3477
"../../Plugins/Runtime/OpenXR/Content/Devices/OculusTouch_v3/Right/right_OculusTouch_v3Controller.uasset" 3478
"/Engine/BasicShapes/BasicShapeMaterial" 3479
"../../../Engine/Content/BasicShapes/BasicShapeMaterial.uasset" 3480
"/Engine/EditorMaterials/Dataflow/DataflowVertexMaterial" 3481
"../../../Engine/Content/EditorMaterials/Dataflow/DataflowVertexMaterial.uasset" 3482
"/Engine/EditorMaterials/Dataflow/DataflowTwoSidedVertexMaterial" 3483
"../../../Engine/Content/EditorMaterials/Dataflow/DataflowTwoSidedVertexMaterial.uasset" 3484
"/Engine/EditorLandscapeResources/LayerVisMaterial" 3485
"../../../Engine/Content/EditorLandscapeResources/LayerVisMaterial.uasset" 3486
"../../../Engine/Content/EditorLandscapeResources/WhiteSquareTexture.uasset" 3487
"/Engine/EditorLandscapeResources/SelectBrushMaterial_Selected" 3488
"../../../Engine/Content/EditorLandscapeResources/SelectBrushMaterial_Selected.uasset" 3489
"../../../Engine/Content/EditorLandscapeResources/SelectBrushMaterial.uasset" 3490
"../../../Engine/Content/Functions/Engine_MaterialFunctions03/Math/WithinRangeFloat2.uasset" 3491
"../../../Engine/Content/EditorLandscapeResources/DefaultAlphaTexture.uasset" 3492
"/Engine/EditorLandscapeResources/SelectBrushMaterial_SelectedRegion" 3493
"../../../Engine/Content/EditorLandscapeResources/SelectBrushMaterial_SelectedRegion.uasset" 3494
"/Engine/EditorLandscapeResources/MaskBrushMaterial_MaskedRegion" 3495
"../../../Engine/Content/EditorLandscapeResources/MaskBrushMaterial_MaskedRegion.uasset" 3496
"../../../Engine/Content/EditorLandscapeResources/MaskBrushMaterial.uasset" 3497
"/Engine/EditorLandscapeResources/ColorMaskBrushMaterial_MaskedRegion" 3498
"../../../Engine/Content/EditorLandscapeResources/ColorMaskBrushMaterial_MaskedRegion.uasset" 3499
"../../../Engine/Content/EditorLandscapeResources/ColorMaskBrushMaterial.uasset" 3500
"/Engine/EditorLandscapeResources/LandscapeDirtyMaterial" 3501
"../../../Engine/Content/EditorLandscapeResources/LandscapeDirtyMaterial.uasset" 3502
"/Engine/EditorLandscapeResources/LandscapeLayerUsageMaterial" 3503
"../../../Engine/Content/EditorLandscapeResources/LandscapeLayerUsageMaterial.uasset" 3504
"../../../Engine/Content/Functions/Engine_MaterialFunctions01/Debug/DebugIntValues.uasset" 3505
"../../../Engine/Content/Functions/Engine_MaterialFunctions01/Texturing/ScaleUVsByCenter.uasset" 3506
"../../../Engine/Content/Functions/Engine_MaterialFunctions02/WorldPositionOffset/LocalPosition.uasset" 3507
"../../../Engine/Content/Functions/Engine_MaterialFunctions01/Texturing/TextureCropping.uasset" 3508
"../../../Engine/Content/Functions/Engine_MaterialFunctions02/ExampleContent/DebugNumberStrip.uasset" 3509
"C:/Users/rexge/AppData/Local/UnrealEngine/Editor/UInteractiveToolsPresetCollectionAsset_DefaultCollection.json" 3510
"/Engine/EngineMaterials/NaniteHiddenSectionMaterial" 3511
"../../../Engine/Content/EngineMaterials/NaniteHiddenSectionMaterial.uasset" 3512
"/Engine/EngineMaterials/RemoveSurfaceMaterial" 3513
"../../../Engine/Content/EngineMaterials/RemoveSurfaceMaterial.uasset" 3514
"/Engine/EngineDebugMaterials/DebugMeshMaterial" 3515
"../../../Engine/Content/EngineDebugMaterials/DebugMeshMaterial.uasset" 3516
"/Engine/EngineMaterials/EmissiveMeshMaterial" 3517
"../../../Engine/Content/EngineMaterials/EmissiveMeshMaterial.uasset" 3518
"../../../Engine/Content/EngineMaterials/DefaultWhiteGrid_Low.uasset" 3519
"/Engine/EngineMaterials/M_InvalidLightmapSettings" 3520
"../../../Engine/Content/EngineMaterials/M_InvalidLightmapSettings.uasset" 3521
"../../../Engine/Content/EngineMaterials/InvalidLightmapSettings.uasset" 3522
"/Engine/EngineMaterials/GizmoMaterial" 3523
"../../../Engine/Content/EngineMaterials/GizmoMaterial.uasset" 3524
"/Engine/EngineMaterials/PhAT_JointLimitMaterial" 3525
"../../../Engine/Content/EngineMaterials/PhAT_JointLimitMaterial.uasset" 3526
"/Engine/EngineMaterials/FlattenMaterial" 3527
"../../../Engine/Content/EngineMaterials/FlattenMaterial.uasset" 3528
"../../../Engine/Content/EngineMaterials/BaseFlattenDiffuseMap.uasset" 3529
"../../../Engine/Content/EngineMaterials/BaseFlattenEmissiveMap.uasset" 3530
"../../../Engine/Content/EngineMaterials/BaseFlattenGrayscaleMap.uasset" 3531
"../../../Engine/Content/EngineMaterials/BaseFlattenLinearColor.uasset" 3532
"../../../Engine/Content/Functions/Engine_MaterialFunctions02/PivotPainter2/Black_1x1_EXR_Texture.uasset" 3533
"/Engine/EngineMaterials/FlattenMaterial_VT" 3534
"../../../Engine/Content/EngineMaterials/FlattenMaterial_VT.uasset" 3535
"../../../Engine/Content/EngineMaterials/BaseFlattenDiffuseMap_VT.uasset" 3536
"../../../Engine/Content/EngineMaterials/BaseFlattenEmissiveMap_VT.uasset" 3537
"../../../Engine/Content/EngineMaterials/BaseFlattenGrayscaleMap_VT.uasset" 3538
"../../../Engine/Content/EngineMaterials/BaseFlattenLinearColor_VT.uasset" 3539
"../../../Engine/Content/EngineMaterials/BaseFlattenNormalMap_VT.uasset" 3540
"../../../Engine/Content/EngineMaterials/Black_1x1_EXR_Texture_VT.uasset" 3541
"/Engine/EngineMaterials/FlattenMaterial_WS_Normal_VT" 3542
"../../../Engine/Content/EngineMaterials/FlattenMaterial_WS_Normal_VT.uasset" 3543
"/Engine/EngineMaterials/Good64x64TilingNoiseHighFreq" 3544
"../../../Engine/Content/EngineMaterials/Good64x64TilingNoiseHighFreq.uasset" 3545
"/Engine/EngineMaterials/DefaultBokeh" 3546
"../../../Engine/Content/EngineMaterials/DefaultBokeh.uasset" 3547
"/Engine/EngineMaterials/MiniFont" 3548
"../../../Engine/Content/EngineMaterials/MiniFont.uasset" 3549
"/Engine/EngineMaterials/WeightMapPlaceholderTexture" 3550
"../../../Engine/Content/EngineMaterials/WeightMapPlaceholderTexture.uasset" 3551
"/Engine/EngineMaterials/WeightMapArrayPlaceholderTexture" 3552
"../../../Engine/Content/EngineMaterials/WeightMapArrayPlaceholderTexture.uasset" 3553
"/Engine/EngineMaterials/DefaultWhiteGrid" 3554
"../../../Engine/Content/EngineMaterials/DefaultWhiteGrid.uasset" 3555
"/Engine/EngineMaterials/PreintegratedSkinBRDF" 3556
"../../../Engine/Content/EngineMaterials/PreintegratedSkinBRDF.uasset" 3557
"/Engine/EngineMaterials/LTC/GGX_LTCAmp" 3558
"../../../Engine/Content/EngineMaterials/LTC/GGX_LTCAmp.uasset" 3559
"/Engine/EngineMaterials/LTC/GGX_LTCMat" 3560
"../../../Engine/Content/EngineMaterials/LTC/GGX_LTCMat.uasset" 3561
"/Engine/EngineMaterials/EnergyConservation/GGX_ReflectionEnergy" 3562
"../../../Engine/Content/EngineMaterials/EnergyConservation/GGX_ReflectionEnergy.uasset" 3563
"/Engine/EngineMaterials/EnergyConservation/GGX_TransmissionEnergyArray" 3564
"../../../Engine/Content/EngineMaterials/EnergyConservation/GGX_TransmissionEnergyArray.uasset" 3565
"/Engine/EngineMaterials/EnergyConservation/SheenLegacy_Energy" 3566
"../../../Engine/Content/EngineMaterials/EnergyConservation/SheenLegacy_Energy.uasset" 3567
"/Engine/EngineMaterials/DefaultPhysicalMaterial" 3568
"../../../Engine/Content/EngineMaterials/DefaultPhysicalMaterial.uasset" 3569
"/Engine/EngineMaterials/DefaultDestructiblePhysicalMaterial" 3570
"../../../Engine/Content/EngineMaterials/DefaultDestructiblePhysicalMaterial.uasset" 3571
"/Water/Materials/MPC/MPC_Water" 3572
"../../Plugins/Experimental/Water/Content/Materials/MPC/MPC_Water.uasset" 3573
"C:/Users/rexge/AppData/Local/UnrealEngine/Editor/ProjectEditorRecords.json" 3574
"/Niagara/ParameterDefinitions/SpriteRenderer" 3575
"../../Plugins/FX/Niagara/Content/ParameterDefinitions/SpriteRenderer.uasset" 3576
"/Niagara/ParameterDefinitions/RibbonRenderer" 3577
"../../Plugins/FX/Niagara/Content/ParameterDefinitions/RibbonRenderer.uasset" 3578
"/Niagara/ParameterDefinitions/MeshRenderer" 3579
"../../Plugins/FX/Niagara/Content/ParameterDefinitions/MeshRenderer.uasset" 3580
"/Niagara/ParameterDefinitions/LightRenderer" 3581
"../../Plugins/FX/Niagara/Content/ParameterDefinitions/LightRenderer.uasset" 3582
"/Niagara/ParameterDefinitions/DecalRenderer" 3583
"../../Plugins/FX/Niagara/Content/ParameterDefinitions/DecalRenderer.uasset" 3584
"/Niagara/ParameterDefinitions/CoreParameters" 3585
"../../Plugins/FX/Niagara/Content/ParameterDefinitions/CoreParameters.uasset" 3586
"/DeformerGraph/Deformers/DG_LinearBlendSkin_Morph_Cloth" 3587
"../../Plugins/Animation/DeformerGraph/Content/Deformers/DG_LinearBlendSkin_Morph_Cloth.uasset" 3588
"../../Plugins/Animation/DeformerGraph/Content/DeformerFunctions/DG_Function_LinearBlendSkin_Morph_Cloth.uasset" 3589
"/DeformerGraph/Deformers/DG_LinearBlendSkin_Morph_Cloth_RecomputeNormals" 3590
"../../Plugins/Animation/DeformerGraph/Content/Deformers/DG_LinearBlendSkin_Morph_Cloth_RecomputeNormals.uasset" 3591
"../../Plugins/Animation/DeformerGraph/Content/DeformerFunctions/DG_Function_ComputeNormalsTangents.uasset" 3592
"../../Plugins/Animation/DeformerGraph/Content/DeformerFunctions/DG_Function_LinearBlendSkin_Morph_Cloth_PositionOnly.uasset" 3593
"/Water/Curves/FloatCurve" 3594
"../../Plugins/Experimental/Water/Content/Curves/FloatCurve.uasset" 3595
"/Water/Curves/FloatCurve_WaterBodyIsland" 3596
"../../Plugins/Experimental/Water/Content/Curves/FloatCurve_WaterBodyIsland.uasset" 3597
"/Water/Waves/GerstnerWaves_Lake" 3598
"../../Plugins/Experimental/Water/Content/Waves/GerstnerWaves_Lake.uasset" 3599
"/Water/Waves/GerstnerWaves_Ocean" 3600
"../../Plugins/Experimental/Water/Content/Waves/GerstnerWaves_Ocean.uasset" 3601
"/Water/Icons/WaterSprite" 3602
"../../Plugins/Experimental/Water/Content/Icons/WaterSprite.uasset" 3603
"/Water/Icons/WaterErrorSprite" 3604
"../../Plugins/Experimental/Water/Content/Icons/WaterErrorSprite.uasset" 3605
"/Water/Icons/WaterLandscapeBrushSprite" 3606
"../../Plugins/Experimental/Water/Content/Icons/WaterLandscapeBrushSprite.uasset" 3607
"/Engine/EditorResources/SequenceRecorder/Countdown" 3608
"../../../Engine/Content/EditorResources/SequenceRecorder/Countdown.uasset" 3609
"/Engine/EditorResources/SequenceRecorder/RecordingIndicator" 3610
"../../../Engine/Content/EditorResources/SequenceRecorder/RecordingIndicator.uasset" 3611
"/Engine/EditorMaterials/PhAT_UnselectedMaterial" 3612
"../../../Engine/Content/EditorMaterials/PhAT_UnselectedMaterial.uasset" 3613
"/Engine/EditorMaterials/PhAT_NoCollisionMaterial" 3614
"../../../Engine/Content/EditorMaterials/PhAT_NoCollisionMaterial.uasset" 3615
"/Engine/BasicShapes/Sphere" 3616
"../../../Engine/Content/BasicShapes/Sphere.uasset" 3617
"../../../Engine/Content/EngineMaterials/DefaultMaterial.uasset" 3618
"/Engine/BasicShapes/Cylinder" 3619
"../../../Engine/Content/BasicShapes/Cylinder.uasset" 3620
"/Engine/BasicShapes/Cone" 3621
"../../../Engine/Content/BasicShapes/Cone.uasset" 3622
"/Engine/BasicShapes/Plane" 3623
"../../../Engine/Content/BasicShapes/Plane.uasset" 3624
"/Engine/EngineFonts/DroidSansMono" 3625
"../../../Engine/Content/EngineFonts/DroidSansMono.uasset" 3626
"../../../Engine/Content/EngineFonts/Faces/DroidSansMono.uasset" 3627
"../../../Engine/Documentation/Source/Shared/Types/ABrush/ABrush.INT.udn" 3628
"../../../Engine/Content/Internationalization/icudt64l/brkitr/en_US.res" 3629
"../../../Engine/Content/Internationalization/icudt64l/brkitr/en.res" 3630
"../../../Engine/Content/Internationalization/icudt64l/brkitr/root.res" 3631
"../../../Engine/Content/Internationalization/icudt64l/brkitr/char.brk" 3632
"../../../Engine/Content/Internationalization/icudt64l/brkitr/word.brk" 3633
"../../../Engine/Plugins/FX/Niagara/Shaders/Private/NiagaraDataInterfaceTexture2DArrayTemplate.ush" 3634
"../../../Engine/Plugins/FX/Niagara/Shaders/Private/NiagaraDataInterfaceActorComponentTemplate.ush" 3635
"../../../Engine/Plugins/FX/Niagara/Shaders/Private/NiagaraDataInterfaceArrayTemplate.ush" 3636
"../../../Engine/Plugins/FX/Niagara/Shaders/Private/NiagaraDataInterfaceArrayRWTemplate.ush" 3637
"../../../Engine/Plugins/FX/Niagara/Shaders/Private/NiagaraDataInterfaceAsyncGpuTrace.ush" 3638
"../../../Engine/Plugins/FX/Niagara/Shaders/Private/NiagaraDataInterfaceAsyncGpuTraceTemplate.ush" 3639
"../../../Engine/Plugins/FX/Niagara/Shaders/Private/NiagaraDataInterfaceCamera.ush" 3640
"../../../Engine/Plugins/Experimental/ChaosNiagara/Shaders/NiagaraDataInterfaceChaosDestruction.ush" 3641
"../../../Engine/Plugins/FX/Niagara/Shaders/Private/NiagaraDataInterfaceCollisionQuery.ush" 3642
"../../../Engine/Plugins/FX/Niagara/Shaders/Private/NiagaraDataInterfaceCollisionQueryTemplate.ush" 3643
"../../../Engine/Plugins/FX/Niagara/Shaders/Private/NiagaraDataInterfaceCurveTemplate.ush" 3644
"../../../Engine/Plugins/FX/Niagara/Shaders/Private/NiagaraDataInterfaceCubeTextureTemplate.ush" 3645
"../../../Engine/Plugins/FX/Niagara/Shaders/Private/DataChannel/NiagaraDataInterfaceDataChannelCommon.ush" 3646
"../../../Engine/Plugins/FX/Niagara/Shaders/Private/DataChannel/NiagaraDataInterfaceDataChannelTemplateCommon.ush" 3647
"../../../Engine/Plugins/FX/Niagara/Shaders/Private/DataChannel/NiagaraDataInterfaceDataChannelTemplateReadCommon.ush" 3648
"../../../Engine/Plugins/FX/Niagara/Shaders/Private/DataChannel/NiagaraDataInterfaceDataChannelTemplate_Read.ush" 3649
"../../../Engine/Plugins/FX/Niagara/Shaders/Private/DataChannel/NiagaraDataInterfaceDataChannelTemplate_Consume.ush" 3650
"../../../Engine/Plugins/FX/Niagara/Shaders/Private/DataChannel/NiagaraDataInterfaceDataChannelTemplateWriteCommon.ush" 3651
"../../../Engine/Plugins/FX/Niagara/Shaders/Private/DataChannel/NiagaraDataInterfaceDataChannelTemplate_Append.ush" 3652
"../../../Engine/Plugins/FX/Niagara/Shaders/Private/NiagaraDataInterfaceDataTableTemplate.ush" 3653
"../../../Engine/Plugins/FX/Niagara/Shaders/Private/NiagaraDataInterfaceDebugDraw.ush" 3654
"../../../Engine/Plugins/FX/Niagara/Shaders/Private/NiagaraDataInterfaceDebugDrawTemplate.ush" 3655
"../../../Engine/Plugins/FX/Niagara/Shaders/Private/NiagaraDataInterfaceDynamicMeshTemplate.ush" 3656
"../../../Engine/Plugins/FX/Niagara/Shaders/Private/NiagaraDataInterfaceEmitterPropertiesTemplate.ush" 3657
"../../../Engine/Plugins/FX/Niagara/Shaders/Private/NiagaraDataInterfaceExportTemplate.ush" 3658
"../../../Engine/Plugins/FX/Niagara/Shaders/Private/NiagaraDataInterfaceGBufferTemplate.ush" 3659
"../../../Engine/Plugins/Experimental/ChaosNiagara/Shaders/NiagaraDataInterfaceGeometryCollection.ush" 3660
"../../../Engine/Plugins/FX/Niagara/Shaders/Private/NiagaraTransformUtils.ush" 3661
"../../../Engine/Plugins/Runtime/HairStrands/Shaders/Private/NiagaraStrandsExternalForce.ush" 3662
"../../../Engine/Plugins/Runtime/HairStrands/Shaders/Private/NiagaraHookeSpringMaterial.ush" 3663
"../../../Engine/Plugins/Runtime/HairStrands/Shaders/Private/NiagaraAngularSpringMaterial.ush" 3664
"../../../Engine/Plugins/Runtime/HairStrands/Shaders/Private/NiagaraConstantVolumeMaterial.ush" 3665
"../../../Engine/Plugins/Runtime/HairStrands/Shaders/Private/NiagaraCosseratRodMaterial.ush" 3666
"../../../Engine/Plugins/Runtime/HairStrands/Shaders/Private/NiagaraStaticCollisionConstraint.ush" 3667
"../../../Engine/Plugins/Runtime/HairStrands/Shaders/Private/NiagaraDataInterfaceHairStrands.ush" 3668
"../../../Engine/Plugins/Runtime/HairStrands/Shaders/Private/NiagaraDataInterfaceHairStrandsTemplate.ush" 3669
"../../../Engine/Plugins/FX/Niagara/Shaders/Private/NiagaraDataInterfaceIntRenderTarget2D.ush" 3670
"../../../Engine/Plugins/FX/Niagara/Shaders/Private/NiagaraDataInterfaceLandscape.ush" 3671
"../../../Engine/Plugins/FX/Niagara/Shaders/Private/NiagaraDataInterfaceMemoryBufferTemplate.ush" 3672
"../../../Engine/Plugins/FX/Niagara/Shaders/Private/NiagaraDataInterfaceMeshRendererInfoTemplate.ush" 3673
"../../../Engine/Plugins/FX/Niagara/Shaders/Private/NiagaraDataInterfaceOcclusion.ush" 3674
"../../../Engine/Plugins/FX/Niagara/Shaders/Private/NiagaraDataInterfacePhysicsAsset.ush" 3675
"../../../Engine/Plugins/Experimental/ChaosNiagara/Shaders/NiagaraDataInterfacePhysicsField.ush" 3676
"../../../Engine/Plugins/FX/Niagara/Shaders/Private/NiagaraDataInterfacePlatformSetTemplate.ush" 3677
"../../../Engine/Plugins/Runtime/HairStrands/Shaders/Private/NiagaraDataInterfaceVelocityGrid.ush" 3678
"../../../Engine/Plugins/Runtime/HairStrands/Shaders/Private/NiagaraDataInterfaceVelocityGridTemplate.ush" 3679
"../../../Engine/Plugins/Runtime/HairStrands/Shaders/Private/NiagaraDataInterfacePressureGrid.ush" 3680
"../../../Engine/Plugins/Runtime/HairStrands/Shaders/Private/NiagaraDataInterfacePressureGridTemplate.ush" 3681
"../../../Engine/Plugins/FX/Niagara/Shaders/Private/NiagaraDataInterfaceRenderTarget2DTemplate.ush" 3682
"../../../Engine/Plugins/FX/Niagara/Shaders/Private/NiagaraDataInterfaceRenderTarget2DArrayTemplate.ush" 3683
"../../../Engine/Plugins/FX/Niagara/Shaders/Private/NiagaraDataInterfaceRenderTargetCubeTemplate.ush" 3684
"../../../Engine/Plugins/FX/Niagara/Shaders/Private/NiagaraDataInterfaceRenderTargetVolumeTemplate.ush" 3685
"../../../Engine/Plugins/FX/Niagara/Shaders/Private/NiagaraDataInterfaceRigidMeshCollisionQuery.ush" 3686
"../../../Engine/Plugins/FX/Niagara/Shaders/Private/NiagaraDistanceFieldQueries.ush" 3687
"../../../Engine/Plugins/FX/Niagara/Shaders/Private/NiagaraDataInterfaceSceneCapture2DTemplate.ush" 3688
"../../../Engine/Plugins/FX/Niagara/Shaders/Private/NiagaraDataInterfaceSimCacheReaderTemplate.ush" 3689
"../../../Engine/Plugins/FX/Niagara/Shaders/Private/NiagaraDataInterfaceSimpleCounterTemplate.ush" 3690
"../../../Engine/Plugins/FX/Niagara/Shaders/Private/NiagaraDataInterfaceSkeletalMesh.ush" 3691
"../../../Engine/Plugins/FX/Niagara/Shaders/Private/NiagaraBaryCentricUtils.ush" 3692
"../../../Engine/Plugins/FX/Niagara/Shaders/Private/NiagaraDataInterfaceSkeletalMeshTemplate.ush" 3693
"../../../Engine/Plugins/FX/Niagara/Shaders/Private/NiagaraDataInterfaceSocketReaderTemplate.ush" 3694
"../../../Engine/Plugins/FX/Niagara/Shaders/Private/NiagaraDataInterfaceSparseVolumeTextureTemplate.ush" 3695
"../../../Engine/Plugins/FX/Niagara/Shaders/Private/NiagaraDataInterfaceSplineTemplate.ush" 3696
"../../../Engine/Plugins/FX/Niagara/Shaders/Private/NiagaraDataInterfaceSpriteRendererInfoTemplate.ush" 3697
"../../../Engine/Plugins/FX/Niagara/Shaders/Private/NiagaraDataInterfaceStaticMeshTemplate.ush" 3698
"../../../Engine/Plugins/FX/Niagara/Shaders/Private/NiagaraDataInterfaceTextureTemplate.ush" 3699
"../../../Engine/Plugins/FX/Niagara/Shaders/Private/NiagaraDataInterfaceVirtualTexture.ush" 3700
"../../../Engine/Plugins/FX/Niagara/Shaders/Private/NiagaraDataInterfaceVirtualTextureTemplate.ush" 3701
"../../../Engine/Plugins/FX/Niagara/Shaders/Private/NiagaraDataInterfaceVolumeCache.ush" 3702
"../../../Engine/Plugins/FX/Niagara/Shaders/Private/NiagaraDataInterfaceVolumeTextureTemplate.ush" 3703
"/Game/VRTemplate/VFX/NPC_VRTemplate" 3704
"../../../../../../Users/rexge/Documents/Unreal Projects/TheBigHunt/Content/VRTemplate/VFX/NPC_VRTemplate.uasset" 3705
"../../../Engine/Shaders/Public/Platform/Vulkan/VulkanCommon.ush" 3706
"../../../Engine/Shaders/Public/Platform/Vulkan/VulkanSubpassSupport.ush" 3707
"C:/Users/rexge/Documents/Unreal Projects/TheBigHunt/Content/AfricanAnimalsPack/Hippopotamus/Meshes/SK_Hippopotamus_Skeleton.uasset" 3708
"C:/Users/rexge/Documents/Unreal Projects/TheBigHunt/Content/Fab/Megascans/Plants/Wheat_Grass_tdcrdbur/Medium/tdcrdbur_tier_2/StaticMeshes/SM_tdcrdbur_VarA.uasset" 3709
"C:/Users/rexge/Documents/Unreal Projects/TheBigHunt/Content/AfricanAnimalsPack/Hippopotamus/Materials/M_Hippopotamus.uasset" 3710
"C:/Users/rexge/Documents/Unreal Projects/TheBigHunt/Content/Fab/Megascans/Plants/Wheat_Grass_tdcrdbur/Medium/FoliageTypes/FT_tdcrdbur_VarA.uasset" 3711
"C:/Users/rexge/Documents/Unreal Projects/TheBigHunt/Content/AfricanAnimalsPack/Hippopotamus/Textures/T_Hippopotamus_Nml.uasset" 3712
"C:/Users/rexge/Documents/Unreal Projects/TheBigHunt/Content/AfricanAnimalsPack/Rhinoceros/Meshes/SK_Rhinoceros_PhysicsAsset.uasset" 3713
"C:/Users/rexge/Documents/Unreal Projects/TheBigHunt/Content/AfricanAnimalsPack/Hippopotamus/Meshes/SK_Hippopotamus.uasset" 3714
"C:/Users/rexge/Documents/Unreal Projects/TheBigHunt/Content/AfricanAnimalsPack/Rhinoceros/Materials/M_Rhinoceros.uasset" 3715
"C:/Users/rexge/Documents/Unreal Projects/TheBigHunt/Content/AfricanAnimalsPack/Hippopotamus/Textures/T_Hippopotamus_OcclusionRoughnessMetallic.uasset" 3716
"C:/Users/rexge/Documents/Unreal Projects/TheBigHunt/Content/AfricanAnimalsPack/Rhinoceros/Textures/T_Rhinoceros_BaseColor.uasset" 3717
"C:/Users/rexge/Documents/Unreal Projects/TheBigHunt/Content/Fab/Megascans/Plants/Wheat_Grass_tdcrdbur/Medium/FoliageTypes/FT_tdcrdbur_VarB.uasset" 3718
"C:/Users/rexge/Documents/Unreal Projects/TheBigHunt/Content/AfricanAnimalsPack/Hippopotamus/Textures/T_Hippopotamus_BaseColor.uasset" 3719
"C:/Users/rexge/Documents/Unreal Projects/TheBigHunt/Content/Fab/Megascans/Plants/Wheat_Grass_tdcrdbur/Medium/tdcrdbur_tier_2/Textures/T_tdcrdbur_2K_B.uasset" 3720
"C:/Users/rexge/Documents/Unreal Projects/TheBigHunt/Content/AfricanAnimalsPack/Rhinoceros/Textures/T_Rhinoceros_Nml.uasset" 3721
"C:/Users/rexge/Documents/Unreal Projects/TheBigHunt/Content/AfricanAnimalsPack/Rhinoceros/Meshes/SK_Rhinoceros.uasset" 3722
"C:/Users/rexge/Documents/Unreal Projects/TheBigHunt/Content/Fab/Megascans/Plants/Wheat_Grass_tdcrdbur/Medium/tdcrdbur_tier_2/Materials/MI_tdcrdbur.uasset" 3723
"C:/Users/rexge/Documents/Unreal Projects/TheBigHunt/Content/Fab/Megascans/Plants/Wheat_Grass_tdcrdbur/Medium/tdcrdbur_tier_2/Textures/T_tdcrdbur_2K_Billboard_N-T.uasset" 3724
"C:/Users/rexge/Documents/Unreal Projects/TheBigHunt/Content/Fab/Megascans/Plants/Wheat_Grass_tdcrdbur/Medium/tdcrdbur_tier_2/Textures/T_tdcrdbur_2K_Billboard_B-O.uasset" 3725
"C:/Users/rexge/Documents/Unreal Projects/TheBigHunt/Content/AfricanAnimalsPack/Rhinoceros/Textures/t_Rhinoceros_OcclusionRoughnessMetallic.uasset" 3726
"C:/Users/rexge/Documents/Unreal Projects/TheBigHunt/Content/Fab/Megascans/Plants/Wheat_Grass_tdcrdbur/Medium/tdcrdbur_tier_2/Materials/MI_tdcrdbur_Billboard.uasset" 3727
"C:/Users/rexge/Documents/Unreal Projects/TheBigHunt/Content/AfricanAnimalsPack/Hippopotamus/Meshes/SK_Hippopotamus_PhysicsAsset.uasset" 3728
"/Game/AfricanAnimalsPack/Hippopotamus/Textures/T_Hippopotamus_Nml" 3729
"C:/Users/rexge/Documents/Unreal Projects/TheBigHunt/Content/Fab/Megascans/Plants/Wheat_Grass_tdcrdbur/Medium/tdcrdbur_tier_2/StaticMeshes/SM_tdcrdbur_VarB.uasset" 3730
"C:/Users/rexge/Documents/Unreal Projects/TheBigHunt/Content/Fab/Megascans/Plants/Wheat_Grass_tdcrdbur/Medium/FoliageTypes/FT_tdcrdbur_VarC.uasset" 3731
"C:/Users/rexge/Documents/Unreal Projects/TheBigHunt/Content/Fab/Megascans/Plants/Wild_Grass_vlkhcbxia/Medium/FoliageTypes/FT_vlkhcbxia_VarA.uasset" 3732
"C:/Users/rexge/Documents/Unreal Projects/TheBigHunt/Content/AfricanAnimalsPack/Rhinoceros/Meshes/SK_Rhinoceros_Skeleton.uasset" 3733
"C:/Users/rexge/Documents/Unreal Projects/TheBigHunt/Content/Fab/Megascans/Plants/Wild_Grass_vlkhcbxia/Medium/FoliageTypes/FT_vlkhcbxia_VarB.uasset" 3734
"C:/Users/rexge/Documents/Unreal Projects/TheBigHunt/Content/Fab/Megascans/Plants/Wheat_Grass_tdcrdbur/Medium/tdcrdbur_tier_2/Textures/T_tdcrdbur_2K_ORT.uasset" 3735
"C:/Users/rexge/Documents/Unreal Projects/TheBigHunt/Content/AfricanAnimalsPack/Hippopotamus/Textures/T_Hippopotamus_Specular.uasset" 3736
"C:/Users/rexge/Documents/Unreal Projects/TheBigHunt/Content/Fab/Megascans/Plants/Wheat_Grass_tdcrdbur/Medium/tdcrdbur_tier_2/StaticMeshes/SM_tdcrdbur_VarC.uasset" 3737
"C:/Users/rexge/Documents/Unreal Projects/TheBigHunt/Content/Fab/Megascans/Plants/Wheat_Grass_tdcrdbur/Medium/tdcrdbur_tier_2/Textures/T_tdcrdbur_2K_N.uasset" 3738
"C:/Users/rexge/Documents/Unreal Projects/TheBigHunt/Content/Fab/Megascans/Plants/Wild_Grass_vlkhcbxia/Medium/FoliageTypes/FT_vlkhcbxia_VarC.uasset" 3739
"C:/Users/rexge/Documents/Unreal Projects/TheBigHunt/Content/AfricanAnimalsPack/Rhinoceros/Textures/T_Rhinoceros_Specular.uasset" 3740
"/Game/AfricanAnimalsPack/Hippopotamus/Meshes/SK_Hippopotamus_Skeleton" 3741
"/Game/AfricanAnimalsPack/Rhinoceros/Meshes/SK_Rhinoceros_PhysicsAsset" 3742
"C:/Users/rexge/Documents/Unreal Projects/TheBigHunt/Content/Fab/Megascans/Plants/Wild_Grass_vlkhcbxia/Medium/FoliageTypes/FT_vlkhcbxia_VarD.uasset" 3743
"C:/Users/rexge/Documents/Unreal Projects/TheBigHunt/Content/Fab/Megascans/Plants/Wild_Grass_vlkhcbxia/Medium/FoliageTypes/FT_vlkhcbxia_VarE.uasset" 3744
"C:/Users/rexge/Documents/Unreal Projects/TheBigHunt/Content/Fab/Megascans/Plants/Wild_Grass_vlkhcbxia/Medium/FoliageTypes/FT_vlkhcbxia_VarF.uasset" 3745
"/Game/AfricanAnimalsPack/Hippopotamus/Textures/T_Hippopotamus_BaseColor" 3746
"/Game/AfricanAnimalsPack/Hippopotamus/Textures/T_Hippopotamus_OcclusionRoughnessMetallic" 3747
"/Game/AfricanAnimalsPack/Hippopotamus/Textures/T_Hippopotamus_Specular" 3748
"/Game/AfricanAnimalsPack/Hippopotamus/Materials/M_Hippopotamus" 3749
"/Game/AfricanAnimalsPack/Hippopotamus/Meshes/SK_Hippopotamus_PhysicsAsset" 3750
"/Game/AfricanAnimalsPack/Hippopotamus/Meshes/SK_Hippopotamus" 3751
"../../../../../../Users/rexge/Documents/Unreal Projects/TheBigHunt/Content/AfricanAnimalsPack/Hippopotamus/Meshes/SK_Hippopotamus.uasset" 3752
"/Game/AfricanAnimalsPack/Rhinoceros/Textures/T_Rhinoceros_BaseColor" 3753
"/Game/AfricanAnimalsPack/Rhinoceros/Textures/T_Rhinoceros_Nml" 3754
"/Game/AfricanAnimalsPack/Rhinoceros/Textures/t_Rhinoceros_OcclusionRoughnessMetallic" 3755
"/Game/AfricanAnimalsPack/Rhinoceros/Textures/T_Rhinoceros_Specular" 3756
"/Game/AfricanAnimalsPack/Rhinoceros/Materials/M_Rhinoceros" 3757
"/Game/AfricanAnimalsPack/Rhinoceros/Meshes/SK_Rhinoceros_Skeleton" 3758
"/Game/AfricanAnimalsPack/Rhinoceros/Meshes/SK_Rhinoceros" 3759
"../../../../../../Users/rexge/Documents/Unreal Projects/TheBigHunt/Content/AfricanAnimalsPack/Rhinoceros/Meshes/SK_Rhinoceros.uasset" 3760
"/Game/Fab/Megascans/Plants/Wheat_Grass_tdcrdbur/Medium/tdcrdbur_tier_2/StaticMeshes/SM_tdcrdbur_VarA" 3761
"../../Plugins/Fab/Content/Materials/Standard/M_MS_Foliage.uasset" 3762
"../../Plugins/Fab/Content/Materials/Standard/M_MS_Billboard.uasset" 3763
"../../../Engine/Content/Functions/Engine_MaterialFunctions01/Gradient/LinearGradient.uasset" 3764
"../../../Engine/Content/Functions/Engine_MaterialFunctions01/ImageAdjustment/3ColorBlend.uasset" 3765
"../../../Engine/Content/Functions/Engine_MaterialFunctions01/Texturing/FlattenNormal.uasset" 3766
"../../../Engine/Content/Functions/Engine_MaterialFunctions01/WorldPositionOffset/SimpleGrassWind.uasset" 3767
"../../../Engine/Content/Functions/Engine_MaterialFunctions02/Lerp_3Color.uasset" 3768
"../../../Engine/Content/Functions/Engine_MaterialFunctions02/Texturing/CustomRotator.uasset" 3769
"../../../Engine/Content/Functions/Engine_MaterialFunctions02/WorldPositionOffset/ObjectPivotPoint.uasset" 3770
"../../../Engine/Content/Functions/Engine_MaterialFunctions03/Blends/Blend_ColorBurn.uasset" 3771
"../../../Engine/Content/Functions/Engine_MaterialFunctions03/Blends/Blend_LinearDodge.uasset" 3772
"../../../Engine/Content/Functions/Engine_MaterialFunctions03/Blends/Blend_Overlay.uasset" 3773
"../../Plugins/Fab/Content/MaterialFunctions/QMF_AdjustTwoSidedBaseColor.uasset" 3774
"../../Plugins/Fab/Content/MaterialFunctions/QMF_AdjustTwoSidedNormal.uasset" 3775
"../../Plugins/Fab/Content/MaterialFunctions/QMF_DistanceBasedGradient.uasset" 3776
"../../Plugins/Fab/Content/MaterialFunctions/QMF_DistanceBasedOpacity.uasset" 3777
"../../Plugins/Fab/Content/MaterialFunctions/QMF_GenerateBranchMask_Plants.uasset" 3778
"../../Plugins/Fab/Content/MaterialFunctions/QMF_GenerateTranslucency.uasset" 3779
"../../Plugins/Fab/Content/MaterialFunctions/QMF_GenerateTwoSidedSpecular.uasset" 3780
"../../Plugins/Fab/Content/MaterialFunctions/QMF_GrowthEffect.uasset" 3781
"../../Plugins/Fab/Content/MaterialFunctions/QMF_HealthSeason.uasset" 3782
"../../Plugins/Fab/Content/MaterialFunctions/QMF_PerInstanceActorRandom.uasset" 3783
"../../Plugins/Fab/Content/MaterialFunctions/QMF_TwoSidedRoughness.uasset" 3784
"../../Plugins/Fab/Content/MaterialFunctions/QMF_WindAnimation.uasset" 3785
"../../Plugins/Fab/Content/MaterialFunctions/QMF_WindGust.uasset" 3786
"../../Plugins/Fab/Content/MaterialFunctions/QMF_WorldspaceColorVariation.uasset" 3787
"../../Plugins/Fab/Content/MaterialParameterCollection/QMPC_GlobalFoliageActor.uasset" 3788
"../../Plugins/Fab/Content/Textures/Standard/T_Default_WindNoise.uasset" 3789
"../../Plugins/Fab/Content/Textures/Standard/T_DefaultColor.uasset" 3790
"../../Plugins/Fab/Content/Textures/Standard/T_DefaultMasks.uasset" 3791
"../../Plugins/Fab/Content/Textures/Standard/T_DefaultNormal.uasset" 3792
"../../../Engine/Content/ArtTools/RenderToTexture/MaterialFunctions/FoliageZRotation.uasset" 3793
"../../../Engine/Content/Functions/Engine_MaterialFunctions02/Utility/VectorToRadialValue.uasset" 3794
"/Game/Fab/Megascans/Plants/Wheat_Grass_tdcrdbur/Medium/FoliageTypes/FT_tdcrdbur_VarA" 3795
"/Game/Fab/Megascans/Plants/Wheat_Grass_tdcrdbur/Medium/tdcrdbur_tier_2/StaticMeshes/SM_tdcrdbur_VarB" 3796
"/Game/Fab/Megascans/Plants/Wheat_Grass_tdcrdbur/Medium/FoliageTypes/FT_tdcrdbur_VarB" 3797
"/Game/Fab/Megascans/Plants/Wheat_Grass_tdcrdbur/Medium/tdcrdbur_tier_2/StaticMeshes/SM_tdcrdbur_VarC" 3798
"/Game/Fab/Megascans/Plants/Wheat_Grass_tdcrdbur/Medium/FoliageTypes/FT_tdcrdbur_VarC" 3799
"/Game/Fab/Megascans/Plants/Wild_Grass_vlkhcbxia/Medium/FoliageTypes/FT_vlkhcbxia_VarA" 3800
"../../../../../../Users/rexge/Documents/Unreal Projects/TheBigHunt/Content/Fab/Megascans/Plants/Wild_Grass_vlkhcbxia/Medium/vlkhcbxia_tier_2/StaticMeshes/SM_vlkhcbxia_VarA.uasset" 3801
"../../../../../../Users/rexge/Documents/Unreal Projects/TheBigHunt/Content/Fab/Megascans/Plants/Wild_Grass_vlkhcbxia/Medium/vlkhcbxia_tier_2/Materials/MI_vlkhcbxia.uasset" 3802
"../../../../../../Users/rexge/Documents/Unreal Projects/TheBigHunt/Content/Fab/Megascans/Plants/Wild_Grass_vlkhcbxia/Medium/vlkhcbxia_tier_2/Materials/MI_vlkhcbxia_Billboard.uasset" 3803
"../../../../../../Users/rexge/Documents/Unreal Projects/TheBigHunt/Content/Fab/Megascans/Plants/Wild_Grass_vlkhcbxia/Medium/vlkhcbxia_tier_2/Textures/T_vlkhcbxia_2K_B.uasset" 3804
"../../../../../../Users/rexge/Documents/Unreal Projects/TheBigHunt/Content/Fab/Megascans/Plants/Wild_Grass_vlkhcbxia/Medium/vlkhcbxia_tier_2/Textures/T_vlkhcbxia_2K_N.uasset" 3805
"../../../../../../Users/rexge/Documents/Unreal Projects/TheBigHunt/Content/Fab/Megascans/Plants/Wild_Grass_vlkhcbxia/Medium/vlkhcbxia_tier_2/Textures/T_vlkhcbxia_2K_ORT.uasset" 3806
"../../../../../../Users/rexge/Documents/Unreal Projects/TheBigHunt/Content/Fab/Megascans/Plants/Wild_Grass_vlkhcbxia/Medium/vlkhcbxia_tier_2/Textures/T_vlkhcbxia_2K_Billboard_B-O.uasset" 3807
"../../../../../../Users/rexge/Documents/Unreal Projects/TheBigHunt/Content/Fab/Megascans/Plants/Wild_Grass_vlkhcbxia/Medium/vlkhcbxia_tier_2/Textures/T_vlkhcbxia_2K_Billboard_N-T.uasset" 3808
"/Game/Fab/Megascans/Plants/Wild_Grass_vlkhcbxia/Medium/FoliageTypes/FT_vlkhcbxia_VarB" 3809
"../../../../../../Users/rexge/Documents/Unreal Projects/TheBigHunt/Content/Fab/Megascans/Plants/Wild_Grass_vlkhcbxia/Medium/vlkhcbxia_tier_2/StaticMeshes/SM_vlkhcbxia_VarB.uasset" 3810
"/Game/Fab/Megascans/Plants/Wild_Grass_vlkhcbxia/Medium/FoliageTypes/FT_vlkhcbxia_VarC" 3811
"../../../../../../Users/rexge/Documents/Unreal Projects/TheBigHunt/Content/Fab/Megascans/Plants/Wild_Grass_vlkhcbxia/Medium/vlkhcbxia_tier_2/StaticMeshes/SM_vlkhcbxia_VarC.uasset" 3812
"C:/Users/rexge/Documents/Unreal Projects/TheBigHunt/Content/Fab/Megascans/Plants/Wild_Grass_vlkhcbxia/Medium/FoliageTypes/FT_vlkhcbxia_VarG.uasset" 3813
"C:/Users/rexge/Documents/Unreal Projects/TheBigHunt/Content/Fab/Megascans/Plants/Wild_Grass_vlkhcbxia/Medium/vlkhcbxia_tier_2/StaticMeshes/SM_vlkhcbxia_VarD.uasset" 3814
"C:/Users/rexge/Documents/Unreal Projects/TheBigHunt/Content/Fab/Megascans/Plants/Wild_Grass_vlkhcbxia/Medium/FoliageTypes/FT_vlkhcbxia_VarH.uasset" 3815
"C:/Users/rexge/Documents/Unreal Projects/TheBigHunt/Content/Fab/Megascans/Plants/Wild_Grass_vlkhcbxia/Medium/vlkhcbxia_tier_2/StaticMeshes/SM_vlkhcbxia_VarG.uasset" 3816
"C:/Users/rexge/Documents/Unreal Projects/TheBigHunt/Content/Fab/Megascans/Plants/Wild_Grass_vlkhcbxia/Medium/vlkhcbxia_tier_2/StaticMeshes/SM_vlkhcbxia_VarF.uasset" 3817
"../../../Engine/Content/Functions/Engine_MaterialFunctions01/Volumetrics/SchlickPhase.uasset" 3818
"C:/Users/rexge/Documents/Unreal Projects/TheBigHunt/Content/Fab/Megascans/Plants/Wild_Grass_vlkhcbxia/Medium/vlkhcbxia_tier_2/StaticMeshes/SM_vlkhcbxia_VarH.uasset" 3819
"../../../Engine/Content/Functions/Engine_MaterialFunctions02/ExampleContent/Textures/DebugNumberPeriod.uasset" 3820
"C:/Users/rexge/Documents/Unreal Projects/TheBigHunt/Content/Blueprints/Vehicle/BP_SplineDrivePath.uasset" 3821
"C:/Users/rexge/Documents/Unreal Projects/TheBigHunt/Content/LevelPrototyping/Materials/MF_ProcGrid.uasset" 3822
"../../../Engine/Plugins/Experimental/Water/Content/Materials/PostProcessing/MI_UnderWater_PostProcess_Volume_Custom.uasset" 3823
"../../../Engine/Plugins/Experimental/Water/Content/Materials/WaterInfo/DrawWaterInfo.uasset" 3824
"C:/Users/rexge/Documents/Unreal Projects/TheBigHunt/Content/LevelPrototyping/Textures/T_GridChecker_A.uasset" 3825
"C:/Users/rexge/Documents/Unreal Projects/TheBigHunt/Content/LevelPrototyping/Materials/M_PrototypeGrid.uasset" 3826
"C:/Users/rexge/Documents/Unreal Projects/TheBigHunt/Content/LevelPrototyping/Materials/MI_PrototypeGrid_Gray.uasset" 3827
"C:/Users/rexge/Documents/Unreal Projects/TheBigHunt/Content/LevelPrototyping/Meshes/SM_Cube.uasset" 3828
"C:/Users/rexge/Documents/Unreal Projects/TheBigHunt/Content/RocksPackDEMO/Textures/Rocks/T_RockPack_RockGroups_02_BC.uasset" 3829
"../../../Engine/Plugins/Experimental/Water/Content/Materials/PostProcessing/M_UnderWater_PostProcess_Volume.uasset" 3830
"C:/Users/rexge/Documents/Unreal Projects/TheBigHunt/Content/RocksPackDEMO/Textures/Rocks/T_RockPack_RockGroups_02_RMA.uasset" 3831
"C:/Users/rexge/Documents/Unreal Projects/TheBigHunt/Content/RocksPackDEMO/Textures/Rocks/T_RockPack_RockGroups_02_N.uasset" 3832
"C:/Users/rexge/Documents/Unreal Projects/TheBigHunt/Content/Blueprints/Vehicle/BP_Vehicle.uasset" 3833
"C:/Users/rexge/Documents/Unreal Projects/TheBigHunt/Content/RocksPackDEMO/Textures/Rocks/T_RockPack_RockGroups_01_BC.uasset" 3834
"C:/Users/rexge/Documents/Unreal Projects/TheBigHunt/Content/RocksPackDEMO/Textures/Rocks/T_RockPack_RockGroups_01_N.uasset" 3835
"C:/Users/rexge/Documents/Unreal Projects/TheBigHunt/Content/RocksPackDEMO/Textures/Rocks/T_RockPack_RockGroups_01_RMA.uasset" 3836
"C:/Users/rexge/Documents/Unreal Projects/TheBigHunt/Content/RocksPackDEMO/Materials/Rocks/M_RockPack_RockGroups_01.uasset" 3837
"C:/Users/rexge/Documents/Unreal Projects/TheBigHunt/Content/RocksPackDEMO/Environment/Rocks/SM_RockPack_RockGroups_02_B.uasset" 3838
"../../../Engine/Content/Functions/Engine_MaterialFunctions02/Utility/DebugScalarValues.uasset" 3839
"C:/Users/rexge/Documents/Unreal Projects/TheBigHunt/Content/Fab/Megascans/Plants/Wild_Grass_vlkhcbxia/Medium/vlkhcbxia_tier_2/StaticMeshes/SM_vlkhcbxia_VarE.uasset" 3840
"C:/Users/rexge/Documents/Unreal Projects/TheBigHunt/Content/RocksPackDEMO/Materials/Rocks/M_RockPack_RockGroups_02.uasset" 3841
"/Engine/Functions/Engine_MaterialFunctions01/Volumetrics/SchlickPhase" 3842
"/Engine/Functions/Engine_MaterialFunctions02/ExampleContent/Textures/DebugNumberPeriod" 3843
"C:/Users/rexge/Documents/Unreal Projects/TheBigHunt/Content/RocksPackDEMO/Environment/Rocks/SM_RockPack_Rock_07.uasset" 3844
"C:/Users/rexge/Documents/Unreal Projects/TheBigHunt/Content/RocksPackDEMO/Environment/Rocks/SM_RockPack_RockGroups_01_A.uasset" 3845
"/Game/Fab/Megascans/Plants/Wild_Grass_vlkhcbxia/Medium/FoliageTypes/FT_vlkhcbxia_VarF" 3846
"/Game/Fab/Megascans/Plants/Wild_Grass_vlkhcbxia/Medium/FoliageTypes/FT_vlkhcbxia_VarE" 3847
"/Game/Fab/Megascans/Plants/Wild_Grass_vlkhcbxia/Medium/FoliageTypes/FT_vlkhcbxia_VarD" 3848
"/Game/Fab/Megascans/Plants/Wild_Grass_vlkhcbxia/Medium/vlkhcbxia_tier_2/StaticMeshes/SM_vlkhcbxia_VarG" 3849
"/Game/LevelPrototyping/Materials/MF_ProcGrid" 3850
"C:/Users/rexge/Documents/Unreal Projects/TheBigHunt/Content/RocksPackDEMO/Textures/Rocks/T_RockPack_Rocks_01_RMA.uasset" 3851
"C:/Users/rexge/Documents/Unreal Projects/TheBigHunt/Content/RocksPackDEMO/Environment/Rocks/SM_RockPack_Cliff_07_D.uasset" 3852
"C:/Users/rexge/Documents/Unreal Projects/TheBigHunt/Content/RocksPackDEMO/Environment/Rocks/SM_RockPack_Rock_02.uasset" 3853
"C:/Users/rexge/Documents/Unreal Projects/TheBigHunt/Content/RocksPackDEMO/Environment/Rocks/SM_RockPack_Rock_04.uasset" 3854
"C:/Users/rexge/Documents/Unreal Projects/TheBigHunt/Content/RocksPackDEMO/Textures/Rocks/T_RockPack_Rocks_01_BC.uasset" 3855
"C:/Users/rexge/Documents/Unreal Projects/TheBigHunt/Content/RocksPackDEMO/Textures/Rocks/T_RockPack_Rocks_01_N.uasset" 3856
"C:/Users/rexge/Documents/Unreal Projects/TheBigHunt/Content/RocksPackDEMO/Materials/Rocks/M_RockPack_Rocks_01.uasset" 3857
"../../../Engine/Content/Functions/Engine_MaterialFunctions01/ImageAdjustment/CheapContrast.uasset" 3858
"/Engine/Functions/Engine_MaterialFunctions02/Utility/DebugScalarValues" 3859
"../../../Engine/Content/Functions/Engine_MaterialFunctions01/Texturing/ComputeMipLevel.uasset" 3860
"/Game/LevelPrototyping/Materials/M_PrototypeGrid" 3861
"/Game/RocksPackDEMO/Textures/Rocks/T_RockPack_RockGroups_02_BC" 3862
"/Game/RocksPackDEMO/Textures/Rocks/T_RockPack_RockGroups_02_N" 3863
"/Game/RocksPackDEMO/Textures/Rocks/T_RockPack_RockGroups_02_RMA" 3864
"/Game/RocksPackDEMO/Textures/Rocks/T_RockPack_RockGroups_01_BC" 3865
"/Game/RocksPackDEMO/Environment/Rocks/SM_RockPack_RockGroups_01_A" 3866
"../../../../../../Users/rexge/Documents/Unreal Projects/TheBigHunt/Content/RocksPackDEMO/Collection/ParentMaterials/MM_CliffsDEMO.uasset" 3867
"../../../Engine/Content/Functions/Engine_MaterialFunctions01/AlphaBlend/WorldAlignedBlend.uasset" 3868
"../../../Engine/Content/Functions/Engine_MaterialFunctions01/Texturing/WorldAlignedTexture.uasset" 3869
"../../../Engine/Content/Functions/Engine_MaterialFunctions02/Utility/BlendAngleCorrectedNormals.uasset" 3870
"../../../../../../Users/rexge/Documents/Unreal Projects/TheBigHunt/Content/RocksPackDEMO/Collection/MaterialFunctions/MF_CoverageLayer.uasset" 3871
"../../../../../../Users/rexge/Documents/Unreal Projects/TheBigHunt/Content/RocksPackDEMO/Collection/Textures/T_BaseColor_Flat.uasset" 3872
"../../../../../../Users/rexge/Documents/Unreal Projects/TheBigHunt/Content/RocksPackDEMO/Collection/Textures/T_Normal_Flat.uasset" 3873
"../../../../../../Users/rexge/Documents/Unreal Projects/TheBigHunt/Content/RocksPackDEMO/Collection/Textures/T_RMA_Flat.uasset" 3874
"../../../../../../Users/rexge/Documents/Unreal Projects/TheBigHunt/Content/RocksPackDEMO/Collection/Textures/T_Rock_MicroNoise.uasset" 3875
"../../../../../../Users/rexge/Documents/Unreal Projects/TheBigHunt/Content/RocksPackDEMO/Textures/Landscape/T_Mountains_01_BC.uasset" 3876
"../../../../../../Users/rexge/Documents/Unreal Projects/TheBigHunt/Content/RocksPackDEMO/Textures/Landscape/T_Mountains_01_N.uasset" 3877
"/Water/Materials/PostProcessing/M_UnderWater_PostProcess_Volume" 3878
"../../Plugins/Experimental/Water/Content/Materials/Functions/ComputeGerstnerWaves.uasset" 3879
"../../Plugins/Experimental/Water/Content/Materials/Functions/GetWaterTime.uasset" 3880
"../../Plugins/Experimental/Water/Content/Materials/Functions/WaterBodyData.uasset" 3881
"../../Plugins/Experimental/Water/Content/Materials/Functions/WaveDepthFalloff_Overrides.uasset" 3882
"../../Plugins/Experimental/Water/Content/Materials/Functions/HighQualityTextureFiltering.uasset" 3883
"../../Plugins/Experimental/Water/Content/Materials/Functions/SampleBakedFluidSimulation.uasset" 3884
"../../Plugins/Experimental/Water/Content/Materials/Functions/WaterZoneData.uasset" 3885
"../../Plugins/Experimental/Water/Content/Textures/BlackTexture2DArray.uasset" 3886
"../../Plugins/Experimental/Water/Content/Materials/Functions/ComputeWavesAttenuationFactor.uasset" 3887
"../../Plugins/Experimental/Water/Content/Textures/Black.uasset" 3888
"/Game/LevelPrototyping/Materials/MI_PrototypeGrid_Gray" 3889
"/Game/RocksPackDEMO/Materials/Rocks/M_RockPack_RockGroups_02" 3890
"/Game/Fab/Megascans/Plants/Wild_Grass_vlkhcbxia/Medium/FoliageTypes/FT_vlkhcbxia_VarG" 3891
"/Game/Fab/Megascans/Plants/Wild_Grass_vlkhcbxia/Medium/FoliageTypes/FT_vlkhcbxia_VarH" 3892
"/Game/Blueprints/Vehicle/BP_SplineDrivePath" 3893
"/Game/Blueprints/Vehicle/BP_Vehicle" 3894
"/Water/Materials/PostProcessing/MI_UnderWater_PostProcess_Volume_Custom" 3895
"/Water/Materials/WaterInfo/DrawWaterInfo" 3896
"/Game/LevelPrototyping/Meshes/SM_Cube" 3897
"/Game/RocksPackDEMO/Environment/Rocks/SM_RockPack_RockGroups_02_B" 3898
"C:/Users/rexge/Documents/Unreal Projects/TheBigHunt/Content/RocksPackDEMO/Textures/Rocks/T_RockPack_Cliff_07_RMA.uasset" 3899
"C:/Users/rexge/Documents/Unreal Projects/TheBigHunt/Content/LevelPrototyping/Meshes/SM_ChamferCube.uasset" 3900
"C:/Users/rexge/Documents/Unreal Projects/TheBigHunt/Content/Weapons/Pistol/Textures/T_Pistol_AORM.uasset" 3901
"C:/Users/rexge/Documents/Unreal Projects/TheBigHunt/Content/VRTemplate/Materials/MI_VRColorway.uasset" 3902
"C:/Users/rexge/Documents/Unreal Projects/TheBigHunt/Content/Weapons/Pistol/Textures/T_Pistol_Masks.uasset" 3903
"C:/Users/rexge/Documents/Unreal Projects/TheBigHunt/Content/LevelPrototyping/Materials/M_FlatCol.uasset" 3904
"../../../Engine/Content/MaterialTemplates/LayerBlends/T_DefaultMaskTexture.uasset" 3905
"C:/Users/rexge/Documents/Unreal Projects/TheBigHunt/Content/Weapons/Pistol/Textures/T_Pistol_D.uasset" 3906
"C:/Users/rexge/Documents/Unreal Projects/TheBigHunt/Content/RocksPackDEMO/Textures/Rocks/T_RockPack_Cliff_07_N.uasset" 3907
"C:/Users/rexge/Documents/Unreal Projects/TheBigHunt/Content/RocksPackDEMO/Textures/Rocks/T_RockPack_Cliff_07_BC.uasset" 3908
"C:/Users/rexge/Documents/Unreal Projects/TheBigHunt/Content/VRTemplate/Blueprints/Grabbable_SmallCube.uasset" 3909
"C:/Users/rexge/Documents/Unreal Projects/TheBigHunt/Content/RocksPackDEMO/Environment/Rocks/SM_RockPack_Cliff_07_B.uasset" 3910
"C:/Users/rexge/Documents/Unreal Projects/TheBigHunt/Content/RocksPackDEMO/Materials/Rocks/M_RockPack_Cliff_07.uasset" 3911
"C:/Users/rexge/Documents/Unreal Projects/TheBigHunt/Content/Weapons/Pistol/Textures/T_Pistol_N.uasset" 3912
"C:/Users/rexge/Documents/Unreal Projects/TheBigHunt/Content/LevelPrototyping/Materials/MI_DefaultColorway.uasset" 3913
"C:/Users/rexge/Documents/Unreal Projects/TheBigHunt/Content/Weapons/Rifle/Materials/M_Weapon.uasset" 3914
"../../../Engine/Content/Engine_MI_Shaders/T_Normal.uasset" 3915
"C:/Users/rexge/Documents/Unreal Projects/TheBigHunt/Content/Weapons/Rifle/M_Weapon.uasset" 3916
"C:/Users/rexge/Documents/Unreal Projects/TheBigHunt/Content/Weapons/Pistol/Materials/MI_Weapon_Pistol.uasset" 3917
"C:/Users/rexge/Documents/Unreal Projects/TheBigHunt/Content/Weapons/Pistol/Meshes/SM_Pistol.uasset" 3918
"/Game/RocksPackDEMO/Textures/Rocks/T_RockPack_Rocks_01_RMA" 3919
"C:/Users/rexge/Documents/Unreal Projects/TheBigHunt/Content/VRTemplate/Materials/MI_Projectile.uasset" 3920
"C:/Users/rexge/Documents/Unreal Projects/TheBigHunt/Content/VRTemplate/Blueprints/Projectile.uasset" 3921
"C:/Users/rexge/Documents/Unreal Projects/TheBigHunt/Content/VRTemplate/Haptics/PistolFireHapticEffect.uasset" 3922
"C:/Users/rexge/Documents/Unreal Projects/TheBigHunt/Content/VRTemplate/Materials/M_Projectile.uasset" 3923
"/Game/RocksPackDEMO/Textures/Rocks/T_RockPack_Rocks_01_N" 3924
"/Game/RocksPackDEMO/Textures/Rocks/T_RockPack_Rocks_01_BC" 3925
"/Game/RocksPackDEMO/Environment/Rocks/SM_RockPack_Rock_04" 3926
"/Engine/MaterialTemplates/LayerBlends/T_DefaultMaskTexture" 3927
"/Game/Weapons/Pistol/Textures/T_Pistol_N" 3928
"/Game/Weapons/Pistol/Textures/T_Pistol_Masks" 3929
"/Game/RocksPackDEMO/Environment/Rocks/SM_RockPack_Cliff_07_D" 3930
"/Game/RocksPackDEMO/Environment/Rocks/SM_RockPack_Rock_02" 3931
"/Game/Weapons/Pistol/Textures/T_Pistol_D" 3932
"/Game/Weapons/Pistol/Textures/T_Pistol_AORM" 3933
"/Game/VRTemplate/Blueprints/Grabbable_SmallCube" 3934
"../../../../../../Users/rexge/Documents/Unreal Projects/TheBigHunt/Content/VRTemplate/Blueprints/GrabComponent.uasset" 3935
"../../../../../../Users/rexge/Documents/Unreal Projects/TheBigHunt/Content/VRTemplate/Haptics/GrabHapticEffect.uasset" 3936
"../../../../../../Users/rexge/Documents/Unreal Projects/TheBigHunt/Content/VRTemplate/Blueprints/GrabType.uasset" 3937
"/Game/RocksPackDEMO/Environment/Rocks/SM_RockPack_Rock_07" 3938
"/Game/RocksPackDEMO/Environment/Rocks/SM_RockPack_Cliff_07_B" 3939
"C:/Users/rexge/Documents/Unreal Projects/TheBigHunt/Content/VRTemplate/Input/Actions/IA_Shoot_Right.uasset" 3940
"C:/Users/rexge/Documents/Unreal Projects/TheBigHunt/Content/Characters/MannequinsXR/Materials/Functions/CA_Mannequin.uasset" 3941
"C:/Users/rexge/Documents/Unreal Projects/TheBigHunt/Content/VRTemplate/Input/IMC_Weapon_Left.uasset" 3942
"C:/Users/rexge/Documents/Unreal Projects/TheBigHunt/Content/Characters/MannequinsXR/Textures/Manny/T_Manny_01_BN.uasset" 3943
"C:/Users/rexge/Documents/Unreal Projects/TheBigHunt/Content/Characters/MannequinsXR/Materials/Functions/ChromaticCurve.uasset" 3944
"C:/Users/rexge/Documents/Unreal Projects/TheBigHunt/Content/VRTemplate/Input/IMC_Weapon_Right.uasset" 3945
"C:/Users/rexge/Documents/Unreal Projects/TheBigHunt/Content/Characters/MannequinsXR/Materials/Functions/ML_BaseColorFallOff.uasset" 3946
"C:/Users/rexge/Documents/Unreal Projects/TheBigHunt/Content/Characters/MannequinsXR/Textures/Manny/T_Manny_01_D.uasset" 3947
"C:/Users/rexge/Documents/Unreal Projects/TheBigHunt/Content/Characters/MannequinsXR/Materials/Functions/MF_logo3layers.uasset" 3948
"C:/Users/rexge/Documents/Unreal Projects/TheBigHunt/Content/Characters/MannequinsXR/Meshes/SKM_MannyXR_right.uasset" 3949
"C:/Users/rexge/Documents/Unreal Projects/TheBigHunt/Content/Characters/MannequinsXR/Textures/Manny/T_Manny_01_ASAOPMASK_MSK.uasset" 3950
"C:/Users/rexge/Documents/Unreal Projects/TheBigHunt/Content/Characters/MannequinsXR/Textures/Manny/T_Manny_01_MSR_MSK.uasset" 3951
"C:/Users/rexge/Documents/Unreal Projects/TheBigHunt/Content/Characters/MannequinsXR/Textures/Shared/T_UE_Logo_M.uasset" 3952
"C:/Users/rexge/Documents/Unreal Projects/TheBigHunt/Content/Characters/MannequinsXR/Textures/Manny/T_Manny_01_CCRCCPlastic_MSK.uasset" 3953
"C:/Users/rexge/Documents/Unreal Projects/TheBigHunt/Content/Characters/MannequinsXR/Materials/Functions/MF_Diffraction.uasset" 3954
"C:/Users/rexge/Documents/Unreal Projects/TheBigHunt/Content/VRTemplate/Input/Actions/IA_Shoot_Left.uasset" 3955
"C:/Users/rexge/Documents/Unreal Projects/TheBigHunt/Content/VRTemplate/Blueprints/Pistol.uasset" 3956
"C:/Users/rexge/Documents/Unreal Projects/TheBigHunt/Content/Characters/MannequinsXR/Textures/Manny/T_Manny_01_Tan.uasset" 3957
"C:/Users/rexge/Documents/Unreal Projects/TheBigHunt/Content/Characters/MannequinsXR/Materials/Instances/Manny/MI_Manny_01.uasset" 3958
"/Game/Weapons/Rifle/Materials/M_Weapon" 3959
"C:/Users/rexge/Documents/Unreal Projects/TheBigHunt/Content/Characters/MannequinsXR/Textures/Manny/T_Manny_01_N.uasset" 3960
"C:/Users/rexge/Documents/Unreal Projects/TheBigHunt/Content/Characters/MannequinsXR/Materials/M_Mannequin.uasset" 3961
"C:/Users/rexge/Documents/Unreal Projects/TheBigHunt/Content/Characters/MannequinsXR/Textures/Manny/T_Manny_02_ASAOPMASK_MSK.uasset" 3962
"C:/Users/rexge/Documents/Unreal Projects/TheBigHunt/Content/Characters/MannequinsXR/Textures/Manny/T_Manny_02_BN.uasset" 3963
"/Game/VRTemplate/Haptics/PistolFireHapticEffect" 3964
"/Game/VRTemplate/Blueprints/Projectile" 3965
"/Game/Weapons/Pistol/Meshes/SM_Pistol" 3966
"/Game/Characters/MannequinsXR/Textures/Manny/T_Manny_01_MSR_MSK" 3967
"/Game/Characters/MannequinsXR/Textures/Manny/T_Manny_01_D" 3968
"/Game/Characters/MannequinsXR/Textures/Manny/T_Manny_01_CCRCCPlastic_MSK" 3969
"/Game/Characters/MannequinsXR/Textures/Manny/T_Manny_01_BN" 3970
"/Game/Characters/MannequinsXR/Textures/Manny/T_Manny_01_ASAOPMASK_MSK" 3971
"/Game/Characters/MannequinsXR/Materials/Functions/ML_BaseColorFallOff" 3972
"/Game/Characters/MannequinsXR/Materials/Functions/MF_logo3layers" 3973
"/Game/Characters/MannequinsXR/Materials/Functions/MF_Diffraction" 3974
"/Game/Characters/MannequinsXR/Meshes/SKM_MannyXR_right" 3975
"../../../../../../Users/rexge/Documents/Unreal Projects/TheBigHunt/Content/Characters/MannequinsXR/Materials/Instances/Manny/MI_Manny_02.uasset" 3976
"../../../../../../Users/rexge/Documents/Unreal Projects/TheBigHunt/Content/Characters/MannequinsXR/Meshes/SK_MannequinsXR.uasset" 3977
"../../../../../../Users/rexge/Documents/Unreal Projects/TheBigHunt/Content/Characters/MannequinsXR/Meshes/SkeletalMeshLODSettings_MannequinsXR.uasset" 3978
"../../../../../../Users/rexge/Documents/Unreal Projects/TheBigHunt/Content/Characters/MannequinsXR/Materials/Instances/Manny/MI_Manny_01.uasset" 3979
"../../../../../../Users/rexge/Documents/Unreal Projects/TheBigHunt/Content/Characters/MannequinsXR/Textures/Manny/T_Manny_02_ASAOPMASK_MSK.uasset" 3980
"../../../../../../Users/rexge/Documents/Unreal Projects/TheBigHunt/Content/Characters/MannequinsXR/Textures/Manny/T_Manny_02_BN.uasset" 3981
"../../../../../../Users/rexge/Documents/Unreal Projects/TheBigHunt/Content/Characters/MannequinsXR/Textures/Manny/T_Manny_02_CCRCCPlastic_MSK.uasset" 3982
"../../../../../../Users/rexge/Documents/Unreal Projects/TheBigHunt/Content/Characters/MannequinsXR/Textures/Manny/T_Manny_02_D.uasset" 3983
"../../../../../../Users/rexge/Documents/Unreal Projects/TheBigHunt/Content/Characters/MannequinsXR/Textures/Manny/T_Manny_02_MSR_MSK.uasset" 3984
"../../../../../../Users/rexge/Documents/Unreal Projects/TheBigHunt/Content/Characters/MannequinsXR/Textures/Manny/T_Manny_02_N.uasset" 3985
"../../../../../../Users/rexge/Documents/Unreal Projects/TheBigHunt/Content/Characters/MannequinsXR/Textures/Manny/T_Manny_02_Tan.uasset" 3986
"../../../../../../Users/rexge/Documents/Unreal Projects/TheBigHunt/Content/Characters/MannequinsXR/Materials/M_Mannequin.uasset" 3987
"../../../../../../Users/rexge/Documents/Unreal Projects/TheBigHunt/Content/Characters/MannequinsXR/Textures/Manny/T_Manny_01_N.uasset" 3988
"../../../../../../Users/rexge/Documents/Unreal Projects/TheBigHunt/Content/Characters/MannequinsXR/Textures/Manny/T_Manny_01_Tan.uasset" 3989
"../../../../../../Users/rexge/Documents/Unreal Projects/TheBigHunt/Content/Characters/MannequinsXR/Meshes/SKM_MannyXR_right.uasset" 3990
"../../../Engine/Plugins/Experimental/Water/Shaders/Private/GerstnerWaveFunctions.ush" 3991
"../../../Engine/Plugins/Experimental/Water/Shaders/Private/WaterDataFunctions.ush" 3992
"/Game/VRTemplate/Blueprints/Pistol" 3993
"../../../../../../Users/rexge/Documents/Unreal Projects/TheBigHunt/Content/VRTemplate/Blueprints/BPI_PawnAnim.uasset" 3994
"C:/Users/rexge/Documents/Unreal Projects/TheBigHunt/Content/Characters/MannequinsXR/Animations/A_MannequinsXR_Grasp_Right.uasset" 3995
"C:/Users/rexge/Documents/Unreal Projects/TheBigHunt/Content/Characters/MannequinsXR/Animations/A_MannequinsXR_Idle_Right.uasset" 3996
"C:/Users/rexge/Documents/Unreal Projects/TheBigHunt/Content/Characters/MannequinsXR/Animations/A_MannequinsXR_ThumbUp_Right.uasset" 3997
"C:/Users/rexge/Documents/Unreal Projects/TheBigHunt/Content/Characters/MannequinsXR/Animations/A_MannequinsXR_Point_Right.uasset" 3998
"C:/Users/rexge/Documents/Unreal Projects/TheBigHunt/Content/Characters/MannequinsXR/Animations/A_MannequinsXR_IndexCurl_Right.uasset" 3999
"C:/Users/rexge/Documents/Unreal Projects/TheBigHunt/Content/Characters/MannequinsXR/Meshes/SKM_MannyXR_left.uasset" 4000
"C:/Users/rexge/Documents/Unreal Projects/TheBigHunt/Content/Characters/MannequinsXR/Meshes/ABP_MannequinsXR.uasset" 4001
"../../../Engine/Content/EditorResources/AI/S_NavLink.uasset" 4002
"../../../Engine/Content/Animation/DefaultAnimCurveCompressionSettings.uasset" 4003
"C:/Users/rexge/Documents/Unreal Projects/TheBigHunt/Content/VRTemplate/Input/Actions/IA_Menu_Interact_Left_Pressed.uasset" 4004
"C:/Users/rexge/Documents/Unreal Projects/TheBigHunt/Content/Characters/MannequinsXR/Animations/MDT_MannequinsXR.uasset" 4005
"C:/Users/rexge/Documents/Unreal Projects/TheBigHunt/Content/VRTemplate/Materials/M_VRCursor.uasset" 4006
"C:/Users/rexge/Documents/Unreal Projects/TheBigHunt/Content/VRTemplate/Input/IMC_Menu.uasset" 4007
"C:/Users/rexge/Documents/Unreal Projects/TheBigHunt/Content/Characters/MannequinsXR/B_MannequinsXR.uasset" 4008
"C:/Users/rexge/Documents/Unreal Projects/TheBigHunt/Content/VRTemplate/Input/Actions/IA_Menu_Cursor_Right.uasset" 4009
"C:/Users/rexge/Documents/Unreal Projects/TheBigHunt/Content/VRTemplate/Blueprints/Menu.uasset" 4010
"../../../Engine/Plugins/FX/Niagara/Content/DynamicInputs/Multiply/Multiply_Vector.uasset" 4011
"C:/Users/rexge/Documents/Unreal Projects/TheBigHunt/Content/VRTemplate/Blueprints/B_AssetGuideline.uasset" 4012
"../../../Engine/Plugins/FX/Niagara/Content/DynamicInputs/Execution/ReturnExecIndex.uasset" 4013
"C:/Users/rexge/Documents/Unreal Projects/TheBigHunt/Content/VRTemplate/VFX/NS_MenuLaser.uasset" 4014
"C:/Users/rexge/Documents/Unreal Projects/TheBigHunt/Content/VRTemplate/Input/Actions/IA_Menu_Cursor_Left.uasset" 4015
"C:/Users/rexge/Documents/Unreal Projects/TheBigHunt/Content/VRTemplate/Blueprints/WidgetMenu.uasset" 4016
"C:/Users/rexge/Documents/Unreal Projects/TheBigHunt/Content/VRTemplate/Input/Actions/IA_Menu_Interact_Right.uasset" 4017
"C:/Users/rexge/Documents/Unreal Projects/TheBigHunt/Content/VRTemplate/Input/Actions/IA_Menu_Interact_Right_Pressed.uasset" 4018
"../../../Engine/Plugins/FX/Niagara/Content/Enums/ENiagara_WrapClamp.uasset" 4019
"../../../Engine/Plugins/FX/Niagara/Content/Enums/ENiagaraArraySamplingMode.uasset" 4020
"C:/Users/rexge/Documents/Unreal Projects/TheBigHunt/Content/VRTemplate/Input/Actions/IA_Menu_Interact_Left.uasset" 4021
"../../../Engine/Plugins/FX/Niagara/Content/Functions/RandomRange.uasset" 4022
"../../../Engine/Plugins/FX/Niagara/Content/DynamicInputs/Arrays/SelectVectorFromArray.uasset" 4023
"C:/Users/rexge/Documents/Unreal Projects/TheBigHunt/Content/VRTemplate/VFX/NS_PlayAreaBounds.uasset" 4024
"../../../Engine/Plugins/FX/Niagara/Content/Functions/ParametricTorusKnot.uasset" 4025
"../../../Engine/Plugins/FX/Niagara/Content/Functions/ParametricTorus.uasset" 4026
"/Niagara/DynamicInputs/Execution/ReturnExecIndex" 4027
"/Niagara/DynamicInputs/Multiply/Multiply_Vector" 4028
"/Game/VRTemplate/VFX/NS_MenuLaser" 4029
"../../../../../../Users/rexge/Documents/Unreal Projects/TheBigHunt/Content/VRTemplate/Materials/DefaultRibbonMaterial_NoGradient.uasset" 4030
"../../Plugins/FX/Niagara/Content/DynamicInputs/Helpers/SimulationPosition.uasset" 4031
"../../Plugins/FX/Niagara/Content/DynamicInputs/Multiply/Multiply_VectorByFloat.uasset" 4032
"../../Plugins/FX/Niagara/Content/Modules/Beams/BeamEmitterSetup.uasset" 4033
"../../Plugins/FX/Niagara/Content/Modules/Beams/BeamWidth.uasset" 4034
"../../Plugins/FX/Niagara/Content/Modules/Beams/SpawnBeam.uasset" 4035
"../../Plugins/FX/Niagara/Content/Modules/Emitter/EmitterState.uasset" 4036
"../../Plugins/FX/Niagara/Content/Modules/Emitter/SpawnBurst_Instantaneous.uasset" 4037
"../../Plugins/FX/Niagara/Content/Modules/Spawn/Initialization/V2/InitializeParticle.uasset" 4038
"../../Plugins/FX/Niagara/Content/Modules/System/SystemState.uasset" 4039
"../../Plugins/FX/Niagara/Content/Modules/Update/Lifetime/ParticleState.uasset" 4040
"../../Plugins/FX/Niagara/Content/Enums/ENiagara_ColorInitializationMode.uasset" 4041
"../../Plugins/FX/Niagara/Content/Enums/ENiagara_EmitterStateOptions.uasset" 4042
"../../Plugins/FX/Niagara/Content/Enums/ENiagara_InfiniteLoopDuration.uasset" 4043
"../../Plugins/FX/Niagara/Content/Enums/ENiagara_LifetimeMode.uasset" 4044
"../../Plugins/FX/Niagara/Content/Enums/ENiagara_MassInitializationMode.uasset" 4045
"../../Plugins/FX/Niagara/Content/Enums/ENiagara_PositionInitializationMode.uasset" 4046
"../../Plugins/FX/Niagara/Content/Enums/ENiagara_SizeScaleMode.uasset" 4047
"../../Plugins/FX/Niagara/Content/Enums/ENiagara_SpriteRotationMode.uasset" 4048
"../../Plugins/FX/Niagara/Content/Enums/ENiagara_UVFlippingMode.uasset" 4049
"../../Plugins/FX/Niagara/Content/Enums/ENiagaraChannelCorrelation.uasset" 4050
"../../Plugins/FX/Niagara/Content/Enums/ENiagaraEmitterLifeCycleMode.uasset" 4051
"../../Plugins/FX/Niagara/Content/Enums/ENiagaraEmitterScalabilityMode_Limited.uasset" 4052
"../../Plugins/FX/Niagara/Content/Enums/ENiagaraInactiveMode.uasset" 4053
"../../Plugins/FX/Niagara/Content/Enums/ENiagaraRandomnessMode.uasset" 4054
"../../Plugins/FX/Niagara/Content/Enums/ENiagaraSystemInactiveMode.uasset" 4055
"../../Plugins/FX/Niagara/Content/Enums/Ribbons/ENiagara_UnsetDirectSetRandom.uasset" 4056
"../../Plugins/FX/Niagara/Content/Functions/DirectionAndLengthSafe.uasset" 4057
"../../Plugins/FX/Niagara/Content/Functions/Localspace/TransformPosition.uasset" 4058
"../../Plugins/FX/Niagara/Content/Functions/Localspace/TransformVector.uasset" 4059
"../../Plugins/FX/Niagara/Content/Functions/NormalizedExecutionIndex.uasset" 4060
"../../Plugins/FX/Niagara/Content/Functions/Spline/FindPositionOnBezierSpline.uasset" 4061
"../../Plugins/FX/Niagara/Content/Functions/Emitter/EmitterChangeState.uasset" 4062
"../../Plugins/FX/Niagara/Content/Icons/Modules/T_Icon_Scalability_Emitter.uasset" 4063
"../../Plugins/FX/Niagara/Content/Icons/Modules/T_Icon_Scalability_System.uasset" 4064
"../../Plugins/FX/Niagara/Content/Functions/V2/CalculateRandomRangeFloat.uasset" 4065
"../../Plugins/FX/Niagara/Content/Enums/ENiagaraRandomnessEvaluation.uasset" 4066
"../../Plugins/FX/Niagara/Content/Functions/LinearColor/HueShiftLinearColor.uasset" 4067
"../../Plugins/FX/Niagara/Content/Functions/Localspace/SimulationPosition.uasset" 4068
"../../Plugins/FX/Niagara/Content/Functions/V2/CalculateRandomBool.uasset" 4069
"../../Plugins/FX/Niagara/Content/Functions/V2/CalculateRandomRange.uasset" 4070
"../../Plugins/FX/Niagara/Content/Functions/V2/CalculateRandomRangeInteger.uasset" 4071
"../../Plugins/FX/Niagara/Content/Enums/Ribbons/ENiagara_UnsetDirectSet.uasset" 4072
"../../Plugins/FX/Niagara/Content/Functions/System/SystemChangeState.uasset" 4073
"../../Plugins/FX/Niagara/Content/Functions/Math/SaturateFloat.uasset" 4074
"../../Plugins/FX/Niagara/Content/Icons/Modules/T_Icon_Particle_InfiniteLife.uasset" 4075
"../../Plugins/FX/Niagara/Content/Functions/Localspace/TransformBase.uasset" 4076
"/Game/VRTemplate/Materials/M_VRCursor" 4077
"/Game/VRTemplate/Input/Actions/IA_Menu_Interact_Left_Pressed" 4078
"/Engine/EditorResources/AI/S_NavLink" 4079
"/Game/VRTemplate/Blueprints/B_AssetGuideline" 4080
"/Game/Characters/MannequinsXR/B_MannequinsXR" 4081
"../../../../../../Users/rexge/Documents/Unreal Projects/TheBigHunt/Content/Characters/MannequinsXR/Meshes/SKM_MannyXR_left.uasset" 4082
"/Game/VRTemplate/Input/Actions/IA_Menu_Cursor_Left" 4083
"/Game/VRTemplate/Input/Actions/IA_Menu_Cursor_Right" 4084
"/Niagara/Enums/ENiagara_WrapClamp" 4085
"/Niagara/Enums/ENiagaraArraySamplingMode" 4086
"../../../Engine/Plugins/FX/Niagara/Content/Functions/ChannelMasks/SelectV4Channel.uasset" 4087
"../../../Engine/Plugins/FX/Niagara/Content/Functions/Localspace/PositionToVector.uasset" 4088
"../../../Engine/Plugins/FX/Niagara/Content/Functions/PolarToCartesianCoordinates.uasset" 4089
"../../../Engine/Plugins/FX/Niagara/Content/Functions/Rotation/FindQuatBetween.uasset" 4090
"../../../Engine/Plugins/FX/Niagara/Content/Modules/Spawn/Initialization/InitializeRibbon.uasset" 4091
"../../../Engine/Plugins/FX/Niagara/Content/Modules/Spawn/Location/TorusLocation.uasset" 4092
"C:/Users/rexge/Documents/Unreal Projects/TheBigHunt/Content/VRTemplate/Materials/M_TeleportCylinder.uasset" 4093
"../../../Engine/Plugins/FX/Niagara/Content/Enums/ENiagaraVector4_Channels.uasset" 4094
"C:/Users/rexge/Documents/Unreal Projects/TheBigHunt/Content/VRTemplate/Materials/Functions/MF_OccludedPixels.uasset" 4095
"../../../Engine/Plugins/FX/Niagara/Content/DynamicInputs/Execution/ReturnNormalizedExecIndex.uasset" 4096
"../../../Engine/Content/Functions/Engine_MaterialFunctions02/Utility/DepthFromWorldPosition.uasset" 4097
"/Niagara/DynamicInputs/Arrays/SelectVectorFromArray" 4098
"C:/Users/rexge/Documents/Unreal Projects/TheBigHunt/Content/VRTemplate/Materials/M_TeleportNoise.uasset" 4099
"../../../Engine/Plugins/FX/Niagara/Content/Enums/ENiagaraTorusMode.uasset" 4100
"C:/Users/rexge/Documents/Unreal Projects/TheBigHunt/Content/VRTemplate/Input/B_InputModifier_XAxisPositiveOnly.uasset" 4101
"C:/Users/rexge/Documents/Unreal Projects/TheBigHunt/Content/VRTemplate/Input/Actions/IA_Turn.uasset" 4102
"C:/Users/rexge/Documents/Unreal Projects/TheBigHunt/Content/VRTemplate/Input/Actions/IA_Move.uasset" 4103
"C:/Users/rexge/Documents/Unreal Projects/TheBigHunt/Content/VRTemplate/Input/Actions/IA_Menu_Toggle_Right.uasset" 4104
"C:/Users/rexge/Documents/Unreal Projects/TheBigHunt/Content/VRTemplate/Input/Actions/IA_Menu_Toggle_Left.uasset" 4105
"C:/Users/rexge/Documents/Unreal Projects/TheBigHunt/Content/VRTemplate/VFX/NS_TeleportRing.uasset" 4106
"C:/Users/rexge/Documents/Unreal Projects/TheBigHunt/Content/VRTemplate/Blueprints/VRTeleportVisualizer.uasset" 4107
"../../../Engine/Plugins/FX/Niagara/Content/Enums/ENiagaraTorusDistributionMode.uasset" 4108
"/Game/VRTemplate/Input/Actions/IA_Menu_Interact_Right" 4109
"/Game/VRTemplate/Blueprints/Menu" 4110
"../../../Engine/Content/EditorBlueprintResources/StandardMacros.uasset" 4111
"/Niagara/Functions/RandomRange" 4112
"../../Plugins/FX/Niagara/Content/Functions/GetRandomInfo.uasset" 4113
"/Niagara/Functions/ParametricTorusKnot" 4114
"/Niagara/Functions/ParametricTorus" 4115
"C:/Users/rexge/Documents/Unreal Projects/TheBigHunt/Content/VRTemplate/Input/Actions/IA_Grab_Right_Released.uasset" 4116
"C:/Users/rexge/Documents/Unreal Projects/TheBigHunt/Content/VRTemplate/Input/Actions/IA_Grab_Right_Pressed.uasset" 4117
"C:/Users/rexge/Documents/Unreal Projects/TheBigHunt/Content/VRTemplate/Input/Actions/IA_Grab_Left_Released.uasset" 4118
"C:/Users/rexge/Documents/Unreal Projects/TheBigHunt/Content/VRTemplate/Input/Actions/IA_Grab_Left_Pressed.uasset" 4119
"/Game/VRTemplate/Input/Actions/IA_Menu_Toggle_Left" 4120
"C:/Users/rexge/Documents/Unreal Projects/TheBigHunt/Content/VRTemplate/Input/Actions/Hands/IA_Hand_ThumbUp_Right.uasset" 4121
"C:/Users/rexge/Documents/Unreal Projects/TheBigHunt/Content/VRTemplate/Input/IMC_Default.uasset" 4122
"C:/Users/rexge/Documents/Unreal Projects/TheBigHunt/Content/VRTemplate/Input/Actions/Hands/IA_Hand_ThumbUp_Left.uasset" 4123
"C:/Users/rexge/Documents/Unreal Projects/TheBigHunt/Content/VRTemplate/Input/Actions/Hands/IA_Hand_Point_Left.uasset" 4124
"C:/Users/rexge/Documents/Unreal Projects/TheBigHunt/Content/VRTemplate/Input/Actions/Hands/IA_Hand_Point_Right.uasset" 4125
"C:/Users/rexge/Documents/Unreal Projects/TheBigHunt/Content/VRTemplate/Input/Actions/Hands/IA_Hand_IndexCurl_Right.uasset" 4126
"/Game/VRTemplate/Input/Actions/IA_Menu_Toggle_Right" 4127
"/Game/VRTemplate/Input/Actions/IA_Move" 4128
"/Game/VRTemplate/Input/Actions/IA_Turn" 4129
"/Game/VRTemplate/Blueprints/VRTeleportVisualizer" 4130
"../../Plugins/FX/Niagara/Content/Functions/RandomRangeFloat.uasset" 4131
"../../Plugins/FX/Niagara/Content/Functions/Rotation/AxisAngleToQuaternion.uasset" 4132
"../../Plugins/FX/Niagara/Content/Functions/Rotation/MultiplyQuaternion.uasset" 4133
"../../Plugins/FX/Niagara/Content/Functions/Rotation/MultiplyVectorWithQuaternion.uasset" 4134
"C:/Users/rexge/Documents/Unreal Projects/TheBigHunt/Content/VRTemplate/Input/IMC_Hands.uasset" 4135
"../../../Engine/Plugins/FX/Niagara/Content/DynamicInputs/ValueFromCurve/FloatFromCurve.uasset" 4136
"../../../Engine/Plugins/FX/Niagara/Content/Icons/Modules/T_Icon_Solver_LimitSpeed.uasset" 4137
"../../../Engine/Plugins/FX/Niagara/Content/Functions/Math/CentimeterMeterConversion.uasset" 4138
"../../../Engine/Plugins/FX/Niagara/Content/Icons/Modules/T_Icon_Solver_RotationalSolve.uasset" 4139
"C:/Users/rexge/Documents/Unreal Projects/TheBigHunt/Content/VRTemplate/Input/Actions/Hands/IA_Hand_Grasp_Left.uasset" 4140
"../../../Engine/Content/VREditor/Devices/Generic/GenericHMD.uasset" 4141
"C:/Users/rexge/Documents/Unreal Projects/TheBigHunt/Content/VRTemplate/Input/Actions/Hands/IA_Hand_Grasp_Right.uasset" 4142
"../../../Engine/Plugins/FX/Niagara/Content/DynamicInputs/ValueFromCurve/ColorFromCurve.uasset" 4143
"C:/Users/rexge/Documents/Unreal Projects/TheBigHunt/Content/VRTemplate/Blueprints/VRPawn.uasset" 4144
"/Game/VRTemplate/Input/Actions/Hands/IA_Hand_IndexCurl_Right" 4145
"../../../Engine/Plugins/FX/Niagara/Content/Modules/Solvers/ApplyRotationVector.uasset" 4146
"C:/Users/rexge/Documents/Unreal Projects/TheBigHunt/Content/VRTemplate/Blueprints/VRGameMode.uasset" 4147
"../../../Engine/Content/Functions/Engine_MaterialFunctions02/Utility/AppendMany.uasset" 4148
"C:/Users/rexge/Documents/Unreal Projects/TheBigHunt/Content/VRTemplate/VFX/NS_TeleportTrace.uasset" 4149
"C:/Users/rexge/Documents/Unreal Projects/TheBigHunt/Content/VRTemplate/Maps/VRTemplateMap_BuiltData.uasset" 4150
"C:/Users/rexge/Documents/Unreal Projects/TheBigHunt/Content/VRTemplate/Input/Actions/Hands/IA_Hand_IndexCurl_Left.uasset" 4151
"../../../Engine/Plugins/FX/Niagara/Content/Modules/Spawn/Initialization/InitializeParticle.uasset" 4152
"../../../Engine/Plugins/FX/Niagara/Content/Modules/Update/Color/Color.uasset" 4153
"../../../Engine/Plugins/FX/Niagara/Content/Icons/Modules/T_Icon_Solver_LimitAccel.uasset" 4154
"../../../Engine/Plugins/FX/Niagara/Content/Modules/Solvers/SolveForcesAndVelocity.uasset" 4155
"../../../Engine/Content/VREditor/Devices/Generic/GenericHMDMaterial.uasset" 4156
"../../../Engine/Plugins/FX/Niagara/Content/Functions/Drag/DragVelocity.uasset" 4157
"/Game/VRTemplate/Input/Actions/Hands/IA_Hand_Point_Left" 4158
"/Game/VRTemplate/Input/Actions/Hands/IA_Hand_Point_Right" 4159
"/Game/VRTemplate/Input/Actions/Hands/IA_Hand_ThumbUp_Left" 4160
"/Game/VRTemplate/Input/Actions/Hands/IA_Hand_ThumbUp_Right" 4161
"/Game/VRTemplate/Input/IMC_Default" 4162
"C:/Users/rexge/Documents/Unreal Projects/TheBigHunt/Content/VRTemplate/Materials/M_GridRotation.uasset" 4163
"C:/Users/rexge/Documents/Unreal Projects/TheBigHunt/Content/VRTemplate/Textures/T_Grid.uasset" 4164
"C:/Users/rexge/Documents/Unreal Projects/TheBigHunt/Content/VRTemplate/Materials/MI_Grid_Default.uasset" 4165
"../../../Engine/Plugins/Experimental/Water/Content/Meshes/S_WaterPlane_256.uasset" 4166
"../../../Engine/Plugins/Experimental/Water/Content/Textures/Flowmaps/RiverFlowmap_Diffuse.uasset" 4167
"../../../Engine/Content/Functions/Engine_MaterialFunctions01/Coordinates/WorldPosition-XY.uasset" 4168
"/Niagara/DynamicInputs/ValueFromCurve/ColorFromCurve" 4169
"../../../Engine/Plugins/Experimental/Water/Content/Materials/WaterSurface/Water_Material_CustomMesh.uasset" 4170
"../../../Engine/Plugins/Experimental/Water/Content/Materials/Functions/WaterRiverFlowmaps.uasset" 4171
"../../../Engine/Plugins/Experimental/Water/Content/Materials/Functions/WaveVelocityMask.uasset" 4172
"../../../Engine/Plugins/Experimental/Water/Content/Textures/Flowmaps/RiverFlowmap_Normal.uasset" 4173
"/Niagara/Modules/Spawn/Initialization/InitializeParticle" 4174
"/Niagara/Modules/Solvers/SolveForcesAndVelocity" 4175
"/Niagara/Modules/Update/Color/Color" 4176
"/Niagara/DynamicInputs/ValueFromCurve/FloatFromCurve" 4177
"/Game/VRTemplate/Input/IMC_Hands" 4178
"/Game/VRTemplate/VFX/NS_TeleportTrace" 4179
"/Engine/VREditor/Devices/Generic/GenericHMDMaterial" 4180
"/Engine/VREditor/Devices/Generic/GenericHMD" 4181
"/Game/VRTemplate/Blueprints/VRPawn" 4182
"/Game/VRTemplate/Blueprints/VRGameMode" 4183
"/Game/VRTemplate/Textures/T_Grid" 4184
"/Game/VRTemplate/Maps/VRTemplateMap_BuiltData" 4185
"/Game/VRTemplate/Materials/M_GridRotation" 4186
"../../../Engine/Plugins/Experimental/Water/Content/Materials/Functions/WaterHeightMappingVS.uasset" 4187
"../../../Engine/Plugins/Experimental/Water/Content/Materials/Functions/WaterOpacityMaskFromDepth.uasset" 4188
"../../../Engine/Plugins/Experimental/Water/Content/Materials/Functions/SetWaveAttributes.uasset" 4189
"../../../Engine/Plugins/Experimental/Water/Content/FluidSimulation/Materials/Functions/Fluidsim_WorldPosition_to_UV.uasset" 4190
"../../../Engine/Content/Functions/Engine_MaterialFunctions02/Utility/LinearSine.uasset" 4191
"../../../Engine/Content/Functions/Engine_MaterialFunctions02/Math/AddComponents.uasset" 4192
"../../../Engine/Plugins/Experimental/Water/Content/FluidSimulation/WaveFoam/WaterDistanceField.uasset" 4193
"../../../Engine/Content/Functions/Engine_MaterialFunctions02/Texturing/Flowmaps.uasset" 4194
"../../../Engine/Content/Functions/Engine_MaterialFunctions02/Math/MakeVectorsOrthogonal.uasset" 4195
"../../../Engine/Plugins/Experimental/Water/Content/Textures/Foam/T_WaterFlow_01_Foam_Tiled.uasset" 4196
"../../../Engine/Plugins/Experimental/Water/Content/Materials/Functions/ClipDynamicBounds.uasset" 4197
"../../../Engine/Plugins/Experimental/Water/Content/Materials/Functions/Water_Underside.uasset" 4198
"/Water/Textures/Flowmaps/RiverFlowmap_Normal" 4199
"../../../Engine/Content/EngineSky/VolumetricClouds/T_NoiseShape.uasset" 4200
"../../../Engine/Plugins/Experimental/Water/Content/FluidSimulation/WaveFoam/FoamRT.uasset" 4201
"../../../Engine/Content/EngineSky/VolumetricClouds/T_VolumeNoiseShape128.uasset" 4202
"../../../Engine/Content/Functions/Engine_MaterialFunctions02/ExampleContent/Textures/LowResBlurredNoise.uasset" 4203
"../../../Engine/Content/Functions/Engine_MaterialFunctions02/Texturing/HeightLerp.uasset" 4204
"../../../Engine/Content/Functions/Engine_MaterialFunctions01/Gradient/BoxMask-2D.uasset" 4205
"../../../Engine/Plugins/Experimental/Water/Content/Textures/Foam/T_WaterFlow_01_Foam_Tiled_N.uasset" 4206
"../../../Engine/Plugins/Experimental/Water/Content/Materials/Functions/SampleFluidSimulation.uasset" 4207
"../../../Engine/Content/Functions/Engine_MaterialFunctions03/Procedurals/NormalFromHeightmap.uasset" 4208
"../../../Engine/Content/EngineMaterials/DefaultNormal.uasset" 4209
"../../../Engine/Plugins/Experimental/Water/Content/Materials/Functions/WaterCoefficientMask.uasset" 4210
"../../../Engine/Content/Functions/Engine_MaterialFunctions01/Opacity/AlphaOffset.uasset" 4211
"/Water/Textures/Flowmaps/RiverFlowmap_Diffuse" 4212
"/Engine/Functions/Engine_MaterialFunctions01/Coordinates/WorldPosition-XY" 4213
"/Water/Materials/Functions/WaveVelocityMask" 4214
"/Water/Materials/WaterSurface/Water_Material_CustomMesh" 4215
"../../Plugins/Experimental/Water/Content/Materials/WaterSurface/Water_Material.uasset" 4216
"../../Plugins/Experimental/Water/Content/Caustics/Materials/Functions/WaterCaustics_GerstnerWaves.uasset" 4217
"../../Plugins/Experimental/Water/Content/Materials/Functions/ClipDynamicBounds.uasset" 4218
"../../Plugins/Experimental/Water/Content/Materials/Functions/SampleFluidSimulation.uasset" 4219
"../../Plugins/Experimental/Water/Content/Materials/Functions/SetWaveAttributes.uasset" 4220
"../../Plugins/Experimental/Water/Content/Materials/Functions/Water_Underside.uasset" 4221
"../../Plugins/Experimental/Water/Content/Materials/Functions/WaterCoefficientMask.uasset" 4222
"../../Plugins/Experimental/Water/Content/Materials/Functions/WaterTextureSurface.uasset" 4223
"../../Plugins/Experimental/Water/Content/Materials/Layers/BeachFoam.uasset" 4224
"../../Plugins/Experimental/Water/Content/Materials/Layers/WaterAttributes.uasset" 4225
"../../Plugins/Experimental/Water/Content/Caustics/Materials/Functions/GetDistortionUV.uasset" 4226
"../../Plugins/Experimental/Water/Content/Materials/Functions/WorldNormalBehindWater.uasset" 4227
"../../Plugins/Experimental/Water/Content/Materials/Functions/WorldPositionBehindWater.uasset" 4228
"../../../Engine/Content/Functions/Engine_MaterialFunctions02/Math/TimeWithSpeedVariable.uasset" 4229
"../../Plugins/Experimental/Water/Content/FluidSimulation/Materials/Functions/Fluidsim_WorldPosition_to_UV.uasset" 4230
"../../Plugins/Experimental/Water/Content/FluidSimulation/WaveFoam/WaterDistanceField.uasset" 4231
"../../Plugins/Experimental/Water/Content/Textures/Foam/T_WaterFlow_01_Foam_Tiled.uasset" 4232
"../../Plugins/Experimental/Water/Content/Textures/Foam/T_WaterFlow_01_Foam_Tiled_N.uasset" 4233
"../../Plugins/Experimental/Water/Content/Materials/Functions/WaterTextureWaves.uasset" 4234
"../../Plugins/Experimental/Water/Content/Textures/Normals/T_Water_TilingNormal_With_Height_02_Softened.uasset" 4235
"../../Plugins/Experimental/Water/Content/FluidSimulation/WaveFoam/FoamRT.uasset" 4236
"/Water/Meshes/S_WaterPlane_256" 4237
"/Game/VRTemplate/Materials/MI_Grid_Default" 4238
"../../../Engine/Plugins/Experimental/Water/Content/Materials/WaterSurface/Water_FarMesh.uasset" 4239
"C:/Users/rexge/Documents/Unreal Projects/TheBigHunt/Content/TerrainData/Forest_Grass_LayerInfo.uasset" 4240
"C:/Users/rexge/Documents/Unreal Projects/TheBigHunt/Content/TerrainData/Dried_Grass_LayerInfo.uasset" 4241
"C:/Users/rexge/Documents/Unreal Projects/TheBigHunt/Content/TerrainData/Mud_LayerInfo.uasset" 4242
"C:/Users/rexge/Documents/Unreal Projects/TheBigHunt/Content/Fab/Megascans/Surfaces/Wild_Grass_sfknaeoa/Low/sfknaeoa_tier_3/Textures/T_sfknaeoa_1K_B.uasset" 4243
"C:/Users/rexge/Documents/Unreal Projects/TheBigHunt/Content/Fab/Megascans/Surfaces/Dry_Cracked_Mud_xccibi1/Raw/xccibi1_tier_0/Textures/T_xccibi1_8K_B.uasset" 4244
"../../../Engine/Plugins/Experimental/Water/Content/Materials/HLOD/HLODWater.uasset" 4245
"C:/Users/rexge/Documents/Unreal Projects/TheBigHunt/Content/Fab/Megascans/Surfaces/Wild_Grass_sfknaeoa/Low/sfknaeoa_tier_3/Textures/T_sfknaeoa_1K_N.uasset" 4246
"C:/Users/rexge/Documents/Unreal Projects/TheBigHunt/Content/Fab/Megascans/Surfaces/Dry_Cracked_Mud_xccibi1/Raw/xccibi1_tier_0/Textures/T_xccibi1_8K_N.uasset" 4247
"C:/Users/rexge/Documents/Unreal Projects/TheBigHunt/Content/Fab/Megascans/Surfaces/Dried_Grass_xbrgaba/Medium/xbrgaba_tier_2/Textures/T_xbrgaba_2K_N.uasset" 4248
"C:/Users/rexge/Documents/Unreal Projects/TheBigHunt/Content/TerrainData/Terrain.uasset" 4249
"C:/Users/rexge/Documents/Unreal Projects/TheBigHunt/Content/Fab/Megascans/Surfaces/Dried_Grass_xbrgaba/Medium/xbrgaba_tier_2/Textures/T_xbrgaba_2K_B.uasset" 4250
"C:/Users/rexge/Documents/Unreal Projects/TheBigHunt/Content/VRSpectator/Input/Actions/IA_VRSpectator_Toggle.uasset" 4251
"C:/Users/rexge/Documents/Unreal Projects/TheBigHunt/Content/VRSpectator/Input/IMC_VRSpectator.uasset" 4252
"C:/Users/rexge/Documents/Unreal Projects/TheBigHunt/Content/VRSpectator/Input/Actions/IA_VRSpectator_Look.uasset" 4253
"C:/Users/rexge/Documents/Unreal Projects/TheBigHunt/Content/VRSpectator/Input/Actions/IA_VRSpectator_Move.uasset" 4254
"C:/Users/rexge/Documents/Unreal Projects/TheBigHunt/Content/VRSpectator/Input/Actions/IA_VRSpectator_ResetRotation.uasset" 4255
"C:/Users/rexge/Documents/Unreal Projects/TheBigHunt/Content/VRSpectator/EVRSpectatorMode.uasset" 4256
"../../../Engine/Content/EditorResources/MatineeCam_D.uasset" 4257
"../../../Engine/Content/EditorMeshes/MatineeCam_SM.uasset" 4258
"C:/Users/rexge/Documents/Unreal Projects/TheBigHunt/Content/VRSpectator/VRSpectator.uasset" 4259
"../../../Engine/Content/EngineSky/C_Sky_Horizon_Color.uasset" 4260
"../../../Engine/Content/EngineSky/C_Sky_Cloud_Color.uasset" 4261
"../../../Engine/Content/EngineSky/T_Sky_Blue.uasset" 4262
"C:/Users/rexge/Documents/Unreal Projects/TheBigHunt/Content/VRSpectator/Input/Actions/IA_VRSpectator_FOV_Reset.uasset" 4263
"/Game/Fab/Megascans/Surfaces/Dry_Cracked_Mud_xccibi1/Raw/xccibi1_tier_0/Textures/T_xccibi1_8K_B" 4264
"C:/Users/rexge/Documents/Unreal Projects/TheBigHunt/Content/VRSpectator/RT_VRSpectator.uasset" 4265
"../../../Engine/Content/EngineSky/T_Sky_Stars.uasset" 4266
"../../../Engine/Content/EditorMaterials/MatineeCam_mat.uasset" 4267
"../../../Engine/Content/EngineSky/C_Sky_Zenith_Color.uasset" 4268
"C:/Users/rexge/Documents/Unreal Projects/TheBigHunt/Content/VRSpectator/Input/Actions/IA_VRSpectator_FOV.uasset" 4269
"../../../Engine/Content/EngineSky/T_Sky_Clouds_M.uasset" 4270
"C:/Users/rexge/Documents/Unreal Projects/TheBigHunt/Content/VRSpectator/Input/Actions/IA_VRSpectator_FadeInOut.uasset" 4271
"/Game/Fab/Megascans/Surfaces/Dry_Cracked_Mud_xccibi1/Raw/xccibi1_tier_0/Textures/T_xccibi1_8K_N" 4272
"/Game/Fab/Megascans/Surfaces/Wild_Grass_sfknaeoa/Low/sfknaeoa_tier_3/Textures/T_sfknaeoa_1K_B" 4273
"/Game/Fab/Megascans/Surfaces/Wild_Grass_sfknaeoa/Low/sfknaeoa_tier_3/Textures/T_sfknaeoa_1K_N" 4274
"/Game/TerrainData/Mud_LayerInfo" 4275
"/Game/TerrainData/Forest_Grass_LayerInfo" 4276
"/Game/TerrainData/Dried_Grass_LayerInfo" 4277
"/Water/Materials/HLOD/HLODWater" 4278
"/Game/Fab/Megascans/Surfaces/Dried_Grass_xbrgaba/Medium/xbrgaba_tier_2/Textures/T_xbrgaba_2K_N" 4279
"../../../Engine/Content/EngineSky/M_Sky_Panning_Clouds2.uasset" 4280
"../../../Engine/Content/EngineSky/SM_SkySphere.uasset" 4281
"/Engine/EngineSky/T_Sky_Stars" 4282
"../../../Engine/Content/EngineSky/BP_Sky_Sphere.uasset" 4283
"../../../Engine/Content/EngineSounds/Submixes/MasterSubmixDefault.uasset" 4284
"../../../Engine/Content/EngineSounds/Submixes/MasterReverbEffectPreset.uasset" 4285
"../../../Engine/Content/EngineSounds/Submixes/MasterEQSubmixDefault.uasset" 4286
"../../../Engine/Content/EngineSounds/Submixes/MasterEQEffectPreset.uasset" 4287
"../../../Engine/Content/EngineSounds/Submixes/MasterReverbSubmixDefault.uasset" 4288
"../../../Engine/Plugins/Interchange/Assets/Content/gltf/MaterialFunctions/MF_Clearcoat.uasset" 4289
"/Engine/EngineSky/T_Sky_Clouds_M" 4290
"/Engine/EngineSky/T_Sky_Blue" 4291
"/Engine/EngineSky/C_Sky_Zenith_Color" 4292
"/Engine/EngineSky/C_Sky_Horizon_Color" 4293
"/Engine/EngineSky/C_Sky_Cloud_Color" 4294
"/Game/VRSpectator/VRSpectator" 4295
"/Game/TerrainData/Terrain" 4296
"../../../Engine/Plugins/Interchange/Assets/Content/gltf/MaterialBodies/MF_ClearCoat_Body.uasset" 4297
"../../../Engine/Plugins/Interchange/Assets/Content/gltf/Textures/T_Anisotropy_Direction_Linear.uasset" 4298
"../../../Engine/Plugins/Interchange/Assets/Content/gltf/MaterialFunctions/MF_SpecularAnisotropy.uasset" 4299
"../../../Engine/Plugins/Interchange/Assets/Content/gltf/MaterialFunctions/MF_Iridescence.uasset" 4300
"../../../Engine/Plugins/Interchange/Assets/Content/gltf/MaterialFunctions/MF_ScaleNormal.uasset" 4301
"../../../Engine/Plugins/Interchange/Assets/Content/gltf/Textures/T_White_Linear.uasset" 4302
"../../../Engine/Plugins/Interchange/Assets/Content/gltf/MaterialFunctions/MF_Normals.uasset" 4303
"../../../Engine/Plugins/Interchange/Assets/Content/gltf/MaterialFunctions/MF_IOR.uasset" 4304
"../../../Engine/Plugins/Interchange/Assets/Content/gltf/MaterialFunctions/MF_RotateV2.uasset" 4305
"../../../Engine/Plugins/Interchange/Assets/Content/Functions/MF_IridescenceNoLUT.uasset" 4306
"../../../Engine/Plugins/Interchange/Assets/Content/gltf/MaterialFunctions/MF_Occlusion.uasset" 4307
"/Engine/EngineSounds/Submixes/MasterReverbSubmixDefault" 4308
"../../../Engine/Plugins/Interchange/Assets/Content/gltf/MaterialFunctions/MF_MetallicRoughness.uasset" 4309
"../../../Engine/Plugins/Interchange/Assets/Content/gltf/MaterialFunctions/MF_BaseColor.uasset" 4310
"../../../Engine/Plugins/Interchange/Assets/Content/gltf/Textures/T_White_srgb.uasset" 4311
"../../../Engine/Plugins/Interchange/Assets/Content/Functions/MF_Iridescence.uasset" 4312
"../../../Engine/Content/Functions/Engine_MaterialFunctions03/Math/RemapValueRange.uasset" 4313
"../../../Engine/Plugins/Interchange/Assets/Content/gltf/MaterialFunctions/MF_RotateNormals_TS.uasset" 4314
"../../../Engine/Plugins/Interchange/Assets/Content/gltf/MaterialFunctions/MF_Specular.uasset" 4315
"../../../Engine/Plugins/Interchange/Assets/Content/gltf/Textures/T_Generic_N.uasset" 4316
"../../../Engine/Plugins/Interchange/Assets/Content/gltf/MaterialFunctions/MF_TransformUVs.uasset" 4317
"../../../Engine/Plugins/Interchange/Assets/Content/gltf/MaterialFunctions/MF_Emissive.uasset" 4318
"../../../Engine/Plugins/Interchange/Assets/Content/Utilities/New_LUT.uasset" 4319
"/Game/VRTemplate/Maps/VRTemplateMap" 4320
"../../../../../../Users/rexge/Documents/Unreal Projects/TheBigHunt/Content/VRTemplate/Maps/VRTemplateMap.umap" 4321
"../../../Engine/Plugins/Interchange/Assets/Content/gltf/M_ClearCoat.uasset" 4322
"../../../Engine/Plugins/Interchange/Assets/Content/gltf/MaterialInstances/MI_ClearCoat_Opaque.uasset" 4323
"../../../Engine/Plugins/Interchange/Assets/Content/gltf/MaterialInstances/MI_ClearCoat_Blend_DS.uasset" 4324
"../../../Engine/Plugins/Interchange/Assets/Content/gltf/MaterialInstances/MI_ClearCoat_Mask.uasset" 4325
"../../../Engine/Plugins/Interchange/Assets/Content/gltf/M_Default.uasset" 4326
"../../../Engine/Plugins/Interchange/Assets/Content/gltf/MaterialInstances/MI_ClearCoat_Blend.uasset" 4327
"../../../Engine/Plugins/Interchange/Assets/Content/gltf/MaterialInstances/MI_ClearCoat_Opaque_DS.uasset" 4328
"../../../Engine/Plugins/Interchange/Assets/Content/gltf/MaterialInstances/MI_ClearCoat_Mask_DS.uasset" 4329
"../../../Engine/Plugins/Interchange/Assets/Content/gltf/MaterialBodies/MF_Default_Body.uasset" 4330
"/InterchangeAssets/gltf/MaterialFunctions/MF_Clearcoat" 4331
"/InterchangeAssets/Utilities/New_LUT" 4332
"/InterchangeAssets/Functions/MF_Iridescence" 4333
"/InterchangeAssets/gltf/MaterialFunctions/MF_BaseColor" 4334
"/InterchangeAssets/gltf/MaterialFunctions/MF_RotateV2" 4335
"/InterchangeAssets/gltf/MaterialFunctions/MF_TransformUVs" 4336
"/InterchangeAssets/gltf/MaterialFunctions/MF_IOR" 4337
"/InterchangeAssets/gltf/MaterialFunctions/MF_Iridescence" 4338
"/InterchangeAssets/gltf/MaterialFunctions/MF_MetallicRoughness" 4339
"/InterchangeAssets/gltf/MaterialFunctions/MF_Normals" 4340
"/InterchangeAssets/gltf/MaterialFunctions/MF_Occlusion" 4341
"/InterchangeAssets/gltf/MaterialFunctions/MF_Specular" 4342
"/InterchangeAssets/gltf/MaterialFunctions/MF_SpecularAnisotropy" 4343
"/InterchangeAssets/gltf/MaterialFunctions/MF_Emissive" 4344
"/InterchangeAssets/gltf/MaterialBodies/MF_ClearCoat_Body" 4345
"/InterchangeAssets/gltf/M_ClearCoat" 4346
"../../../Engine/Plugins/Interchange/Assets/Content/gltf/MaterialInstances/MI_Default_Opaque.uasset" 4347
"../../../Engine/Plugins/Interchange/Assets/Content/gltf/MaterialInstances/MI_Default_Mask.uasset" 4348
"../../../Engine/Plugins/Interchange/Assets/Content/gltf/MaterialInstances/MI_Default_Blend.uasset" 4349
"../../../Engine/Plugins/Interchange/Assets/Content/gltf/MaterialInstances/MI_Default_Opaque_DS.uasset" 4350
"/InterchangeAssets/gltf/M_Default" 4351
"../../../Engine/Plugins/Interchange/Assets/Content/gltf/MaterialInstances/MI_Default_Blend_DS.uasset" 4352
"../../../Engine/Plugins/Interchange/Assets/Content/gltf/MaterialInstances/MI_Sheen_Mask_DS.uasset" 4353
"../../../Engine/Plugins/Interchange/Assets/Content/gltf/MaterialFunctions/MF_Sheen.uasset" 4354
"../../../Engine/Plugins/Interchange/Assets/Content/gltf/MaterialBodies/MF_Sheen_Body.uasset" 4355
"../../../Engine/Plugins/Interchange/Assets/Content/gltf/M_Sheen.uasset" 4356
"../../../Engine/Plugins/Interchange/Assets/Content/gltf/MaterialInstances/MI_Sheen_Blend.uasset" 4357
"../../../Engine/Plugins/Interchange/Assets/Content/gltf/MaterialInstances/MI_Default_Mask_DS.uasset" 4358
"../../../Engine/Plugins/Interchange/Assets/Content/gltf/MaterialInstances/MI_Sheen_Opaque.uasset" 4359
"../../../Engine/Plugins/Interchange/Assets/Content/gltf/MaterialInstances/MI_Sheen_Mask.uasset" 4360
"../../../Engine/Plugins/Interchange/Assets/Content/gltf/MaterialInstances/MI_Sheen_Opaque_DS.uasset" 4361
"/InterchangeAssets/gltf/MaterialInstances/MI_ClearCoat_Blend_DS" 4362
"/InterchangeAssets/gltf/MaterialInstances/MI_ClearCoat_Mask_DS" 4363
"/InterchangeAssets/gltf/MaterialInstances/MI_ClearCoat_Opaque_DS" 4364
"/InterchangeAssets/gltf/MaterialInstances/MI_ClearCoat_Blend" 4365
"/InterchangeAssets/gltf/MaterialInstances/MI_ClearCoat_Mask" 4366
"/InterchangeAssets/gltf/MaterialInstances/MI_ClearCoat_Opaque" 4367
"../../../Engine/Plugins/Interchange/Assets/Content/gltf/MaterialInstances/MI_Sheen_Blend_DS.uasset" 4368
"../../../Engine/Plugins/Interchange/Assets/Content/gltf/MaterialFunctions/MF_Transmission.uasset" 4369
"../../../Engine/Plugins/Interchange/Assets/Content/gltf/MaterialFunctions/MF_Temporal_Blur.uasset" 4370
"../../../Engine/Plugins/Interchange/Assets/Content/gltf/MaterialBodies/MF_Transmission_Body.uasset" 4371
"../../../Engine/Plugins/Interchange/Assets/Content/gltf/M_Transmission.uasset" 4372
"../../../Engine/Content/Functions/Engine_MaterialFunctions02/Texturing/ScreenAlignedPixelToPixelUVs.uasset" 4373
"../../../Engine/Plugins/Interchange/Assets/Content/gltf/MaterialInstances/MI_SpecularGlossiness_Opaque.uasset" 4374
"../../../Engine/Plugins/Interchange/Assets/Content/gltf/MaterialFunctions/MF_PerceivedBrightness.uasset" 4375
"../../../Engine/Plugins/Interchange/Assets/Content/gltf/MaterialInstances/MI_Transmission_DS.uasset" 4376
"../../../Engine/Plugins/Interchange/Assets/Content/gltf/M_SpecularGlossiness.uasset" 4377
"../../../Engine/Plugins/Interchange/Assets/Content/gltf/MaterialFunctions/MF_DiffuseSpecGloss.uasset" 4378
"../../../Engine/Plugins/Interchange/Assets/Content/gltf/MaterialInstances/MI_SpecularGlossiness_Mask.uasset" 4379
"../../../Engine/Plugins/Interchange/Assets/Content/gltf/MaterialFunctions/MF_MaxComponentValue.uasset" 4380
"../../../Engine/Plugins/Interchange/Assets/Content/gltf/MaterialBodies/MF_SpecularGlossiness_Body.uasset" 4381
"../../../Engine/Plugins/Interchange/Assets/Content/gltf/MaterialFunctions/MF_SpecGlossToMetalRoughness.uasset" 4382
"../../../Engine/Plugins/Interchange/Assets/Content/gltf/MaterialFunctions/MF_Fresnel_DS.uasset" 4383
"../../../Engine/Plugins/Interchange/Assets/Content/gltf/MaterialInstances/MI_SpecularGlossiness_Blend.uasset" 4384
"../../../Engine/Plugins/Interchange/Assets/Content/gltf/MaterialInstances/MI_Transmission.uasset" 4385
"../../../Engine/Plugins/Interchange/Assets/Shaders/ThinFilmFunctions.usf" 4386
"/InterchangeAssets/gltf/MaterialInstances/MI_Sheen_Mask_DS" 4387
"/InterchangeAssets/gltf/MaterialInstances/MI_Sheen_Opaque_DS" 4388
"/InterchangeAssets/gltf/MaterialInstances/MI_Sheen_Blend" 4389
"/InterchangeAssets/gltf/MaterialInstances/MI_Sheen_Mask" 4390
"/Engine/EditorResources/EmptyActor" 4391
"../../../Engine/Content/EditorResources/EmptyActor.uasset" 4392
"/Water/Icons/WaterBodyCustomSprite" 4393
"../../Plugins/Experimental/Water/Content/Icons/WaterBodyCustomSprite.uasset" 4394
"/InterchangeAssets/gltf/MaterialInstances/MI_Sheen_Opaque" 4395
"/InterchangeAssets/gltf/MaterialInstances/MI_Default_Blend_DS" 4396
"/InterchangeAssets/gltf/MaterialInstances/MI_Default_Mask_DS" 4397
"/InterchangeAssets/gltf/MaterialInstances/MI_Default_Opaque_DS" 4398
"/InterchangeAssets/gltf/MaterialInstances/MI_Default_Blend" 4399
"/InterchangeAssets/gltf/MaterialInstances/MI_Default_Mask" 4400
"/InterchangeAssets/gltf/MaterialInstances/MI_Default_Opaque" 4401
"../../../Engine/Plugins/Interchange/Assets/Content/gltf/MaterialInstances/MI_SpecularGlossiness_Opaque_DS.uasset" 4402
"../../../Engine/Content/Functions/Substrate/MF_SchlickInternal.uasset" 4403
"../../../Engine/Plugins/Interchange/Assets/Content/Functions/MX_Transmission.uasset" 4404
"../../../Engine/Plugins/Interchange/Assets/Content/Functions/MF_OrenNayerView.uasset" 4405
"../../../Engine/Plugins/Interchange/Assets/Content/Functions/MX_StandardSurface.uasset" 4406
"../../../Engine/Plugins/Interchange/Assets/Content/Functions/MX_TransmissionSurface.uasset" 4407
"../../../Engine/Plugins/Interchange/Assets/Content/gltf/MaterialInstances/MI_SpecularGlossiness_Blend_DS.uasset" 4408
"../../../Engine/Plugins/Interchange/Assets/Content/gltf/MaterialBodies/MF_Unlit_Body.uasset" 4409
"../../../Engine/Plugins/Interchange/Assets/Content/gltf/MaterialInstances/MI_SpecularGlossiness_Mask_DS.uasset" 4410
"../../../Engine/Plugins/Interchange/Assets/Content/gltf/M_Unlit.uasset" 4411
"../../../Engine/Plugins/Interchange/Assets/Content/Functions/MX_OpenPBR_Translucent.uasset" 4412
"../../../Engine/Content/Functions/Engine_MaterialFunctions01/Volumetrics/BeersLaw.uasset" 4413
"../../../Engine/Plugins/Interchange/Assets/Content/gltf/MaterialInstances/MI_Unlit_Opaque.uasset" 4414
"/InterchangeAssets/gltf/MaterialInstances/MI_Transmission" 4415
"/InterchangeAssets/gltf/MaterialInstances/MI_Sheen_Blend_DS" 4416
"/InterchangeAssets/gltf/MaterialInstances/MI_SpecularGlossiness_Blend" 4417
"/InterchangeAssets/gltf/MaterialInstances/MI_SpecularGlossiness_Mask" 4418
"/InterchangeAssets/gltf/MaterialInstances/MI_SpecularGlossiness_Opaque" 4419
"/InterchangeAssets/gltf/MaterialInstances/MI_Transmission_DS" 4420
"../../../Engine/Plugins/Interchange/Assets/Content/gltf/MaterialInstances/MI_Unlit_Mask.uasset" 4421
"../../../Engine/Plugins/Interchange/Assets/Content/gltf/MaterialInstances/MI_Unlit_Blend.uasset" 4422
"../../../Engine/Plugins/Interchange/Assets/Content/gltf/MaterialInstances/MI_Unlit_Opaque_DS.uasset" 4423
"../../../Engine/Plugins/Interchange/Assets/Content/gltf/MaterialInstances/MI_Unlit_Mask_DS.uasset" 4424
"../../../Engine/Plugins/Interchange/Assets/Content/gltf/MaterialInstances/MI_Unlit_Blend_DS.uasset" 4425
"/InterchangeAssets/gltf/MaterialInstances/MI_Unlit_Opaque" 4426
"/InterchangeAssets/Functions/MX_OpenPBR_Translucent" 4427
"/InterchangeAssets/gltf/MaterialInstances/MI_SpecularGlossiness_Blend_DS" 4428
"/InterchangeAssets/gltf/MaterialInstances/MI_SpecularGlossiness_Mask_DS" 4429
"/InterchangeAssets/gltf/MaterialInstances/MI_SpecularGlossiness_Opaque_DS" 4430
"/InterchangeAssets/gltf/MaterialInstances/MI_Unlit_Blend_DS" 4431
"/InterchangeAssets/gltf/MaterialInstances/MI_Unlit_Mask_DS" 4432
"/InterchangeAssets/gltf/MaterialInstances/MI_Unlit_Opaque_DS" 4433
"/InterchangeAssets/gltf/MaterialInstances/MI_Unlit_Blend" 4434
"/InterchangeAssets/gltf/MaterialInstances/MI_Unlit_Mask" 4435
"../../../Engine/Plugins/Interchange/Assets/Content/Functions/MX_OpenPBR_Opaque.uasset" 4436
"../../../Engine/Plugins/Animation/ControlRig/Content/Controls/ControlRig_Arrow2_solid.uasset" 4437
"../../../Engine/Plugins/Animation/ControlRig/Content/Controls/ControlRig_Arrow2_3mm.uasset" 4438
"../../../Engine/Plugins/Animation/ControlRig/Content/Controls/ControlRig_Arrow2_1mm.uasset" 4439
"../../../Engine/Plugins/Animation/ControlRig/Content/Controls/ControlRig_Arrow4_3mm.uasset" 4440
"../../../Engine/Plugins/Animation/ControlRig/Content/Controls/ControlRig_Arrow4_1mm.uasset" 4441
"../../../Engine/Plugins/Animation/ControlRig/Content/Controls/ControlRig_Sphere_solid.uasset" 4442
"../../../Engine/Plugins/Animation/ControlRig/Content/Controls/ControlRig_Arrow4_solid.uasset" 4443
"../../../Engine/Plugins/Animation/ControlRig/Content/Controls/ControlRig_Arrow_3mm.uasset" 4444
"../../../Engine/Plugins/Animation/ControlRig/Content/Controls/ControlRig_Arrow_1mm.uasset" 4445
"/ControlRig/Controls/ControlRig_Arrow2_solid" 4446
"/ControlRig/Controls/ControlRig_Arrow2_3mm" 4447
"/ControlRig/Controls/ControlRig_Arrow2_1mm" 4448
"/ControlRig/Controls/ControlRig_Sphere_solid" 4449
"/InterchangeAssets/Functions/MX_OpenPBR_Opaque" 4450
"/ControlRig/Controls/ControlRig_Arrow_3mm" 4451
"/ControlRig/Controls/ControlRig_Arrow_1mm" 4452
"/ControlRig/Controls/ControlRig_Arrow4_solid" 4453
"/ControlRig/Controls/ControlRig_Arrow4_3mm" 4454
"/ControlRig/Controls/ControlRig_Arrow4_1mm" 4455
"../../../Engine/Plugins/Animation/ControlRig/Content/Controls/ControlRig_Arrow_solid.uasset" 4456
"../../../Engine/Plugins/Animation/ControlRig/Content/Controls/ControlRig_Diamond_3mm.uasset" 4457
"../../../Engine/Plugins/Animation/ControlRig/Content/Controls/ControlRig_HalfCircle_1mm.uasset" 4458
"../../../Engine/Plugins/Animation/ControlRig/Content/Controls/ControlRig_HalfCircle_solid.uasset" 4459
"../../../Engine/Plugins/Animation/ControlRig/Content/Controls/ControlRig_Hexagon_solid.uasset" 4460
"../../../Engine/Plugins/Animation/ControlRig/Content/Controls/ControlRig_Box_3mm.uasset" 4461
"../../../Engine/Plugins/Animation/ControlRig/Content/Controls/ControlRig_Circle_3mm.uasset" 4462
"../../../Engine/Plugins/Animation/ControlRig/Content/Controls/ControlRig_Octagon_1mm.uasset" 4463
"../../../Engine/Plugins/Animation/ControlRig/Content/Controls/ControlRig_Pyramid_1mm.uasset" 4464
"../../../Engine/Plugins/Animation/ControlRig/Content/Controls/ControlRig_Octagon_3mm.uasset" 4465
"../../../Engine/Plugins/Animation/ControlRig/Content/Controls/ControlRig_Pyramid_3mm.uasset" 4466
"../../../Engine/Plugins/Animation/ControlRig/Content/Controls/ControlRig_Hexagon_3mm.uasset" 4467
"../../../Engine/Plugins/Animation/ControlRig/Content/Controls/ControlRig_QuarterCircle_1mm.uasset" 4468
"../../../Engine/Plugins/Animation/ControlRig/Content/Controls/ControlRig_Pyramid_solid.uasset" 4469
"../../../Engine/Plugins/Animation/ControlRig/Content/Controls/ControlRig_Octagon_solid.uasset" 4470
"../../../Engine/Plugins/Animation/ControlRig/Content/Controls/ControlRig_QuarterCircle_solid.uasset" 4471
"../../../Engine/Plugins/Animation/ControlRig/Content/Controls/ControlRig_RoundedSquare_3mm.uasset" 4472
"../../../Engine/Plugins/Animation/ControlRig/Content/Controls/ControlRig_RoundedSquare_1mm.uasset" 4473
"../../../Engine/Plugins/Animation/ControlRig/Content/Controls/ControlRig_RoundedTriangle_1mm.uasset" 4474
"../../../Engine/Plugins/Animation/ControlRig/Content/Controls/ControlRig_RoundedTriangle_3mm.uasset" 4475
"../../../Engine/Plugins/Animation/ControlRig/Content/Controls/ControlRig_QuarterCircle_3mm.uasset" 4476
"../../../Engine/Plugins/Animation/ControlRig/Content/Controls/ControlRig_RoundedTriangle_solid.uasset" 4477
"../../../Engine/Plugins/Animation/ControlRig/Content/Controls/ControlRig_Sphere_1mm.uasset" 4478
"../../../Engine/Plugins/Animation/ControlRig/Content/Controls/ControlRig_Circle_1mm.uasset" 4479
"../../../Engine/Plugins/Animation/ControlRig/Content/Controls/ControlRig_Diamond_1mm.uasset" 4480
"../../../Engine/Plugins/Animation/ControlRig/Content/Controls/ControlRig_RoundedSquare_solid.uasset" 4481
"../../../Engine/Plugins/Animation/ControlRig/Content/Controls/ControlRig_Circle_solid.uasset" 4482
"../../../Engine/Plugins/Animation/ControlRig/Content/Controls/ControlRig_Diamond_solid.uasset" 4483
"../../../Engine/Plugins/Animation/ControlRig/Content/Controls/ControlRig_Hexagon_1mm.uasset" 4484
"../../../Engine/Plugins/Animation/ControlRig/Content/Controls/ControlRig_Box_solid.uasset" 4485
"../../../Engine/Plugins/Animation/ControlRig/Content/Controls/ControlRig_HalfCircle_3mm.uasset" 4486
"../../../Engine/Plugins/Animation/ControlRig/Content/Controls/ControlRig_Box_1mm.uasset" 4487
"/ControlRig/Controls/ControlRig_RoundedTriangle_solid" 4488
"/ControlRig/Controls/ControlRig_RoundedTriangle_3mm" 4489
"/ControlRig/Controls/ControlRig_RoundedTriangle_1mm" 4490
"/ControlRig/Controls/ControlRig_RoundedSquare_solid" 4491
"/ControlRig/Controls/ControlRig_RoundedSquare_3mm" 4492
"/ControlRig/Controls/ControlRig_RoundedSquare_1mm" 4493
"/ControlRig/Controls/ControlRig_QuarterCircle_solid" 4494
"/ControlRig/Controls/ControlRig_QuarterCircle_3mm" 4495
"/ControlRig/Controls/ControlRig_QuarterCircle_1mm" 4496
"/ControlRig/Controls/ControlRig_Pyramid_solid" 4497
"/ControlRig/Controls/ControlRig_Pyramid_3mm" 4498
"/ControlRig/Controls/ControlRig_Diamond_solid" 4499
"/ControlRig/Controls/ControlRig_Diamond_3mm" 4500
"/ControlRig/Controls/ControlRig_Diamond_1mm" 4501
"/ControlRig/Controls/ControlRig_Circle_solid" 4502
"/ControlRig/Controls/ControlRig_Circle_3mm" 4503
"/ControlRig/Controls/ControlRig_Pyramid_1mm" 4504
"/ControlRig/Controls/ControlRig_Octagon_solid" 4505
"/ControlRig/Controls/ControlRig_Sphere_1mm" 4506
"/ControlRig/Controls/ControlRig_Octagon_3mm" 4507
"/ControlRig/Controls/ControlRig_Octagon_1mm" 4508
"/ControlRig/Controls/ControlRig_Hexagon_solid" 4509
"/ControlRig/Controls/ControlRig_Hexagon_3mm" 4510
"/ControlRig/Controls/ControlRig_Hexagon_1mm" 4511
"/ControlRig/Controls/ControlRig_HalfCircle_solid" 4512
"/ControlRig/Controls/ControlRig_HalfCircle_3mm" 4513
"/ControlRig/Controls/ControlRig_HalfCircle_1mm" 4514
"/ControlRig/Controls/ControlRig_Circle_1mm" 4515
"/ControlRig/Controls/ControlRig_Box_solid" 4516
"/ControlRig/Controls/ControlRig_Box_3mm" 4517
"/ControlRig/Controls/ControlRig_Box_1mm" 4518
"/ControlRig/Controls/ControlRig_Arrow_solid" 4519
"../../../Engine/Plugins/Animation/ControlRig/Content/Controls/ControlRig_Triangle_3mm.uasset" 4520
"../../../Engine/Plugins/Animation/ControlRig/Content/Controls/ControlRig_Triangle_1mm.uasset" 4521
"../../../Engine/Plugins/Animation/ControlRig/Content/Controls/ControlRig_Square_solid.uasset" 4522
"../../../Engine/Plugins/Animation/ControlRig/Content/Controls/ControlRig_Star4_1mm.uasset" 4523
"../../../Engine/Plugins/Animation/ControlRig/Content/Controls/ControlRig_Sphere_3mm.uasset" 4524
"../../../Engine/Plugins/Animation/ControlRig/Content/Controls/ControlRig_Wedge_solid.uasset" 4525
"../../../Engine/Plugins/Animation/ControlRig/Content/Controls/ControlRig_Star4_solid.uasset" 4526
"../../../Engine/Plugins/Animation/ControlRig/Content/Controls/ControlRig_Square_3mm.uasset" 4527
"../../../Engine/Plugins/Animation/ControlRig/Content/Controls/ControlRig_Wedge_3mm.uasset" 4528
"../../../Engine/Content/Maps/Entry.umap" 4529
"../../../Engine/Plugins/Animation/ControlRig/Content/Controls/ControlRig_Star4_3mm.uasset" 4530
"../../../Engine/Plugins/Animation/ControlRig/Content/Controls/ControlRig_Wedge_1mm.uasset" 4531
"../../../Engine/Plugins/Animation/ControlRig/Content/Controls/ControlRig_Square_1mm.uasset" 4532
"../../../Engine/Content/Maps/Entry_BuiltData.uasset" 4533
"../../../Engine/Plugins/Animation/ControlRig/Content/Controls/ControlRig_Triangle_solid.uasset" 4534
"/Engine/Maps/Entry" 4535
"/ControlRig/Controls/ControlRig_Wedge_solid" 4536
"/ControlRig/Controls/ControlRig_Wedge_3mm" 4537
"/ControlRig/Controls/ControlRig_Wedge_1mm" 4538
"/ControlRig/Controls/ControlRig_Triangle_solid" 4539
"/ControlRig/Controls/ControlRig_Triangle_3mm" 4540
"/ControlRig/Controls/ControlRig_Triangle_1mm" 4541
"/ControlRig/Controls/ControlRig_Star4_solid" 4542
"/ControlRig/Controls/ControlRig_Star4_3mm" 4543
"/ControlRig/Controls/ControlRig_Star4_1mm" 4544
"/ControlRig/Controls/ControlRig_Square_solid" 4545
"/ControlRig/Controls/ControlRig_Square_3mm" 4546
"/ControlRig/Controls/ControlRig_Square_1mm" 4547
"/ControlRig/Controls/ControlRig_Sphere_3mm" 4548
"../../../Engine/Content/EngineMaterials/Substrate/GLints/dict_16_192_64_0p5_0p02_0000_0002.uasset" 4549
"../../../Engine/Content/EditorMaterials/PreviewShadowIndicatorMaterial.uasset" 4550
"../../../Engine/Content/EngineMaterials/Substrate/GLints/dict_16_192_64_0p5_0p02_0000_0011.uasset" 4551
"../../../Engine/Content/EngineMaterials/Substrate/GLints/dict_16_192_64_0p5_0p02_0000_0008.uasset" 4552
"../../../Engine/Content/EditorMaterials/PreviewShadowIndicator.uasset" 4553
"../../../Engine/Content/EngineMaterials/Substrate/GLints/dict_16_192_64_0p5_0p02_0000_0007.uasset" 4554
"../../../Engine/Content/EngineMaterials/Substrate/GLints/dict_16_192_64_0p5_0p02_0000_0005.uasset" 4555
"../../../Engine/Content/EngineMaterials/Substrate/GLints/dict_16_192_64_0p5_0p02_0000_0015.uasset" 4556
"../../../Engine/Content/EngineMaterials/Substrate/GLints/dict_16_192_64_0p5_0p02_0000_0014.uasset" 4557
"../../../Engine/Content/EngineMaterials/Substrate/GLints/dict_16_192_64_0p5_0p02_0000_0013.uasset" 4558
"../../../Engine/Content/EngineMaterials/Substrate/GLints/dict_16_192_64_0p5_0p02_0000_0010.uasset" 4559
"../../../Engine/Content/EngineMaterials/Substrate/GLints/dict_16_192_64_0p5_0p02_0001_0001.uasset" 4560
"../../../Engine/Content/EngineMaterials/Substrate/GLints/dict_16_192_64_0p5_0p02_0001_0002.uasset" 4561
"../../../Engine/Content/EngineMaterials/Substrate/GLints/dict_16_192_64_0p5_0p02_0000_0006.uasset" 4562
"../../../Engine/Content/EngineMaterials/Substrate/GLints/dict_16_192_64_0p5_0p02_0001_0000.uasset" 4563
"../../../Engine/Content/EngineMaterials/Substrate/GLints/dict_16_192_64_0p5_0p02_0001_0005.uasset" 4564
"../../../Engine/Content/EngineMaterials/Substrate/GLints/dict_16_192_64_0p5_0p02_0000_0004.uasset" 4565
"../../../Engine/Content/EngineMaterials/Substrate/GLints/dict_16_192_64_0p5_0p02_0001_0003.uasset" 4566
"../../../Engine/Content/EngineMaterials/Substrate/GLints/dict_16_192_64_0p5_0p02_0001_0011.uasset" 4567
"../../../Engine/Content/EngineMaterials/Substrate/GLints/dict_16_192_64_0p5_0p02_0000_0000.uasset" 4568
"../../../Engine/Content/EngineMaterials/Substrate/GLints/dict_16_192_64_0p5_0p02_0001_0007.uasset" 4569
"../../../Engine/Content/EngineMaterials/Substrate/GLints/dict_16_192_64_0p5_0p02_0000_0003.uasset" 4570
"../../../Engine/Content/EngineMaterials/Substrate/GLints/dict_16_192_64_0p5_0p02_0001_0010.uasset" 4571
"../../../Engine/Content/EngineMaterials/Substrate/GLints/dict_16_192_64_0p5_0p02_0001_0008.uasset" 4572
"../../../Engine/Content/EngineMaterials/Substrate/GLints/dict_16_192_64_0p5_0p02_0000_0012.uasset" 4573
"../../../Engine/Content/EngineMaterials/Substrate/GLints/dict_16_192_64_0p5_0p02_0001_0009.uasset" 4574
"../../../Engine/Content/EngineMaterials/Substrate/GLints/dict_16_192_64_0p5_0p02_0001_0004.uasset" 4575
"../../../Engine/Content/EngineMaterials/Substrate/GLints/dict_16_192_64_0p5_0p02_0000_0009.uasset" 4576
"../../../Engine/Content/EngineMaterials/Substrate/GLints/dict_16_192_64_0p5_0p02_0001_0013.uasset" 4577
"../../../Engine/Content/EngineMaterials/Substrate/GLints/dict_16_192_64_0p5_0p02_0001_0012.uasset" 4578
"../../../Engine/Content/EngineMaterials/Substrate/GLints/dict_16_192_64_0p5_0p02_0000_0001.uasset" 4579
"../../../Engine/Content/EngineMaterials/Substrate/GLints/dict_16_192_64_0p5_0p02_0001_0006.uasset" 4580
"/Engine/EngineMaterials/Substrate/GLints/dict_16_192_64_0p5_0p02_0001_0013" 4581
"/Engine/EngineMaterials/Substrate/GLints/dict_16_192_64_0p5_0p02_0001_0012" 4582
"/Engine/EngineMaterials/Substrate/GLints/dict_16_192_64_0p5_0p02_0001_0011" 4583
"/Engine/EngineMaterials/Substrate/GLints/dict_16_192_64_0p5_0p02_0001_0010" 4584
"/Engine/EngineMaterials/Substrate/GLints/dict_16_192_64_0p5_0p02_0001_0009" 4585
"/Engine/EngineMaterials/Substrate/GLints/dict_16_192_64_0p5_0p02_0001_0008" 4586
"/Engine/EngineMaterials/Substrate/GLints/dict_16_192_64_0p5_0p02_0001_0007" 4587
"/Engine/EngineMaterials/Substrate/GLints/dict_16_192_64_0p5_0p02_0001_0006" 4588
"/Engine/EngineMaterials/Substrate/GLints/dict_16_192_64_0p5_0p02_0001_0005" 4589
"/Engine/EngineMaterials/Substrate/GLints/dict_16_192_64_0p5_0p02_0001_0004" 4590
"/Engine/EngineMaterials/Substrate/GLints/dict_16_192_64_0p5_0p02_0001_0003" 4591
"/Engine/EngineMaterials/Substrate/GLints/dict_16_192_64_0p5_0p02_0001_0002" 4592
"/Engine/EngineMaterials/Substrate/GLints/dict_16_192_64_0p5_0p02_0001_0001" 4593
"/Engine/EngineMaterials/Substrate/GLints/dict_16_192_64_0p5_0p02_0001_0000" 4594
"/Engine/EngineMaterials/Substrate/GLints/dict_16_192_64_0p5_0p02_0000_0015" 4595
"/Engine/EngineMaterials/Substrate/GLints/dict_16_192_64_0p5_0p02_0000_0014" 4596
"/Engine/EngineMaterials/Substrate/GLints/dict_16_192_64_0p5_0p02_0000_0013" 4597
"/Engine/EngineMaterials/Substrate/GLints/dict_16_192_64_0p5_0p02_0000_0012" 4598
"/Engine/EngineMaterials/Substrate/GLints/dict_16_192_64_0p5_0p02_0000_0011" 4599
"/Engine/EngineMaterials/Substrate/GLints/dict_16_192_64_0p5_0p02_0000_0010" 4600
"/Engine/EngineMaterials/Substrate/GLints/dict_16_192_64_0p5_0p02_0000_0009" 4601
"/Engine/EngineMaterials/Substrate/GLints/dict_16_192_64_0p5_0p02_0000_0008" 4602
"/Engine/EngineMaterials/Substrate/GLints/dict_16_192_64_0p5_0p02_0000_0007" 4603
"/Engine/EngineMaterials/Substrate/GLints/dict_16_192_64_0p5_0p02_0000_0006" 4604
"/Engine/EngineMaterials/Substrate/GLints/dict_16_192_64_0p5_0p02_0000_0005" 4605
"/Engine/EngineMaterials/Substrate/GLints/dict_16_192_64_0p5_0p02_0000_0004" 4606
"/Engine/EngineMaterials/Substrate/GLints/dict_16_192_64_0p5_0p02_0000_0003" 4607
"/Engine/EngineMaterials/Substrate/GLints/dict_16_192_64_0p5_0p02_0000_0002" 4608
"/Engine/EngineMaterials/Substrate/GLints/dict_16_192_64_0p5_0p02_0000_0001" 4609
"/Engine/EngineMaterials/Substrate/GLints/dict_16_192_64_0p5_0p02_0000_0000" 4610
"/Engine/EditorMaterials/PreviewShadowIndicatorMaterial" 4611
"../../../Engine/Content/EngineMaterials/Substrate/GLints/dict_16_192_64_0p5_0p02_0001_0015.uasset" 4612
"../../../Engine/Content/EngineMaterials/Substrate/GLints/dict_16_192_64_0p5_0p02_0002_0000.uasset" 4613
"../../../Engine/Content/EngineMaterials/Substrate/GLints/dict_16_192_64_0p5_0p02_0002_0001.uasset" 4614
"../../../Engine/Content/EngineMaterials/Substrate/GLints/dict_16_192_64_0p5_0p02_0002_0003.uasset" 4615
"../../../Engine/Content/EngineMaterials/Substrate/GLints/dict_16_192_64_0p5_0p02_0002_0005.uasset" 4616
"../../../Engine/Content/EngineMaterials/Substrate/GLints/dict_16_192_64_0p5_0p02_0002_0006.uasset" 4617
"../../../Engine/Content/EngineMaterials/Substrate/GLints/dict_16_192_64_0p5_0p02_0002_0004.uasset" 4618
"../../../Engine/Content/EngineMaterials/Substrate/GLints/dict_16_192_64_0p5_0p02_0002_0007.uasset" 4619
"../../../Engine/Content/EngineMaterials/Substrate/GLints/dict_16_192_64_0p5_0p02_0002_0011.uasset" 4620
"../../../Engine/Content/EngineMaterials/Substrate/GLints/dict_16_192_64_0p5_0p02_0002_0002.uasset" 4621
"../../../Engine/Content/EngineMaterials/Substrate/GLints/dict_16_192_64_0p5_0p02_0002_0015.uasset" 4622
"../../../Engine/Content/EngineMaterials/Substrate/GLints/dict_16_192_64_0p5_0p02_0002_0010.uasset" 4623
"../../../Engine/Content/EngineMaterials/Substrate/GLints/dict_16_192_64_0p5_0p02_0002_0014.uasset" 4624
"../../../Engine/Content/EngineMaterials/Substrate/GLints/dict_16_192_64_0p5_0p02_0003_0002.uasset" 4625
"../../../Engine/Content/EngineMaterials/Substrate/GLints/dict_16_192_64_0p5_0p02_0003_0001.uasset" 4626
"../../../Engine/Content/EngineMaterials/Substrate/GLints/dict_16_192_64_0p5_0p02_0003_0000.uasset" 4627
"../../../Engine/Content/EngineMaterials/Substrate/GLints/dict_16_192_64_0p5_0p02_0002_0008.uasset" 4628
"../../../Engine/Content/EngineMaterials/Substrate/GLints/dict_16_192_64_0p5_0p02_0002_0013.uasset" 4629
"../../../Engine/Content/EngineMaterials/Substrate/GLints/dict_16_192_64_0p5_0p02_0003_0003.uasset" 4630
"../../../Engine/Content/EngineMaterials/Substrate/GLints/dict_16_192_64_0p5_0p02_0003_0010.uasset" 4631
"../../../Engine/Content/EngineMaterials/Substrate/GLints/dict_16_192_64_0p5_0p02_0003_0007.uasset" 4632
"../../../Engine/Content/EngineMaterials/Substrate/GLints/dict_16_192_64_0p5_0p02_0003_0011.uasset" 4633
"../../../Engine/Content/EngineMaterials/Substrate/GLints/dict_16_192_64_0p5_0p02_0003_0005.uasset" 4634
"../../../Engine/Content/EngineMaterials/Substrate/GLints/dict_16_192_64_0p5_0p02_0003_0004.uasset" 4635
"../../../Engine/Content/EngineMaterials/Substrate/GLints/dict_16_192_64_0p5_0p02_0002_0012.uasset" 4636
"../../../Engine/Content/EngineMaterials/Substrate/GLints/dict_16_192_64_0p5_0p02_0003_0009.uasset" 4637
"../../../Engine/Content/EngineMaterials/Substrate/GLints/dict_16_192_64_0p5_0p02_0003_0012.uasset" 4638
"../../../Engine/Content/EngineMaterials/Substrate/GLints/dict_16_192_64_0p5_0p02_0003_0013.uasset" 4639
"../../../Engine/Content/EngineMaterials/Substrate/GLints/dict_16_192_64_0p5_0p02_0003_0008.uasset" 4640
"../../../Engine/Content/EngineMaterials/Substrate/GLints/dict_16_192_64_0p5_0p02_0001_0014.uasset" 4641
"../../../Engine/Content/EngineMaterials/Substrate/GLints/dict_16_192_64_0p5_0p02_0003_0006.uasset" 4642
"../../../Engine/Content/EngineMaterials/Substrate/GLints/dict_16_192_64_0p5_0p02_0002_0009.uasset" 4643
"/Engine/EngineMaterials/Substrate/GLints/dict_16_192_64_0p5_0p02_0002_0001" 4644
"/Engine/EngineMaterials/Substrate/GLints/dict_16_192_64_0p5_0p02_0002_0000" 4645
"/Engine/EngineMaterials/Substrate/GLints/dict_16_192_64_0p5_0p02_0001_0015" 4646
"../../../Engine/Content/EngineMaterials/Substrate/GLints/dict_16_192_64_0p5_0p02_0003_0014.uasset" 4647
"../../../Engine/Content/EngineMaterials/Substrate/GLints/dict_16_192_64_0p5_0p02_0003_0015.uasset" 4648
"../../../Engine/Content/EngineMaterials/Substrate/GLints/dict_16_192_64_0p5_0p02_0004_0000.uasset" 4649
"../../../Engine/Plugins/Animation/DeformerGraph/Shaders/Private/DataInterfaceCustomComputeKernel.ush" 4650
"../../../Engine/Plugins/Animation/DeformerGraph/Shaders/Private/DataInterfaceCloth.ush" 4651
"../../../Engine/Plugins/Animation/DeformerGraph/Shaders/Private/DataInterfaceSkinnedMeshRead.ush" 4652
"../../../Engine/Plugins/Animation/DeformerGraph/Shaders/Private/DataInterfaceSkeleton.ush" 4653
"../../../Engine/Plugins/Animation/DeformerGraph/Shaders/Private/DataInterfaceSkeletonCommon.ush" 4654
"../../../Engine/Plugins/Animation/DeformerGraph/Shaders/Private/DataInterfaceMorphTarget.ush" 4655
"../../../Engine/Plugins/Animation/DeformerGraph/Shaders/Private/DataInterfaceSkinnedMeshWrite.ush" 4656
"../../../Engine/Plugins/Animation/DeformerGraph/Shaders/Private/DataInterfaceRawBuffer.ush" 4657
"../../../Engine/Plugins/Runtime/ComputeFramework/Shaders/Private/BufferAlias.ush" 4658
"../../../Engine/Plugins/Animation/DeformerGraph/Shaders/Private/DataInterfaceSkinnedMesh.ush" 4659
"../../../Engine/Plugins/Animation/DeformerGraph/Shaders/Private/DataInterfaceHalfEdge.ush" 4660
"/Engine/EngineMaterials/Substrate/GLints/dict_16_192_64_0p5_0p02_0003_0013" 4661
"/Engine/EngineMaterials/Substrate/GLints/dict_16_192_64_0p5_0p02_0003_0012" 4662
"/Engine/EngineMaterials/Substrate/GLints/dict_16_192_64_0p5_0p02_0003_0011" 4663
"/Engine/EngineMaterials/Substrate/GLints/dict_16_192_64_0p5_0p02_0003_0010" 4664
"/Engine/EngineMaterials/Substrate/GLints/dict_16_192_64_0p5_0p02_0003_0009" 4665
"/Engine/EngineMaterials/Substrate/GLints/dict_16_192_64_0p5_0p02_0003_0008" 4666
"/Engine/EngineMaterials/Substrate/GLints/dict_16_192_64_0p5_0p02_0003_0007" 4667
"/Engine/EngineMaterials/Substrate/GLints/dict_16_192_64_0p5_0p02_0003_0006" 4668
"/Engine/EngineMaterials/Substrate/GLints/dict_16_192_64_0p5_0p02_0003_0005" 4669
"/Engine/EngineMaterials/Substrate/GLints/dict_16_192_64_0p5_0p02_0003_0004" 4670
"/Engine/EngineMaterials/Substrate/GLints/dict_16_192_64_0p5_0p02_0003_0003" 4671
"/Engine/EngineMaterials/Substrate/GLints/dict_16_192_64_0p5_0p02_0003_0002" 4672
"/Engine/EngineMaterials/Substrate/GLints/dict_16_192_64_0p5_0p02_0003_0001" 4673
"/Engine/EngineMaterials/Substrate/GLints/dict_16_192_64_0p5_0p02_0003_0000" 4674
"/Engine/EngineMaterials/Substrate/GLints/dict_16_192_64_0p5_0p02_0002_0015" 4675
"/Engine/EngineMaterials/Substrate/GLints/dict_16_192_64_0p5_0p02_0002_0014" 4676
"/Engine/EngineMaterials/Substrate/GLints/dict_16_192_64_0p5_0p02_0002_0013" 4677
"/Engine/EngineMaterials/Substrate/GLints/dict_16_192_64_0p5_0p02_0002_0012" 4678
"/Engine/EngineMaterials/Substrate/GLints/dict_16_192_64_0p5_0p02_0002_0011" 4679
"/Engine/EngineMaterials/Substrate/GLints/dict_16_192_64_0p5_0p02_0002_0010" 4680
"/Engine/EngineMaterials/Substrate/GLints/dict_16_192_64_0p5_0p02_0002_0009" 4681
"/Engine/EngineMaterials/Substrate/GLints/dict_16_192_64_0p5_0p02_0002_0008" 4682
"/Engine/EngineMaterials/Substrate/GLints/dict_16_192_64_0p5_0p02_0002_0007" 4683
"/Engine/EngineMaterials/Substrate/GLints/dict_16_192_64_0p5_0p02_0002_0006" 4684
"/Engine/EngineMaterials/Substrate/GLints/dict_16_192_64_0p5_0p02_0002_0005" 4685
"/Engine/EngineMaterials/Substrate/GLints/dict_16_192_64_0p5_0p02_0002_0004" 4686
"/Engine/EngineMaterials/Substrate/GLints/dict_16_192_64_0p5_0p02_0002_0003" 4687
"/Engine/EngineMaterials/Substrate/GLints/dict_16_192_64_0p5_0p02_0002_0002" 4688
"/Engine/EngineMaterials/Substrate/GLints/dict_16_192_64_0p5_0p02_0001_0014" 4689
"../../../Engine/Content/EngineMaterials/Substrate/GLints/dict_16_192_64_0p5_0p02_0004_0001.uasset" 4690
"../../../Engine/Content/EngineMaterials/Substrate/GLints/dict_16_192_64_0p5_0p02_0004_0002.uasset" 4691
"../../../Engine/Content/EngineMaterials/Substrate/GLints/dict_16_192_64_0p5_0p02_0004_0004.uasset" 4692
"../../../Engine/Content/EngineMaterials/Substrate/GLints/dict_16_192_64_0p5_0p02_0004_0003.uasset" 4693
"../../../Engine/Content/EngineMaterials/Substrate/GLints/dict_16_192_64_0p5_0p02_0004_0005.uasset" 4694
"../../../Engine/Content/EngineMaterials/Substrate/GLints/dict_16_192_64_0p5_0p02_0004_0011.uasset" 4695
"../../../Engine/Content/EngineMaterials/Substrate/GLints/dict_16_192_64_0p5_0p02_0004_0009.uasset" 4696
"../../../Engine/Content/EngineMaterials/Substrate/GLints/dict_16_192_64_0p5_0p02_0004_0010.uasset" 4697
"../../../Engine/Content/EngineMaterials/Substrate/GLints/dict_16_192_64_0p5_0p02_0005_0002.uasset" 4698
"../../../Engine/Content/EngineMaterials/Substrate/GLints/dict_16_192_64_0p5_0p02_0005_0001.uasset" 4699
"../../../Engine/Content/EngineMaterials/Substrate/GLints/dict_16_192_64_0p5_0p02_0004_0013.uasset" 4700
"../../../Engine/Content/EngineMaterials/Substrate/GLints/dict_16_192_64_0p5_0p02_0005_0003.uasset" 4701
"../../../Engine/Content/EngineMaterials/Substrate/GLints/dict_16_192_64_0p5_0p02_0004_0014.uasset" 4702
"../../../Engine/Content/EngineMaterials/Substrate/GLints/dict_16_192_64_0p5_0p02_0005_0004.uasset" 4703
"../../../Engine/Content/EngineMaterials/Substrate/GLints/dict_16_192_64_0p5_0p02_0005_0006.uasset" 4704
"../../../Engine/Content/EngineMaterials/Substrate/GLints/dict_16_192_64_0p5_0p02_0004_0012.uasset" 4705
"../../../Engine/Content/EngineMaterials/Substrate/GLints/dict_16_192_64_0p5_0p02_0005_0010.uasset" 4706
"../../../Engine/Content/EngineMaterials/Substrate/GLints/dict_16_192_64_0p5_0p02_0005_0007.uasset" 4707
"../../../Engine/Content/EngineMaterials/Substrate/GLints/dict_16_192_64_0p5_0p02_0004_0015.uasset" 4708
"../../../Engine/Content/EngineMaterials/Substrate/GLints/dict_16_192_64_0p5_0p02_0005_0008.uasset" 4709
"../../../Engine/Content/EngineMaterials/Substrate/GLints/dict_16_192_64_0p5_0p02_0005_0009.uasset" 4710
"../../../Engine/Content/EngineMaterials/Substrate/GLints/dict_16_192_64_0p5_0p02_0005_0012.uasset" 4711
"../../../Engine/Content/EngineMaterials/Substrate/GLints/dict_16_192_64_0p5_0p02_0005_0000.uasset" 4712
"../../../Engine/Content/EngineMaterials/Substrate/GLints/dict_16_192_64_0p5_0p02_0004_0006.uasset" 4713
"../../../Engine/Content/EngineMaterials/Substrate/GLints/dict_16_192_64_0p5_0p02_0004_0008.uasset" 4714
"../../../Engine/Content/EngineMaterials/Substrate/GLints/dict_16_192_64_0p5_0p02_0005_0011.uasset" 4715
"../../../Engine/Content/EngineMaterials/Substrate/GLints/dict_16_192_64_0p5_0p02_0005_0005.uasset" 4716
"../../../Engine/Content/EngineMaterials/Substrate/GLints/dict_16_192_64_0p5_0p02_0005_0013.uasset" 4717
"../../../Engine/Content/EngineMaterials/Substrate/GLints/dict_16_192_64_0p5_0p02_0004_0007.uasset" 4718
"/Engine/EngineMaterials/Substrate/GLints/dict_16_192_64_0p5_0p02_0004_0000" 4719
"/Engine/EngineMaterials/Substrate/GLints/dict_16_192_64_0p5_0p02_0003_0015" 4720
"/Engine/EngineMaterials/Substrate/GLints/dict_16_192_64_0p5_0p02_0003_0014" 4721
"../../../Engine/Content/EngineMaterials/Substrate/GLints/dict_16_192_64_0p5_0p02_0005_0014.uasset" 4722
"../../../Engine/Content/EngineMaterials/Substrate/GLints/dict_16_192_64_0p5_0p02_0005_0015.uasset" 4723
"../../../Engine/Content/EngineMaterials/Substrate/GLints/dict_16_192_64_0p5_0p02_0006_0000.uasset" 4724
"/Engine/EngineMaterials/Substrate/GLints/dict_16_192_64_0p5_0p02_0005_0013" 4725
"/Engine/EngineMaterials/Substrate/GLints/dict_16_192_64_0p5_0p02_0005_0012" 4726
"/Engine/EngineMaterials/Substrate/GLints/dict_16_192_64_0p5_0p02_0005_0011" 4727
"/Engine/EngineMaterials/Substrate/GLints/dict_16_192_64_0p5_0p02_0005_0010" 4728
"/Engine/EngineMaterials/Substrate/GLints/dict_16_192_64_0p5_0p02_0005_0009" 4729
"/Engine/EngineMaterials/Substrate/GLints/dict_16_192_64_0p5_0p02_0005_0008" 4730
"/Engine/EngineMaterials/Substrate/GLints/dict_16_192_64_0p5_0p02_0005_0007" 4731
"/Engine/EngineMaterials/Substrate/GLints/dict_16_192_64_0p5_0p02_0005_0006" 4732
"/Engine/EngineMaterials/Substrate/GLints/dict_16_192_64_0p5_0p02_0005_0005" 4733
"/Engine/EngineMaterials/Substrate/GLints/dict_16_192_64_0p5_0p02_0005_0004" 4734
"/Engine/EngineMaterials/Substrate/GLints/dict_16_192_64_0p5_0p02_0005_0003" 4735
"/Engine/EngineMaterials/Substrate/GLints/dict_16_192_64_0p5_0p02_0005_0002" 4736
"/Engine/EngineMaterials/Substrate/GLints/dict_16_192_64_0p5_0p02_0005_0001" 4737
"/Engine/EngineMaterials/Substrate/GLints/dict_16_192_64_0p5_0p02_0005_0000" 4738
"/Engine/EngineMaterials/Substrate/GLints/dict_16_192_64_0p5_0p02_0004_0015" 4739
"/Engine/EngineMaterials/Substrate/GLints/dict_16_192_64_0p5_0p02_0004_0014" 4740
"/Engine/EngineMaterials/Substrate/GLints/dict_16_192_64_0p5_0p02_0004_0013" 4741
"/Engine/EngineMaterials/Substrate/GLints/dict_16_192_64_0p5_0p02_0004_0012" 4742
"/Engine/EngineMaterials/Substrate/GLints/dict_16_192_64_0p5_0p02_0004_0011" 4743
"/Engine/EngineMaterials/Substrate/GLints/dict_16_192_64_0p5_0p02_0004_0010" 4744
"/Engine/EngineMaterials/Substrate/GLints/dict_16_192_64_0p5_0p02_0004_0009" 4745
"/Engine/EngineMaterials/Substrate/GLints/dict_16_192_64_0p5_0p02_0004_0008" 4746
"/Engine/EngineMaterials/Substrate/GLints/dict_16_192_64_0p5_0p02_0004_0007" 4747
"/Engine/EngineMaterials/Substrate/GLints/dict_16_192_64_0p5_0p02_0004_0006" 4748
"/Engine/EngineMaterials/Substrate/GLints/dict_16_192_64_0p5_0p02_0004_0005" 4749
"/Engine/EngineMaterials/Substrate/GLints/dict_16_192_64_0p5_0p02_0004_0004" 4750
"/Engine/EngineMaterials/Substrate/GLints/dict_16_192_64_0p5_0p02_0004_0003" 4751
"/Engine/EngineMaterials/Substrate/GLints/dict_16_192_64_0p5_0p02_0004_0002" 4752
"/Engine/EngineMaterials/Substrate/GLints/dict_16_192_64_0p5_0p02_0004_0001" 4753
"../../../Engine/Content/EngineMaterials/Substrate/GLints/dict_16_192_64_0p5_0p02_0006_0003.uasset" 4754
"../../../Engine/Content/EngineMaterials/Substrate/GLints/dict_16_192_64_0p5_0p02_0006_0004.uasset" 4755
"../../../Engine/Content/EngineMaterials/Substrate/GLints/dict_16_192_64_0p5_0p02_0006_0002.uasset" 4756
"../../../Engine/Content/EngineMaterials/Substrate/GLints/dict_16_192_64_0p5_0p02_0006_0010.uasset" 4757
"../../../Engine/Content/EngineMaterials/Substrate/GLints/dict_16_192_64_0p5_0p02_0006_0008.uasset" 4758
"../../../Engine/Content/EngineMaterials/Substrate/GLints/dict_16_192_64_0p5_0p02_0006_0012.uasset" 4759
"../../../Engine/Content/EngineMaterials/Substrate/GLints/dict_16_192_64_0p5_0p02_0006_0013.uasset" 4760
"../../../Engine/Content/EngineMaterials/Substrate/GLints/dict_16_192_64_0p5_0p02_0006_0006.uasset" 4761
"../../../Engine/Content/EngineMaterials/Substrate/GLints/dict_16_192_64_0p5_0p02_0006_0005.uasset" 4762
"../../../Engine/Content/EngineMaterials/Substrate/GLints/dict_16_192_64_0p5_0p02_0006_0014.uasset" 4763
"../../../Engine/Content/EngineMaterials/Substrate/GLints/dict_16_192_64_0p5_0p02_0006_0007.uasset" 4764
"../../../Engine/Content/EngineMaterials/Substrate/GLints/dict_16_192_64_0p5_0p02_0006_0001.uasset" 4765
"../../../Engine/Content/EngineMaterials/Substrate/GLints/dict_16_192_64_0p5_0p02_0006_0011.uasset" 4766
"../../../Engine/Content/EngineMaterials/Substrate/GLints/dict_16_192_64_0p5_0p02_0006_0009.uasset" 4767
"../../../Engine/Content/EngineMaterials/Substrate/GLints/dict_16_192_64_0p5_0p02_0006_0015.uasset" 4768
"../../../Engine/Content/EngineMaterials/Substrate/GLints/dict_16_192_64_0p5_0p02_0007_0003.uasset" 4769
"../../../Engine/Content/EngineMaterials/Substrate/GLints/dict_16_192_64_0p5_0p02_0007_0000.uasset" 4770
"../../../Engine/Content/EngineMaterials/Substrate/GLints/dict_16_192_64_0p5_0p02_0007_0001.uasset" 4771
"../../../Engine/Content/EngineMaterials/Substrate/GLints/dict_16_192_64_0p5_0p02_0007_0008.uasset" 4772
"../../../Engine/Content/EngineMaterials/Substrate/GLints/dict_16_192_64_0p5_0p02_0007_0005.uasset" 4773
"../../../Engine/Content/EngineMaterials/Substrate/GLints/dict_16_192_64_0p5_0p02_0007_0007.uasset" 4774
"../../../Engine/Content/EngineMaterials/Substrate/GLints/dict_16_192_64_0p5_0p02_0007_0006.uasset" 4775
"../../../Engine/Content/EngineMaterials/Substrate/GLints/dict_16_192_64_0p5_0p02_0007_0009.uasset" 4776
"../../../Engine/Content/EngineMaterials/Substrate/GLints/dict_16_192_64_0p5_0p02_0007_0002.uasset" 4777
"../../../Engine/Content/EngineMaterials/Substrate/GLints/dict_16_192_64_0p5_0p02_0007_0013.uasset" 4778
"../../../Engine/Content/EngineMaterials/Substrate/GLints/dict_16_192_64_0p5_0p02_0007_0012.uasset" 4779
"../../../Engine/Content/EngineMaterials/Substrate/GLints/dict_16_192_64_0p5_0p02_0007_0010.uasset" 4780
"../../../Engine/Content/EngineMaterials/Substrate/GLints/dict_16_192_64_0p5_0p02_0007_0011.uasset" 4781
"../../../Engine/Content/EngineMaterials/Substrate/GLints/dict_16_192_64_0p5_0p02_0007_0004.uasset" 4782
"/Engine/EngineMaterials/Substrate/GLints/dict_16_192_64_0p5_0p02_0007_0013" 4783
"/Engine/EngineMaterials/Substrate/GLints/dict_16_192_64_0p5_0p02_0007_0012" 4784
"/Engine/EngineMaterials/Substrate/GLints/dict_16_192_64_0p5_0p02_0007_0011" 4785
"/Engine/EngineMaterials/Substrate/GLints/dict_16_192_64_0p5_0p02_0007_0010" 4786
"/Engine/EngineMaterials/Substrate/GLints/dict_16_192_64_0p5_0p02_0007_0009" 4787
"/Engine/EngineMaterials/Substrate/GLints/dict_16_192_64_0p5_0p02_0007_0008" 4788
"/Engine/EngineMaterials/Substrate/GLints/dict_16_192_64_0p5_0p02_0007_0007" 4789
"/Engine/EngineMaterials/Substrate/GLints/dict_16_192_64_0p5_0p02_0007_0006" 4790
"/Engine/EngineMaterials/Substrate/GLints/dict_16_192_64_0p5_0p02_0007_0005" 4791
"/Engine/EngineMaterials/Substrate/GLints/dict_16_192_64_0p5_0p02_0007_0004" 4792
"/Engine/EngineMaterials/Substrate/GLints/dict_16_192_64_0p5_0p02_0007_0003" 4793
"/Engine/EngineMaterials/Substrate/GLints/dict_16_192_64_0p5_0p02_0007_0002" 4794
"/Engine/EngineMaterials/Substrate/GLints/dict_16_192_64_0p5_0p02_0007_0001" 4795
"/Engine/EngineMaterials/Substrate/GLints/dict_16_192_64_0p5_0p02_0007_0000" 4796
"/Engine/EngineMaterials/Substrate/GLints/dict_16_192_64_0p5_0p02_0006_0015" 4797
"/Engine/EngineMaterials/Substrate/GLints/dict_16_192_64_0p5_0p02_0006_0014" 4798
"/Engine/EngineMaterials/Substrate/GLints/dict_16_192_64_0p5_0p02_0006_0013" 4799
"/Engine/EngineMaterials/Substrate/GLints/dict_16_192_64_0p5_0p02_0006_0012" 4800
"/Engine/EngineMaterials/Substrate/GLints/dict_16_192_64_0p5_0p02_0006_0011" 4801
"/Engine/EngineMaterials/Substrate/GLints/dict_16_192_64_0p5_0p02_0006_0010" 4802
"/Engine/EngineMaterials/Substrate/GLints/dict_16_192_64_0p5_0p02_0006_0009" 4803
"/Engine/EngineMaterials/Substrate/GLints/dict_16_192_64_0p5_0p02_0006_0008" 4804
"/Engine/EngineMaterials/Substrate/GLints/dict_16_192_64_0p5_0p02_0006_0007" 4805
"/Engine/EngineMaterials/Substrate/GLints/dict_16_192_64_0p5_0p02_0006_0006" 4806
"/Engine/EngineMaterials/Substrate/GLints/dict_16_192_64_0p5_0p02_0006_0005" 4807
"/Engine/EngineMaterials/Substrate/GLints/dict_16_192_64_0p5_0p02_0006_0004" 4808
"/Engine/EngineMaterials/Substrate/GLints/dict_16_192_64_0p5_0p02_0006_0003" 4809
"/Engine/EngineMaterials/Substrate/GLints/dict_16_192_64_0p5_0p02_0006_0002" 4810
"/Engine/EngineMaterials/Substrate/GLints/dict_16_192_64_0p5_0p02_0006_0000" 4811
"/Engine/EngineMaterials/Substrate/GLints/dict_16_192_64_0p5_0p02_0005_0015" 4812
"/Engine/EngineMaterials/Substrate/GLints/dict_16_192_64_0p5_0p02_0005_0014" 4813
"/Engine/EngineMaterials/Substrate/GLints/dict_16_192_64_0p5_0p02_0006_0001" 4814
"../../../Engine/Content/EngineMaterials/Substrate/GLints/dict_16_192_64_0p5_0p02_0008_0002.uasset" 4815
"../../../Engine/Content/EngineMaterials/Substrate/GLints/dict_16_192_64_0p5_0p02_0008_0005.uasset" 4816
"../../../Engine/Content/EngineMaterials/Substrate/GLints/dict_16_192_64_0p5_0p02_0008_0010.uasset" 4817
"../../../Engine/Content/EngineMaterials/Substrate/GLints/dict_16_192_64_0p5_0p02_0008_0007.uasset" 4818
"../../../Engine/Content/EngineMaterials/Substrate/GLints/dict_16_192_64_0p5_0p02_0008_0012.uasset" 4819
"../../../Engine/Content/EngineMaterials/Substrate/GLints/dict_16_192_64_0p5_0p02_0008_0006.uasset" 4820
"../../../Engine/Content/EngineMaterials/Substrate/GLints/dict_16_192_64_0p5_0p02_0007_0015.uasset" 4821
"../../../Engine/Content/EngineMaterials/Substrate/GLints/dict_16_192_64_0p5_0p02_0008_0008.uasset" 4822
"../../../Engine/Content/EngineMaterials/Substrate/GLints/dict_16_192_64_0p5_0p02_0008_0003.uasset" 4823
"../../../Engine/Content/EngineMaterials/Substrate/GLints/dict_16_192_64_0p5_0p02_0008_0011.uasset" 4824
"../../../Engine/Content/EngineMaterials/Substrate/GLints/dict_16_192_64_0p5_0p02_0007_0014.uasset" 4825
"../../../Engine/Content/EngineMaterials/Substrate/GLints/dict_16_192_64_0p5_0p02_0008_0001.uasset" 4826
"../../../Engine/Content/EngineMaterials/Substrate/GLints/dict_16_192_64_0p5_0p02_0008_0000.uasset" 4827
"../../../Engine/Content/EngineMaterials/Substrate/GLints/dict_16_192_64_0p5_0p02_0009_0001.uasset" 4828
"../../../Engine/Content/EngineMaterials/Substrate/GLints/dict_16_192_64_0p5_0p02_0009_0000.uasset" 4829
"../../../Engine/Content/EngineMaterials/Substrate/GLints/dict_16_192_64_0p5_0p02_0008_0014.uasset" 4830
"../../../Engine/Content/EngineMaterials/Substrate/GLints/dict_16_192_64_0p5_0p02_0008_0013.uasset" 4831
"../../../Engine/Content/EngineMaterials/Substrate/GLints/dict_16_192_64_0p5_0p02_0009_0002.uasset" 4832
"../../../Engine/Content/EngineMaterials/Substrate/GLints/dict_16_192_64_0p5_0p02_0009_0003.uasset" 4833
"../../../Engine/Content/EngineMaterials/Substrate/GLints/dict_16_192_64_0p5_0p02_0009_0004.uasset" 4834
"../../../Engine/Content/EngineMaterials/Substrate/GLints/dict_16_192_64_0p5_0p02_0009_0008.uasset" 4835
"../../../Engine/Content/EngineMaterials/Substrate/GLints/dict_16_192_64_0p5_0p02_0009_0010.uasset" 4836
"../../../Engine/Content/EngineMaterials/Substrate/GLints/dict_16_192_64_0p5_0p02_0009_0007.uasset" 4837
"../../../Engine/Content/EngineMaterials/Substrate/GLints/dict_16_192_64_0p5_0p02_0009_0012.uasset" 4838
"../../../Engine/Content/EngineMaterials/Substrate/GLints/dict_16_192_64_0p5_0p02_0008_0009.uasset" 4839
"../../../Engine/Content/EngineMaterials/Substrate/GLints/dict_16_192_64_0p5_0p02_0009_0006.uasset" 4840
"../../../Engine/Content/EngineMaterials/Substrate/GLints/dict_16_192_64_0p5_0p02_0008_0015.uasset" 4841
"../../../Engine/Content/EngineMaterials/Substrate/GLints/dict_16_192_64_0p5_0p02_0009_0009.uasset" 4842
"../../../Engine/Content/EngineMaterials/Substrate/GLints/dict_16_192_64_0p5_0p02_0009_0005.uasset" 4843
"../../../Engine/Content/EngineMaterials/Substrate/GLints/dict_16_192_64_0p5_0p02_0008_0004.uasset" 4844
"../../../Engine/Content/EngineMaterials/Substrate/GLints/dict_16_192_64_0p5_0p02_0009_0011.uasset" 4845
"../../../Engine/Content/EngineMaterials/Substrate/GLints/dict_16_192_64_0p5_0p02_0009_0013.uasset" 4846
"/Engine/EngineMaterials/Substrate/GLints/dict_16_192_64_0p5_0p02_0009_0013" 4847
"/Engine/EngineMaterials/Substrate/GLints/dict_16_192_64_0p5_0p02_0009_0012" 4848
"/Engine/EngineMaterials/Substrate/GLints/dict_16_192_64_0p5_0p02_0009_0011" 4849
"/Engine/EngineMaterials/Substrate/GLints/dict_16_192_64_0p5_0p02_0009_0010" 4850
"/Engine/EngineMaterials/Substrate/GLints/dict_16_192_64_0p5_0p02_0009_0009" 4851
"/Engine/EngineMaterials/Substrate/GLints/dict_16_192_64_0p5_0p02_0009_0008" 4852
"/Engine/EngineMaterials/Substrate/GLints/dict_16_192_64_0p5_0p02_0009_0007" 4853
"/Engine/EngineMaterials/Substrate/GLints/dict_16_192_64_0p5_0p02_0009_0006" 4854
"/Engine/EngineMaterials/Substrate/GLints/dict_16_192_64_0p5_0p02_0009_0005" 4855
"/Engine/EngineMaterials/Substrate/GLints/dict_16_192_64_0p5_0p02_0009_0004" 4856
"/Engine/EngineMaterials/Substrate/GLints/dict_16_192_64_0p5_0p02_0009_0003" 4857
"/Engine/EngineMaterials/Substrate/GLints/dict_16_192_64_0p5_0p02_0009_0002" 4858
"/Engine/EngineMaterials/Substrate/GLints/dict_16_192_64_0p5_0p02_0009_0001" 4859
"/Engine/EngineMaterials/Substrate/GLints/dict_16_192_64_0p5_0p02_0009_0000" 4860
"/Engine/EngineMaterials/Substrate/GLints/dict_16_192_64_0p5_0p02_0008_0015" 4861
"/Engine/EngineMaterials/Substrate/GLints/dict_16_192_64_0p5_0p02_0008_0014" 4862
"/Engine/EngineMaterials/Substrate/GLints/dict_16_192_64_0p5_0p02_0008_0013" 4863
"/Engine/EngineMaterials/Substrate/GLints/dict_16_192_64_0p5_0p02_0008_0012" 4864
"/Engine/EngineMaterials/Substrate/GLints/dict_16_192_64_0p5_0p02_0008_0011" 4865
"/Engine/EngineMaterials/Substrate/GLints/dict_16_192_64_0p5_0p02_0008_0010" 4866
"/Engine/EngineMaterials/Substrate/GLints/dict_16_192_64_0p5_0p02_0008_0009" 4867
"/Engine/EngineMaterials/Substrate/GLints/dict_16_192_64_0p5_0p02_0008_0008" 4868
"/Engine/EngineMaterials/Substrate/GLints/dict_16_192_64_0p5_0p02_0008_0007" 4869
"/Engine/EngineMaterials/Substrate/GLints/dict_16_192_64_0p5_0p02_0008_0006" 4870
"/Engine/EngineMaterials/Substrate/GLints/dict_16_192_64_0p5_0p02_0008_0005" 4871
"/Engine/EngineMaterials/Substrate/GLints/dict_16_192_64_0p5_0p02_0008_0004" 4872
"/Engine/EngineMaterials/Substrate/GLints/dict_16_192_64_0p5_0p02_0008_0003" 4873
"/Engine/EngineMaterials/Substrate/GLints/dict_16_192_64_0p5_0p02_0008_0002" 4874
"/Engine/EngineMaterials/Substrate/GLints/dict_16_192_64_0p5_0p02_0008_0001" 4875
"/Engine/EngineMaterials/Substrate/GLints/dict_16_192_64_0p5_0p02_0008_0000" 4876
"/Engine/EngineMaterials/Substrate/GLints/dict_16_192_64_0p5_0p02_0007_0015" 4877
"/Engine/EngineMaterials/Substrate/GLints/dict_16_192_64_0p5_0p02_0007_0014" 4878
"../../../Engine/Content/EngineMaterials/Substrate/GLints/dict_16_192_64_0p5_0p02_0009_0015.uasset" 4879
"../../../Engine/Content/EngineMaterials/Substrate/GLints/dict_16_192_64_0p5_0p02_0010_0008.uasset" 4880
"../../../Engine/Content/EngineMaterials/Substrate/GLints/dict_16_192_64_0p5_0p02_0010_0001.uasset" 4881
"../../../Engine/Content/EngineMaterials/Substrate/GLints/dict_16_192_64_0p5_0p02_0010_0003.uasset" 4882
"../../../Engine/Content/EngineMaterials/Substrate/GLints/dict_16_192_64_0p5_0p02_0010_0011.uasset" 4883
"../../../Engine/Content/EngineMaterials/Substrate/GLints/dict_16_192_64_0p5_0p02_0009_0014.uasset" 4884
"../../../Engine/Content/EngineMaterials/Substrate/GLints/dict_16_192_64_0p5_0p02_0010_0013.uasset" 4885
"../../../Engine/Content/EngineMaterials/Substrate/GLints/dict_16_192_64_0p5_0p02_0010_0005.uasset" 4886
"../../../Engine/Content/EngineMaterials/Substrate/GLints/dict_16_192_64_0p5_0p02_0010_0000.uasset" 4887
"../../../Engine/Content/EngineMaterials/Substrate/GLints/dict_16_192_64_0p5_0p02_0011_0000.uasset" 4888
"../../../Engine/Content/EngineMaterials/Substrate/GLints/dict_16_192_64_0p5_0p02_0011_0002.uasset" 4889
"../../../Engine/Content/EngineMaterials/Substrate/GLints/dict_16_192_64_0p5_0p02_0011_0001.uasset" 4890
"../../../Engine/Content/EngineMaterials/Substrate/GLints/dict_16_192_64_0p5_0p02_0011_0004.uasset" 4891
"../../../Engine/Content/EngineMaterials/Substrate/GLints/dict_16_192_64_0p5_0p02_0010_0007.uasset" 4892
"../../../Engine/Content/EngineMaterials/Substrate/GLints/dict_16_192_64_0p5_0p02_0011_0003.uasset" 4893
"../../../Engine/Content/EngineMaterials/Substrate/GLints/dict_16_192_64_0p5_0p02_0011_0007.uasset" 4894
"../../../Engine/Content/EngineMaterials/Substrate/GLints/dict_16_192_64_0p5_0p02_0011_0005.uasset" 4895
"../../../Engine/Content/EngineMaterials/Substrate/GLints/dict_16_192_64_0p5_0p02_0011_0006.uasset" 4896
"../../../Engine/Content/EngineMaterials/Substrate/GLints/dict_16_192_64_0p5_0p02_0011_0008.uasset" 4897
"../../../Engine/Content/EngineMaterials/Substrate/GLints/dict_16_192_64_0p5_0p02_0011_0010.uasset" 4898
"../../../Engine/Content/EngineMaterials/Substrate/GLints/dict_16_192_64_0p5_0p02_0010_0009.uasset" 4899
"../../../Engine/Content/EngineMaterials/Substrate/GLints/dict_16_192_64_0p5_0p02_0011_0012.uasset" 4900
"../../../Engine/Content/EngineMaterials/Substrate/GLints/dict_16_192_64_0p5_0p02_0011_0011.uasset" 4901
"../../../Engine/Content/EngineMaterials/Substrate/GLints/dict_16_192_64_0p5_0p02_0010_0004.uasset" 4902
"../../../Engine/Content/EngineMaterials/Substrate/GLints/dict_16_192_64_0p5_0p02_0011_0013.uasset" 4903
"../../../Engine/Content/EngineMaterials/Substrate/GLints/dict_16_192_64_0p5_0p02_0010_0010.uasset" 4904
"../../../Engine/Content/EngineMaterials/Substrate/GLints/dict_16_192_64_0p5_0p02_0010_0012.uasset" 4905
"../../../Engine/Content/EngineMaterials/Substrate/GLints/dict_16_192_64_0p5_0p02_0010_0002.uasset" 4906
"../../../Engine/Content/EngineMaterials/Substrate/GLints/dict_16_192_64_0p5_0p02_0010_0015.uasset" 4907
"../../../Engine/Content/EngineMaterials/Substrate/GLints/dict_16_192_64_0p5_0p02_0010_0006.uasset" 4908
"../../../Engine/Content/EngineMaterials/Substrate/GLints/dict_16_192_64_0p5_0p02_0011_0009.uasset" 4909
"../../../Engine/Content/EngineMaterials/Substrate/GLints/dict_16_192_64_0p5_0p02_0010_0014.uasset" 4910
"/Engine/EngineMaterials/Substrate/GLints/dict_16_192_64_0p5_0p02_0011_0013" 4911
"/Engine/EngineMaterials/Substrate/GLints/dict_16_192_64_0p5_0p02_0011_0012" 4912
"/Engine/EngineMaterials/Substrate/GLints/dict_16_192_64_0p5_0p02_0011_0011" 4913
"/Engine/EngineMaterials/Substrate/GLints/dict_16_192_64_0p5_0p02_0011_0010" 4914
"/Engine/EngineMaterials/Substrate/GLints/dict_16_192_64_0p5_0p02_0011_0009" 4915
"/Engine/EngineMaterials/Substrate/GLints/dict_16_192_64_0p5_0p02_0011_0008" 4916
"/Engine/EngineMaterials/Substrate/GLints/dict_16_192_64_0p5_0p02_0011_0007" 4917
"/Engine/EngineMaterials/Substrate/GLints/dict_16_192_64_0p5_0p02_0011_0006" 4918
"/Engine/EngineMaterials/Substrate/GLints/dict_16_192_64_0p5_0p02_0011_0005" 4919
"/Engine/EngineMaterials/Substrate/GLints/dict_16_192_64_0p5_0p02_0011_0004" 4920
"/Engine/EngineMaterials/Substrate/GLints/dict_16_192_64_0p5_0p02_0011_0003" 4921
"/Engine/EngineMaterials/Substrate/GLints/dict_16_192_64_0p5_0p02_0011_0002" 4922
"/Engine/EngineMaterials/Substrate/GLints/dict_16_192_64_0p5_0p02_0011_0001" 4923
"/Engine/EngineMaterials/Substrate/GLints/dict_16_192_64_0p5_0p02_0011_0000" 4924
"/Engine/EngineMaterials/Substrate/GLints/dict_16_192_64_0p5_0p02_0010_0015" 4925
"/Engine/EngineMaterials/Substrate/GLints/dict_16_192_64_0p5_0p02_0010_0014" 4926
"/Engine/EngineMaterials/Substrate/GLints/dict_16_192_64_0p5_0p02_0010_0013" 4927
"/Engine/EngineMaterials/Substrate/GLints/dict_16_192_64_0p5_0p02_0010_0012" 4928
"/Engine/EngineMaterials/Substrate/GLints/dict_16_192_64_0p5_0p02_0010_0011" 4929
"/Engine/EngineMaterials/Substrate/GLints/dict_16_192_64_0p5_0p02_0010_0010" 4930
"/Engine/EngineMaterials/Substrate/GLints/dict_16_192_64_0p5_0p02_0010_0009" 4931
"/Engine/EngineMaterials/Substrate/GLints/dict_16_192_64_0p5_0p02_0010_0008" 4932
"/Engine/EngineMaterials/Substrate/GLints/dict_16_192_64_0p5_0p02_0010_0007" 4933
"/Engine/EngineMaterials/Substrate/GLints/dict_16_192_64_0p5_0p02_0010_0006" 4934
"/Engine/EngineMaterials/Substrate/GLints/dict_16_192_64_0p5_0p02_0010_0005" 4935
"/Engine/EngineMaterials/Substrate/GLints/dict_16_192_64_0p5_0p02_0010_0004" 4936
"/Engine/EngineMaterials/Substrate/GLints/dict_16_192_64_0p5_0p02_0010_0003" 4937
"/Engine/EngineMaterials/Substrate/GLints/dict_16_192_64_0p5_0p02_0010_0002" 4938
"/Engine/EngineMaterials/Substrate/GLints/dict_16_192_64_0p5_0p02_0010_0001" 4939
"/Engine/EngineMaterials/Substrate/GLints/dict_16_192_64_0p5_0p02_0010_0000" 4940
"/Engine/EngineMaterials/Substrate/GLints/dict_16_192_64_0p5_0p02_0009_0015" 4941
"/Engine/EngineMaterials/Substrate/GLints/dict_16_192_64_0p5_0p02_0009_0014" 4942
"../../../Engine/Content/EngineMaterials/Substrate/GLints/dict_16_192_64_0p5_0p02_0011_0014.uasset" 4943
"../../../Engine/Content/EngineMaterials/Substrate/GLints/dict_16_192_64_0p5_0p02_0012_0003.uasset" 4944
"../../../Engine/Content/EngineMaterials/Substrate/GLints/dict_16_192_64_0p5_0p02_0011_0015.uasset" 4945
"../../../Engine/Content/EngineMaterials/Substrate/GLints/dict_16_192_64_0p5_0p02_0012_0005.uasset" 4946
"../../../Engine/Content/EngineMaterials/Substrate/GLints/dict_16_192_64_0p5_0p02_0012_0006.uasset" 4947
"../../../Engine/Content/EngineMaterials/Substrate/GLints/dict_16_192_64_0p5_0p02_0012_0007.uasset" 4948
"../../../Engine/Content/EngineMaterials/Substrate/GLints/dict_16_192_64_0p5_0p02_0012_0008.uasset" 4949
"/Engine/EngineMaterials/Substrate/GLints/dict_16_192_64_0p5_0p02_0011_0014" 4950
"../../../Engine/Content/EngineMaterials/Substrate/GLints/dict_16_192_64_0p5_0p02_0012_0012.uasset" 4951
"../../../Engine/Content/EngineMaterials/Substrate/GLints/dict_16_192_64_0p5_0p02_0012_0001.uasset" 4952
"../../../Engine/Content/EngineMaterials/Substrate/GLints/dict_16_192_64_0p5_0p02_0012_0009.uasset" 4953
"../../../Engine/Content/EngineMaterials/Substrate/GLints/dict_16_192_64_0p5_0p02_0012_0010.uasset" 4954
"../../../Engine/Content/EngineMaterials/Substrate/GLints/dict_16_192_64_0p5_0p02_0012_0011.uasset" 4955
"../../../Engine/Content/EngineMaterials/Substrate/GLints/dict_16_192_64_0p5_0p02_0012_0004.uasset" 4956
"../../../Engine/Content/EngineMaterials/Substrate/GLints/dict_16_192_64_0p5_0p02_0012_0015.uasset" 4957
"../../../Engine/Content/EngineMaterials/Substrate/GLints/dict_16_192_64_0p5_0p02_0012_0000.uasset" 4958
"../../../Engine/Content/EngineMaterials/Substrate/GLints/dict_16_192_64_0p5_0p02_0012_0013.uasset" 4959
"../../../Engine/Content/EngineMaterials/Substrate/GLints/dict_16_192_64_0p5_0p02_0013_0005.uasset" 4960
"../../../Engine/Content/EngineMaterials/Substrate/GLints/dict_16_192_64_0p5_0p02_0012_0014.uasset" 4961
"../../../Engine/Content/EngineMaterials/Substrate/GLints/dict_16_192_64_0p5_0p02_0013_0002.uasset" 4962
"../../../Engine/Content/EngineMaterials/Substrate/GLints/dict_16_192_64_0p5_0p02_0013_0006.uasset" 4963
"../../../Engine/Content/EngineMaterials/Substrate/GLints/dict_16_192_64_0p5_0p02_0012_0002.uasset" 4964
"../../../Engine/Content/EngineMaterials/Substrate/GLints/dict_16_192_64_0p5_0p02_0013_0008.uasset" 4965
"../../../Engine/Content/EngineMaterials/Substrate/GLints/dict_16_192_64_0p5_0p02_0013_0004.uasset" 4966
"../../../Engine/Content/EngineMaterials/Substrate/GLints/dict_16_192_64_0p5_0p02_0013_0001.uasset" 4967
"../../../Engine/Content/EngineMaterials/Substrate/GLints/dict_16_192_64_0p5_0p02_0013_0007.uasset" 4968
"../../../Engine/Content/EngineMaterials/Substrate/GLints/dict_16_192_64_0p5_0p02_0013_0010.uasset" 4969
"../../../Engine/Content/EngineMaterials/Substrate/GLints/dict_16_192_64_0p5_0p02_0013_0009.uasset" 4970
"../../../Engine/Content/EngineMaterials/Substrate/GLints/dict_16_192_64_0p5_0p02_0013_0011.uasset" 4971
"../../../Engine/Content/EngineMaterials/Substrate/GLints/dict_16_192_64_0p5_0p02_0013_0000.uasset" 4972
"../../../Engine/Content/EngineMaterials/Substrate/GLints/dict_16_192_64_0p5_0p02_0013_0003.uasset" 4973
"../../../Engine/Content/EngineMaterials/Substrate/GLints/dict_16_192_64_0p5_0p02_0013_0012.uasset" 4974
"../../../Engine/Content/EngineMaterials/Substrate/GLints/dict_16_192_64_0p5_0p02_0013_0013.uasset" 4975
"../../../Engine/Content/EngineMaterials/Substrate/GLints/dict_16_192_64_0p5_0p02_0013_0014.uasset" 4976
"/Engine/EngineMaterials/Substrate/GLints/dict_16_192_64_0p5_0p02_0013_0011" 4977
"/Engine/EngineMaterials/Substrate/GLints/dict_16_192_64_0p5_0p02_0013_0010" 4978
"/Engine/EngineMaterials/Substrate/GLints/dict_16_192_64_0p5_0p02_0013_0009" 4979
"/Engine/EngineMaterials/Substrate/GLints/dict_16_192_64_0p5_0p02_0013_0008" 4980
"/Engine/EngineMaterials/Substrate/GLints/dict_16_192_64_0p5_0p02_0013_0007" 4981
"/Engine/EngineMaterials/Substrate/GLints/dict_16_192_64_0p5_0p02_0013_0006" 4982
"/Engine/EngineMaterials/Substrate/GLints/dict_16_192_64_0p5_0p02_0013_0005" 4983
"/Engine/EngineMaterials/Substrate/GLints/dict_16_192_64_0p5_0p02_0013_0004" 4984
"/Engine/EngineMaterials/Substrate/GLints/dict_16_192_64_0p5_0p02_0013_0003" 4985
"/Engine/EngineMaterials/Substrate/GLints/dict_16_192_64_0p5_0p02_0013_0002" 4986
"/Engine/EngineMaterials/Substrate/GLints/dict_16_192_64_0p5_0p02_0013_0001" 4987
"/Engine/EngineMaterials/Substrate/GLints/dict_16_192_64_0p5_0p02_0013_0000" 4988
"/Engine/EngineMaterials/Substrate/GLints/dict_16_192_64_0p5_0p02_0012_0015" 4989
"/Engine/EngineMaterials/Substrate/GLints/dict_16_192_64_0p5_0p02_0012_0014" 4990
"/Engine/EngineMaterials/Substrate/GLints/dict_16_192_64_0p5_0p02_0012_0013" 4991
"/Engine/EngineMaterials/Substrate/GLints/dict_16_192_64_0p5_0p02_0012_0012" 4992
"/Engine/EngineMaterials/Substrate/GLints/dict_16_192_64_0p5_0p02_0012_0011" 4993
"/Engine/EngineMaterials/Substrate/GLints/dict_16_192_64_0p5_0p02_0012_0010" 4994
"/Engine/EngineMaterials/Substrate/GLints/dict_16_192_64_0p5_0p02_0012_0009" 4995
"/Engine/EngineMaterials/Substrate/GLints/dict_16_192_64_0p5_0p02_0012_0008" 4996
"/Engine/EngineMaterials/Substrate/GLints/dict_16_192_64_0p5_0p02_0012_0007" 4997
"/Engine/EngineMaterials/Substrate/GLints/dict_16_192_64_0p5_0p02_0012_0006" 4998
"/Engine/EngineMaterials/Substrate/GLints/dict_16_192_64_0p5_0p02_0012_0005" 4999
"/Engine/EngineMaterials/Substrate/GLints/dict_16_192_64_0p5_0p02_0012_0004" 5000
"/Engine/EngineMaterials/Substrate/GLints/dict_16_192_64_0p5_0p02_0012_0003" 5001
"/Engine/EngineMaterials/Substrate/GLints/dict_16_192_64_0p5_0p02_0012_0002" 5002
"/Engine/EngineMaterials/Substrate/GLints/dict_16_192_64_0p5_0p02_0012_0001" 5003
"/Engine/EngineMaterials/Substrate/GLints/dict_16_192_64_0p5_0p02_0012_0000" 5004
"/Engine/EngineMaterials/Substrate/GLints/dict_16_192_64_0p5_0p02_0011_0015" 5005
"/Engine/EngineMaterials/Substrate/GLints/dict_16_192_64_0p5_0p02_0013_0014" 5006
"../../../Engine/Content/EngineMaterials/Substrate/GLints/dict_16_192_64_0p5_0p02_0014_0005.uasset" 5007
"../../../Engine/Content/EngineMaterials/Substrate/GLints/dict_16_192_64_0p5_0p02_0014_0001.uasset" 5008
"../../../Engine/Content/EngineMaterials/Substrate/GLints/dict_16_192_64_0p5_0p02_0014_0006.uasset" 5009
"../../../Engine/Content/EngineMaterials/Substrate/GLints/dict_16_192_64_0p5_0p02_0014_0010.uasset" 5010
"../../../Engine/Content/EngineMaterials/Substrate/GLints/dict_16_192_64_0p5_0p02_0014_0015.uasset" 5011
"../../../Engine/Content/EngineMaterials/Substrate/GLints/dict_16_192_64_0p5_0p02_0014_0014.uasset" 5012
"../../../Engine/Content/EngineMaterials/Substrate/GLints/dict_16_192_64_0p5_0p02_0014_0002.uasset" 5013
"../../../Engine/Content/EngineMaterials/Substrate/GLints/dict_16_192_64_0p5_0p02_0013_0015.uasset" 5014
"../../../Engine/Content/EngineMaterials/Substrate/GLints/dict_16_192_64_0p5_0p02_0014_0003.uasset" 5015
"../../../Engine/Content/EngineMaterials/Substrate/GLints/dict_16_192_64_0p5_0p02_0015_0000.uasset" 5016
"../../../Engine/Content/EngineMaterials/Substrate/GLints/dict_16_192_64_0p5_0p02_0014_0012.uasset" 5017
"../../../Engine/Content/EngineMaterials/Substrate/GLints/dict_16_192_64_0p5_0p02_0014_0007.uasset" 5018
"../../../Engine/Content/EngineMaterials/Substrate/GLints/dict_16_192_64_0p5_0p02_0015_0002.uasset" 5019
"../../../Engine/Content/EngineMaterials/Substrate/GLints/dict_16_192_64_0p5_0p02_0014_0009.uasset" 5020
"../../../Engine/Content/EngineMaterials/Substrate/GLints/dict_16_192_64_0p5_0p02_0015_0001.uasset" 5021
"../../../Engine/Content/EngineMaterials/Substrate/GLints/dict_16_192_64_0p5_0p02_0015_0003.uasset" 5022
"../../../Engine/Content/EngineMaterials/Substrate/GLints/dict_16_192_64_0p5_0p02_0015_0006.uasset" 5023
"../../../Engine/Content/EngineMaterials/Substrate/GLints/dict_16_192_64_0p5_0p02_0014_0008.uasset" 5024
"../../../Engine/Content/EngineMaterials/Substrate/GLints/dict_16_192_64_0p5_0p02_0015_0005.uasset" 5025
"../../../Engine/Content/EngineMaterials/Substrate/GLints/dict_16_192_64_0p5_0p02_0015_0008.uasset" 5026
"../../../Engine/Content/EngineMaterials/Substrate/GLints/dict_16_192_64_0p5_0p02_0014_0011.uasset" 5027
"../../../Engine/Content/EngineMaterials/Substrate/GLints/dict_16_192_64_0p5_0p02_0015_0009.uasset" 5028
"../../../Engine/Content/EngineMaterials/Substrate/GLints/dict_16_192_64_0p5_0p02_0014_0000.uasset" 5029
"../../../Engine/Content/EngineMaterials/Substrate/GLints/dict_16_192_64_0p5_0p02_0015_0004.uasset" 5030
"../../../Engine/Content/EngineMaterials/Substrate/GLints/dict_16_192_64_0p5_0p02_0015_0012.uasset" 5031
"../../../Engine/Content/EngineMaterials/Substrate/GLints/dict_16_192_64_0p5_0p02_0014_0004.uasset" 5032
"../../../Engine/Content/EngineMaterials/Substrate/GLints/dict_16_192_64_0p5_0p02_0015_0010.uasset" 5033
"../../../Engine/Content/EngineMaterials/Substrate/GLints/dict_16_192_64_0p5_0p02_0014_0013.uasset" 5034
"../../../Engine/Content/EngineMaterials/Substrate/GLints/dict_16_192_64_0p5_0p02_0015_0007.uasset" 5035
"/Engine/EngineMaterials/Substrate/GLints/dict_16_192_64_0p5_0p02_0013_0013" 5036
"../../../Engine/Content/EngineMaterials/Substrate/GLints/dict_16_192_64_0p5_0p02_0015_0011.uasset" 5037
"/Engine/EngineMaterials/Substrate/GLints/dict_16_192_64_0p5_0p02_0013_0012" 5038
"../../../Engine/Content/EngineMaterials/Substrate/GLints/dict_16_192_64_0p5_0p02_0015_0014.uasset" 5039
"../../../Engine/Content/EngineMaterials/Substrate/GLints/dict_16_192_64_0p5_0p02_0015_0013.uasset" 5040
"/Engine/EngineMaterials/Substrate/GLints/dict_16_192_64_0p5_0p02_0015_0012" 5041
"/Engine/EngineMaterials/Substrate/GLints/dict_16_192_64_0p5_0p02_0015_0011" 5042
"/Engine/EngineMaterials/Substrate/GLints/dict_16_192_64_0p5_0p02_0015_0010" 5043
"/Engine/EngineMaterials/Substrate/GLints/dict_16_192_64_0p5_0p02_0015_0009" 5044
"/Engine/EngineMaterials/Substrate/GLints/dict_16_192_64_0p5_0p02_0015_0008" 5045
"/Engine/EngineMaterials/Substrate/GLints/dict_16_192_64_0p5_0p02_0015_0007" 5046
"/Engine/EngineMaterials/Substrate/GLints/dict_16_192_64_0p5_0p02_0015_0006" 5047
"/Engine/EngineMaterials/Substrate/GLints/dict_16_192_64_0p5_0p02_0015_0005" 5048
"/Engine/EngineMaterials/Substrate/GLints/dict_16_192_64_0p5_0p02_0015_0004" 5049
"/Engine/EngineMaterials/Substrate/GLints/dict_16_192_64_0p5_0p02_0015_0003" 5050
"/Engine/EngineMaterials/Substrate/GLints/dict_16_192_64_0p5_0p02_0015_0002" 5051
"/Engine/EngineMaterials/Substrate/GLints/dict_16_192_64_0p5_0p02_0015_0001" 5052
"/Engine/EngineMaterials/Substrate/GLints/dict_16_192_64_0p5_0p02_0015_0000" 5053
"/Engine/EngineMaterials/Substrate/GLints/dict_16_192_64_0p5_0p02_0014_0015" 5054
"/Engine/EngineMaterials/Substrate/GLints/dict_16_192_64_0p5_0p02_0014_0014" 5055
"/Engine/EngineMaterials/Substrate/GLints/dict_16_192_64_0p5_0p02_0014_0013" 5056
"/Engine/EngineMaterials/Substrate/GLints/dict_16_192_64_0p5_0p02_0014_0012" 5057
"/Engine/EngineMaterials/Substrate/GLints/dict_16_192_64_0p5_0p02_0014_0011" 5058
"/Engine/EngineMaterials/Substrate/GLints/dict_16_192_64_0p5_0p02_0014_0010" 5059
"/Engine/EngineMaterials/Substrate/GLints/dict_16_192_64_0p5_0p02_0014_0009" 5060
"/Engine/EngineMaterials/Substrate/GLints/dict_16_192_64_0p5_0p02_0014_0008" 5061
"/Engine/EngineMaterials/Substrate/GLints/dict_16_192_64_0p5_0p02_0014_0007" 5062
"/Engine/EngineMaterials/Substrate/GLints/dict_16_192_64_0p5_0p02_0014_0006" 5063
"/Engine/EngineMaterials/Substrate/GLints/dict_16_192_64_0p5_0p02_0014_0005" 5064
"/Engine/EngineMaterials/Substrate/GLints/dict_16_192_64_0p5_0p02_0014_0004" 5065
"/Engine/EngineMaterials/Substrate/GLints/dict_16_192_64_0p5_0p02_0014_0003" 5066
"/Engine/EngineMaterials/Substrate/GLints/dict_16_192_64_0p5_0p02_0014_0002" 5067
"/Engine/EngineMaterials/Substrate/GLints/dict_16_192_64_0p5_0p02_0014_0001" 5068
"/Engine/EngineMaterials/Substrate/GLints/dict_16_192_64_0p5_0p02_0014_0000" 5069
"/Engine/EngineMaterials/Substrate/GLints/dict_16_192_64_0p5_0p02_0013_0015" 5070
"../../../Engine/Content/EngineMaterials/Substrate/GLints/dict_16_192_64_0p5_0p02_0016_0004.uasset" 5071
"../../../Engine/Content/EngineMaterials/Substrate/GLints/dict_16_192_64_0p5_0p02_0016_0001.uasset" 5072
"../../../Engine/Content/EngineMaterials/Substrate/GLints/dict_16_192_64_0p5_0p02_0016_0003.uasset" 5073
"../../../Engine/Content/EngineMaterials/Substrate/GLints/dict_16_192_64_0p5_0p02_0016_0007.uasset" 5074
"../../../Engine/Content/EngineMaterials/Substrate/GLints/dict_16_192_64_0p5_0p02_0016_0005.uasset" 5075
"../../../Engine/Content/EngineMaterials/Substrate/GLints/dict_16_192_64_0p5_0p02_0016_0002.uasset" 5076
"../../../Engine/Content/EngineMaterials/Substrate/GLints/dict_16_192_64_0p5_0p02_0015_0015.uasset" 5077
"../../../Engine/Content/EngineMaterials/Substrate/GLints/dict_16_192_64_0p5_0p02_0016_0009.uasset" 5078
"../../../Engine/Content/EngineMaterials/Substrate/GLints/dict_16_192_64_0p5_0p02_0016_0000.uasset" 5079
"../../../Engine/Content/EngineMaterials/Substrate/GLints/dict_16_192_64_0p5_0p02_0016_0006.uasset" 5080
"../../../Engine/Content/EngineMaterials/Substrate/GLints/dict_16_192_64_0p5_0p02_0016_0010.uasset" 5081
"../../../Engine/Content/EngineMaterials/Substrate/GLints/dict_16_192_64_0p5_0p02_0016_0008.uasset" 5082
"../../../Engine/Content/EngineMaterials/Substrate/GLints/dict_16_192_64_0p5_0p02_0016_0011.uasset" 5083
"../../../Engine/Content/EngineMaterials/Substrate/GLints/dict_16_192_64_0p5_0p02_0016_0012.uasset" 5084
"../../../Engine/Content/EngineMaterials/Substrate/GLints/dict_16_192_64_0p5_0p02_0016_0013.uasset" 5085
"../../../Engine/Content/EngineMaterials/Substrate/GLints/dict_16_192_64_0p5_0p02_0017_0004.uasset" 5086
"../../../Engine/Content/EngineMaterials/Substrate/GLints/dict_16_192_64_0p5_0p02_0017_0006.uasset" 5087
"../../../Engine/Content/EngineMaterials/Substrate/GLints/dict_16_192_64_0p5_0p02_0017_0001.uasset" 5088
"../../../Engine/Content/EngineMaterials/Substrate/GLints/dict_16_192_64_0p5_0p02_0017_0007.uasset" 5089
"../../../Engine/Content/EngineMaterials/Substrate/GLints/dict_16_192_64_0p5_0p02_0016_0014.uasset" 5090
"../../../Engine/Content/EngineMaterials/Substrate/GLints/dict_16_192_64_0p5_0p02_0017_0011.uasset" 5091
"../../../Engine/Content/EngineMaterials/Substrate/GLints/dict_16_192_64_0p5_0p02_0017_0005.uasset" 5092
"../../../Engine/Content/EngineMaterials/Substrate/GLints/dict_16_192_64_0p5_0p02_0017_0002.uasset" 5093
"../../../Engine/Content/EngineMaterials/Substrate/GLints/dict_16_192_64_0p5_0p02_0016_0015.uasset" 5094
"../../../Engine/Content/EngineMaterials/Substrate/GLints/dict_16_192_64_0p5_0p02_0017_0008.uasset" 5095
"../../../Engine/Content/EngineMaterials/Substrate/GLints/dict_16_192_64_0p5_0p02_0017_0003.uasset" 5096
"../../../Engine/Content/EngineMaterials/Substrate/GLints/dict_16_192_64_0p5_0p02_0017_0009.uasset" 5097
"../../../Engine/Content/EngineMaterials/Substrate/GLints/dict_16_192_64_0p5_0p02_0017_0000.uasset" 5098
"../../../Engine/Content/EngineMaterials/Substrate/GLints/dict_16_192_64_0p5_0p02_0017_0010.uasset" 5099
"../../../Engine/Content/EngineMaterials/Substrate/GLints/dict_16_192_64_0p5_0p02_0017_0012.uasset" 5100
"/Engine/EngineMaterials/Substrate/GLints/dict_16_192_64_0p5_0p02_0015_0014" 5101
"/Engine/EngineMaterials/Substrate/GLints/dict_16_192_64_0p5_0p02_0015_0013" 5102
"/Engine/EngineMaterials/Substrate/GLints/dict_16_192_64_0p5_0p02_0017_0011" 5103
"/Engine/EngineMaterials/Substrate/GLints/dict_16_192_64_0p5_0p02_0017_0010" 5104
"/Engine/EngineMaterials/Substrate/GLints/dict_16_192_64_0p5_0p02_0017_0009" 5105
"/Engine/EngineMaterials/Substrate/GLints/dict_16_192_64_0p5_0p02_0017_0008" 5106
"/Engine/EngineMaterials/Substrate/GLints/dict_16_192_64_0p5_0p02_0017_0007" 5107
"/Engine/EngineMaterials/Substrate/GLints/dict_16_192_64_0p5_0p02_0017_0006" 5108
"/Engine/EngineMaterials/Substrate/GLints/dict_16_192_64_0p5_0p02_0017_0005" 5109
"/Engine/EngineMaterials/Substrate/GLints/dict_16_192_64_0p5_0p02_0017_0004" 5110
"/Engine/EngineMaterials/Substrate/GLints/dict_16_192_64_0p5_0p02_0017_0003" 5111
"/Engine/EngineMaterials/Substrate/GLints/dict_16_192_64_0p5_0p02_0017_0002" 5112
"/Engine/EngineMaterials/Substrate/GLints/dict_16_192_64_0p5_0p02_0017_0001" 5113
"/Engine/EngineMaterials/Substrate/GLints/dict_16_192_64_0p5_0p02_0017_0000" 5114
"/Engine/EngineMaterials/Substrate/GLints/dict_16_192_64_0p5_0p02_0016_0015" 5115
"/Engine/EngineMaterials/Substrate/GLints/dict_16_192_64_0p5_0p02_0016_0014" 5116
"/Engine/EngineMaterials/Substrate/GLints/dict_16_192_64_0p5_0p02_0016_0013" 5117
"/Engine/EngineMaterials/Substrate/GLints/dict_16_192_64_0p5_0p02_0016_0012" 5118
"/Engine/EngineMaterials/Substrate/GLints/dict_16_192_64_0p5_0p02_0016_0011" 5119
"/Engine/EngineMaterials/Substrate/GLints/dict_16_192_64_0p5_0p02_0016_0010" 5120
"/Engine/EngineMaterials/Substrate/GLints/dict_16_192_64_0p5_0p02_0016_0009" 5121
"/Engine/EngineMaterials/Substrate/GLints/dict_16_192_64_0p5_0p02_0016_0008" 5122
"/Engine/EngineMaterials/Substrate/GLints/dict_16_192_64_0p5_0p02_0016_0007" 5123
"/Engine/EngineMaterials/Substrate/GLints/dict_16_192_64_0p5_0p02_0016_0006" 5124
"/Engine/EngineMaterials/Substrate/GLints/dict_16_192_64_0p5_0p02_0016_0005" 5125
"/Engine/EngineMaterials/Substrate/GLints/dict_16_192_64_0p5_0p02_0016_0004" 5126
"/Engine/EngineMaterials/Substrate/GLints/dict_16_192_64_0p5_0p02_0016_0003" 5127
"/Engine/EngineMaterials/Substrate/GLints/dict_16_192_64_0p5_0p02_0016_0002" 5128
"/Engine/EngineMaterials/Substrate/GLints/dict_16_192_64_0p5_0p02_0016_0001" 5129
"/Engine/EngineMaterials/Substrate/GLints/dict_16_192_64_0p5_0p02_0016_0000" 5130
"/Engine/EngineMaterials/Substrate/GLints/dict_16_192_64_0p5_0p02_0015_0015" 5131
"../../../Engine/Content/EngineMaterials/Substrate/GLints/dict_16_192_64_0p5_0p02_0017_0013.uasset" 5132
"../../../Engine/Content/EngineMaterials/Substrate/GLints/dict_16_192_64_0p5_0p02_0017_0015.uasset" 5133
"../../../Engine/Content/EngineMaterials/Substrate/GLints/dict_16_192_64_0p5_0p02_0017_0014.uasset" 5134
"../../../Engine/Content/EngineMaterials/Substrate/GLints/dict_16_192_64_0p5_0p02_0018_0003.uasset" 5135
"../../../Engine/Content/EngineMaterials/Substrate/GLints/dict_16_192_64_0p5_0p02_0018_0007.uasset" 5136
"../../../Engine/Content/EngineMaterials/Substrate/GLints/dict_16_192_64_0p5_0p02_0018_0005.uasset" 5137
"../../../Engine/Content/EngineMaterials/Substrate/GLints/dict_16_192_64_0p5_0p02_0018_0002.uasset" 5138
"../../../Engine/Content/EngineMaterials/Substrate/GLints/dict_16_192_64_0p5_0p02_0018_0011.uasset" 5139
"../../../Engine/Content/EngineMaterials/Substrate/GLints/dict_16_192_64_0p5_0p02_0018_0014.uasset" 5140
"../../../Engine/Content/EngineMaterials/Substrate/GLints/dict_16_192_64_0p5_0p02_0018_0013.uasset" 5141
"../../../Engine/Content/EngineMaterials/Substrate/GLints/dict_16_192_64_0p5_0p02_0018_0008.uasset" 5142
"../../../Engine/Content/EngineMaterials/Substrate/GLints/dict_16_192_64_0p5_0p02_0018_0015.uasset" 5143
"../../../Engine/Content/EngineMaterials/Substrate/GLints/dict_16_192_64_0p5_0p02_0018_0012.uasset" 5144
"../../../Engine/Content/EngineMaterials/Substrate/GLints/dict_16_192_64_0p5_0p02_0019_0000.uasset" 5145
"../../../Engine/Content/EngineMaterials/Substrate/GLints/dict_16_192_64_0p5_0p02_0019_0001.uasset" 5146
"../../../Engine/Content/EngineMaterials/Substrate/GLints/dict_16_192_64_0p5_0p02_0019_0003.uasset" 5147
"../../../Engine/Content/EngineMaterials/Substrate/GLints/dict_16_192_64_0p5_0p02_0018_0009.uasset" 5148
"../../../Engine/Content/EngineMaterials/Substrate/GLints/dict_16_192_64_0p5_0p02_0019_0004.uasset" 5149
"../../../Engine/Content/EngineMaterials/Substrate/GLints/dict_16_192_64_0p5_0p02_0018_0010.uasset" 5150
"../../../Engine/Content/EngineMaterials/Substrate/GLints/dict_16_192_64_0p5_0p02_0019_0007.uasset" 5151
"../../../Engine/Content/EngineMaterials/Substrate/GLints/dict_16_192_64_0p5_0p02_0019_0006.uasset" 5152
"../../../Engine/Content/EngineMaterials/Substrate/GLints/dict_16_192_64_0p5_0p02_0018_0006.uasset" 5153
"../../../Engine/Content/EngineMaterials/Substrate/GLints/dict_16_192_64_0p5_0p02_0019_0009.uasset" 5154
"../../../Engine/Content/EngineMaterials/Substrate/GLints/dict_16_192_64_0p5_0p02_0019_0008.uasset" 5155
"../../../Engine/Content/EngineMaterials/Substrate/GLints/dict_16_192_64_0p5_0p02_0019_0011.uasset" 5156
"../../../Engine/Content/EngineMaterials/Substrate/GLints/dict_16_192_64_0p5_0p02_0018_0004.uasset" 5157
"../../../Engine/Content/EngineMaterials/Substrate/GLints/dict_16_192_64_0p5_0p02_0019_0010.uasset" 5158
"../../../Engine/Content/EngineMaterials/Substrate/GLints/dict_16_192_64_0p5_0p02_0019_0002.uasset" 5159
"../../../Engine/Content/EngineMaterials/Substrate/GLints/dict_16_192_64_0p5_0p02_0019_0005.uasset" 5160
"/Engine/EngineMaterials/Substrate/GLints/dict_16_192_64_0p5_0p02_0017_0012" 5161
"../../../Engine/Content/EngineMaterials/Substrate/GLints/dict_16_192_64_0p5_0p02_0018_0001.uasset" 5162
"../../../Engine/Content/EngineMaterials/Substrate/GLints/dict_16_192_64_0p5_0p02_0018_0000.uasset" 5163
"../../../Engine/Content/EngineMaterials/Substrate/GLints/dict_16_192_64_0p5_0p02_0019_0012.uasset" 5164
"/Engine/EngineMaterials/Substrate/GLints/dict_16_192_64_0p5_0p02_0019_0011" 5165
"/Engine/EngineMaterials/Substrate/GLints/dict_16_192_64_0p5_0p02_0019_0010" 5166
"/Engine/EngineMaterials/Substrate/GLints/dict_16_192_64_0p5_0p02_0019_0009" 5167
"/Engine/EngineMaterials/Substrate/GLints/dict_16_192_64_0p5_0p02_0019_0008" 5168
"/Engine/EngineMaterials/Substrate/GLints/dict_16_192_64_0p5_0p02_0019_0007" 5169
"/Engine/EngineMaterials/Substrate/GLints/dict_16_192_64_0p5_0p02_0019_0006" 5170
"/Engine/EngineMaterials/Substrate/GLints/dict_16_192_64_0p5_0p02_0019_0005" 5171
"/Engine/EngineMaterials/Substrate/GLints/dict_16_192_64_0p5_0p02_0019_0004" 5172
"/Engine/EngineMaterials/Substrate/GLints/dict_16_192_64_0p5_0p02_0019_0003" 5173
"/Engine/EngineMaterials/Substrate/GLints/dict_16_192_64_0p5_0p02_0019_0002" 5174
"/Engine/EngineMaterials/Substrate/GLints/dict_16_192_64_0p5_0p02_0019_0001" 5175
"/Engine/EngineMaterials/Substrate/GLints/dict_16_192_64_0p5_0p02_0019_0000" 5176
"/Engine/EngineMaterials/Substrate/GLints/dict_16_192_64_0p5_0p02_0018_0015" 5177
"/Engine/EngineMaterials/Substrate/GLints/dict_16_192_64_0p5_0p02_0018_0014" 5178
"/Engine/EngineMaterials/Substrate/GLints/dict_16_192_64_0p5_0p02_0018_0013" 5179
"/Engine/EngineMaterials/Substrate/GLints/dict_16_192_64_0p5_0p02_0018_0012" 5180
"/Engine/EngineMaterials/Substrate/GLints/dict_16_192_64_0p5_0p02_0018_0011" 5181
"/Engine/EngineMaterials/Substrate/GLints/dict_16_192_64_0p5_0p02_0018_0010" 5182
"/Engine/EngineMaterials/Substrate/GLints/dict_16_192_64_0p5_0p02_0018_0009" 5183
"/Engine/EngineMaterials/Substrate/GLints/dict_16_192_64_0p5_0p02_0018_0008" 5184
"/Engine/EngineMaterials/Substrate/GLints/dict_16_192_64_0p5_0p02_0018_0007" 5185
"/Engine/EngineMaterials/Substrate/GLints/dict_16_192_64_0p5_0p02_0018_0006" 5186
"/Engine/EngineMaterials/Substrate/GLints/dict_16_192_64_0p5_0p02_0018_0005" 5187
"/Engine/EngineMaterials/Substrate/GLints/dict_16_192_64_0p5_0p02_0018_0004" 5188
"/Engine/EngineMaterials/Substrate/GLints/dict_16_192_64_0p5_0p02_0018_0003" 5189
"/Engine/EngineMaterials/Substrate/GLints/dict_16_192_64_0p5_0p02_0018_0002" 5190
"/Engine/EngineMaterials/Substrate/GLints/dict_16_192_64_0p5_0p02_0018_0001" 5191
"/Engine/EngineMaterials/Substrate/GLints/dict_16_192_64_0p5_0p02_0018_0000" 5192
"/Engine/EngineMaterials/Substrate/GLints/dict_16_192_64_0p5_0p02_0017_0015" 5193
"/Engine/EngineMaterials/Substrate/GLints/dict_16_192_64_0p5_0p02_0017_0014" 5194
"/Engine/EngineMaterials/Substrate/GLints/dict_16_192_64_0p5_0p02_0017_0013" 5195
"../../../Engine/Content/EngineMaterials/Substrate/GLints/dict_16_192_64_0p5_0p02_0019_0013.uasset" 5196
"../../../Engine/Content/EngineMaterials/Substrate/GLints/dict_16_192_64_0p5_0p02_0019_0014.uasset" 5197
"../../../Engine/Content/EngineMaterials/Substrate/GLints/dict_16_192_64_0p5_0p02_0020_0004.uasset" 5198
"../../../Engine/Content/EngineMaterials/Substrate/GLints/dict_16_192_64_0p5_0p02_0019_0015.uasset" 5199
"../../../Engine/Content/EngineMaterials/Substrate/GLints/dict_16_192_64_0p5_0p02_0020_0000.uasset" 5200
"../../../Engine/Content/EngineMaterials/Substrate/GLints/dict_16_192_64_0p5_0p02_0020_0007.uasset" 5201
"../../../Engine/Content/EngineMaterials/Substrate/GLints/dict_16_192_64_0p5_0p02_0020_0009.uasset" 5202
"../../../Engine/Content/EngineMaterials/Substrate/GLints/dict_16_192_64_0p5_0p02_0020_0008.uasset" 5203
"../../../Engine/Content/EngineMaterials/Substrate/GLints/dict_16_192_64_0p5_0p02_0020_0010.uasset" 5204
"../../../Engine/Content/EngineMaterials/Substrate/GLints/dict_16_192_64_0p5_0p02_0020_0011.uasset" 5205
"../../../Engine/Content/EngineMaterials/Substrate/GLints/dict_16_192_64_0p5_0p02_0020_0014.uasset" 5206
"../../../Engine/Content/EngineMaterials/Substrate/GLints/dict_16_192_64_0p5_0p02_0020_0013.uasset" 5207
"/Engine/EngineMaterials/Substrate/GLints/dict_16_192_64_0p5_0p02_0019_0012" 5208
"../../../Engine/Content/EngineMaterials/Substrate/GLints/dict_16_192_64_0p5_0p02_0021_0000.uasset" 5209
"../../../Engine/Content/EngineMaterials/Substrate/GLints/dict_16_192_64_0p5_0p02_0020_0006.uasset" 5210
"../../../Engine/Content/EngineMaterials/Substrate/GLints/dict_16_192_64_0p5_0p02_0020_0015.uasset" 5211
"../../../Engine/Content/EngineMaterials/Substrate/GLints/dict_16_192_64_0p5_0p02_0020_0012.uasset" 5212
"../../../Engine/Content/EngineMaterials/Substrate/GLints/dict_16_192_64_0p5_0p02_0021_0003.uasset" 5213
"../../../Engine/Content/EngineMaterials/Substrate/GLints/dict_16_192_64_0p5_0p02_0021_0005.uasset" 5214
"../../../Engine/Content/EngineMaterials/Substrate/GLints/dict_16_192_64_0p5_0p02_0020_0002.uasset" 5215
"../../../Engine/Content/EngineMaterials/Substrate/GLints/dict_16_192_64_0p5_0p02_0020_0001.uasset" 5216
"../../../Engine/Content/EngineMaterials/Substrate/GLints/dict_16_192_64_0p5_0p02_0021_0009.uasset" 5217
"../../../Engine/Content/EngineMaterials/Substrate/GLints/dict_16_192_64_0p5_0p02_0021_0002.uasset" 5218
"../../../Engine/Content/EngineMaterials/Substrate/GLints/dict_16_192_64_0p5_0p02_0021_0007.uasset" 5219
"../../../Engine/Content/EngineMaterials/Substrate/GLints/dict_16_192_64_0p5_0p02_0021_0008.uasset" 5220
"../../../Engine/Content/EngineMaterials/Substrate/GLints/dict_16_192_64_0p5_0p02_0021_0011.uasset" 5221
"../../../Engine/Content/EngineMaterials/Substrate/GLints/dict_16_192_64_0p5_0p02_0021_0001.uasset" 5222
"../../../Engine/Content/EngineMaterials/Substrate/GLints/dict_16_192_64_0p5_0p02_0020_0005.uasset" 5223
"../../../Engine/Content/EngineMaterials/Substrate/GLints/dict_16_192_64_0p5_0p02_0021_0006.uasset" 5224
"../../../Engine/Content/EngineMaterials/Substrate/GLints/dict_16_192_64_0p5_0p02_0021_0004.uasset" 5225
"../../../Engine/Content/EngineMaterials/Substrate/GLints/dict_16_192_64_0p5_0p02_0020_0003.uasset" 5226
"../../../Engine/Content/EngineMaterials/Substrate/GLints/dict_16_192_64_0p5_0p02_0021_0010.uasset" 5227
"/Engine/EngineMaterials/Substrate/GLints/dict_16_192_64_0p5_0p02_0020_0004" 5228
"/Engine/EngineMaterials/Substrate/GLints/dict_16_192_64_0p5_0p02_0019_0014" 5229
"../../../Engine/Content/EngineMaterials/Substrate/GLints/dict_16_192_64_0p5_0p02_0021_0013.uasset" 5230
"../../../Engine/Content/EngineMaterials/Substrate/GLints/dict_16_192_64_0p5_0p02_0021_0012.uasset" 5231
"../../../Engine/Content/EngineMaterials/Substrate/GLints/dict_16_192_64_0p5_0p02_0021_0014.uasset" 5232
"/Engine/EngineMaterials/Substrate/GLints/dict_16_192_64_0p5_0p02_0021_0011" 5233
"/Engine/EngineMaterials/Substrate/GLints/dict_16_192_64_0p5_0p02_0021_0010" 5234
"/Engine/EngineMaterials/Substrate/GLints/dict_16_192_64_0p5_0p02_0021_0009" 5235
"/Engine/EngineMaterials/Substrate/GLints/dict_16_192_64_0p5_0p02_0021_0008" 5236
"/Engine/EngineMaterials/Substrate/GLints/dict_16_192_64_0p5_0p02_0021_0007" 5237
"/Engine/EngineMaterials/Substrate/GLints/dict_16_192_64_0p5_0p02_0021_0006" 5238
"/Engine/EngineMaterials/Substrate/GLints/dict_16_192_64_0p5_0p02_0021_0005" 5239
"/Engine/EngineMaterials/Substrate/GLints/dict_16_192_64_0p5_0p02_0021_0004" 5240
"/Engine/EngineMaterials/Substrate/GLints/dict_16_192_64_0p5_0p02_0021_0003" 5241
"/Engine/EngineMaterials/Substrate/GLints/dict_16_192_64_0p5_0p02_0021_0002" 5242
"/Engine/EngineMaterials/Substrate/GLints/dict_16_192_64_0p5_0p02_0021_0001" 5243
"/Engine/EngineMaterials/Substrate/GLints/dict_16_192_64_0p5_0p02_0021_0000" 5244
"/Engine/EngineMaterials/Substrate/GLints/dict_16_192_64_0p5_0p02_0020_0015" 5245
"/Engine/EngineMaterials/Substrate/GLints/dict_16_192_64_0p5_0p02_0020_0014" 5246
"/Engine/EngineMaterials/Substrate/GLints/dict_16_192_64_0p5_0p02_0020_0013" 5247
"/Engine/EngineMaterials/Substrate/GLints/dict_16_192_64_0p5_0p02_0020_0012" 5248
"/Engine/EngineMaterials/Substrate/GLints/dict_16_192_64_0p5_0p02_0020_0011" 5249
"/Engine/EngineMaterials/Substrate/GLints/dict_16_192_64_0p5_0p02_0020_0010" 5250
"/Engine/EngineMaterials/Substrate/GLints/dict_16_192_64_0p5_0p02_0020_0009" 5251
"/Engine/EngineMaterials/Substrate/GLints/dict_16_192_64_0p5_0p02_0020_0008" 5252
"/Engine/EngineMaterials/Substrate/GLints/dict_16_192_64_0p5_0p02_0020_0007" 5253
"/Engine/EngineMaterials/Substrate/GLints/dict_16_192_64_0p5_0p02_0020_0006" 5254
"/Engine/EngineMaterials/Substrate/GLints/dict_16_192_64_0p5_0p02_0020_0005" 5255
"/Engine/EngineMaterials/Substrate/GLints/dict_16_192_64_0p5_0p02_0020_0003" 5256
"/Engine/EngineMaterials/Substrate/GLints/dict_16_192_64_0p5_0p02_0020_0002" 5257
"/Engine/EngineMaterials/Substrate/GLints/dict_16_192_64_0p5_0p02_0020_0001" 5258
"/Engine/EngineMaterials/Substrate/GLints/dict_16_192_64_0p5_0p02_0020_0000" 5259
"/Engine/EngineMaterials/Substrate/GLints/dict_16_192_64_0p5_0p02_0019_0015" 5260
"/Engine/EngineMaterials/Substrate/GLints/dict_16_192_64_0p5_0p02_0019_0013" 5261
"../../../Engine/Content/EngineMaterials/Substrate/GLints/dict_16_192_64_0p5_0p02_0022_0000.uasset" 5262
"../../../Engine/Content/EngineMaterials/Substrate/GLints/dict_16_192_64_0p5_0p02_0022_0001.uasset" 5263
"../../../Engine/Content/EngineMaterials/Substrate/GLints/dict_16_192_64_0p5_0p02_0022_0003.uasset" 5264
"../../../Engine/Content/EngineMaterials/Substrate/GLints/dict_16_192_64_0p5_0p02_0022_0002.uasset" 5265
"../../../Engine/Content/EngineMaterials/Substrate/GLints/dict_16_192_64_0p5_0p02_0022_0009.uasset" 5266
"../../../Engine/Content/EngineMaterials/Substrate/GLints/dict_16_192_64_0p5_0p02_0022_0014.uasset" 5267
"../../../Engine/Content/EngineMaterials/Substrate/GLints/dict_16_192_64_0p5_0p02_0022_0004.uasset" 5268
"../../../Engine/Content/EngineMaterials/Substrate/GLints/dict_16_192_64_0p5_0p02_0022_0013.uasset" 5269
"../../../Engine/Content/EngineMaterials/Substrate/GLints/dict_16_192_64_0p5_0p02_0022_0005.uasset" 5270
"../../../Engine/Content/EngineMaterials/Substrate/GLints/dict_16_192_64_0p5_0p02_0022_0006.uasset" 5271
"../../../Engine/Content/EngineMaterials/Substrate/GLints/dict_16_192_64_0p5_0p02_0021_0015.uasset" 5272
"../../../Engine/Content/EngineMaterials/Substrate/GLints/dict_16_192_64_0p5_0p02_0022_0011.uasset" 5273
"../../../Engine/Content/EngineMaterials/Substrate/GLints/dict_16_192_64_0p5_0p02_0023_0002.uasset" 5274
"../../../Engine/Content/EngineMaterials/Substrate/GLints/dict_16_192_64_0p5_0p02_0022_0008.uasset" 5275
"../../../Engine/Content/EngineMaterials/Substrate/GLints/dict_16_192_64_0p5_0p02_0023_0003.uasset" 5276
"../../../Engine/Content/EngineMaterials/Substrate/GLints/dict_16_192_64_0p5_0p02_0023_0006.uasset" 5277
"../../../Engine/Content/EngineMaterials/Substrate/GLints/dict_16_192_64_0p5_0p02_0022_0015.uasset" 5278
"/Engine/EngineMaterials/Substrate/GLints/dict_16_192_64_0p5_0p02_0021_0014" 5279
"../../../Engine/Content/EngineMaterials/Substrate/GLints/dict_16_192_64_0p5_0p02_0023_0009.uasset" 5280
"../../../Engine/Content/EngineMaterials/Substrate/GLints/dict_16_192_64_0p5_0p02_0023_0008.uasset" 5281
"../../../Engine/Content/EngineMaterials/Substrate/GLints/dict_16_192_64_0p5_0p02_0023_0010.uasset" 5282
"../../../Engine/Content/EngineMaterials/Substrate/GLints/dict_16_192_64_0p5_0p02_0022_0012.uasset" 5283
"../../../Engine/Content/EngineMaterials/Substrate/GLints/dict_16_192_64_0p5_0p02_0022_0007.uasset" 5284
"../../../Engine/Content/EngineMaterials/Substrate/GLints/dict_16_192_64_0p5_0p02_0023_0004.uasset" 5285
"../../../Engine/Content/EngineMaterials/Substrate/GLints/dict_16_192_64_0p5_0p02_0023_0001.uasset" 5286
"../../../Engine/Content/EngineMaterials/Substrate/GLints/dict_16_192_64_0p5_0p02_0023_0005.uasset" 5287
"../../../Engine/Content/EngineMaterials/Substrate/GLints/dict_16_192_64_0p5_0p02_0022_0010.uasset" 5288
"../../../Engine/Content/EngineMaterials/Substrate/GLints/dict_16_192_64_0p5_0p02_0023_0007.uasset" 5289
"../../../Engine/Content/EngineMaterials/Substrate/GLints/dict_16_192_64_0p5_0p02_0023_0011.uasset" 5290
"../../../Engine/Content/EngineMaterials/Substrate/GLints/dict_16_192_64_0p5_0p02_0023_0000.uasset" 5291
"/Engine/EngineMaterials/Substrate/GLints/dict_16_192_64_0p5_0p02_0021_0013" 5292
"/Engine/EngineMaterials/Substrate/GLints/dict_16_192_64_0p5_0p02_0021_0012" 5293
"../../../Engine/Content/EngineMaterials/Substrate/GLints/dict_16_192_64_0p5_0p02_0023_0013.uasset" 5294
"../../../Engine/Content/EngineMaterials/Substrate/GLints/dict_16_192_64_0p5_0p02_0023_0012.uasset" 5295
"../../../Engine/Content/EngineMaterials/Substrate/GLints/dict_16_192_64_0p5_0p02_0023_0014.uasset" 5296
"/Engine/EngineMaterials/Substrate/GLints/dict_16_192_64_0p5_0p02_0023_0011" 5297
"/Engine/EngineMaterials/Substrate/GLints/dict_16_192_64_0p5_0p02_0023_0010" 5298
"/Engine/EngineMaterials/Substrate/GLints/dict_16_192_64_0p5_0p02_0023_0009" 5299
"/Engine/EngineMaterials/Substrate/GLints/dict_16_192_64_0p5_0p02_0023_0008" 5300
"/Engine/EngineMaterials/Substrate/GLints/dict_16_192_64_0p5_0p02_0023_0007" 5301
"/Engine/EngineMaterials/Substrate/GLints/dict_16_192_64_0p5_0p02_0023_0006" 5302
"/Engine/EngineMaterials/Substrate/GLints/dict_16_192_64_0p5_0p02_0023_0005" 5303
"/Engine/EngineMaterials/Substrate/GLints/dict_16_192_64_0p5_0p02_0023_0004" 5304
"/Engine/EngineMaterials/Substrate/GLints/dict_16_192_64_0p5_0p02_0023_0003" 5305
"/Engine/EngineMaterials/Substrate/GLints/dict_16_192_64_0p5_0p02_0023_0002" 5306
"/Engine/EngineMaterials/Substrate/GLints/dict_16_192_64_0p5_0p02_0023_0001" 5307
"/Engine/EngineMaterials/Substrate/GLints/dict_16_192_64_0p5_0p02_0023_0000" 5308
"/Engine/EngineMaterials/Substrate/GLints/dict_16_192_64_0p5_0p02_0022_0015" 5309
"/Engine/EngineMaterials/Substrate/GLints/dict_16_192_64_0p5_0p02_0022_0014" 5310
"/Engine/EngineMaterials/Substrate/GLints/dict_16_192_64_0p5_0p02_0022_0013" 5311
"/Engine/EngineMaterials/Substrate/GLints/dict_16_192_64_0p5_0p02_0022_0012" 5312
"/Engine/EngineMaterials/Substrate/GLints/dict_16_192_64_0p5_0p02_0022_0011" 5313
"/Engine/EngineMaterials/Substrate/GLints/dict_16_192_64_0p5_0p02_0022_0010" 5314
"/Engine/EngineMaterials/Substrate/GLints/dict_16_192_64_0p5_0p02_0022_0009" 5315
"/Engine/EngineMaterials/Substrate/GLints/dict_16_192_64_0p5_0p02_0022_0008" 5316
"/Engine/EngineMaterials/Substrate/GLints/dict_16_192_64_0p5_0p02_0022_0007" 5317
"/Engine/EngineMaterials/Substrate/GLints/dict_16_192_64_0p5_0p02_0022_0006" 5318
"/Engine/EngineMaterials/Substrate/GLints/dict_16_192_64_0p5_0p02_0022_0005" 5319
"/Engine/EngineMaterials/Substrate/GLints/dict_16_192_64_0p5_0p02_0022_0004" 5320
"/Engine/EngineMaterials/Substrate/GLints/dict_16_192_64_0p5_0p02_0022_0003" 5321
"/Engine/EngineMaterials/Substrate/GLints/dict_16_192_64_0p5_0p02_0022_0002" 5322
"/Engine/EngineMaterials/Substrate/GLints/dict_16_192_64_0p5_0p02_0022_0001" 5323
"/Engine/EngineMaterials/Substrate/GLints/dict_16_192_64_0p5_0p02_0022_0000" 5324
"/Engine/EngineMaterials/Substrate/GLints/dict_16_192_64_0p5_0p02_0023_0012" 5325
"/Engine/EngineMaterials/Substrate/GLints/dict_16_192_64_0p5_0p02_0021_0015" 5326
"../../../Engine/Content/EngineMaterials/Substrate/GLints/dict_16_192_64_0p5_0p02_0023_0015.uasset" 5327
"../../../Engine/Content/EngineMaterials/Substrate/GLints/dict_16_192_64_0p5_0p02_0024_0000.uasset" 5328
"../../../Engine/Content/EngineMaterials/Substrate/GLints/dict_16_192_64_0p5_0p02_0024_0008.uasset" 5329
"../../../Engine/Content/EngineMaterials/Substrate/GLints/dict_16_192_64_0p5_0p02_0024_0012.uasset" 5330
"../../../Engine/Content/EngineMaterials/Substrate/GLints/dict_16_192_64_0p5_0p02_0024_0002.uasset" 5331
"../../../Engine/Content/EngineMaterials/Substrate/GLints/dict_16_192_64_0p5_0p02_0024_0009.uasset" 5332
"../../../Engine/Content/EngineMaterials/Substrate/GLints/dict_16_192_64_0p5_0p02_0024_0004.uasset" 5333
"../../../Engine/Content/EngineMaterials/Substrate/GLints/dict_16_192_64_0p5_0p02_0024_0006.uasset" 5334
"../../../Engine/Content/EngineMaterials/Substrate/GLints/dict_16_192_64_0p5_0p02_0024_0007.uasset" 5335
"/Engine/EngineMaterials/Substrate/GLints/dict_16_192_64_0p5_0p02_0023_0014" 5336
"../../../Engine/Content/EngineMaterials/Substrate/GLints/dict_16_192_64_0p5_0p02_0024_0011.uasset" 5337
"../../../Engine/Content/EngineMaterials/Substrate/GLints/dict_16_192_64_0p5_0p02_0024_0003.uasset" 5338
"../../../Engine/Content/EngineMaterials/Substrate/GLints/dict_16_192_64_0p5_0p02_0024_0005.uasset" 5339
"../../../Engine/Content/EngineMaterials/Substrate/GLints/dict_16_192_64_0p5_0p02_0024_0010.uasset" 5340
"../../../Engine/Content/EngineMaterials/Substrate/GLints/dict_16_192_64_0p5_0p02_0025_0005.uasset" 5341
"../../../Engine/Content/EngineMaterials/Substrate/GLints/dict_16_192_64_0p5_0p02_0025_0003.uasset" 5342
"../../../Engine/Content/EngineMaterials/Substrate/GLints/dict_16_192_64_0p5_0p02_0024_0015.uasset" 5343
"../../../Engine/Content/EngineMaterials/Substrate/GLints/dict_16_192_64_0p5_0p02_0025_0006.uasset" 5344
"../../../Engine/Content/EngineMaterials/Substrate/GLints/dict_16_192_64_0p5_0p02_0025_0009.uasset" 5345
"../../../Engine/Content/EngineMaterials/Substrate/GLints/dict_16_192_64_0p5_0p02_0025_0008.uasset" 5346
"../../../Engine/Content/EngineMaterials/Substrate/GLints/dict_16_192_64_0p5_0p02_0025_0001.uasset" 5347
"../../../Engine/Content/EngineMaterials/Substrate/GLints/dict_16_192_64_0p5_0p02_0025_0011.uasset" 5348
"../../../Engine/Content/EngineMaterials/Substrate/GLints/dict_16_192_64_0p5_0p02_0024_0001.uasset" 5349
"../../../Engine/Content/EngineMaterials/Substrate/GLints/dict_16_192_64_0p5_0p02_0025_0010.uasset" 5350
"../../../Engine/Content/EngineMaterials/Substrate/GLints/dict_16_192_64_0p5_0p02_0025_0002.uasset" 5351
"../../../Engine/Content/EngineMaterials/Substrate/GLints/dict_16_192_64_0p5_0p02_0025_0012.uasset" 5352
"../../../Engine/Content/EngineMaterials/Substrate/GLints/dict_16_192_64_0p5_0p02_0024_0013.uasset" 5353
"../../../Engine/Content/EngineMaterials/Substrate/GLints/dict_16_192_64_0p5_0p02_0024_0014.uasset" 5354
"../../../Engine/Content/EngineMaterials/Substrate/GLints/dict_16_192_64_0p5_0p02_0025_0000.uasset" 5355
"../../../Engine/Content/EngineMaterials/Substrate/GLints/dict_16_192_64_0p5_0p02_0025_0004.uasset" 5356
"../../../Engine/Content/EngineMaterials/Substrate/GLints/dict_16_192_64_0p5_0p02_0025_0007.uasset" 5357
"/Engine/EngineMaterials/Substrate/GLints/dict_16_192_64_0p5_0p02_0023_0013" 5358
"/Engine/EngineMaterials/Substrate/GLints/dict_16_192_64_0p5_0p02_0023_0015" 5359
"../../../Engine/Content/EngineMaterials/Substrate/GLints/dict_16_192_64_0p5_0p02_0025_0013.uasset" 5360
"../../../Engine/Content/EngineMaterials/Substrate/GLints/dict_16_192_64_0p5_0p02_0025_0014.uasset" 5361
"../../../Engine/Content/EngineMaterials/Substrate/GLints/dict_16_192_64_0p5_0p02_0025_0015.uasset" 5362
"/Engine/EngineMaterials/Substrate/GLints/dict_16_192_64_0p5_0p02_0025_0012" 5363
"/Engine/EngineMaterials/Substrate/GLints/dict_16_192_64_0p5_0p02_0025_0011" 5364
"/Engine/EngineMaterials/Substrate/GLints/dict_16_192_64_0p5_0p02_0025_0010" 5365
"/Engine/EngineMaterials/Substrate/GLints/dict_16_192_64_0p5_0p02_0025_0009" 5366
"/Engine/EngineMaterials/Substrate/GLints/dict_16_192_64_0p5_0p02_0025_0008" 5367
"/Engine/EngineMaterials/Substrate/GLints/dict_16_192_64_0p5_0p02_0025_0007" 5368
"/Engine/EngineMaterials/Substrate/GLints/dict_16_192_64_0p5_0p02_0025_0006" 5369
"/Engine/EngineMaterials/Substrate/GLints/dict_16_192_64_0p5_0p02_0025_0005" 5370
"/Engine/EngineMaterials/Substrate/GLints/dict_16_192_64_0p5_0p02_0025_0004" 5371
"/Engine/EngineMaterials/Substrate/GLints/dict_16_192_64_0p5_0p02_0025_0003" 5372
"/Engine/EngineMaterials/Substrate/GLints/dict_16_192_64_0p5_0p02_0025_0002" 5373
"/Engine/EngineMaterials/Substrate/GLints/dict_16_192_64_0p5_0p02_0025_0001" 5374
"/Engine/EngineMaterials/Substrate/GLints/dict_16_192_64_0p5_0p02_0025_0000" 5375
"/Engine/EngineMaterials/Substrate/GLints/dict_16_192_64_0p5_0p02_0024_0015" 5376
"/Engine/EngineMaterials/Substrate/GLints/dict_16_192_64_0p5_0p02_0024_0014" 5377
"/Engine/EngineMaterials/Substrate/GLints/dict_16_192_64_0p5_0p02_0024_0013" 5378
"/Engine/EngineMaterials/Substrate/GLints/dict_16_192_64_0p5_0p02_0024_0012" 5379
"/Engine/EngineMaterials/Substrate/GLints/dict_16_192_64_0p5_0p02_0024_0011" 5380
"/Engine/EngineMaterials/Substrate/GLints/dict_16_192_64_0p5_0p02_0024_0010" 5381
"/Engine/EngineMaterials/Substrate/GLints/dict_16_192_64_0p5_0p02_0024_0009" 5382
"/Engine/EngineMaterials/Substrate/GLints/dict_16_192_64_0p5_0p02_0024_0008" 5383
"/Engine/EngineMaterials/Substrate/GLints/dict_16_192_64_0p5_0p02_0024_0007" 5384
"/Engine/EngineMaterials/Substrate/GLints/dict_16_192_64_0p5_0p02_0024_0006" 5385
"/Engine/EngineMaterials/Substrate/GLints/dict_16_192_64_0p5_0p02_0025_0014" 5386
"/Engine/EngineMaterials/Substrate/GLints/dict_16_192_64_0p5_0p02_0024_0005" 5387
"/Engine/EngineMaterials/Substrate/GLints/dict_16_192_64_0p5_0p02_0024_0004" 5388
"/Engine/EngineMaterials/Substrate/GLints/dict_16_192_64_0p5_0p02_0024_0003" 5389
"/Engine/EngineMaterials/Substrate/GLints/dict_16_192_64_0p5_0p02_0024_0002" 5390
"/Engine/EngineMaterials/Substrate/GLints/dict_16_192_64_0p5_0p02_0024_0001" 5391
"/Engine/EngineMaterials/Substrate/GLints/dict_16_192_64_0p5_0p02_0024_0000" 5392
"/Engine/EngineMaterials/Substrate/GLints/dict_16_192_64_0p5_0p02_0025_0013" 5393
"../../../Engine/Content/EngineMaterials/Substrate/GLints/dict_16_192_64_0p5_0p02_0026_0001.uasset" 5394
"../../../Engine/Content/EngineMaterials/Substrate/GLints/dict_16_192_64_0p5_0p02_0026_0002.uasset" 5395
"../../../Engine/Content/EngineMaterials/Substrate/GLints/dict_16_192_64_0p5_0p02_0026_0008.uasset" 5396
"../../../Engine/Content/EngineMaterials/Substrate/GLints/dict_16_192_64_0p5_0p02_0026_0013.uasset" 5397
"../../../Engine/Content/EngineMaterials/Substrate/GLints/dict_16_192_64_0p5_0p02_0026_0014.uasset" 5398
"../../../Engine/Content/EngineMaterials/Substrate/GLints/dict_16_192_64_0p5_0p02_0026_0005.uasset" 5399
"../../../Engine/Content/EngineMaterials/Substrate/GLints/dict_16_192_64_0p5_0p02_0026_0010.uasset" 5400
"../../../Engine/Content/EngineMaterials/Substrate/GLints/dict_16_192_64_0p5_0p02_0027_0000.uasset" 5401
"../../../Engine/Content/EngineMaterials/Substrate/GLints/dict_16_192_64_0p5_0p02_0026_0009.uasset" 5402
"../../../Engine/Content/EngineMaterials/Substrate/GLints/dict_16_192_64_0p5_0p02_0026_0012.uasset" 5403
"../../../Engine/Content/EngineMaterials/Substrate/GLints/dict_16_192_64_0p5_0p02_0026_0003.uasset" 5404
"../../../Engine/Content/EngineMaterials/Substrate/GLints/dict_16_192_64_0p5_0p02_0027_0002.uasset" 5405
"../../../Engine/Content/EngineMaterials/Substrate/GLints/dict_16_192_64_0p5_0p02_0027_0003.uasset" 5406
"../../../Engine/Content/EngineMaterials/Substrate/GLints/dict_16_192_64_0p5_0p02_0026_0004.uasset" 5407
"../../../Engine/Content/EngineMaterials/Substrate/GLints/dict_16_192_64_0p5_0p02_0027_0004.uasset" 5408
"../../../Engine/Content/EngineMaterials/Substrate/GLints/dict_16_192_64_0p5_0p02_0027_0006.uasset" 5409
"../../../Engine/Content/EngineMaterials/Substrate/GLints/dict_16_192_64_0p5_0p02_0027_0005.uasset" 5410
"/Engine/EngineMaterials/Substrate/GLints/dict_16_192_64_0p5_0p02_0025_0015" 5411
"../../../Engine/Content/EngineMaterials/Substrate/GLints/dict_16_192_64_0p5_0p02_0027_0007.uasset" 5412
"../../../Engine/Content/EngineMaterials/Substrate/GLints/dict_16_192_64_0p5_0p02_0027_0009.uasset" 5413
"../../../Engine/Content/EngineMaterials/Substrate/GLints/dict_16_192_64_0p5_0p02_0027_0008.uasset" 5414
"../../../Engine/Content/EngineMaterials/Substrate/GLints/dict_16_192_64_0p5_0p02_0026_0011.uasset" 5415
"../../../Engine/Content/EngineMaterials/Substrate/GLints/dict_16_192_64_0p5_0p02_0027_0014.uasset" 5416
"../../../Engine/Content/EngineMaterials/Substrate/GLints/dict_16_192_64_0p5_0p02_0027_0012.uasset" 5417
"../../../Engine/Content/EngineMaterials/Substrate/GLints/dict_16_192_64_0p5_0p02_0027_0011.uasset" 5418
"../../../Engine/Content/EngineMaterials/Substrate/GLints/dict_16_192_64_0p5_0p02_0027_0001.uasset" 5419
"../../../Engine/Content/EngineMaterials/Substrate/GLints/dict_16_192_64_0p5_0p02_0026_0007.uasset" 5420
"../../../Engine/Content/EngineMaterials/Substrate/GLints/dict_16_192_64_0p5_0p02_0026_0015.uasset" 5421
"../../../Engine/Content/EngineMaterials/Substrate/GLints/dict_16_192_64_0p5_0p02_0026_0000.uasset" 5422
"../../../Engine/Content/EngineMaterials/Substrate/GLints/dict_16_192_64_0p5_0p02_0027_0010.uasset" 5423
"../../../Engine/Content/EngineMaterials/Substrate/GLints/dict_16_192_64_0p5_0p02_0026_0006.uasset" 5424
"../../../Engine/Content/EngineMaterials/Substrate/GLints/dict_16_192_64_0p5_0p02_0027_0013.uasset" 5425
"../../../Engine/Content/EngineMaterials/Substrate/GLints/dict_16_192_64_0p5_0p02_0027_0015.uasset" 5426
"/Engine/EngineMaterials/Substrate/GLints/dict_16_192_64_0p5_0p02_0027_0014" 5427
"/Engine/EngineMaterials/Substrate/GLints/dict_16_192_64_0p5_0p02_0027_0012" 5428
"/Engine/EngineMaterials/Substrate/GLints/dict_16_192_64_0p5_0p02_0027_0011" 5429
"/Engine/EngineMaterials/Substrate/GLints/dict_16_192_64_0p5_0p02_0027_0010" 5430
"/Engine/EngineMaterials/Substrate/GLints/dict_16_192_64_0p5_0p02_0027_0009" 5431
"/Engine/EngineMaterials/Substrate/GLints/dict_16_192_64_0p5_0p02_0027_0008" 5432
"/Engine/EngineMaterials/Substrate/GLints/dict_16_192_64_0p5_0p02_0027_0007" 5433
"/Engine/EngineMaterials/Substrate/GLints/dict_16_192_64_0p5_0p02_0027_0006" 5434
"/Engine/EngineMaterials/Substrate/GLints/dict_16_192_64_0p5_0p02_0027_0005" 5435
"/Engine/EngineMaterials/Substrate/GLints/dict_16_192_64_0p5_0p02_0027_0004" 5436
"/Engine/EngineMaterials/Substrate/GLints/dict_16_192_64_0p5_0p02_0027_0003" 5437
"/Engine/EngineMaterials/Substrate/GLints/dict_16_192_64_0p5_0p02_0027_0002" 5438
"/Engine/EngineMaterials/Substrate/GLints/dict_16_192_64_0p5_0p02_0027_0001" 5439
"/Engine/EngineMaterials/Substrate/GLints/dict_16_192_64_0p5_0p02_0027_0000" 5440
"/Engine/EngineMaterials/Substrate/GLints/dict_16_192_64_0p5_0p02_0026_0015" 5441
"/Engine/EngineMaterials/Substrate/GLints/dict_16_192_64_0p5_0p02_0026_0014" 5442
"/Engine/EngineMaterials/Substrate/GLints/dict_16_192_64_0p5_0p02_0026_0013" 5443
"/Engine/EngineMaterials/Substrate/GLints/dict_16_192_64_0p5_0p02_0026_0012" 5444
"/Engine/EngineMaterials/Substrate/GLints/dict_16_192_64_0p5_0p02_0026_0011" 5445
"/Engine/EngineMaterials/Substrate/GLints/dict_16_192_64_0p5_0p02_0026_0010" 5446
"/Engine/EngineMaterials/Substrate/GLints/dict_16_192_64_0p5_0p02_0026_0009" 5447
"/Engine/EngineMaterials/Substrate/GLints/dict_16_192_64_0p5_0p02_0026_0008" 5448
"/Engine/EngineMaterials/Substrate/GLints/dict_16_192_64_0p5_0p02_0026_0007" 5449
"/Engine/EngineMaterials/Substrate/GLints/dict_16_192_64_0p5_0p02_0026_0006" 5450
"/Engine/EngineMaterials/Substrate/GLints/dict_16_192_64_0p5_0p02_0026_0005" 5451
"/Engine/EngineMaterials/Substrate/GLints/dict_16_192_64_0p5_0p02_0026_0004" 5452
"/Engine/EngineMaterials/Substrate/GLints/dict_16_192_64_0p5_0p02_0026_0003" 5453
"/Engine/EngineMaterials/Substrate/GLints/dict_16_192_64_0p5_0p02_0026_0002" 5454
"/Engine/EngineMaterials/Substrate/GLints/dict_16_192_64_0p5_0p02_0026_0001" 5455
"/Engine/EngineMaterials/Substrate/GLints/dict_16_192_64_0p5_0p02_0026_0000" 5456
"../../../Engine/Content/EngineMaterials/Substrate/GLints/dict_16_192_64_0p5_0p02_0028_0006.uasset" 5457
"../../../Engine/Content/EngineMaterials/Substrate/GLints/dict_16_192_64_0p5_0p02_0028_0001.uasset" 5458
"../../../Engine/Content/EngineMaterials/Substrate/GLints/dict_16_192_64_0p5_0p02_0028_0007.uasset" 5459
"../../../Engine/Content/EngineMaterials/Substrate/GLints/dict_16_192_64_0p5_0p02_0028_0011.uasset" 5460
"../../../Engine/Content/EngineMaterials/Substrate/GLints/dict_16_192_64_0p5_0p02_0028_0004.uasset" 5461
"/Engine/EngineMaterials/Substrate/GLints/dict_16_192_64_0p5_0p02_0027_0013" 5462
"../../../Engine/Content/EngineMaterials/Substrate/GLints/dict_16_192_64_0p5_0p02_0028_0010.uasset" 5463
"../../../Engine/Content/EngineMaterials/Substrate/GLints/dict_16_192_64_0p5_0p02_0029_0000.uasset" 5464
"../../../Engine/Content/EngineMaterials/Substrate/GLints/dict_16_192_64_0p5_0p02_0028_0002.uasset" 5465
"../../../Engine/Content/EngineMaterials/Substrate/GLints/dict_16_192_64_0p5_0p02_0029_0001.uasset" 5466
"../../../Engine/Content/EngineMaterials/Substrate/GLints/dict_16_192_64_0p5_0p02_0028_0009.uasset" 5467
"../../../Engine/Content/EngineMaterials/Substrate/GLints/dict_16_192_64_0p5_0p02_0028_0013.uasset" 5468
"../../../Engine/Content/EngineMaterials/Substrate/GLints/dict_16_192_64_0p5_0p02_0029_0002.uasset" 5469
"../../../Engine/Content/EngineMaterials/Substrate/GLints/dict_16_192_64_0p5_0p02_0028_0014.uasset" 5470
"../../../Engine/Content/EngineMaterials/Substrate/GLints/dict_16_192_64_0p5_0p02_0028_0015.uasset" 5471
"../../../Engine/Content/EngineMaterials/Substrate/GLints/dict_16_192_64_0p5_0p02_0029_0003.uasset" 5472
"../../../Engine/Content/EngineMaterials/Substrate/GLints/dict_16_192_64_0p5_0p02_0028_0005.uasset" 5473
"../../../Engine/Content/EngineMaterials/Substrate/GLints/dict_16_192_64_0p5_0p02_0029_0006.uasset" 5474
"../../../Engine/Content/EngineMaterials/Substrate/GLints/dict_16_192_64_0p5_0p02_0028_0008.uasset" 5475
"../../../Engine/Content/EngineMaterials/Substrate/GLints/dict_16_192_64_0p5_0p02_0029_0005.uasset" 5476
"../../../Engine/Content/EngineMaterials/Substrate/GLints/dict_16_192_64_0p5_0p02_0029_0004.uasset" 5477
"../../../Engine/Content/EngineMaterials/Substrate/GLints/dict_16_192_64_0p5_0p02_0029_0010.uasset" 5478
"../../../Engine/Content/EngineMaterials/Substrate/GLints/dict_16_192_64_0p5_0p02_0029_0007.uasset" 5479
"../../../Engine/Content/EngineMaterials/Substrate/GLints/dict_16_192_64_0p5_0p02_0029_0009.uasset" 5480
"../../../Engine/Content/EngineMaterials/Substrate/GLints/dict_16_192_64_0p5_0p02_0029_0012.uasset" 5481
"../../../Engine/Content/EngineMaterials/Substrate/GLints/dict_16_192_64_0p5_0p02_0028_0012.uasset" 5482
"../../../Engine/Content/EngineMaterials/Substrate/GLints/dict_16_192_64_0p5_0p02_0028_0003.uasset" 5483
"../../../Engine/Content/EngineMaterials/Substrate/GLints/dict_16_192_64_0p5_0p02_0029_0013.uasset" 5484
"../../../Engine/Content/EngineMaterials/Substrate/GLints/dict_16_192_64_0p5_0p02_0028_0000.uasset" 5485
"../../../Engine/Content/EngineMaterials/Substrate/GLints/dict_16_192_64_0p5_0p02_0029_0011.uasset" 5486
"/Engine/EngineMaterials/Substrate/GLints/dict_16_192_64_0p5_0p02_0027_0015" 5487
"../../../Engine/Content/EngineMaterials/Substrate/GLints/dict_16_192_64_0p5_0p02_0029_0008.uasset" 5488
"../../../Engine/Content/EngineMaterials/Substrate/GLints/dict_16_192_64_0p5_0p02_0029_0014.uasset" 5489
"../../../Engine/Content/EngineMaterials/Substrate/GLints/dict_16_192_64_0p5_0p02_0029_0015.uasset" 5490
"/Engine/EngineMaterials/Substrate/GLints/dict_16_192_64_0p5_0p02_0029_0013" 5491
"/Engine/EngineMaterials/Substrate/GLints/dict_16_192_64_0p5_0p02_0029_0012" 5492
"/Engine/EngineMaterials/Substrate/GLints/dict_16_192_64_0p5_0p02_0029_0011" 5493
"/Engine/EngineMaterials/Substrate/GLints/dict_16_192_64_0p5_0p02_0029_0010" 5494
"/Engine/EngineMaterials/Substrate/GLints/dict_16_192_64_0p5_0p02_0029_0009" 5495
"/Engine/EngineMaterials/Substrate/GLints/dict_16_192_64_0p5_0p02_0029_0008" 5496
"/Engine/EngineMaterials/Substrate/GLints/dict_16_192_64_0p5_0p02_0029_0007" 5497
"/Engine/EngineMaterials/Substrate/GLints/dict_16_192_64_0p5_0p02_0029_0006" 5498
"/Engine/EngineMaterials/Substrate/GLints/dict_16_192_64_0p5_0p02_0029_0005" 5499
"/Engine/EngineMaterials/Substrate/GLints/dict_16_192_64_0p5_0p02_0029_0004" 5500
"/Engine/EngineMaterials/Substrate/GLints/dict_16_192_64_0p5_0p02_0029_0003" 5501
"/Engine/EngineMaterials/Substrate/GLints/dict_16_192_64_0p5_0p02_0029_0002" 5502
"/Engine/EngineMaterials/Substrate/GLints/dict_16_192_64_0p5_0p02_0029_0001" 5503
"/Engine/EngineMaterials/Substrate/GLints/dict_16_192_64_0p5_0p02_0029_0000" 5504
"/Engine/EngineMaterials/Substrate/GLints/dict_16_192_64_0p5_0p02_0028_0015" 5505
"/Engine/EngineMaterials/Substrate/GLints/dict_16_192_64_0p5_0p02_0028_0014" 5506
"/Engine/EngineMaterials/Substrate/GLints/dict_16_192_64_0p5_0p02_0028_0013" 5507
"/Engine/EngineMaterials/Substrate/GLints/dict_16_192_64_0p5_0p02_0028_0012" 5508
"/Engine/EngineMaterials/Substrate/GLints/dict_16_192_64_0p5_0p02_0028_0011" 5509
"/Engine/EngineMaterials/Substrate/GLints/dict_16_192_64_0p5_0p02_0028_0010" 5510
"/Engine/EngineMaterials/Substrate/GLints/dict_16_192_64_0p5_0p02_0028_0009" 5511
"/Engine/EngineMaterials/Substrate/GLints/dict_16_192_64_0p5_0p02_0028_0008" 5512
"/Engine/EngineMaterials/Substrate/GLints/dict_16_192_64_0p5_0p02_0028_0007" 5513
"/Engine/EngineMaterials/Substrate/GLints/dict_16_192_64_0p5_0p02_0028_0006" 5514
"/Engine/EngineMaterials/Substrate/GLints/dict_16_192_64_0p5_0p02_0028_0005" 5515
"/Engine/EngineMaterials/Substrate/GLints/dict_16_192_64_0p5_0p02_0028_0004" 5516
"/Engine/EngineMaterials/Substrate/GLints/dict_16_192_64_0p5_0p02_0028_0003" 5517
"/Engine/EngineMaterials/Substrate/GLints/dict_16_192_64_0p5_0p02_0028_0002" 5518
"/Engine/EngineMaterials/Substrate/GLints/dict_16_192_64_0p5_0p02_0028_0001" 5519
"/Engine/EngineMaterials/Substrate/GLints/dict_16_192_64_0p5_0p02_0028_0000" 5520
"../../../Engine/Content/EngineMaterials/Substrate/GLints/dict_16_192_64_0p5_0p02_0030_0002.uasset" 5521
"../../../Engine/Content/EngineMaterials/Substrate/GLints/dict_16_192_64_0p5_0p02_0030_0003.uasset" 5522
"../../../Engine/Content/EngineMaterials/Substrate/GLints/dict_16_192_64_0p5_0p02_0030_0001.uasset" 5523
"../../../Engine/Content/EngineMaterials/Substrate/GLints/dict_16_192_64_0p5_0p02_0030_0000.uasset" 5524
"../../../Engine/Content/EngineMaterials/Substrate/GLints/dict_16_192_64_0p5_0p02_0030_0012.uasset" 5525
"../../../Engine/Content/EngineMaterials/Substrate/GLints/dict_16_192_64_0p5_0p02_0030_0011.uasset" 5526
"../../../Engine/Content/EngineMaterials/Substrate/GLints/dict_16_192_64_0p5_0p02_0030_0005.uasset" 5527
"../../../Engine/Content/EngineMaterials/Substrate/GLints/dict_16_192_64_0p5_0p02_0030_0009.uasset" 5528
"../../../Engine/Content/EngineMaterials/Substrate/GLints/dict_16_192_64_0p5_0p02_0030_0008.uasset" 5529
"../../../Engine/Content/EngineMaterials/Substrate/GLints/dict_16_192_64_0p5_0p02_0031_0001.uasset" 5530
"../../../Engine/Content/EngineMaterials/Substrate/GLints/dict_16_192_64_0p5_0p02_0031_0002.uasset" 5531
"../../../Engine/Content/EngineMaterials/Substrate/GLints/dict_16_192_64_0p5_0p02_0030_0004.uasset" 5532
"../../../Engine/Content/EngineMaterials/Substrate/GLints/dict_16_192_64_0p5_0p02_0030_0015.uasset" 5533
"../../../Engine/Content/EngineMaterials/Substrate/GLints/dict_16_192_64_0p5_0p02_0031_0004.uasset" 5534
"../../../Engine/Content/EngineMaterials/Substrate/GLints/dict_16_192_64_0p5_0p02_0030_0013.uasset" 5535
"../../../Engine/Content/EngineMaterials/Substrate/GLints/dict_16_192_64_0p5_0p02_0031_0005.uasset" 5536
"../../../Engine/Content/EngineMaterials/Substrate/GLints/dict_16_192_64_0p5_0p02_0030_0007.uasset" 5537
"../../../Engine/Content/EngineMaterials/Substrate/GLints/dict_16_192_64_0p5_0p02_0031_0008.uasset" 5538
"../../../Engine/Content/EngineMaterials/Substrate/GLints/dict_16_192_64_0p5_0p02_0031_0006.uasset" 5539
"../../../Engine/Content/EngineMaterials/Substrate/GLints/dict_16_192_64_0p5_0p02_0030_0006.uasset" 5540
"../../../Engine/Content/EngineMaterials/Substrate/GLints/dict_16_192_64_0p5_0p02_0031_0012.uasset" 5541
"../../../Engine/Content/EngineMaterials/Substrate/GLints/dict_16_192_64_0p5_0p02_0031_0009.uasset" 5542
"../../../Engine/Content/EngineMaterials/Substrate/GLints/dict_16_192_64_0p5_0p02_0031_0013.uasset" 5543
"../../../Engine/Content/EngineMaterials/Substrate/GLints/dict_16_192_64_0p5_0p02_0031_0010.uasset" 5544
"../../../Engine/Content/EngineMaterials/Substrate/GLints/dict_16_192_64_0p5_0p02_0030_0014.uasset" 5545
"../../../Engine/Content/EngineMaterials/Substrate/GLints/dict_16_192_64_0p5_0p02_0030_0010.uasset" 5546
"../../../Engine/Content/EngineMaterials/Substrate/GLints/dict_16_192_64_0p5_0p02_0031_0000.uasset" 5547
"/Engine/EngineMaterials/Substrate/GLints/dict_16_192_64_0p5_0p02_0029_0015" 5548
"../../../Engine/Content/EngineMaterials/Substrate/GLints/dict_16_192_64_0p5_0p02_0031_0007.uasset" 5549
"../../../Engine/Content/EngineMaterials/Substrate/GLints/dict_16_192_64_0p5_0p02_0031_0011.uasset" 5550
"../../../Engine/Content/EngineMaterials/Substrate/GLints/dict_16_192_64_0p5_0p02_0031_0003.uasset" 5551
"/Engine/EngineMaterials/Substrate/GLints/dict_16_192_64_0p5_0p02_0029_0014" 5552
"/Engine/EngineMaterials/Substrate/GLints/dict_16_192_64_0p5_0p02_0030_0003" 5553
"/Engine/EngineMaterials/Substrate/GLints/dict_16_192_64_0p5_0p02_0030_0002" 5554
"/Engine/EngineMaterials/Substrate/GLints/dict_16_192_64_0p5_0p02_0030_0001" 5555
"../../../Engine/Content/EngineMaterials/Substrate/GLints/dict_16_192_64_0p5_0p02_0031_0014.uasset" 5556
"../../../Engine/Content/EngineMaterials/Substrate/GLints/dict_16_192_64_0p5_0p02_0032_0000.uasset" 5557
"../../../Engine/Content/EngineMaterials/Substrate/GLints/dict_16_192_64_0p5_0p02_0031_0015.uasset" 5558
"../../../Engine/Content/EngineMaterials/Substrate/GLints/dict_16_192_64_0p5_0p02_0032_0001.uasset" 5559
"/Engine/EngineMaterials/Substrate/GLints/dict_16_192_64_0p5_0p02_0031_0013" 5560
"../../../Engine/Content/EngineMaterials/Substrate/GLints/dict_16_192_64_0p5_0p02_0032_0002.uasset" 5561
"/Engine/EngineMaterials/Substrate/GLints/dict_16_192_64_0p5_0p02_0031_0012" 5562
"/Engine/EngineMaterials/Substrate/GLints/dict_16_192_64_0p5_0p02_0031_0011" 5563
"/Engine/EngineMaterials/Substrate/GLints/dict_16_192_64_0p5_0p02_0031_0010" 5564
"/Engine/EngineMaterials/Substrate/GLints/dict_16_192_64_0p5_0p02_0031_0009" 5565
"/Engine/EngineMaterials/Substrate/GLints/dict_16_192_64_0p5_0p02_0031_0008" 5566
"/Engine/EngineMaterials/Substrate/GLints/dict_16_192_64_0p5_0p02_0031_0007" 5567
"/Engine/EngineMaterials/Substrate/GLints/dict_16_192_64_0p5_0p02_0031_0006" 5568
"/Engine/EngineMaterials/Substrate/GLints/dict_16_192_64_0p5_0p02_0031_0005" 5569
"/Engine/EngineMaterials/Substrate/GLints/dict_16_192_64_0p5_0p02_0031_0004" 5570
"/Engine/EngineMaterials/Substrate/GLints/dict_16_192_64_0p5_0p02_0031_0003" 5571
"/Engine/EngineMaterials/Substrate/GLints/dict_16_192_64_0p5_0p02_0031_0002" 5572
"/Engine/EngineMaterials/Substrate/GLints/dict_16_192_64_0p5_0p02_0031_0001" 5573
"/Engine/EngineMaterials/Substrate/GLints/dict_16_192_64_0p5_0p02_0031_0000" 5574
"/Engine/EngineMaterials/Substrate/GLints/dict_16_192_64_0p5_0p02_0030_0015" 5575
"/Engine/EngineMaterials/Substrate/GLints/dict_16_192_64_0p5_0p02_0030_0014" 5576
"/Engine/EngineMaterials/Substrate/GLints/dict_16_192_64_0p5_0p02_0030_0013" 5577
"/Engine/EngineMaterials/Substrate/GLints/dict_16_192_64_0p5_0p02_0030_0012" 5578
"/Engine/EngineMaterials/Substrate/GLints/dict_16_192_64_0p5_0p02_0030_0011" 5579
"/Engine/EngineMaterials/Substrate/GLints/dict_16_192_64_0p5_0p02_0030_0010" 5580
"/Engine/EngineMaterials/Substrate/GLints/dict_16_192_64_0p5_0p02_0030_0009" 5581
"/Engine/EngineMaterials/Substrate/GLints/dict_16_192_64_0p5_0p02_0030_0008" 5582
"/Engine/EngineMaterials/Substrate/GLints/dict_16_192_64_0p5_0p02_0030_0007" 5583
"/Engine/EngineMaterials/Substrate/GLints/dict_16_192_64_0p5_0p02_0030_0006" 5584
"/Engine/EngineMaterials/Substrate/GLints/dict_16_192_64_0p5_0p02_0030_0005" 5585
"/Engine/EngineMaterials/Substrate/GLints/dict_16_192_64_0p5_0p02_0030_0004" 5586
"/Engine/EngineMaterials/Substrate/GLints/dict_16_192_64_0p5_0p02_0031_0014" 5587
"/Engine/EngineMaterials/Substrate/GLints/dict_16_192_64_0p5_0p02_0030_0000" 5588
"../../../Engine/Content/EngineMaterials/Substrate/GLints/dict_16_192_64_0p5_0p02_0032_0003.uasset" 5589
"../../../Engine/Content/EngineMaterials/Substrate/GLints/dict_16_192_64_0p5_0p02_0032_0004.uasset" 5590
"../../../Engine/Content/EngineMaterials/Substrate/GLints/dict_16_192_64_0p5_0p02_0032_0005.uasset" 5591
"../../../Engine/Content/EngineMaterials/Substrate/GLints/dict_16_192_64_0p5_0p02_0032_0008.uasset" 5592
"../../../Engine/Content/EngineMaterials/Substrate/GLints/dict_16_192_64_0p5_0p02_0032_0007.uasset" 5593
"../../../Engine/Content/EngineMaterials/Substrate/GLints/dict_16_192_64_0p5_0p02_0032_0006.uasset" 5594
"../../../Engine/Content/EngineMaterials/Substrate/GLints/dict_16_192_64_0p5_0p02_0032_0009.uasset" 5595
"/Engine/EngineMaterials/Substrate/GLints/dict_16_192_64_0p5_0p02_0032_0002" 5596
"../../../Engine/Content/EngineMaterials/Substrate/GLints/dict_16_192_64_0p5_0p02_0032_0010.uasset" 5597
"../../../Engine/Content/EngineMaterials/Substrate/GLints/dict_16_192_64_0p5_0p02_0032_0015.uasset" 5598
"../../../Engine/Content/EngineMaterials/Substrate/GLints/dict_16_192_64_0p5_0p02_0032_0014.uasset" 5599
"../../../Engine/Content/EngineMaterials/Substrate/GLints/dict_16_192_64_0p5_0p02_0032_0011.uasset" 5600
"../../../Engine/Content/EngineMaterials/Substrate/GLints/dict_16_192_64_0p5_0p02_0033_0004.uasset" 5601
"../../../Engine/Content/EngineMaterials/Substrate/GLints/dict_16_192_64_0p5_0p02_0033_0005.uasset" 5602
"../../../Engine/Content/EngineMaterials/Substrate/GLints/dict_16_192_64_0p5_0p02_0033_0006.uasset" 5603
"../../../Engine/Content/EngineMaterials/Substrate/GLints/dict_16_192_64_0p5_0p02_0033_0008.uasset" 5604
"../../../Engine/Content/EngineMaterials/Substrate/GLints/dict_16_192_64_0p5_0p02_0032_0013.uasset" 5605
"../../../Engine/Content/EngineMaterials/Substrate/GLints/dict_16_192_64_0p5_0p02_0033_0003.uasset" 5606
"../../../Engine/Content/EngineMaterials/Substrate/GLints/dict_16_192_64_0p5_0p02_0033_0007.uasset" 5607
"../../../Engine/Content/EngineMaterials/Substrate/GLints/dict_16_192_64_0p5_0p02_0033_0009.uasset" 5608
"../../../Engine/Content/EngineMaterials/Substrate/GLints/dict_16_192_64_0p5_0p02_0033_0014.uasset" 5609
"../../../Engine/Content/EngineMaterials/Substrate/GLints/dict_16_192_64_0p5_0p02_0033_0001.uasset" 5610
"../../../Engine/Content/EngineMaterials/Substrate/GLints/dict_16_192_64_0p5_0p02_0033_0000.uasset" 5611
"../../../Engine/Content/EngineMaterials/Substrate/GLints/dict_16_192_64_0p5_0p02_0033_0011.uasset" 5612
"../../../Engine/Content/EngineMaterials/Substrate/GLints/dict_16_192_64_0p5_0p02_0033_0002.uasset" 5613
"/Engine/EngineMaterials/Substrate/GLints/dict_16_192_64_0p5_0p02_0032_0001" 5614
"../../../Engine/Content/EngineMaterials/Substrate/GLints/dict_16_192_64_0p5_0p02_0032_0012.uasset" 5615
"../../../Engine/Content/EngineMaterials/Substrate/GLints/dict_16_192_64_0p5_0p02_0033_0013.uasset" 5616
"../../../Engine/Content/EngineMaterials/Substrate/GLints/dict_16_192_64_0p5_0p02_0033_0012.uasset" 5617
"../../../Engine/Content/EngineMaterials/Substrate/GLints/dict_16_192_64_0p5_0p02_0033_0010.uasset" 5618
"/Engine/EngineMaterials/Substrate/GLints/dict_16_192_64_0p5_0p02_0032_0000" 5619
"/Engine/EngineMaterials/Substrate/GLints/dict_16_192_64_0p5_0p02_0031_0015" 5620
"/Engine/EngineMaterials/Substrate/GLints/dict_16_192_64_0p5_0p02_0032_0003" 5621
"../../../Engine/Content/EngineMaterials/Substrate/GLints/dict_16_192_64_0p5_0p02_0033_0015.uasset" 5622
"../../../Engine/Content/EngineMaterials/Substrate/GLints/dict_16_192_64_0p5_0p02_0034_0001.uasset" 5623
"../../../Engine/Content/EngineMaterials/Substrate/GLints/dict_16_192_64_0p5_0p02_0034_0000.uasset" 5624
"/Engine/EngineMaterials/Substrate/GLints/dict_16_192_64_0p5_0p02_0033_0014" 5625
"../../../Engine/Content/EngineMaterials/Substrate/GLints/dict_16_192_64_0p5_0p02_0034_0003.uasset" 5626
"../../../Engine/Content/EngineMaterials/Substrate/GLints/dict_16_192_64_0p5_0p02_0034_0002.uasset" 5627
"/Engine/EngineMaterials/Substrate/GLints/dict_16_192_64_0p5_0p02_0033_0013" 5628
"/Engine/EngineMaterials/Substrate/GLints/dict_16_192_64_0p5_0p02_0033_0012" 5629
"/Engine/EngineMaterials/Substrate/GLints/dict_16_192_64_0p5_0p02_0033_0011" 5630
"/Engine/EngineMaterials/Substrate/GLints/dict_16_192_64_0p5_0p02_0033_0010" 5631
"/Engine/EngineMaterials/Substrate/GLints/dict_16_192_64_0p5_0p02_0033_0009" 5632
"/Engine/EngineMaterials/Substrate/GLints/dict_16_192_64_0p5_0p02_0033_0008" 5633
"/Engine/EngineMaterials/Substrate/GLints/dict_16_192_64_0p5_0p02_0033_0007" 5634
"/Engine/EngineMaterials/Substrate/GLints/dict_16_192_64_0p5_0p02_0033_0006" 5635
"/Engine/EngineMaterials/Substrate/GLints/dict_16_192_64_0p5_0p02_0033_0005" 5636
"/Engine/EngineMaterials/Substrate/GLints/dict_16_192_64_0p5_0p02_0033_0004" 5637
"/Engine/EngineMaterials/Substrate/GLints/dict_16_192_64_0p5_0p02_0033_0003" 5638
"/Engine/EngineMaterials/Substrate/GLints/dict_16_192_64_0p5_0p02_0033_0002" 5639
"/Engine/EngineMaterials/Substrate/GLints/dict_16_192_64_0p5_0p02_0033_0001" 5640
"/Engine/EngineMaterials/Substrate/GLints/dict_16_192_64_0p5_0p02_0033_0000" 5641
"/Engine/EngineMaterials/Substrate/GLints/dict_16_192_64_0p5_0p02_0032_0015" 5642
"/Engine/EngineMaterials/Substrate/GLints/dict_16_192_64_0p5_0p02_0032_0014" 5643
"/Engine/EngineMaterials/Substrate/GLints/dict_16_192_64_0p5_0p02_0032_0013" 5644
"/Engine/EngineMaterials/Substrate/GLints/dict_16_192_64_0p5_0p02_0032_0012" 5645
"/Engine/EngineMaterials/Substrate/GLints/dict_16_192_64_0p5_0p02_0032_0011" 5646
"/Engine/EngineMaterials/Substrate/GLints/dict_16_192_64_0p5_0p02_0032_0010" 5647
"/Engine/EngineMaterials/Substrate/GLints/dict_16_192_64_0p5_0p02_0032_0009" 5648
"/Engine/EngineMaterials/Substrate/GLints/dict_16_192_64_0p5_0p02_0032_0008" 5649
"/Engine/EngineMaterials/Substrate/GLints/dict_16_192_64_0p5_0p02_0032_0007" 5650
"/Engine/EngineMaterials/Substrate/GLints/dict_16_192_64_0p5_0p02_0032_0006" 5651
"/Engine/EngineMaterials/Substrate/GLints/dict_16_192_64_0p5_0p02_0032_0005" 5652
"/Engine/EngineMaterials/Substrate/GLints/dict_16_192_64_0p5_0p02_0032_0004" 5653
"/Engine/EngineMaterials/Substrate/GLints/dict_16_192_64_0p5_0p02_0033_0015" 5654
"../../../Engine/Content/EngineMaterials/Substrate/GLints/dict_16_192_64_0p5_0p02_0034_0004.uasset" 5655
"../../../Engine/Content/EngineMaterials/Substrate/GLints/dict_16_192_64_0p5_0p02_0034_0005.uasset" 5656
"../../../Engine/Content/EngineMaterials/Substrate/GLints/dict_16_192_64_0p5_0p02_0034_0007.uasset" 5657
"../../../Engine/Content/EngineMaterials/Substrate/GLints/dict_16_192_64_0p5_0p02_0034_0006.uasset" 5658
"../../../Engine/Content/EngineMaterials/Substrate/GLints/dict_16_192_64_0p5_0p02_0034_0008.uasset" 5659
"../../../Engine/Content/EngineMaterials/Substrate/GLints/dict_16_192_64_0p5_0p02_0034_0010.uasset" 5660
"../../../Engine/Content/EngineMaterials/Substrate/GLints/dict_16_192_64_0p5_0p02_0034_0014.uasset" 5661
"../../../Engine/Content/EngineMaterials/Substrate/GLints/dict_16_192_64_0p5_0p02_0035_0000.uasset" 5662
"../../../Engine/Content/EngineMaterials/Substrate/GLints/dict_16_192_64_0p5_0p02_0034_0009.uasset" 5663
"../../../Engine/Content/EngineMaterials/Substrate/GLints/dict_16_192_64_0p5_0p02_0034_0015.uasset" 5664
"/Engine/EngineMaterials/Substrate/GLints/dict_16_192_64_0p5_0p02_0034_0003" 5665
"../../../Engine/Content/EngineMaterials/Substrate/GLints/dict_16_192_64_0p5_0p02_0035_0001.uasset" 5666
"../../../Engine/Content/EngineMaterials/Substrate/GLints/dict_16_192_64_0p5_0p02_0034_0012.uasset" 5667
"../../../Engine/Content/EngineMaterials/Substrate/GLints/dict_16_192_64_0p5_0p02_0035_0007.uasset" 5668
"../../../Engine/Content/EngineMaterials/Substrate/GLints/dict_16_192_64_0p5_0p02_0035_0006.uasset" 5669
"../../../Engine/Content/EngineMaterials/Substrate/GLints/dict_16_192_64_0p5_0p02_0035_0008.uasset" 5670
"../../../Engine/Content/EngineMaterials/Substrate/GLints/dict_16_192_64_0p5_0p02_0035_0002.uasset" 5671
"../../../Engine/Content/EngineMaterials/Substrate/GLints/dict_16_192_64_0p5_0p02_0035_0010.uasset" 5672
"../../../Engine/Content/EngineMaterials/Substrate/GLints/dict_16_192_64_0p5_0p02_0035_0011.uasset" 5673
"../../../Engine/Content/EngineMaterials/Substrate/GLints/dict_16_192_64_0p5_0p02_0035_0013.uasset" 5674
"../../../Engine/Content/EngineMaterials/Substrate/GLints/dict_16_192_64_0p5_0p02_0035_0014.uasset" 5675
"../../../Engine/Content/EngineMaterials/Substrate/GLints/dict_16_192_64_0p5_0p02_0035_0009.uasset" 5676
"../../../Engine/Content/EngineMaterials/Substrate/GLints/dict_16_192_64_0p5_0p02_0035_0012.uasset" 5677
"../../../Engine/Content/EngineMaterials/Substrate/GLints/dict_16_192_64_0p5_0p02_0034_0013.uasset" 5678
"../../../Engine/Content/EngineMaterials/Substrate/GLints/dict_16_192_64_0p5_0p02_0035_0005.uasset" 5679
"../../../Engine/Content/EngineMaterials/Substrate/GLints/dict_16_192_64_0p5_0p02_0034_0011.uasset" 5680
"../../../Engine/Content/EngineMaterials/Substrate/GLints/dict_16_192_64_0p5_0p02_0035_0015.uasset" 5681
"../../../Engine/Content/EngineMaterials/Substrate/GLints/dict_16_192_64_0p5_0p02_0035_0003.uasset" 5682
"../../../Engine/Content/EngineMaterials/Substrate/GLints/dict_16_192_64_0p5_0p02_0035_0004.uasset" 5683
"/Engine/EngineMaterials/Substrate/GLints/dict_16_192_64_0p5_0p02_0034_0002" 5684
"/Engine/EngineMaterials/Substrate/GLints/dict_16_192_64_0p5_0p02_0034_0007" 5685
"/Engine/EngineMaterials/Substrate/GLints/dict_16_192_64_0p5_0p02_0034_0006" 5686
"/Engine/EngineMaterials/Substrate/GLints/dict_16_192_64_0p5_0p02_0034_0001" 5687
"/Engine/EngineMaterials/Substrate/GLints/dict_16_192_64_0p5_0p02_0034_0000" 5688
"/Engine/EngineMaterials/Substrate/GLints/dict_16_192_64_0p5_0p02_0034_0005" 5689
"/Engine/EngineMaterials/Substrate/GLints/dict_16_192_64_0p5_0p02_0034_0004" 5690
"../../../Engine/Content/EngineMaterials/Substrate/GLints/dict_16_192_64_0p5_0p02_0036_0000.uasset" 5691
"../../../Engine/Content/EngineMaterials/Substrate/GLints/dict_16_192_64_0p5_0p02_0036_0001.uasset" 5692
"../../../Engine/Content/EngineMaterials/Substrate/GLints/dict_16_192_64_0p5_0p02_0036_0003.uasset" 5693
"../../../Engine/Content/EngineMaterials/Substrate/GLints/dict_16_192_64_0p5_0p02_0036_0005.uasset" 5694
"../../../Engine/Content/EngineMaterials/Substrate/GLints/dict_16_192_64_0p5_0p02_0036_0004.uasset" 5695
"../../../Engine/Content/EngineMaterials/Substrate/GLints/dict_16_192_64_0p5_0p02_0036_0002.uasset" 5696
"../../../Engine/Content/EngineMaterials/Substrate/GLints/dict_16_192_64_0p5_0p02_0036_0006.uasset" 5697
"../../../Engine/Content/EngineMaterials/Substrate/GLints/dict_16_192_64_0p5_0p02_0036_0007.uasset" 5698
"/Engine/EngineMaterials/Substrate/GLints/dict_16_192_64_0p5_0p02_0035_0015" 5699
"/Engine/EngineMaterials/Substrate/GLints/dict_16_192_64_0p5_0p02_0035_0014" 5700
"/Engine/EngineMaterials/Substrate/GLints/dict_16_192_64_0p5_0p02_0035_0013" 5701
"/Engine/EngineMaterials/Substrate/GLints/dict_16_192_64_0p5_0p02_0035_0012" 5702
"/Engine/EngineMaterials/Substrate/GLints/dict_16_192_64_0p5_0p02_0035_0011" 5703
"/Engine/EngineMaterials/Substrate/GLints/dict_16_192_64_0p5_0p02_0035_0010" 5704
"/Engine/EngineMaterials/Substrate/GLints/dict_16_192_64_0p5_0p02_0035_0009" 5705
"/Engine/EngineMaterials/Substrate/GLints/dict_16_192_64_0p5_0p02_0035_0008" 5706
"/Engine/EngineMaterials/Substrate/GLints/dict_16_192_64_0p5_0p02_0035_0007" 5707
"/Engine/EngineMaterials/Substrate/GLints/dict_16_192_64_0p5_0p02_0035_0006" 5708
"/Engine/EngineMaterials/Substrate/GLints/dict_16_192_64_0p5_0p02_0035_0005" 5709
"/Engine/EngineMaterials/Substrate/GLints/dict_16_192_64_0p5_0p02_0035_0004" 5710
"/Engine/EngineMaterials/Substrate/GLints/dict_16_192_64_0p5_0p02_0035_0003" 5711
"/Engine/EngineMaterials/Substrate/GLints/dict_16_192_64_0p5_0p02_0035_0002" 5712
"/Engine/EngineMaterials/Substrate/GLints/dict_16_192_64_0p5_0p02_0035_0001" 5713
"/Engine/EngineMaterials/Substrate/GLints/dict_16_192_64_0p5_0p02_0035_0000" 5714
"/Engine/EngineMaterials/Substrate/GLints/dict_16_192_64_0p5_0p02_0034_0015" 5715
"/Engine/EngineMaterials/Substrate/GLints/dict_16_192_64_0p5_0p02_0034_0014" 5716
"/Engine/EngineMaterials/Substrate/GLints/dict_16_192_64_0p5_0p02_0034_0013" 5717
"/Engine/EngineMaterials/Substrate/GLints/dict_16_192_64_0p5_0p02_0034_0012" 5718
"/Engine/EngineMaterials/Substrate/GLints/dict_16_192_64_0p5_0p02_0034_0011" 5719
"/Engine/EngineMaterials/Substrate/GLints/dict_16_192_64_0p5_0p02_0034_0010" 5720
"/Engine/EngineMaterials/Substrate/GLints/dict_16_192_64_0p5_0p02_0034_0009" 5721
"/Engine/EngineMaterials/Substrate/GLints/dict_16_192_64_0p5_0p02_0034_0008" 5722
"/Engine/EngineMaterials/Substrate/GLints/dict_16_192_64_0p5_0p02_0036_0005" 5723
"/Engine/EngineMaterials/Substrate/GLints/dict_16_192_64_0p5_0p02_0036_0004" 5724
"/Engine/EngineMaterials/Substrate/GLints/dict_16_192_64_0p5_0p02_0036_0003" 5725
"/Engine/EngineMaterials/Substrate/GLints/dict_16_192_64_0p5_0p02_0036_0001" 5726
"/Engine/EngineMaterials/Substrate/GLints/dict_16_192_64_0p5_0p02_0036_0000" 5727
"../../../Engine/Content/EngineMaterials/Substrate/GLints/dict_16_192_64_0p5_0p02_0036_0008.uasset" 5728
"../../../Engine/Content/EngineMaterials/Substrate/GLints/dict_16_192_64_0p5_0p02_0036_0009.uasset" 5729
"../../../Engine/Content/EngineMaterials/Substrate/GLints/dict_16_192_64_0p5_0p02_0036_0010.uasset" 5730
"../../../Engine/Content/EngineMaterials/Substrate/GLints/dict_16_192_64_0p5_0p02_0036_0011.uasset" 5731
"../../../Engine/Content/EngineMaterials/Substrate/GLints/dict_16_192_64_0p5_0p02_0036_0015.uasset" 5732
"../../../Engine/Content/EngineMaterials/Substrate/GLints/dict_16_192_64_0p5_0p02_0036_0012.uasset" 5733
"../../../Engine/Content/EngineMaterials/Substrate/GLints/dict_16_192_64_0p5_0p02_0037_0001.uasset" 5734
"../../../Engine/Content/EngineMaterials/Substrate/GLints/dict_16_192_64_0p5_0p02_0037_0002.uasset" 5735
"../../../Engine/Content/EngineMaterials/Substrate/GLints/dict_16_192_64_0p5_0p02_0036_0014.uasset" 5736
"../../../Engine/Content/EngineMaterials/Substrate/GLints/dict_16_192_64_0p5_0p02_0037_0005.uasset" 5737
"../../../Engine/Content/EngineMaterials/Substrate/GLints/dict_16_192_64_0p5_0p02_0037_0004.uasset" 5738
"../../../Engine/Content/EngineMaterials/Substrate/GLints/dict_16_192_64_0p5_0p02_0037_0000.uasset" 5739
"../../../Engine/Content/EngineMaterials/Substrate/GLints/dict_16_192_64_0p5_0p02_0037_0007.uasset" 5740
"/Engine/EngineMaterials/Substrate/GLints/dict_16_192_64_0p5_0p02_0036_0007" 5741
"../../../Engine/Content/EngineMaterials/Substrate/GLints/dict_16_192_64_0p5_0p02_0037_0008.uasset" 5742
"../../../Engine/Content/EngineMaterials/Substrate/GLints/dict_16_192_64_0p5_0p02_0037_0006.uasset" 5743
"../../../Engine/Content/EngineMaterials/Substrate/GLints/dict_16_192_64_0p5_0p02_0037_0009.uasset" 5744
"../../../Engine/Content/EngineMaterials/Substrate/GLints/dict_16_192_64_0p5_0p02_0037_0011.uasset" 5745
"../../../Engine/Content/EngineMaterials/Substrate/GLints/dict_16_192_64_0p5_0p02_0037_0014.uasset" 5746
"../../../Engine/Content/EngineMaterials/Substrate/GLints/dict_16_192_64_0p5_0p02_0038_0000.uasset" 5747
"../../../Engine/Content/EngineMaterials/Substrate/GLints/dict_16_192_64_0p5_0p02_0038_0001.uasset" 5748
"../../../Engine/Content/EngineMaterials/Substrate/GLints/dict_16_192_64_0p5_0p02_0037_0013.uasset" 5749
"../../../Engine/Content/EngineMaterials/Substrate/GLints/dict_16_192_64_0p5_0p02_0037_0012.uasset" 5750
"../../../Engine/Content/EngineMaterials/Substrate/GLints/dict_16_192_64_0p5_0p02_0037_0015.uasset" 5751
"../../../Engine/Content/EngineMaterials/Substrate/GLints/dict_16_192_64_0p5_0p02_0037_0003.uasset" 5752
"../../../Engine/Content/EngineMaterials/Substrate/GLints/dict_16_192_64_0p5_0p02_0037_0010.uasset" 5753
"../../../Engine/Content/EngineMaterials/Substrate/GLints/dict_16_192_64_0p5_0p02_0038_0004.uasset" 5754
"../../../Engine/Content/EngineMaterials/Substrate/GLints/dict_16_192_64_0p5_0p02_0038_0003.uasset" 5755
"../../../Engine/Content/EngineMaterials/Substrate/GLints/dict_16_192_64_0p5_0p02_0038_0002.uasset" 5756
"../../../Engine/Content/EngineMaterials/Substrate/GLints/dict_16_192_64_0p5_0p02_0036_0013.uasset" 5757
"/Engine/EngineMaterials/Substrate/GLints/dict_16_192_64_0p5_0p02_0036_0006" 5758
"/Engine/EngineMaterials/Substrate/GLints/dict_16_192_64_0p5_0p02_0036_0002" 5759
"/Engine/EngineMaterials/Substrate/GLints/dict_16_192_64_0p5_0p02_0036_0009" 5760
"/Engine/EngineMaterials/Substrate/GLints/dict_16_192_64_0p5_0p02_0036_0008" 5761
"../../../Engine/Content/EngineMaterials/Substrate/GLints/dict_16_192_64_0p5_0p02_0038_0005.uasset" 5762
"../../../Engine/Content/EngineMaterials/Substrate/GLints/dict_16_192_64_0p5_0p02_0038_0006.uasset" 5763
"../../../Engine/Content/EngineMaterials/Substrate/GLints/dict_16_192_64_0p5_0p02_0038_0007.uasset" 5764
"/Engine/EngineMaterials/Substrate/GLints/dict_16_192_64_0p5_0p02_0038_0004" 5765
"../../../Engine/Content/EngineMaterials/Substrate/GLints/dict_16_192_64_0p5_0p02_0038_0009.uasset" 5766
"../../../Engine/Content/EngineMaterials/Substrate/GLints/dict_16_192_64_0p5_0p02_0038_0008.uasset" 5767
"/Engine/EngineMaterials/Substrate/GLints/dict_16_192_64_0p5_0p02_0038_0003" 5768
"/Engine/EngineMaterials/Substrate/GLints/dict_16_192_64_0p5_0p02_0038_0002" 5769
"/Engine/EngineMaterials/Substrate/GLints/dict_16_192_64_0p5_0p02_0038_0001" 5770
"/Engine/EngineMaterials/Substrate/GLints/dict_16_192_64_0p5_0p02_0038_0000" 5771
"/Engine/EngineMaterials/Substrate/GLints/dict_16_192_64_0p5_0p02_0037_0015" 5772
"/Engine/EngineMaterials/Substrate/GLints/dict_16_192_64_0p5_0p02_0037_0014" 5773
"/Engine/EngineMaterials/Substrate/GLints/dict_16_192_64_0p5_0p02_0037_0013" 5774
"/Engine/EngineMaterials/Substrate/GLints/dict_16_192_64_0p5_0p02_0037_0012" 5775
"/Engine/EngineMaterials/Substrate/GLints/dict_16_192_64_0p5_0p02_0037_0011" 5776
"/Engine/EngineMaterials/Substrate/GLints/dict_16_192_64_0p5_0p02_0037_0010" 5777
"/Engine/EngineMaterials/Substrate/GLints/dict_16_192_64_0p5_0p02_0037_0009" 5778
"/Engine/EngineMaterials/Substrate/GLints/dict_16_192_64_0p5_0p02_0037_0008" 5779
"/Engine/EngineMaterials/Substrate/GLints/dict_16_192_64_0p5_0p02_0037_0007" 5780
"/Engine/EngineMaterials/Substrate/GLints/dict_16_192_64_0p5_0p02_0037_0006" 5781
"/Engine/EngineMaterials/Substrate/GLints/dict_16_192_64_0p5_0p02_0037_0005" 5782
"/Engine/EngineMaterials/Substrate/GLints/dict_16_192_64_0p5_0p02_0037_0004" 5783
"/Engine/EngineMaterials/Substrate/GLints/dict_16_192_64_0p5_0p02_0037_0003" 5784
"/Engine/EngineMaterials/Substrate/GLints/dict_16_192_64_0p5_0p02_0037_0002" 5785
"/Engine/EngineMaterials/Substrate/GLints/dict_16_192_64_0p5_0p02_0037_0001" 5786
"/Engine/EngineMaterials/Substrate/GLints/dict_16_192_64_0p5_0p02_0037_0000" 5787
"/Engine/EngineMaterials/Substrate/GLints/dict_16_192_64_0p5_0p02_0036_0015" 5788
"/Engine/EngineMaterials/Substrate/GLints/dict_16_192_64_0p5_0p02_0036_0014" 5789
"/Engine/EngineMaterials/Substrate/GLints/dict_16_192_64_0p5_0p02_0036_0013" 5790
"/Engine/EngineMaterials/Substrate/GLints/dict_16_192_64_0p5_0p02_0036_0012" 5791
"/Engine/EngineMaterials/Substrate/GLints/dict_16_192_64_0p5_0p02_0036_0011" 5792
"/Engine/EngineMaterials/Substrate/GLints/dict_16_192_64_0p5_0p02_0036_0010" 5793
"/Engine/EngineMaterials/Substrate/GLints/dict_16_192_64_0p5_0p02_0038_0005" 5794
"../../../Engine/Content/EngineMaterials/Substrate/GLints/dict_16_192_64_0p5_0p02_0038_0010.uasset" 5795
"../../../Engine/Content/EngineMaterials/Substrate/GLints/dict_16_192_64_0p5_0p02_0038_0011.uasset" 5796
"../../../Engine/Content/EngineMaterials/Substrate/GLints/dict_16_192_64_0p5_0p02_0039_0001.uasset" 5797
"../../../Engine/Content/EngineMaterials/Substrate/GLints/dict_16_192_64_0p5_0p02_0038_0012.uasset" 5798
"../../../Engine/Content/EngineMaterials/Substrate/GLints/dict_16_192_64_0p5_0p02_0038_0014.uasset" 5799
"../../../Engine/Content/EngineMaterials/Substrate/GLints/dict_16_192_64_0p5_0p02_0038_0013.uasset" 5800
"../../../Engine/Content/EngineMaterials/Substrate/GLints/dict_16_192_64_0p5_0p02_0039_0007.uasset" 5801
"../../../Engine/Content/EngineMaterials/Substrate/GLints/dict_16_192_64_0p5_0p02_0039_0005.uasset" 5802
"../../../Engine/Content/EngineMaterials/Substrate/GLints/dict_16_192_64_0p5_0p02_0039_0009.uasset" 5803
"../../../Engine/Content/EngineMaterials/Substrate/GLints/dict_16_192_64_0p5_0p02_0038_0015.uasset" 5804
"../../../Engine/Content/EngineMaterials/Substrate/GLints/dict_16_192_64_0p5_0p02_0039_0010.uasset" 5805
"../../../Engine/Content/EngineMaterials/Substrate/GLints/dict_16_192_64_0p5_0p02_0039_0006.uasset" 5806
"/Engine/EngineMaterials/Substrate/GLints/dict_16_192_64_0p5_0p02_0038_0009" 5807
"../../../Engine/Content/EngineMaterials/Substrate/GLints/dict_16_192_64_0p5_0p02_0039_0014.uasset" 5808
"../../../Engine/Content/EngineMaterials/Substrate/GLints/dict_16_192_64_0p5_0p02_0039_0013.uasset" 5809
"../../../Engine/Content/EngineMaterials/Substrate/GLints/dict_16_192_64_0p5_0p02_0039_0015.uasset" 5810
"../../../Engine/Content/EngineMaterials/Substrate/GLints/dict_16_192_64_0p5_0p02_0040_0002.uasset" 5811
"../../../Engine/Content/EngineMaterials/Substrate/GLints/dict_16_192_64_0p5_0p02_0039_0003.uasset" 5812
"../../../Engine/Content/EngineMaterials/Substrate/GLints/dict_16_192_64_0p5_0p02_0040_0005.uasset" 5813
"../../../Engine/Content/EngineMaterials/Substrate/GLints/dict_16_192_64_0p5_0p02_0040_0001.uasset" 5814
"../../../Engine/Content/EngineMaterials/Substrate/GLints/dict_16_192_64_0p5_0p02_0040_0000.uasset" 5815
"../../../Engine/Content/EngineMaterials/Substrate/GLints/dict_16_192_64_0p5_0p02_0039_0002.uasset" 5816
"../../../Engine/Content/EngineMaterials/Substrate/GLints/dict_16_192_64_0p5_0p02_0040_0004.uasset" 5817
"../../../Engine/Content/EngineMaterials/Substrate/GLints/dict_16_192_64_0p5_0p02_0039_0011.uasset" 5818
"../../../Engine/Content/EngineMaterials/Substrate/GLints/dict_16_192_64_0p5_0p02_0039_0004.uasset" 5819
"../../../Engine/Content/EngineMaterials/Substrate/GLints/dict_16_192_64_0p5_0p02_0039_0012.uasset" 5820
"../../../Engine/Content/EngineMaterials/Substrate/GLints/dict_16_192_64_0p5_0p02_0039_0000.uasset" 5821
"../../../Engine/Content/EngineMaterials/Substrate/GLints/dict_16_192_64_0p5_0p02_0040_0003.uasset" 5822
"../../../Engine/Content/EngineMaterials/Substrate/GLints/dict_16_192_64_0p5_0p02_0039_0008.uasset" 5823
"/Engine/EngineMaterials/Substrate/GLints/dict_16_192_64_0p5_0p02_0038_0008" 5824
"/Engine/EngineMaterials/Substrate/GLints/dict_16_192_64_0p5_0p02_0038_0007" 5825
"/Engine/EngineMaterials/Substrate/GLints/dict_16_192_64_0p5_0p02_0038_0006" 5826
"../../../Engine/Content/EngineMaterials/Substrate/GLints/dict_16_192_64_0p5_0p02_0040_0006.uasset" 5827
"../../../Engine/Content/EngineMaterials/Substrate/GLints/dict_16_192_64_0p5_0p02_0040_0007.uasset" 5828
"/Engine/EngineMaterials/Substrate/GLints/dict_16_192_64_0p5_0p02_0040_0005" 5829
"../../../Engine/Content/EngineMaterials/Substrate/GLints/dict_16_192_64_0p5_0p02_0040_0008.uasset" 5830
"../../../Engine/Content/EngineMaterials/Substrate/GLints/dict_16_192_64_0p5_0p02_0040_0009.uasset" 5831
"/Engine/EngineMaterials/Substrate/GLints/dict_16_192_64_0p5_0p02_0040_0004" 5832
"/Engine/EngineMaterials/Substrate/GLints/dict_16_192_64_0p5_0p02_0040_0003" 5833
"/Engine/EngineMaterials/Substrate/GLints/dict_16_192_64_0p5_0p02_0040_0002" 5834
"/Engine/EngineMaterials/Substrate/GLints/dict_16_192_64_0p5_0p02_0040_0001" 5835
"/Engine/EngineMaterials/Substrate/GLints/dict_16_192_64_0p5_0p02_0040_0000" 5836
"/Engine/EngineMaterials/Substrate/GLints/dict_16_192_64_0p5_0p02_0039_0015" 5837
"/Engine/EngineMaterials/Substrate/GLints/dict_16_192_64_0p5_0p02_0039_0014" 5838
"/Engine/EngineMaterials/Substrate/GLints/dict_16_192_64_0p5_0p02_0039_0013" 5839
"/Engine/EngineMaterials/Substrate/GLints/dict_16_192_64_0p5_0p02_0039_0012" 5840
"/Engine/EngineMaterials/Substrate/GLints/dict_16_192_64_0p5_0p02_0039_0011" 5841
"/Engine/EngineMaterials/Substrate/GLints/dict_16_192_64_0p5_0p02_0039_0010" 5842
"/Engine/EngineMaterials/Substrate/GLints/dict_16_192_64_0p5_0p02_0039_0009" 5843
"/Engine/EngineMaterials/Substrate/GLints/dict_16_192_64_0p5_0p02_0039_0008" 5844
"/Engine/EngineMaterials/Substrate/GLints/dict_16_192_64_0p5_0p02_0039_0007" 5845
"/Engine/EngineMaterials/Substrate/GLints/dict_16_192_64_0p5_0p02_0039_0006" 5846
"/Engine/EngineMaterials/Substrate/GLints/dict_16_192_64_0p5_0p02_0039_0005" 5847
"/Engine/EngineMaterials/Substrate/GLints/dict_16_192_64_0p5_0p02_0039_0004" 5848
"/Engine/EngineMaterials/Substrate/GLints/dict_16_192_64_0p5_0p02_0039_0003" 5849
"/Engine/EngineMaterials/Substrate/GLints/dict_16_192_64_0p5_0p02_0039_0002" 5850
"/Engine/EngineMaterials/Substrate/GLints/dict_16_192_64_0p5_0p02_0039_0001" 5851
"/Engine/EngineMaterials/Substrate/GLints/dict_16_192_64_0p5_0p02_0039_0000" 5852
"/Engine/EngineMaterials/Substrate/GLints/dict_16_192_64_0p5_0p02_0038_0015" 5853
"/Engine/EngineMaterials/Substrate/GLints/dict_16_192_64_0p5_0p02_0038_0014" 5854
"/Engine/EngineMaterials/Substrate/GLints/dict_16_192_64_0p5_0p02_0038_0013" 5855
"/Engine/EngineMaterials/Substrate/GLints/dict_16_192_64_0p5_0p02_0038_0012" 5856
"/Engine/EngineMaterials/Substrate/GLints/dict_16_192_64_0p5_0p02_0038_0011" 5857
"/Engine/EngineMaterials/Substrate/GLints/dict_16_192_64_0p5_0p02_0040_0006" 5858
"/Engine/EngineMaterials/Substrate/GLints/dict_16_192_64_0p5_0p02_0038_0010" 5859
"../../../Engine/Content/EngineMaterials/Substrate/GLints/dict_16_192_64_0p5_0p02_0040_0010.uasset" 5860
"../../../Engine/Content/EngineMaterials/Substrate/GLints/dict_16_192_64_0p5_0p02_0040_0011.uasset" 5861
"../../../Engine/Content/EngineMaterials/Substrate/GLints/dict_16_192_64_0p5_0p02_0040_0012.uasset" 5862
"../../../Engine/Content/EngineMaterials/Substrate/GLints/dict_16_192_64_0p5_0p02_0040_0015.uasset" 5863
"../../../Engine/Content/EngineMaterials/Substrate/GLints/dict_16_192_64_0p5_0p02_0040_0013.uasset" 5864
"../../../Engine/Content/EngineMaterials/Substrate/GLints/dict_16_192_64_0p5_0p02_0041_0005.uasset" 5865
"../../../Engine/Content/EngineMaterials/Substrate/GLints/dict_16_192_64_0p5_0p02_0041_0000.uasset" 5866
"../../../Engine/Content/EngineMaterials/Substrate/GLints/dict_16_192_64_0p5_0p02_0041_0002.uasset" 5867
"../../../Engine/Content/EngineMaterials/Substrate/GLints/dict_16_192_64_0p5_0p02_0041_0009.uasset" 5868
"/Engine/EngineMaterials/Substrate/GLints/dict_16_192_64_0p5_0p02_0040_0009" 5869
"../../../Engine/Content/EngineMaterials/Substrate/GLints/dict_16_192_64_0p5_0p02_0041_0010.uasset" 5870
"../../../Engine/Content/EngineMaterials/Substrate/GLints/dict_16_192_64_0p5_0p02_0041_0008.uasset" 5871
"../../../Engine/Content/EngineMaterials/Substrate/GLints/dict_16_192_64_0p5_0p02_0041_0003.uasset" 5872
"../../../Engine/Content/EngineMaterials/Substrate/GLints/dict_16_192_64_0p5_0p02_0041_0013.uasset" 5873
"../../../Engine/Content/EngineMaterials/Substrate/GLints/dict_16_192_64_0p5_0p02_0041_0014.uasset" 5874
"../../../Engine/Content/EngineMaterials/Substrate/GLints/dict_16_192_64_0p5_0p02_0041_0015.uasset" 5875
"../../../Engine/Content/EngineMaterials/Substrate/GLints/dict_16_192_64_0p5_0p02_0042_0002.uasset" 5876
"../../../Engine/Content/EngineMaterials/Substrate/GLints/dict_16_192_64_0p5_0p02_0042_0003.uasset" 5877
"../../../Engine/Content/EngineMaterials/Substrate/GLints/dict_16_192_64_0p5_0p02_0041_0006.uasset" 5878
"../../../Engine/Content/EngineMaterials/Substrate/GLints/dict_16_192_64_0p5_0p02_0041_0001.uasset" 5879
"../../../Engine/Content/EngineMaterials/Substrate/GLints/dict_16_192_64_0p5_0p02_0042_0000.uasset" 5880
"../../../Engine/Content/EngineMaterials/Substrate/GLints/dict_16_192_64_0p5_0p02_0042_0004.uasset" 5881
"../../../Engine/Content/EngineMaterials/Substrate/GLints/dict_16_192_64_0p5_0p02_0041_0004.uasset" 5882
"../../../Engine/Content/EngineMaterials/Substrate/GLints/dict_16_192_64_0p5_0p02_0041_0007.uasset" 5883
"../../../Engine/Content/EngineMaterials/Substrate/GLints/dict_16_192_64_0p5_0p02_0041_0011.uasset" 5884
"../../../Engine/Content/EngineMaterials/Substrate/GLints/dict_16_192_64_0p5_0p02_0040_0014.uasset" 5885
"../../../Engine/Content/EngineMaterials/Substrate/GLints/dict_16_192_64_0p5_0p02_0042_0006.uasset" 5886
"../../../Engine/Content/EngineMaterials/Substrate/GLints/dict_16_192_64_0p5_0p02_0041_0012.uasset" 5887
"../../../Engine/Content/EngineMaterials/Substrate/GLints/dict_16_192_64_0p5_0p02_0042_0001.uasset" 5888
"../../../Engine/Content/EngineMaterials/Substrate/GLints/dict_16_192_64_0p5_0p02_0042_0005.uasset" 5889
"/Engine/EngineMaterials/Substrate/GLints/dict_16_192_64_0p5_0p02_0040_0008" 5890
"/Engine/EngineMaterials/Substrate/GLints/dict_16_192_64_0p5_0p02_0040_0007" 5891
"/Engine/EngineMaterials/Substrate/GLints/dict_16_192_64_0p5_0p02_0040_0011" 5892
"../../../Engine/Content/EngineMaterials/Substrate/GLints/dict_16_192_64_0p5_0p02_0042_0007.uasset" 5893
"../../../Engine/Content/EngineMaterials/Substrate/GLints/dict_16_192_64_0p5_0p02_0042_0008.uasset" 5894
"/Engine/EngineMaterials/Substrate/GLints/dict_16_192_64_0p5_0p02_0042_0006" 5895
"../../../Engine/Content/EngineMaterials/Substrate/GLints/dict_16_192_64_0p5_0p02_0042_0009.uasset" 5896
"../../../Engine/Content/EngineMaterials/Substrate/GLints/dict_16_192_64_0p5_0p02_0042_0010.uasset" 5897
"/Engine/EngineMaterials/Substrate/GLints/dict_16_192_64_0p5_0p02_0042_0005" 5898
"/Engine/EngineMaterials/Substrate/GLints/dict_16_192_64_0p5_0p02_0042_0004" 5899
"/Engine/EngineMaterials/Substrate/GLints/dict_16_192_64_0p5_0p02_0042_0003" 5900
"/Engine/EngineMaterials/Substrate/GLints/dict_16_192_64_0p5_0p02_0042_0002" 5901
"/Engine/EngineMaterials/Substrate/GLints/dict_16_192_64_0p5_0p02_0042_0001" 5902
"/Engine/EngineMaterials/Substrate/GLints/dict_16_192_64_0p5_0p02_0042_0000" 5903
"/Engine/EngineMaterials/Substrate/GLints/dict_16_192_64_0p5_0p02_0041_0015" 5904
"/Engine/EngineMaterials/Substrate/GLints/dict_16_192_64_0p5_0p02_0041_0014" 5905
"/Engine/EngineMaterials/Substrate/GLints/dict_16_192_64_0p5_0p02_0041_0013" 5906
"/Engine/EngineMaterials/Substrate/GLints/dict_16_192_64_0p5_0p02_0041_0012" 5907
"/Engine/EngineMaterials/Substrate/GLints/dict_16_192_64_0p5_0p02_0041_0011" 5908
"/Engine/EngineMaterials/Substrate/GLints/dict_16_192_64_0p5_0p02_0041_0010" 5909
"/Engine/EngineMaterials/Substrate/GLints/dict_16_192_64_0p5_0p02_0041_0009" 5910
"/Engine/EngineMaterials/Substrate/GLints/dict_16_192_64_0p5_0p02_0041_0008" 5911
"/Engine/EngineMaterials/Substrate/GLints/dict_16_192_64_0p5_0p02_0041_0007" 5912
"/Engine/EngineMaterials/Substrate/GLints/dict_16_192_64_0p5_0p02_0041_0006" 5913
"/Engine/EngineMaterials/Substrate/GLints/dict_16_192_64_0p5_0p02_0041_0005" 5914
"/Engine/EngineMaterials/Substrate/GLints/dict_16_192_64_0p5_0p02_0041_0004" 5915
"/Engine/EngineMaterials/Substrate/GLints/dict_16_192_64_0p5_0p02_0041_0003" 5916
"/Engine/EngineMaterials/Substrate/GLints/dict_16_192_64_0p5_0p02_0041_0002" 5917
"/Engine/EngineMaterials/Substrate/GLints/dict_16_192_64_0p5_0p02_0041_0001" 5918
"/Engine/EngineMaterials/Substrate/GLints/dict_16_192_64_0p5_0p02_0041_0000" 5919
"/Engine/EngineMaterials/Substrate/GLints/dict_16_192_64_0p5_0p02_0040_0015" 5920
"/Engine/EngineMaterials/Substrate/GLints/dict_16_192_64_0p5_0p02_0040_0014" 5921
"/Engine/EngineMaterials/Substrate/GLints/dict_16_192_64_0p5_0p02_0040_0013" 5922
"/Engine/EngineMaterials/Substrate/GLints/dict_16_192_64_0p5_0p02_0040_0012" 5923
"/Engine/EngineMaterials/Substrate/GLints/dict_16_192_64_0p5_0p02_0040_0010" 5924
"../../../Engine/Content/EngineMaterials/Substrate/GLints/dict_16_192_64_0p5_0p02_0042_0011.uasset" 5925
"../../../Engine/Content/EngineMaterials/Substrate/GLints/dict_16_192_64_0p5_0p02_0042_0012.uasset" 5926
"../../../Engine/Content/EngineMaterials/Substrate/GLints/dict_16_192_64_0p5_0p02_0042_0013.uasset" 5927
"../../../Engine/Content/EngineMaterials/Substrate/GLints/dict_16_192_64_0p5_0p02_0043_0005.uasset" 5928
"../../../Engine/Content/EngineMaterials/Substrate/GLints/dict_16_192_64_0p5_0p02_0043_0001.uasset" 5929
"../../../Engine/Content/EngineMaterials/Substrate/GLints/dict_16_192_64_0p5_0p02_0042_0014.uasset" 5930
"../../../Engine/Content/EngineMaterials/Substrate/GLints/dict_16_192_64_0p5_0p02_0043_0011.uasset" 5931
"../../../Engine/Content/EngineMaterials/Substrate/GLints/dict_16_192_64_0p5_0p02_0043_0007.uasset" 5932
"/Engine/EngineMaterials/Substrate/GLints/dict_16_192_64_0p5_0p02_0042_0010" 5933
"../../../Engine/Content/EngineMaterials/Substrate/GLints/dict_16_192_64_0p5_0p02_0043_0014.uasset" 5934
"../../../Engine/Content/EngineMaterials/Substrate/GLints/dict_16_192_64_0p5_0p02_0043_0002.uasset" 5935
"../../../Engine/Content/EngineMaterials/Substrate/GLints/dict_16_192_64_0p5_0p02_0043_0015.uasset" 5936
"../../../Engine/Content/EngineMaterials/Substrate/GLints/dict_16_192_64_0p5_0p02_0044_0000.uasset" 5937
"../../../Engine/Content/EngineMaterials/Substrate/GLints/dict_16_192_64_0p5_0p02_0043_0004.uasset" 5938
"../../../Engine/Content/EngineMaterials/Substrate/GLints/dict_16_192_64_0p5_0p02_0043_0006.uasset" 5939
"../../../Engine/Content/EngineMaterials/Substrate/GLints/dict_16_192_64_0p5_0p02_0044_0003.uasset" 5940
"../../../Engine/Content/EngineMaterials/Substrate/GLints/dict_16_192_64_0p5_0p02_0043_0009.uasset" 5941
"../../../Engine/Content/EngineMaterials/Substrate/GLints/dict_16_192_64_0p5_0p02_0044_0001.uasset" 5942
"../../../Engine/Content/EngineMaterials/Substrate/GLints/dict_16_192_64_0p5_0p02_0043_0013.uasset" 5943
"../../../Engine/Content/EngineMaterials/Substrate/GLints/dict_16_192_64_0p5_0p02_0044_0006.uasset" 5944
"../../../Engine/Content/EngineMaterials/Substrate/GLints/dict_16_192_64_0p5_0p02_0043_0008.uasset" 5945
"../../../Engine/Content/EngineMaterials/Substrate/GLints/dict_16_192_64_0p5_0p02_0044_0004.uasset" 5946
"../../../Engine/Content/EngineMaterials/Substrate/GLints/dict_16_192_64_0p5_0p02_0044_0005.uasset" 5947
"../../../Engine/Content/EngineMaterials/Substrate/GLints/dict_16_192_64_0p5_0p02_0042_0015.uasset" 5948
"../../../Engine/Content/EngineMaterials/Substrate/GLints/dict_16_192_64_0p5_0p02_0043_0003.uasset" 5949
"../../../Engine/Content/EngineMaterials/Substrate/GLints/dict_16_192_64_0p5_0p02_0043_0000.uasset" 5950
"../../../Engine/Content/EngineMaterials/Substrate/GLints/dict_16_192_64_0p5_0p02_0043_0012.uasset" 5951
"../../../Engine/Content/EngineMaterials/Substrate/GLints/dict_16_192_64_0p5_0p02_0043_0010.uasset" 5952
"../../../Engine/Content/EngineMaterials/Substrate/GLints/dict_16_192_64_0p5_0p02_0044_0002.uasset" 5953
"/Engine/EngineMaterials/Substrate/GLints/dict_16_192_64_0p5_0p02_0042_0009" 5954
"/Engine/EngineMaterials/Substrate/GLints/dict_16_192_64_0p5_0p02_0042_0012" 5955
"/Engine/EngineMaterials/Substrate/GLints/dict_16_192_64_0p5_0p02_0042_0008" 5956
"/Engine/EngineMaterials/Substrate/GLints/dict_16_192_64_0p5_0p02_0042_0007" 5957
"/Engine/EngineMaterials/Substrate/GLints/dict_16_192_64_0p5_0p02_0042_0011" 5958
"../../../Engine/Content/EngineMaterials/Substrate/GLints/dict_16_192_64_0p5_0p02_0044_0007.uasset" 5959
"../../../Engine/Content/EngineMaterials/Substrate/GLints/dict_16_192_64_0p5_0p02_0044_0008.uasset" 5960
"../../../Engine/Content/EngineMaterials/Substrate/GLints/dict_16_192_64_0p5_0p02_0044_0010.uasset" 5961
"../../../Engine/Content/EngineMaterials/Substrate/GLints/dict_16_192_64_0p5_0p02_0044_0009.uasset" 5962
"/Engine/EngineMaterials/Substrate/GLints/dict_16_192_64_0p5_0p02_0044_0006" 5963
"../../../Engine/Content/EngineMaterials/Substrate/GLints/dict_16_192_64_0p5_0p02_0044_0011.uasset" 5964
"../../../Engine/Content/EngineMaterials/Substrate/GLints/dict_16_192_64_0p5_0p02_0044_0012.uasset" 5965
"/Engine/EngineMaterials/Substrate/GLints/dict_16_192_64_0p5_0p02_0044_0005" 5966
"/Engine/EngineMaterials/Substrate/GLints/dict_16_192_64_0p5_0p02_0044_0004" 5967
"/Engine/EngineMaterials/Substrate/GLints/dict_16_192_64_0p5_0p02_0044_0003" 5968
"/Engine/EngineMaterials/Substrate/GLints/dict_16_192_64_0p5_0p02_0044_0002" 5969
"/Engine/EngineMaterials/Substrate/GLints/dict_16_192_64_0p5_0p02_0044_0001" 5970
"/Engine/EngineMaterials/Substrate/GLints/dict_16_192_64_0p5_0p02_0044_0000" 5971
"/Engine/EngineMaterials/Substrate/GLints/dict_16_192_64_0p5_0p02_0043_0015" 5972
"/Engine/EngineMaterials/Substrate/GLints/dict_16_192_64_0p5_0p02_0043_0014" 5973
"/Engine/EngineMaterials/Substrate/GLints/dict_16_192_64_0p5_0p02_0043_0013" 5974
"/Engine/EngineMaterials/Substrate/GLints/dict_16_192_64_0p5_0p02_0043_0012" 5975
"/Engine/EngineMaterials/Substrate/GLints/dict_16_192_64_0p5_0p02_0043_0011" 5976
"/Engine/EngineMaterials/Substrate/GLints/dict_16_192_64_0p5_0p02_0043_0010" 5977
"/Engine/EngineMaterials/Substrate/GLints/dict_16_192_64_0p5_0p02_0043_0009" 5978
"/Engine/EngineMaterials/Substrate/GLints/dict_16_192_64_0p5_0p02_0043_0008" 5979
"/Engine/EngineMaterials/Substrate/GLints/dict_16_192_64_0p5_0p02_0043_0007" 5980
"/Engine/EngineMaterials/Substrate/GLints/dict_16_192_64_0p5_0p02_0043_0006" 5981
"/Engine/EngineMaterials/Substrate/GLints/dict_16_192_64_0p5_0p02_0043_0005" 5982
"/Engine/EngineMaterials/Substrate/GLints/dict_16_192_64_0p5_0p02_0043_0004" 5983
"/Engine/EngineMaterials/Substrate/GLints/dict_16_192_64_0p5_0p02_0043_0003" 5984
"/Engine/EngineMaterials/Substrate/GLints/dict_16_192_64_0p5_0p02_0043_0002" 5985
"/Engine/EngineMaterials/Substrate/GLints/dict_16_192_64_0p5_0p02_0043_0001" 5986
"/Engine/EngineMaterials/Substrate/GLints/dict_16_192_64_0p5_0p02_0043_0000" 5987
"/Engine/EngineMaterials/Substrate/GLints/dict_16_192_64_0p5_0p02_0042_0015" 5988
"/Engine/EngineMaterials/Substrate/GLints/dict_16_192_64_0p5_0p02_0042_0014" 5989
"/Engine/EngineMaterials/Substrate/GLints/dict_16_192_64_0p5_0p02_0042_0013" 5990
"/Engine/EngineMaterials/Substrate/GLints/dict_16_192_64_0p5_0p02_0044_0010" 5991
"/Engine/EngineMaterials/Substrate/GLints/dict_16_192_64_0p5_0p02_0044_0008" 5992
"/Engine/EngineMaterials/Substrate/GLints/dict_16_192_64_0p5_0p02_0044_0007" 5993
"../../../Engine/Content/EngineMaterials/Substrate/GLints/dict_16_192_64_0p5_0p02_0044_0014.uasset" 5994
"../../../Engine/Content/EngineMaterials/Substrate/GLints/dict_16_192_64_0p5_0p02_0044_0015.uasset" 5995
"../../../Engine/Content/EngineMaterials/Substrate/GLints/dict_16_192_64_0p5_0p02_0044_0013.uasset" 5996
"../../../Engine/Content/EngineMaterials/Substrate/GLints/dict_16_192_64_0p5_0p02_0045_0000.uasset" 5997
"../../../Engine/Content/EngineMaterials/Substrate/GLints/dict_16_192_64_0p5_0p02_0045_0001.uasset" 5998
"../../../Engine/Content/EngineMaterials/Substrate/GLints/dict_16_192_64_0p5_0p02_0045_0007.uasset" 5999
"../../../Engine/Content/EngineMaterials/Substrate/GLints/dict_16_192_64_0p5_0p02_0045_0013.uasset" 6000
"../../../Engine/Content/EngineMaterials/Substrate/GLints/dict_16_192_64_0p5_0p02_0045_0003.uasset" 6001
"../../../Engine/Content/EngineMaterials/Substrate/GLints/dict_16_192_64_0p5_0p02_0045_0014.uasset" 6002
"/Engine/EngineMaterials/Substrate/GLints/dict_16_192_64_0p5_0p02_0044_0012" 6003
"../../../Engine/Content/EngineMaterials/Substrate/GLints/dict_16_192_64_0p5_0p02_0045_0006.uasset" 6004
"../../../Engine/Content/EngineMaterials/Substrate/GLints/dict_16_192_64_0p5_0p02_0046_0001.uasset" 6005
"../../../Engine/Content/EngineMaterials/Substrate/GLints/dict_16_192_64_0p5_0p02_0046_0000.uasset" 6006
"../../../Engine/Content/EngineMaterials/Substrate/GLints/dict_16_192_64_0p5_0p02_0045_0005.uasset" 6007
"../../../Engine/Content/EngineMaterials/Substrate/GLints/dict_16_192_64_0p5_0p02_0046_0005.uasset" 6008
"../../../Engine/Content/EngineMaterials/Substrate/GLints/dict_16_192_64_0p5_0p02_0045_0002.uasset" 6009
"../../../Engine/Content/EngineMaterials/Substrate/GLints/dict_16_192_64_0p5_0p02_0046_0003.uasset" 6010
"../../../Engine/Content/EngineMaterials/Substrate/GLints/dict_16_192_64_0p5_0p02_0046_0004.uasset" 6011
"../../../Engine/Content/EngineMaterials/Substrate/GLints/dict_16_192_64_0p5_0p02_0045_0011.uasset" 6012
"../../../Engine/Content/EngineMaterials/Substrate/GLints/dict_16_192_64_0p5_0p02_0045_0012.uasset" 6013
"../../../Engine/Content/EngineMaterials/Substrate/GLints/dict_16_192_64_0p5_0p02_0046_0008.uasset" 6014
"../../../Engine/Content/EngineMaterials/Substrate/GLints/dict_16_192_64_0p5_0p02_0046_0007.uasset" 6015
"../../../Engine/Content/EngineMaterials/Substrate/GLints/dict_16_192_64_0p5_0p02_0045_0008.uasset" 6016
"../../../Engine/Content/EngineMaterials/Substrate/GLints/dict_16_192_64_0p5_0p02_0046_0006.uasset" 6017
"../../../Engine/Content/EngineMaterials/Substrate/GLints/dict_16_192_64_0p5_0p02_0045_0004.uasset" 6018
"../../../Engine/Content/EngineMaterials/Substrate/GLints/dict_16_192_64_0p5_0p02_0045_0015.uasset" 6019
"../../../Engine/Content/EngineMaterials/Substrate/GLints/dict_16_192_64_0p5_0p02_0045_0009.uasset" 6020
"../../../Engine/Content/EngineMaterials/Substrate/GLints/dict_16_192_64_0p5_0p02_0045_0010.uasset" 6021
"../../../Engine/Content/EngineMaterials/Substrate/GLints/dict_16_192_64_0p5_0p02_0046_0002.uasset" 6022
"../../../Engine/Content/EngineMaterials/Substrate/GLints/dict_16_192_64_0p5_0p02_0046_0009.uasset" 6023
"/Engine/EngineMaterials/Substrate/GLints/dict_16_192_64_0p5_0p02_0044_0011" 6024
"/Engine/EngineMaterials/Substrate/GLints/dict_16_192_64_0p5_0p02_0044_0015" 6025
"/Engine/EngineMaterials/Substrate/GLints/dict_16_192_64_0p5_0p02_0044_0009" 6026
"/Engine/EngineMaterials/Substrate/GLints/dict_16_192_64_0p5_0p02_0044_0014" 6027
"/Engine/EngineMaterials/Substrate/GLints/dict_16_192_64_0p5_0p02_0044_0013" 6028
"../../../Engine/Content/EngineMaterials/Substrate/GLints/dict_16_192_64_0p5_0p02_0046_0010.uasset" 6029
"../../../Engine/Content/EngineMaterials/Substrate/GLints/dict_16_192_64_0p5_0p02_0046_0011.uasset" 6030
"../../../Engine/Content/EngineMaterials/Substrate/GLints/dict_16_192_64_0p5_0p02_0046_0012.uasset" 6031
"/Engine/EngineMaterials/Substrate/GLints/dict_16_192_64_0p5_0p02_0046_0009" 6032
"../../../Engine/Content/EngineMaterials/Substrate/GLints/dict_16_192_64_0p5_0p02_0046_0015.uasset" 6033
"../../../Engine/Content/EngineMaterials/Substrate/GLints/dict_16_192_64_0p5_0p02_0046_0014.uasset" 6034
"../../../Engine/Content/EngineMaterials/Substrate/GLints/dict_16_192_64_0p5_0p02_0046_0013.uasset" 6035
"/Engine/EngineMaterials/Substrate/GLints/dict_16_192_64_0p5_0p02_0046_0008" 6036
"/Engine/EngineMaterials/Substrate/GLints/dict_16_192_64_0p5_0p02_0046_0007" 6037
"/Engine/EngineMaterials/Substrate/GLints/dict_16_192_64_0p5_0p02_0046_0006" 6038
"/Engine/EngineMaterials/Substrate/GLints/dict_16_192_64_0p5_0p02_0046_0005" 6039
"/Engine/EngineMaterials/Substrate/GLints/dict_16_192_64_0p5_0p02_0046_0004" 6040
"/Engine/EngineMaterials/Substrate/GLints/dict_16_192_64_0p5_0p02_0046_0003" 6041
"/Engine/EngineMaterials/Substrate/GLints/dict_16_192_64_0p5_0p02_0046_0002" 6042
"/Engine/EngineMaterials/Substrate/GLints/dict_16_192_64_0p5_0p02_0046_0001" 6043
"/Engine/EngineMaterials/Substrate/GLints/dict_16_192_64_0p5_0p02_0046_0000" 6044
"/Engine/EngineMaterials/Substrate/GLints/dict_16_192_64_0p5_0p02_0045_0015" 6045
"/Engine/EngineMaterials/Substrate/GLints/dict_16_192_64_0p5_0p02_0045_0014" 6046
"/Engine/EngineMaterials/Substrate/GLints/dict_16_192_64_0p5_0p02_0045_0013" 6047
"/Engine/EngineMaterials/Substrate/GLints/dict_16_192_64_0p5_0p02_0045_0012" 6048
"/Engine/EngineMaterials/Substrate/GLints/dict_16_192_64_0p5_0p02_0045_0011" 6049
"/Engine/EngineMaterials/Substrate/GLints/dict_16_192_64_0p5_0p02_0045_0010" 6050
"/Engine/EngineMaterials/Substrate/GLints/dict_16_192_64_0p5_0p02_0045_0009" 6051
"/Engine/EngineMaterials/Substrate/GLints/dict_16_192_64_0p5_0p02_0045_0008" 6052
"/Engine/EngineMaterials/Substrate/GLints/dict_16_192_64_0p5_0p02_0045_0007" 6053
"/Engine/EngineMaterials/Substrate/GLints/dict_16_192_64_0p5_0p02_0045_0006" 6054
"/Engine/EngineMaterials/Substrate/GLints/dict_16_192_64_0p5_0p02_0045_0005" 6055
"/Engine/EngineMaterials/Substrate/GLints/dict_16_192_64_0p5_0p02_0045_0004" 6056
"/Engine/EngineMaterials/Substrate/GLints/dict_16_192_64_0p5_0p02_0045_0003" 6057
"/Engine/EngineMaterials/Substrate/GLints/dict_16_192_64_0p5_0p02_0045_0002" 6058
"/Engine/EngineMaterials/Substrate/GLints/dict_16_192_64_0p5_0p02_0045_0001" 6059
"/Engine/EngineMaterials/Substrate/GLints/dict_16_192_64_0p5_0p02_0045_0000" 6060
"/Engine/EngineMaterials/Substrate/GLints/dict_16_192_64_0p5_0p02_0046_0011" 6061
"/Engine/EngineMaterials/Substrate/GLints/dict_16_192_64_0p5_0p02_0046_0010" 6062
"../../../Engine/Content/EngineMaterials/Substrate/GLints/dict_16_192_64_0p5_0p02_0047_0000.uasset" 6063
"../../../Engine/Content/EngineMaterials/Substrate/GLints/dict_16_192_64_0p5_0p02_0047_0001.uasset" 6064
"../../../Engine/Content/EngineMaterials/Substrate/GLints/dict_16_192_64_0p5_0p02_0047_0002.uasset" 6065
"../../../Engine/Content/EngineMaterials/Substrate/GLints/dict_16_192_64_0p5_0p02_0047_0003.uasset" 6066
"../../../Engine/Content/EngineMaterials/Substrate/GLints/dict_16_192_64_0p5_0p02_0047_0005.uasset" 6067
"../../../Engine/Content/EngineMaterials/Substrate/GLints/dict_16_192_64_0p5_0p02_0047_0006.uasset" 6068
"../../../Engine/Content/EngineMaterials/Substrate/GLints/dict_16_192_64_0p5_0p02_0047_0014.uasset" 6069
"../../../Engine/Content/EngineMaterials/Substrate/GLints/dict_16_192_64_0p5_0p02_0047_0013.uasset" 6070
"../../../Engine/Content/EngineMaterials/Substrate/GLints/dict_16_192_64_0p5_0p02_0047_0007.uasset" 6071
"../../../Engine/Content/EngineMaterials/Substrate/GLints/dict_16_192_64_0p5_0p02_0047_0004.uasset" 6072
"../../../Engine/Content/EngineMaterials/Substrate/GLints/dict_16_192_64_0p5_0p02_0048_0001.uasset" 6073
"../../../Engine/Content/EngineMaterials/Substrate/GLints/dict_16_192_64_0p5_0p02_0048_0002.uasset" 6074
"../../../Engine/Content/EngineMaterials/Substrate/GLints/dict_16_192_64_0p5_0p02_0048_0006.uasset" 6075
"../../../Engine/Content/EngineMaterials/Substrate/GLints/dict_16_192_64_0p5_0p02_0047_0008.uasset" 6076
"../../../Engine/Content/EngineMaterials/Substrate/GLints/dict_16_192_64_0p5_0p02_0048_0005.uasset" 6077
"../../../Engine/Content/EngineMaterials/Substrate/GLints/dict_16_192_64_0p5_0p02_0047_0011.uasset" 6078
"../../../Engine/Content/EngineMaterials/Substrate/GLints/dict_16_192_64_0p5_0p02_0047_0015.uasset" 6079
"../../../Engine/Content/EngineMaterials/Substrate/GLints/dict_16_192_64_0p5_0p02_0047_0010.uasset" 6080
"../../../Engine/Content/EngineMaterials/Substrate/GLints/dict_16_192_64_0p5_0p02_0048_0010.uasset" 6081
"../../../Engine/Content/EngineMaterials/Substrate/GLints/dict_16_192_64_0p5_0p02_0048_0011.uasset" 6082
"../../../Engine/Content/EngineMaterials/Substrate/GLints/dict_16_192_64_0p5_0p02_0048_0009.uasset" 6083
"../../../Engine/Content/EngineMaterials/Substrate/GLints/dict_16_192_64_0p5_0p02_0047_0012.uasset" 6084
"../../../Engine/Content/EngineMaterials/Substrate/GLints/dict_16_192_64_0p5_0p02_0048_0003.uasset" 6085
"../../../Engine/Content/EngineMaterials/Substrate/GLints/dict_16_192_64_0p5_0p02_0048_0008.uasset" 6086
"../../../Engine/Content/EngineMaterials/Substrate/GLints/dict_16_192_64_0p5_0p02_0048_0000.uasset" 6087
"/Engine/EngineMaterials/Substrate/GLints/dict_16_192_64_0p5_0p02_0046_0015" 6088
"../../../Engine/Content/EngineMaterials/Substrate/GLints/dict_16_192_64_0p5_0p02_0047_0009.uasset" 6089
"../../../Engine/Content/EngineMaterials/Substrate/GLints/dict_16_192_64_0p5_0p02_0048_0004.uasset" 6090
"../../../Engine/Content/EngineMaterials/Substrate/GLints/dict_16_192_64_0p5_0p02_0048_0007.uasset" 6091
"/Engine/EngineMaterials/Substrate/GLints/dict_16_192_64_0p5_0p02_0046_0014" 6092
"/Engine/EngineMaterials/Substrate/GLints/dict_16_192_64_0p5_0p02_0046_0013" 6093
"/Engine/EngineMaterials/Substrate/GLints/dict_16_192_64_0p5_0p02_0046_0012" 6094
"/Engine/EngineMaterials/Substrate/GLints/dict_16_192_64_0p5_0p02_0047_0001" 6095
"/Engine/EngineMaterials/Substrate/GLints/dict_16_192_64_0p5_0p02_0047_0000" 6096
"../../../Engine/Content/EngineMaterials/Substrate/GLints/dict_16_192_64_0p5_0p02_0048_0012.uasset" 6097
"../../../Engine/Content/EngineMaterials/Substrate/GLints/dict_16_192_64_0p5_0p02_0048_0013.uasset" 6098
"../../../Engine/Content/EngineMaterials/Substrate/GLints/dict_16_192_64_0p5_0p02_0048_0014.uasset" 6099
"../../../Engine/Content/EngineMaterials/Substrate/GLints/dict_16_192_64_0p5_0p02_0049_0001.uasset" 6100
"/Engine/EngineMaterials/Substrate/GLints/dict_16_192_64_0p5_0p02_0048_0011" 6101
"../../../Engine/Content/EngineMaterials/Substrate/GLints/dict_16_192_64_0p5_0p02_0049_0000.uasset" 6102
"../../../Engine/Content/EngineMaterials/Substrate/GLints/dict_16_192_64_0p5_0p02_0048_0015.uasset" 6103
"/Engine/EngineMaterials/Substrate/GLints/dict_16_192_64_0p5_0p02_0048_0010" 6104
"/Engine/EngineMaterials/Substrate/GLints/dict_16_192_64_0p5_0p02_0048_0009" 6105
"/Engine/EngineMaterials/Substrate/GLints/dict_16_192_64_0p5_0p02_0048_0008" 6106
"/Engine/EngineMaterials/Substrate/GLints/dict_16_192_64_0p5_0p02_0048_0007" 6107
"/Engine/EngineMaterials/Substrate/GLints/dict_16_192_64_0p5_0p02_0048_0006" 6108
"/Engine/EngineMaterials/Substrate/GLints/dict_16_192_64_0p5_0p02_0048_0005" 6109
"/Engine/EngineMaterials/Substrate/GLints/dict_16_192_64_0p5_0p02_0048_0004" 6110
"/Engine/EngineMaterials/Substrate/GLints/dict_16_192_64_0p5_0p02_0048_0003" 6111
"/Engine/EngineMaterials/Substrate/GLints/dict_16_192_64_0p5_0p02_0048_0002" 6112
"/Engine/EngineMaterials/Substrate/GLints/dict_16_192_64_0p5_0p02_0048_0001" 6113
"/Engine/EngineMaterials/Substrate/GLints/dict_16_192_64_0p5_0p02_0048_0000" 6114
"/Engine/EngineMaterials/Substrate/GLints/dict_16_192_64_0p5_0p02_0047_0015" 6115
"/Engine/EngineMaterials/Substrate/GLints/dict_16_192_64_0p5_0p02_0047_0014" 6116
"/Engine/EngineMaterials/Substrate/GLints/dict_16_192_64_0p5_0p02_0047_0013" 6117
"/Engine/EngineMaterials/Substrate/GLints/dict_16_192_64_0p5_0p02_0047_0012" 6118
"/Engine/EngineMaterials/Substrate/GLints/dict_16_192_64_0p5_0p02_0047_0011" 6119
"/Engine/EngineMaterials/Substrate/GLints/dict_16_192_64_0p5_0p02_0047_0010" 6120
"/Engine/EngineMaterials/Substrate/GLints/dict_16_192_64_0p5_0p02_0047_0009" 6121
"/Engine/EngineMaterials/Substrate/GLints/dict_16_192_64_0p5_0p02_0047_0008" 6122
"/Engine/EngineMaterials/Substrate/GLints/dict_16_192_64_0p5_0p02_0047_0007" 6123
"/Engine/EngineMaterials/Substrate/GLints/dict_16_192_64_0p5_0p02_0047_0006" 6124
"/Engine/EngineMaterials/Substrate/GLints/dict_16_192_64_0p5_0p02_0047_0005" 6125
"/Engine/EngineMaterials/Substrate/GLints/dict_16_192_64_0p5_0p02_0047_0004" 6126
"/Engine/EngineMaterials/Substrate/GLints/dict_16_192_64_0p5_0p02_0047_0003" 6127
"/Engine/EngineMaterials/Substrate/GLints/dict_16_192_64_0p5_0p02_0047_0002" 6128
"/Engine/EngineMaterials/Substrate/GLints/dict_16_192_64_0p5_0p02_0048_0013" 6129
"/Engine/EngineMaterials/Substrate/GLints/dict_16_192_64_0p5_0p02_0048_0012" 6130
"../../../Engine/Content/EngineMaterials/Substrate/GLints/dict_16_192_64_0p5_0p02_0049_0002.uasset" 6131
"../../../Engine/Content/EngineMaterials/Substrate/GLints/dict_16_192_64_0p5_0p02_0049_0003.uasset" 6132
"../../../Engine/Content/EngineMaterials/Substrate/GLints/dict_16_192_64_0p5_0p02_0049_0004.uasset" 6133
"../../../Engine/Content/EngineMaterials/Substrate/GLints/dict_16_192_64_0p5_0p02_0049_0005.uasset" 6134
"/Engine/EngineMaterials/Substrate/GLints/dict_16_192_64_0p5_0p02_0049_0001" 6135
"../../../Engine/Content/EngineMaterials/Substrate/GLints/dict_16_192_64_0p5_0p02_0049_0009.uasset" 6136
"../../../Engine/Content/EngineMaterials/Substrate/GLints/dict_16_192_64_0p5_0p02_0049_0014.uasset" 6137
"../../../Engine/Content/EngineMaterials/Substrate/GLints/dict_16_192_64_0p5_0p02_0049_0015.uasset" 6138
"../../../Engine/Content/EngineMaterials/Substrate/GLints/dict_16_192_64_0p5_0p02_0049_0011.uasset" 6139
"../../../Engine/Content/EngineMaterials/Substrate/GLints/dict_16_192_64_0p5_0p02_0050_0001.uasset" 6140
"../../../Engine/Content/EngineMaterials/Substrate/GLints/dict_16_192_64_0p5_0p02_0049_0010.uasset" 6141
"../../../Engine/Content/EngineMaterials/Substrate/GLints/dict_16_192_64_0p5_0p02_0050_0002.uasset" 6142
"../../../Engine/Content/EngineMaterials/Substrate/GLints/dict_16_192_64_0p5_0p02_0050_0003.uasset" 6143
"../../../Engine/Content/EngineMaterials/Substrate/GLints/dict_16_192_64_0p5_0p02_0049_0012.uasset" 6144
"../../../Engine/Content/EngineMaterials/Substrate/GLints/dict_16_192_64_0p5_0p02_0050_0007.uasset" 6145
"../../../Engine/Content/EngineMaterials/Substrate/GLints/dict_16_192_64_0p5_0p02_0050_0010.uasset" 6146
"../../../Engine/Content/EngineMaterials/Substrate/GLints/dict_16_192_64_0p5_0p02_0049_0006.uasset" 6147
"../../../Engine/Content/EngineMaterials/Substrate/GLints/dict_16_192_64_0p5_0p02_0050_0006.uasset" 6148
"../../../Engine/Content/EngineMaterials/Substrate/GLints/dict_16_192_64_0p5_0p02_0050_0012.uasset" 6149
"../../../Engine/Content/EngineMaterials/Substrate/GLints/dict_16_192_64_0p5_0p02_0050_0013.uasset" 6150
"../../../Engine/Content/EngineMaterials/Substrate/GLints/dict_16_192_64_0p5_0p02_0049_0013.uasset" 6151
"../../../Engine/Content/EngineMaterials/Substrate/GLints/dict_16_192_64_0p5_0p02_0050_0011.uasset" 6152
"/Engine/EngineMaterials/Substrate/GLints/dict_16_192_64_0p5_0p02_0049_0000" 6153
"../../../Engine/Content/EngineMaterials/Substrate/GLints/dict_16_192_64_0p5_0p02_0050_0009.uasset" 6154
"../../../Engine/Content/EngineMaterials/Substrate/GLints/dict_16_192_64_0p5_0p02_0049_0007.uasset" 6155
"../../../Engine/Content/EngineMaterials/Substrate/GLints/dict_16_192_64_0p5_0p02_0049_0008.uasset" 6156
"../../../Engine/Content/EngineMaterials/Substrate/GLints/dict_16_192_64_0p5_0p02_0050_0000.uasset" 6157
"../../../Engine/Content/EngineMaterials/Substrate/GLints/dict_16_192_64_0p5_0p02_0050_0008.uasset" 6158
"../../../Engine/Content/EngineMaterials/Substrate/GLints/dict_16_192_64_0p5_0p02_0050_0005.uasset" 6159
"../../../Engine/Content/EngineMaterials/Substrate/GLints/dict_16_192_64_0p5_0p02_0050_0004.uasset" 6160
"/Engine/EngineMaterials/Substrate/GLints/dict_16_192_64_0p5_0p02_0048_0015" 6161
"/Engine/EngineMaterials/Substrate/GLints/dict_16_192_64_0p5_0p02_0048_0014" 6162
"/Engine/EngineMaterials/Substrate/GLints/dict_16_192_64_0p5_0p02_0049_0003" 6163
"/Engine/EngineMaterials/Substrate/GLints/dict_16_192_64_0p5_0p02_0049_0002" 6164
"../../../Engine/Content/EngineMaterials/Substrate/GLints/dict_16_192_64_0p5_0p02_0050_0014.uasset" 6165
"../../../Engine/Content/EngineMaterials/Substrate/GLints/dict_16_192_64_0p5_0p02_0050_0015.uasset" 6166
"../../../Engine/Content/EngineMaterials/Substrate/GLints/dict_16_192_64_0p5_0p02_0051_0000.uasset" 6167
"../../../Engine/Content/EngineMaterials/Substrate/GLints/dict_16_192_64_0p5_0p02_0051_0001.uasset" 6168
"/Engine/EngineMaterials/Substrate/GLints/dict_16_192_64_0p5_0p02_0050_0013" 6169
"../../../Engine/Content/EngineMaterials/Substrate/GLints/dict_16_192_64_0p5_0p02_0051_0002.uasset" 6170
"../../../Engine/Content/EngineMaterials/Substrate/GLints/dict_16_192_64_0p5_0p02_0051_0003.uasset" 6171
"/Engine/EngineMaterials/Substrate/GLints/dict_16_192_64_0p5_0p02_0050_0012" 6172
"/Engine/EngineMaterials/Substrate/GLints/dict_16_192_64_0p5_0p02_0050_0011" 6173
"/Engine/EngineMaterials/Substrate/GLints/dict_16_192_64_0p5_0p02_0050_0010" 6174
"/Engine/EngineMaterials/Substrate/GLints/dict_16_192_64_0p5_0p02_0050_0009" 6175
"/Engine/EngineMaterials/Substrate/GLints/dict_16_192_64_0p5_0p02_0050_0008" 6176
"/Engine/EngineMaterials/Substrate/GLints/dict_16_192_64_0p5_0p02_0050_0007" 6177
"/Engine/EngineMaterials/Substrate/GLints/dict_16_192_64_0p5_0p02_0050_0006" 6178
"/Engine/EngineMaterials/Substrate/GLints/dict_16_192_64_0p5_0p02_0050_0005" 6179
"/Engine/EngineMaterials/Substrate/GLints/dict_16_192_64_0p5_0p02_0050_0004" 6180
"/Engine/EngineMaterials/Substrate/GLints/dict_16_192_64_0p5_0p02_0050_0003" 6181
"/Engine/EngineMaterials/Substrate/GLints/dict_16_192_64_0p5_0p02_0050_0002" 6182
"/Engine/EngineMaterials/Substrate/GLints/dict_16_192_64_0p5_0p02_0050_0001" 6183
"/Engine/EngineMaterials/Substrate/GLints/dict_16_192_64_0p5_0p02_0050_0000" 6184
"/Engine/EngineMaterials/Substrate/GLints/dict_16_192_64_0p5_0p02_0049_0015" 6185
"/Engine/EngineMaterials/Substrate/GLints/dict_16_192_64_0p5_0p02_0049_0014" 6186
"/Engine/EngineMaterials/Substrate/GLints/dict_16_192_64_0p5_0p02_0049_0013" 6187
"/Engine/EngineMaterials/Substrate/GLints/dict_16_192_64_0p5_0p02_0049_0012" 6188
"/Engine/EngineMaterials/Substrate/GLints/dict_16_192_64_0p5_0p02_0049_0011" 6189
"/Engine/EngineMaterials/Substrate/GLints/dict_16_192_64_0p5_0p02_0049_0010" 6190
"/Engine/EngineMaterials/Substrate/GLints/dict_16_192_64_0p5_0p02_0049_0009" 6191
"/Engine/EngineMaterials/Substrate/GLints/dict_16_192_64_0p5_0p02_0049_0008" 6192
"/Engine/EngineMaterials/Substrate/GLints/dict_16_192_64_0p5_0p02_0049_0007" 6193
"/Engine/EngineMaterials/Substrate/GLints/dict_16_192_64_0p5_0p02_0049_0006" 6194
"/Engine/EngineMaterials/Substrate/GLints/dict_16_192_64_0p5_0p02_0049_0005" 6195
"/Engine/EngineMaterials/Substrate/GLints/dict_16_192_64_0p5_0p02_0049_0004" 6196
"/Engine/EngineMaterials/Substrate/GLints/dict_16_192_64_0p5_0p02_0050_0014" 6197
"../../../Engine/Content/EngineMaterials/Substrate/GLints/dict_16_192_64_0p5_0p02_0051_0004.uasset" 6198
"../../../Engine/Content/EngineMaterials/Substrate/GLints/dict_16_192_64_0p5_0p02_0051_0005.uasset" 6199
"../../../Engine/Content/EngineMaterials/Substrate/GLints/dict_16_192_64_0p5_0p02_0051_0006.uasset" 6200
"../../../Engine/Content/EngineMaterials/Substrate/GLints/dict_16_192_64_0p5_0p02_0051_0008.uasset" 6201
"/Engine/EngineMaterials/Substrate/GLints/dict_16_192_64_0p5_0p02_0051_0003" 6202
"../../../Engine/Content/EngineMaterials/Substrate/GLints/dict_16_192_64_0p5_0p02_0051_0007.uasset" 6203
"../../../Engine/Content/EngineMaterials/Substrate/GLints/dict_16_192_64_0p5_0p02_0051_0011.uasset" 6204
"../../../Engine/Content/EngineMaterials/Substrate/GLints/dict_16_192_64_0p5_0p02_0051_0010.uasset" 6205
"../../../Engine/Content/EngineMaterials/Substrate/GLints/dict_16_192_64_0p5_0p02_0052_0000.uasset" 6206
"../../../Engine/Content/EngineMaterials/Substrate/GLints/dict_16_192_64_0p5_0p02_0051_0012.uasset" 6207
"../../../Engine/Content/EngineMaterials/Substrate/GLints/dict_16_192_64_0p5_0p02_0051_0009.uasset" 6208
"../../../Engine/Content/EngineMaterials/Substrate/GLints/dict_16_192_64_0p5_0p02_0052_0001.uasset" 6209
"../../../Engine/Content/EngineMaterials/Substrate/GLints/dict_16_192_64_0p5_0p02_0052_0003.uasset" 6210
"../../../Engine/Content/EngineMaterials/Substrate/GLints/dict_16_192_64_0p5_0p02_0052_0005.uasset" 6211
"../../../Engine/Content/EngineMaterials/Substrate/GLints/dict_16_192_64_0p5_0p02_0052_0008.uasset" 6212
"../../../Engine/Content/EngineMaterials/Substrate/GLints/dict_16_192_64_0p5_0p02_0052_0004.uasset" 6213
"../../../Engine/Content/EngineMaterials/Substrate/GLints/dict_16_192_64_0p5_0p02_0052_0007.uasset" 6214
"/Engine/EngineMaterials/Substrate/GLints/dict_16_192_64_0p5_0p02_0051_0002" 6215
"../../../Engine/Content/EngineMaterials/Substrate/GLints/dict_16_192_64_0p5_0p02_0052_0012.uasset" 6216
"../../../Engine/Content/EngineMaterials/Substrate/GLints/dict_16_192_64_0p5_0p02_0052_0013.uasset" 6217
"../../../Engine/Content/EngineMaterials/Substrate/GLints/dict_16_192_64_0p5_0p02_0052_0011.uasset" 6218
"../../../Engine/Content/EngineMaterials/Substrate/GLints/dict_16_192_64_0p5_0p02_0051_0014.uasset" 6219
"../../../Engine/Content/EngineMaterials/Substrate/GLints/dict_16_192_64_0p5_0p02_0052_0009.uasset" 6220
"../../../Engine/Content/EngineMaterials/Substrate/GLints/dict_16_192_64_0p5_0p02_0052_0002.uasset" 6221
"../../../Engine/Content/EngineMaterials/Substrate/GLints/dict_16_192_64_0p5_0p02_0051_0013.uasset" 6222
"../../../Engine/Content/EngineMaterials/Substrate/GLints/dict_16_192_64_0p5_0p02_0051_0015.uasset" 6223
"../../../Engine/Content/EngineMaterials/Substrate/GLints/dict_16_192_64_0p5_0p02_0052_0006.uasset" 6224
"../../../Engine/Content/EngineMaterials/Substrate/GLints/dict_16_192_64_0p5_0p02_0052_0010.uasset" 6225
"../../../Engine/Content/EngineMaterials/Substrate/GLints/dict_16_192_64_0p5_0p02_0052_0014.uasset" 6226
"/Engine/EngineMaterials/Substrate/GLints/dict_16_192_64_0p5_0p02_0051_0001" 6227
"/Engine/EngineMaterials/Substrate/GLints/dict_16_192_64_0p5_0p02_0051_0000" 6228
"/Engine/EngineMaterials/Substrate/GLints/dict_16_192_64_0p5_0p02_0050_0015" 6229
"/Engine/EngineMaterials/Substrate/GLints/dict_16_192_64_0p5_0p02_0051_0004" 6230
"../../../Engine/Content/EngineMaterials/Substrate/GLints/dict_16_192_64_0p5_0p02_0052_0015.uasset" 6231
"../../../Engine/Content/EngineMaterials/Substrate/GLints/dict_16_192_64_0p5_0p02_0053_0001.uasset" 6232
"../../../Engine/Content/EngineMaterials/Substrate/GLints/dict_16_192_64_0p5_0p02_0053_0000.uasset" 6233
"/Engine/EngineMaterials/Substrate/GLints/dict_16_192_64_0p5_0p02_0052_0014" 6234
"../../../Engine/Content/EngineMaterials/Substrate/GLints/dict_16_192_64_0p5_0p02_0053_0004.uasset" 6235
"../../../Engine/Content/EngineMaterials/Substrate/GLints/dict_16_192_64_0p5_0p02_0053_0002.uasset" 6236
"../../../Engine/Content/EngineMaterials/Substrate/GLints/dict_16_192_64_0p5_0p02_0053_0003.uasset" 6237
"/Engine/EngineMaterials/Substrate/GLints/dict_16_192_64_0p5_0p02_0052_0013" 6238
"/Engine/EngineMaterials/Substrate/GLints/dict_16_192_64_0p5_0p02_0052_0012" 6239
"/Engine/EngineMaterials/Substrate/GLints/dict_16_192_64_0p5_0p02_0052_0011" 6240
"/Engine/EngineMaterials/Substrate/GLints/dict_16_192_64_0p5_0p02_0052_0010" 6241
"/Engine/EngineMaterials/Substrate/GLints/dict_16_192_64_0p5_0p02_0052_0009" 6242
"/Engine/EngineMaterials/Substrate/GLints/dict_16_192_64_0p5_0p02_0052_0008" 6243
"/Engine/EngineMaterials/Substrate/GLints/dict_16_192_64_0p5_0p02_0052_0007" 6244
"/Engine/EngineMaterials/Substrate/GLints/dict_16_192_64_0p5_0p02_0052_0006" 6245
"/Engine/EngineMaterials/Substrate/GLints/dict_16_192_64_0p5_0p02_0052_0005" 6246
"/Engine/EngineMaterials/Substrate/GLints/dict_16_192_64_0p5_0p02_0052_0004" 6247
"/Engine/EngineMaterials/Substrate/GLints/dict_16_192_64_0p5_0p02_0052_0003" 6248
"/Engine/EngineMaterials/Substrate/GLints/dict_16_192_64_0p5_0p02_0052_0002" 6249
"/Engine/EngineMaterials/Substrate/GLints/dict_16_192_64_0p5_0p02_0052_0001" 6250
"/Engine/EngineMaterials/Substrate/GLints/dict_16_192_64_0p5_0p02_0052_0000" 6251
"/Engine/EngineMaterials/Substrate/GLints/dict_16_192_64_0p5_0p02_0051_0015" 6252
"/Engine/EngineMaterials/Substrate/GLints/dict_16_192_64_0p5_0p02_0051_0014" 6253
"/Engine/EngineMaterials/Substrate/GLints/dict_16_192_64_0p5_0p02_0051_0013" 6254
"/Engine/EngineMaterials/Substrate/GLints/dict_16_192_64_0p5_0p02_0051_0012" 6255
"/Engine/EngineMaterials/Substrate/GLints/dict_16_192_64_0p5_0p02_0051_0011" 6256
"/Engine/EngineMaterials/Substrate/GLints/dict_16_192_64_0p5_0p02_0051_0010" 6257
"/Engine/EngineMaterials/Substrate/GLints/dict_16_192_64_0p5_0p02_0051_0009" 6258
"/Engine/EngineMaterials/Substrate/GLints/dict_16_192_64_0p5_0p02_0051_0008" 6259
"/Engine/EngineMaterials/Substrate/GLints/dict_16_192_64_0p5_0p02_0051_0007" 6260
"/Engine/EngineMaterials/Substrate/GLints/dict_16_192_64_0p5_0p02_0051_0006" 6261
"/Engine/EngineMaterials/Substrate/GLints/dict_16_192_64_0p5_0p02_0051_0005" 6262
"../../../Engine/Content/EngineMaterials/Substrate/GLints/dict_16_192_64_0p5_0p02_0053_0005.uasset" 6263
"../../../Engine/Content/EngineMaterials/Substrate/GLints/dict_16_192_64_0p5_0p02_0053_0006.uasset" 6264
"../../../Engine/Content/EngineMaterials/Substrate/GLints/dict_16_192_64_0p5_0p02_0053_0007.uasset" 6265
"../../../Engine/Content/EngineMaterials/Substrate/GLints/dict_16_192_64_0p5_0p02_0053_0008.uasset" 6266
"../../../Engine/Content/EngineMaterials/Substrate/GLints/dict_16_192_64_0p5_0p02_0053_0009.uasset" 6267
"../../../Engine/Content/EngineMaterials/Substrate/GLints/dict_16_192_64_0p5_0p02_0053_0012.uasset" 6268
"/Engine/EngineMaterials/Substrate/GLints/dict_16_192_64_0p5_0p02_0053_0004" 6269
"../../../Engine/Content/EngineMaterials/Substrate/GLints/dict_16_192_64_0p5_0p02_0054_0000.uasset" 6270
"../../../Engine/Content/EngineMaterials/Substrate/GLints/dict_16_192_64_0p5_0p02_0053_0015.uasset" 6271
"../../../Engine/Content/EngineMaterials/Substrate/GLints/dict_16_192_64_0p5_0p02_0053_0014.uasset" 6272
"../../../Engine/Content/EngineMaterials/Substrate/GLints/dict_16_192_64_0p5_0p02_0054_0001.uasset" 6273
"../../../Engine/Content/EngineMaterials/Substrate/GLints/dict_16_192_64_0p5_0p02_0054_0002.uasset" 6274
"../../../Engine/Content/EngineMaterials/Substrate/GLints/dict_16_192_64_0p5_0p02_0054_0006.uasset" 6275
"../../../Engine/Content/EngineMaterials/Substrate/GLints/dict_16_192_64_0p5_0p02_0054_0004.uasset" 6276
"../../../Engine/Content/EngineMaterials/Substrate/GLints/dict_16_192_64_0p5_0p02_0054_0009.uasset" 6277
"../../../Engine/Content/EngineMaterials/Substrate/GLints/dict_16_192_64_0p5_0p02_0053_0011.uasset" 6278
"../../../Engine/Content/EngineMaterials/Substrate/GLints/dict_16_192_64_0p5_0p02_0054_0005.uasset" 6279
"../../../Engine/Content/EngineMaterials/Substrate/GLints/dict_16_192_64_0p5_0p02_0054_0014.uasset" 6280
"/Engine/EngineMaterials/Substrate/GLints/dict_16_192_64_0p5_0p02_0053_0003" 6281
"../../../Engine/Content/EngineMaterials/Substrate/GLints/dict_16_192_64_0p5_0p02_0053_0013.uasset" 6282
"../../../Engine/Content/EngineMaterials/Substrate/GLints/dict_16_192_64_0p5_0p02_0054_0007.uasset" 6283
"../../../Engine/Content/EngineMaterials/Substrate/GLints/dict_16_192_64_0p5_0p02_0054_0003.uasset" 6284
"../../../Engine/Content/EngineMaterials/Substrate/GLints/dict_16_192_64_0p5_0p02_0054_0008.uasset" 6285
"../../../Engine/Content/EngineMaterials/Substrate/GLints/dict_16_192_64_0p5_0p02_0054_0010.uasset" 6286
"../../../Engine/Content/EngineMaterials/Substrate/GLints/dict_16_192_64_0p5_0p02_0053_0010.uasset" 6287
"../../../Engine/Content/EngineMaterials/Substrate/GLints/dict_16_192_64_0p5_0p02_0054_0012.uasset" 6288
"../../../Engine/Content/EngineMaterials/Substrate/GLints/dict_16_192_64_0p5_0p02_0054_0011.uasset" 6289
"../../../Engine/Content/EngineMaterials/Substrate/GLints/dict_16_192_64_0p5_0p02_0054_0013.uasset" 6290
"/Engine/EngineMaterials/Substrate/GLints/dict_16_192_64_0p5_0p02_0053_0005" 6291
"/Engine/EngineMaterials/Substrate/GLints/dict_16_192_64_0p5_0p02_0053_0002" 6292
"/Engine/EngineMaterials/Substrate/GLints/dict_16_192_64_0p5_0p02_0053_0001" 6293
"/Engine/EngineMaterials/Substrate/GLints/dict_16_192_64_0p5_0p02_0053_0000" 6294
"/Engine/EngineMaterials/Substrate/GLints/dict_16_192_64_0p5_0p02_0052_0015" 6295
"../../../Engine/Content/EngineMaterials/Substrate/GLints/dict_16_192_64_0p5_0p02_0054_0015.uasset" 6296
"../../../Engine/Content/EngineMaterials/Substrate/GLints/dict_16_192_64_0p5_0p02_0055_0001.uasset" 6297
"../../../Engine/Content/EngineMaterials/Substrate/GLints/dict_16_192_64_0p5_0p02_0055_0000.uasset" 6298
"../../../Engine/Content/EngineMaterials/Substrate/GLints/dict_16_192_64_0p5_0p02_0055_0002.uasset" 6299
"/Engine/EngineMaterials/Substrate/GLints/dict_16_192_64_0p5_0p02_0054_0014" 6300
"../../../Engine/Content/EngineMaterials/Substrate/GLints/dict_16_192_64_0p5_0p02_0055_0005.uasset" 6301
"../../../Engine/Content/EngineMaterials/Substrate/GLints/dict_16_192_64_0p5_0p02_0055_0003.uasset" 6302
"../../../Engine/Content/EngineMaterials/Substrate/GLints/dict_16_192_64_0p5_0p02_0055_0004.uasset" 6303
"/Engine/EngineMaterials/Substrate/GLints/dict_16_192_64_0p5_0p02_0054_0013" 6304
"/Engine/EngineMaterials/Substrate/GLints/dict_16_192_64_0p5_0p02_0054_0012" 6305
"/Engine/EngineMaterials/Substrate/GLints/dict_16_192_64_0p5_0p02_0054_0011" 6306
"/Engine/EngineMaterials/Substrate/GLints/dict_16_192_64_0p5_0p02_0054_0010" 6307
"/Engine/EngineMaterials/Substrate/GLints/dict_16_192_64_0p5_0p02_0054_0009" 6308
"/Engine/EngineMaterials/Substrate/GLints/dict_16_192_64_0p5_0p02_0054_0008" 6309
"/Engine/EngineMaterials/Substrate/GLints/dict_16_192_64_0p5_0p02_0054_0007" 6310
"/Engine/EngineMaterials/Substrate/GLints/dict_16_192_64_0p5_0p02_0054_0006" 6311
"/Engine/EngineMaterials/Substrate/GLints/dict_16_192_64_0p5_0p02_0054_0005" 6312
"/Engine/EngineMaterials/Substrate/GLints/dict_16_192_64_0p5_0p02_0054_0004" 6313
"/Engine/EngineMaterials/Substrate/GLints/dict_16_192_64_0p5_0p02_0054_0003" 6314
"/Engine/EngineMaterials/Substrate/GLints/dict_16_192_64_0p5_0p02_0054_0002" 6315
"/Engine/EngineMaterials/Substrate/GLints/dict_16_192_64_0p5_0p02_0054_0001" 6316
"/Engine/EngineMaterials/Substrate/GLints/dict_16_192_64_0p5_0p02_0054_0000" 6317
"/Engine/EngineMaterials/Substrate/GLints/dict_16_192_64_0p5_0p02_0053_0015" 6318
"/Engine/EngineMaterials/Substrate/GLints/dict_16_192_64_0p5_0p02_0053_0014" 6319
"/Engine/EngineMaterials/Substrate/GLints/dict_16_192_64_0p5_0p02_0053_0013" 6320
"/Engine/EngineMaterials/Substrate/GLints/dict_16_192_64_0p5_0p02_0053_0012" 6321
"/Engine/EngineMaterials/Substrate/GLints/dict_16_192_64_0p5_0p02_0053_0011" 6322
"/Engine/EngineMaterials/Substrate/GLints/dict_16_192_64_0p5_0p02_0053_0010" 6323
"/Engine/EngineMaterials/Substrate/GLints/dict_16_192_64_0p5_0p02_0053_0009" 6324
"/Engine/EngineMaterials/Substrate/GLints/dict_16_192_64_0p5_0p02_0053_0008" 6325
"/Engine/EngineMaterials/Substrate/GLints/dict_16_192_64_0p5_0p02_0053_0007" 6326
"/Engine/EngineMaterials/Substrate/GLints/dict_16_192_64_0p5_0p02_0053_0006" 6327
"/Engine/EngineMaterials/Substrate/GLints/dict_16_192_64_0p5_0p02_0054_0015" 6328
"../../../Engine/Content/EngineMaterials/Substrate/GLints/dict_16_192_64_0p5_0p02_0055_0006.uasset" 6329
"../../../Engine/Content/EngineMaterials/Substrate/GLints/dict_16_192_64_0p5_0p02_0055_0007.uasset" 6330
"../../../Engine/Content/EngineMaterials/Substrate/GLints/dict_16_192_64_0p5_0p02_0055_0008.uasset" 6331
"../../../Engine/Content/EngineMaterials/Substrate/GLints/dict_16_192_64_0p5_0p02_0055_0009.uasset" 6332
"../../../Engine/Content/EngineMaterials/Substrate/GLints/dict_16_192_64_0p5_0p02_0055_0010.uasset" 6333
"/Engine/EngineMaterials/Substrate/GLints/dict_16_192_64_0p5_0p02_0055_0005" 6334
"../../../Engine/Content/EngineMaterials/Substrate/GLints/dict_16_192_64_0p5_0p02_0055_0013.uasset" 6335
"../../../Engine/Content/EngineMaterials/Substrate/GLints/dict_16_192_64_0p5_0p02_0056_0003.uasset" 6336
"../../../Engine/Content/EngineMaterials/Substrate/GLints/dict_16_192_64_0p5_0p02_0055_0014.uasset" 6337
"../../../Engine/Content/EngineMaterials/Substrate/GLints/dict_16_192_64_0p5_0p02_0056_0004.uasset" 6338
"../../../Engine/Content/EngineMaterials/Substrate/GLints/dict_16_192_64_0p5_0p02_0056_0002.uasset" 6339
"../../../Engine/Content/EngineMaterials/Substrate/GLints/dict_16_192_64_0p5_0p02_0056_0005.uasset" 6340
"../../../Engine/Content/EngineMaterials/Substrate/GLints/dict_16_192_64_0p5_0p02_0056_0007.uasset" 6341
"../../../Engine/Content/EngineMaterials/Substrate/GLints/dict_16_192_64_0p5_0p02_0056_0001.uasset" 6342
"../../../Engine/Content/EngineMaterials/Substrate/GLints/dict_16_192_64_0p5_0p02_0056_0008.uasset" 6343
"../../../Engine/Content/EngineMaterials/Substrate/GLints/dict_16_192_64_0p5_0p02_0056_0009.uasset" 6344
"../../../Engine/Content/EngineMaterials/Substrate/GLints/dict_16_192_64_0p5_0p02_0056_0010.uasset" 6345
"../../../Engine/Content/EngineMaterials/Substrate/GLints/dict_16_192_64_0p5_0p02_0055_0015.uasset" 6346
"../../../Engine/Content/EngineMaterials/Substrate/GLints/dict_16_192_64_0p5_0p02_0056_0011.uasset" 6347
"../../../Engine/Content/EngineMaterials/Substrate/GLints/dict_16_192_64_0p5_0p02_0056_0013.uasset" 6348
"../../../Engine/Content/EngineMaterials/Substrate/GLints/dict_16_192_64_0p5_0p02_0056_0012.uasset" 6349
"../../../Engine/Content/EngineMaterials/Substrate/GLints/dict_16_192_64_0p5_0p02_0055_0012.uasset" 6350
"../../../Engine/Content/EngineMaterials/Substrate/GLints/dict_16_192_64_0p5_0p02_0056_0006.uasset" 6351
"../../../Engine/Content/EngineMaterials/Substrate/GLints/dict_16_192_64_0p5_0p02_0055_0011.uasset" 6352
"/Engine/EngineMaterials/Substrate/GLints/dict_16_192_64_0p5_0p02_0055_0004" 6353
"../../../Engine/Content/EngineMaterials/Substrate/GLints/dict_16_192_64_0p5_0p02_0056_0014.uasset" 6354
"../../../Engine/Content/EngineMaterials/Substrate/GLints/dict_16_192_64_0p5_0p02_0056_0015.uasset" 6355
"../../../Engine/Content/EngineMaterials/Substrate/GLints/dict_16_192_64_0p5_0p02_0056_0000.uasset" 6356
"/Engine/EngineMaterials/Substrate/GLints/dict_16_192_64_0p5_0p02_0055_0003" 6357
"/Engine/EngineMaterials/Substrate/GLints/dict_16_192_64_0p5_0p02_0055_0002" 6358
"/Engine/EngineMaterials/Substrate/GLints/dict_16_192_64_0p5_0p02_0055_0001" 6359
"/Engine/EngineMaterials/Substrate/GLints/dict_16_192_64_0p5_0p02_0055_0000" 6360
"/Engine/EngineMaterials/Substrate/GLints/dict_16_192_64_0p5_0p02_0055_0006" 6361
"../../../Engine/Content/EngineMaterials/Substrate/GLints/dict_16_192_64_0p5_0p02_0057_0000.uasset" 6362
"../../../Engine/Content/EngineMaterials/Substrate/GLints/dict_16_192_64_0p5_0p02_0057_0001.uasset" 6363
"../../../Engine/Content/EngineMaterials/Substrate/GLints/dict_16_192_64_0p5_0p02_0057_0002.uasset" 6364
"/Engine/EngineMaterials/Substrate/GLints/dict_16_192_64_0p5_0p02_0056_0015" 6365
"../../../Engine/Content/EngineMaterials/Substrate/GLints/dict_16_192_64_0p5_0p02_0057_0003.uasset" 6366
"../../../Engine/Content/EngineMaterials/Substrate/GLints/dict_16_192_64_0p5_0p02_0057_0005.uasset" 6367
"../../../Engine/Content/EngineMaterials/Substrate/GLints/dict_16_192_64_0p5_0p02_0057_0004.uasset" 6368
"../../../Engine/Content/EngineMaterials/Substrate/GLints/dict_16_192_64_0p5_0p02_0057_0006.uasset" 6369
"/Engine/EngineMaterials/Substrate/GLints/dict_16_192_64_0p5_0p02_0056_0014" 6370
"/Engine/EngineMaterials/Substrate/GLints/dict_16_192_64_0p5_0p02_0056_0013" 6371
"/Engine/EngineMaterials/Substrate/GLints/dict_16_192_64_0p5_0p02_0056_0012" 6372
"/Engine/EngineMaterials/Substrate/GLints/dict_16_192_64_0p5_0p02_0056_0011" 6373
"/Engine/EngineMaterials/Substrate/GLints/dict_16_192_64_0p5_0p02_0056_0010" 6374
"/Engine/EngineMaterials/Substrate/GLints/dict_16_192_64_0p5_0p02_0056_0009" 6375
"/Engine/EngineMaterials/Substrate/GLints/dict_16_192_64_0p5_0p02_0056_0008" 6376
"/Engine/EngineMaterials/Substrate/GLints/dict_16_192_64_0p5_0p02_0056_0007" 6377
"/Engine/EngineMaterials/Substrate/GLints/dict_16_192_64_0p5_0p02_0056_0006" 6378
"/Engine/EngineMaterials/Substrate/GLints/dict_16_192_64_0p5_0p02_0056_0005" 6379
"/Engine/EngineMaterials/Substrate/GLints/dict_16_192_64_0p5_0p02_0056_0004" 6380
"/Engine/EngineMaterials/Substrate/GLints/dict_16_192_64_0p5_0p02_0056_0003" 6381
"/Engine/EngineMaterials/Substrate/GLints/dict_16_192_64_0p5_0p02_0056_0002" 6382
"/Engine/EngineMaterials/Substrate/GLints/dict_16_192_64_0p5_0p02_0056_0001" 6383
"/Engine/EngineMaterials/Substrate/GLints/dict_16_192_64_0p5_0p02_0056_0000" 6384
"/Engine/EngineMaterials/Substrate/GLints/dict_16_192_64_0p5_0p02_0055_0015" 6385
"/Engine/EngineMaterials/Substrate/GLints/dict_16_192_64_0p5_0p02_0055_0014" 6386
"/Engine/EngineMaterials/Substrate/GLints/dict_16_192_64_0p5_0p02_0055_0013" 6387
"/Engine/EngineMaterials/Substrate/GLints/dict_16_192_64_0p5_0p02_0055_0012" 6388
"/Engine/EngineMaterials/Substrate/GLints/dict_16_192_64_0p5_0p02_0055_0011" 6389
"/Engine/EngineMaterials/Substrate/GLints/dict_16_192_64_0p5_0p02_0055_0010" 6390
"/Engine/EngineMaterials/Substrate/GLints/dict_16_192_64_0p5_0p02_0055_0009" 6391
"/Engine/EngineMaterials/Substrate/GLints/dict_16_192_64_0p5_0p02_0055_0008" 6392
"/Engine/EngineMaterials/Substrate/GLints/dict_16_192_64_0p5_0p02_0055_0007" 6393
"/Engine/EngineMaterials/Substrate/GLints/dict_16_192_64_0p5_0p02_0057_0001" 6394
"/Engine/EngineMaterials/Substrate/GLints/dict_16_192_64_0p5_0p02_0057_0000" 6395
"../../../Engine/Content/EngineMaterials/Substrate/GLints/dict_16_192_64_0p5_0p02_0057_0008.uasset" 6396
"../../../Engine/Content/EngineMaterials/Substrate/GLints/dict_16_192_64_0p5_0p02_0057_0009.uasset" 6397
"../../../Engine/Content/EngineMaterials/Substrate/GLints/dict_16_192_64_0p5_0p02_0057_0007.uasset" 6398
"../../../Engine/Content/EngineMaterials/Substrate/GLints/dict_16_192_64_0p5_0p02_0057_0011.uasset" 6399
"../../../Engine/Content/EngineMaterials/Substrate/GLints/dict_16_192_64_0p5_0p02_0057_0014.uasset" 6400
"../../../Engine/Content/EngineMaterials/Substrate/GLints/dict_16_192_64_0p5_0p02_0057_0010.uasset" 6401
"../../../Engine/Content/EngineMaterials/Substrate/GLints/dict_16_192_64_0p5_0p02_0058_0000.uasset" 6402
"../../../Engine/Content/EngineMaterials/Substrate/GLints/dict_16_192_64_0p5_0p02_0057_0015.uasset" 6403
"../../../Engine/Content/EngineMaterials/Substrate/GLints/dict_16_192_64_0p5_0p02_0058_0002.uasset" 6404
"../../../Engine/Content/EngineMaterials/Substrate/GLints/dict_16_192_64_0p5_0p02_0058_0004.uasset" 6405
"../../../Engine/Content/EngineMaterials/Substrate/GLints/dict_16_192_64_0p5_0p02_0058_0007.uasset" 6406
"../../../Engine/Content/EngineMaterials/Substrate/GLints/dict_16_192_64_0p5_0p02_0058_0008.uasset" 6407
"../../../Engine/Content/EngineMaterials/Substrate/GLints/dict_16_192_64_0p5_0p02_0058_0001.uasset" 6408
"../../../Engine/Content/EngineMaterials/Substrate/GLints/dict_16_192_64_0p5_0p02_0058_0009.uasset" 6409
"/Engine/EngineMaterials/Substrate/GLints/dict_16_192_64_0p5_0p02_0057_0006" 6410
"../../../Engine/Content/EngineMaterials/Substrate/GLints/dict_16_192_64_0p5_0p02_0058_0012.uasset" 6411
"../../../Engine/Content/EngineMaterials/Substrate/GLints/dict_16_192_64_0p5_0p02_0058_0005.uasset" 6412
"../../../Engine/Content/EngineMaterials/Substrate/GLints/dict_16_192_64_0p5_0p02_0058_0011.uasset" 6413
"../../../Engine/Content/EngineMaterials/Substrate/GLints/dict_16_192_64_0p5_0p02_0058_0015.uasset" 6414
"../../../Engine/Content/EngineMaterials/Substrate/GLints/dict_16_192_64_0p5_0p02_0058_0010.uasset" 6415
"../../../Engine/Content/EngineMaterials/Substrate/GLints/dict_16_192_64_0p5_0p02_0057_0013.uasset" 6416
"../../../Engine/Content/EngineMaterials/Substrate/GLints/dict_16_192_64_0p5_0p02_0058_0006.uasset" 6417
"../../../Engine/Content/EngineMaterials/Substrate/GLints/dict_16_192_64_0p5_0p02_0058_0014.uasset" 6418
"../../../Engine/Content/EngineMaterials/Substrate/GLints/dict_16_192_64_0p5_0p02_0057_0012.uasset" 6419
"../../../Engine/Content/EngineMaterials/Substrate/GLints/dict_16_192_64_0p5_0p02_0059_0000.uasset" 6420
"../../../Engine/Content/EngineMaterials/Substrate/GLints/dict_16_192_64_0p5_0p02_0058_0003.uasset" 6421
"../../../Engine/Content/EngineMaterials/Substrate/GLints/dict_16_192_64_0p5_0p02_0059_0001.uasset" 6422
"../../../Engine/Content/EngineMaterials/Substrate/GLints/dict_16_192_64_0p5_0p02_0058_0013.uasset" 6423
"/Engine/EngineMaterials/Substrate/GLints/dict_16_192_64_0p5_0p02_0057_0005" 6424
"/Engine/EngineMaterials/Substrate/GLints/dict_16_192_64_0p5_0p02_0057_0004" 6425
"/Engine/EngineMaterials/Substrate/GLints/dict_16_192_64_0p5_0p02_0057_0003" 6426
"/Engine/EngineMaterials/Substrate/GLints/dict_16_192_64_0p5_0p02_0057_0002" 6427
"/Engine/EngineMaterials/Substrate/GLints/dict_16_192_64_0p5_0p02_0057_0008" 6428
"/Engine/EngineMaterials/Substrate/GLints/dict_16_192_64_0p5_0p02_0057_0007" 6429
"../../../Engine/Content/EngineMaterials/Substrate/GLints/dict_16_192_64_0p5_0p02_0059_0002.uasset" 6430
"../../../Engine/Content/EngineMaterials/Substrate/GLints/dict_16_192_64_0p5_0p02_0059_0003.uasset" 6431
"../../../Engine/Content/EngineMaterials/Substrate/GLints/dict_16_192_64_0p5_0p02_0059_0004.uasset" 6432
"../../../Engine/Content/EngineMaterials/Substrate/GLints/dict_16_192_64_0p5_0p02_0059_0005.uasset" 6433
"../../../Engine/Content/EngineMaterials/Substrate/GLints/dict_16_192_64_0p5_0p02_0059_0008.uasset" 6434
"/Engine/EngineMaterials/Substrate/GLints/dict_16_192_64_0p5_0p02_0059_0001" 6435
"../../../Engine/Content/EngineMaterials/Substrate/GLints/dict_16_192_64_0p5_0p02_0059_0007.uasset" 6436
"../../../Engine/Content/EngineMaterials/Substrate/GLints/dict_16_192_64_0p5_0p02_0059_0006.uasset" 6437
"/Engine/EngineMaterials/Substrate/GLints/dict_16_192_64_0p5_0p02_0059_0000" 6438
"/Engine/EngineMaterials/Substrate/GLints/dict_16_192_64_0p5_0p02_0058_0015" 6439
"/Engine/EngineMaterials/Substrate/GLints/dict_16_192_64_0p5_0p02_0058_0014" 6440
"/Engine/EngineMaterials/Substrate/GLints/dict_16_192_64_0p5_0p02_0058_0013" 6441
"/Engine/EngineMaterials/Substrate/GLints/dict_16_192_64_0p5_0p02_0058_0012" 6442
"/Engine/EngineMaterials/Substrate/GLints/dict_16_192_64_0p5_0p02_0058_0011" 6443
"/Engine/EngineMaterials/Substrate/GLints/dict_16_192_64_0p5_0p02_0058_0010" 6444
"/Engine/EngineMaterials/Substrate/GLints/dict_16_192_64_0p5_0p02_0058_0009" 6445
"/Engine/EngineMaterials/Substrate/GLints/dict_16_192_64_0p5_0p02_0058_0008" 6446
"/Engine/EngineMaterials/Substrate/GLints/dict_16_192_64_0p5_0p02_0058_0007" 6447
"/Engine/EngineMaterials/Substrate/GLints/dict_16_192_64_0p5_0p02_0058_0006" 6448
"/Engine/EngineMaterials/Substrate/GLints/dict_16_192_64_0p5_0p02_0058_0005" 6449
"/Engine/EngineMaterials/Substrate/GLints/dict_16_192_64_0p5_0p02_0058_0004" 6450
"/Engine/EngineMaterials/Substrate/GLints/dict_16_192_64_0p5_0p02_0058_0003" 6451
"/Engine/EngineMaterials/Substrate/GLints/dict_16_192_64_0p5_0p02_0058_0002" 6452
"/Engine/EngineMaterials/Substrate/GLints/dict_16_192_64_0p5_0p02_0058_0001" 6453
"/Engine/EngineMaterials/Substrate/GLints/dict_16_192_64_0p5_0p02_0058_0000" 6454
"/Engine/EngineMaterials/Substrate/GLints/dict_16_192_64_0p5_0p02_0057_0015" 6455
"/Engine/EngineMaterials/Substrate/GLints/dict_16_192_64_0p5_0p02_0057_0014" 6456
"/Engine/EngineMaterials/Substrate/GLints/dict_16_192_64_0p5_0p02_0057_0013" 6457
"/Engine/EngineMaterials/Substrate/GLints/dict_16_192_64_0p5_0p02_0057_0012" 6458
"/Engine/EngineMaterials/Substrate/GLints/dict_16_192_64_0p5_0p02_0057_0011" 6459
"/Engine/EngineMaterials/Substrate/GLints/dict_16_192_64_0p5_0p02_0057_0010" 6460
"/Engine/EngineMaterials/Substrate/GLints/dict_16_192_64_0p5_0p02_0057_0009" 6461
"/Engine/EngineMaterials/Substrate/GLints/dict_16_192_64_0p5_0p02_0059_0003" 6462
"/Engine/EngineMaterials/Substrate/GLints/dict_16_192_64_0p5_0p02_0059_0002" 6463
"../../../Engine/Content/EngineMaterials/Substrate/GLints/dict_16_192_64_0p5_0p02_0059_0009.uasset" 6464
"../../../Engine/Content/EngineMaterials/Substrate/GLints/dict_16_192_64_0p5_0p02_0059_0010.uasset" 6465
"../../../Engine/Content/EngineMaterials/Substrate/GLints/dict_16_192_64_0p5_0p02_0059_0011.uasset" 6466
"../../../Engine/Content/EngineMaterials/Substrate/GLints/dict_16_192_64_0p5_0p02_0060_0002.uasset" 6467
"../../../Engine/Content/EngineMaterials/Substrate/GLints/dict_16_192_64_0p5_0p02_0060_0003.uasset" 6468
"/Engine/EngineMaterials/Substrate/GLints/dict_16_192_64_0p5_0p02_0059_0008" 6469
"../../../Engine/Content/EngineMaterials/Substrate/GLints/dict_16_192_64_0p5_0p02_0060_0007.uasset" 6470
"../../../Engine/Content/EngineMaterials/Substrate/GLints/dict_16_192_64_0p5_0p02_0060_0000.uasset" 6471
"../../../Engine/Content/EngineMaterials/Substrate/GLints/dict_16_192_64_0p5_0p02_0060_0009.uasset" 6472
"../../../Engine/Content/EngineMaterials/Substrate/GLints/dict_16_192_64_0p5_0p02_0059_0013.uasset" 6473
"../../../Engine/Content/EngineMaterials/Substrate/GLints/dict_16_192_64_0p5_0p02_0060_0012.uasset" 6474
"../../../Engine/Content/EngineMaterials/Substrate/GLints/dict_16_192_64_0p5_0p02_0060_0011.uasset" 6475
"../../../Engine/Content/EngineMaterials/Substrate/GLints/dict_16_192_64_0p5_0p02_0060_0001.uasset" 6476
"../../../Engine/Content/EngineMaterials/Substrate/GLints/dict_16_192_64_0p5_0p02_0060_0014.uasset" 6477
"../../../Engine/Content/EngineMaterials/Substrate/GLints/dict_16_192_64_0p5_0p02_0060_0015.uasset" 6478
"../../../Engine/Content/EngineMaterials/Substrate/GLints/dict_16_192_64_0p5_0p02_0059_0012.uasset" 6479
"../../../Engine/Content/EngineMaterials/Substrate/GLints/dict_16_192_64_0p5_0p02_0060_0006.uasset" 6480
"../../../Engine/Content/EngineMaterials/Substrate/GLints/dict_16_192_64_0p5_0p02_0059_0015.uasset" 6481
"../../../Engine/Content/EngineMaterials/Substrate/GLints/dict_16_192_64_0p5_0p02_0060_0010.uasset" 6482
"../../../Engine/Content/EngineMaterials/Substrate/GLints/dict_16_192_64_0p5_0p02_0060_0005.uasset" 6483
"../../../Engine/Content/EngineMaterials/Substrate/GLints/dict_16_192_64_0p5_0p02_0061_0002.uasset" 6484
"../../../Engine/Content/EngineMaterials/Substrate/GLints/dict_16_192_64_0p5_0p02_0061_0000.uasset" 6485
"../../../Engine/Content/EngineMaterials/Substrate/GLints/dict_16_192_64_0p5_0p02_0061_0001.uasset" 6486
"/Engine/EngineMaterials/Substrate/GLints/dict_16_192_64_0p5_0p02_0059_0007" 6487
"../../../Engine/Content/EngineMaterials/Substrate/GLints/dict_16_192_64_0p5_0p02_0060_0013.uasset" 6488
"../../../Engine/Content/EngineMaterials/Substrate/GLints/dict_16_192_64_0p5_0p02_0061_0003.uasset" 6489
"../../../Engine/Content/EngineMaterials/Substrate/GLints/dict_16_192_64_0p5_0p02_0059_0014.uasset" 6490
"../../../Engine/Content/EngineMaterials/Substrate/GLints/dict_16_192_64_0p5_0p02_0060_0008.uasset" 6491
"../../../Engine/Content/EngineMaterials/Substrate/GLints/dict_16_192_64_0p5_0p02_0060_0004.uasset" 6492
"/Engine/EngineMaterials/Substrate/GLints/dict_16_192_64_0p5_0p02_0059_0006" 6493
"/Engine/EngineMaterials/Substrate/GLints/dict_16_192_64_0p5_0p02_0059_0005" 6494
"/Engine/EngineMaterials/Substrate/GLints/dict_16_192_64_0p5_0p02_0059_0004" 6495
"../../../Engine/Content/EngineMaterials/Substrate/GLints/dict_16_192_64_0p5_0p02_0061_0004.uasset" 6496
"../../../Engine/Content/EngineMaterials/Substrate/GLints/dict_16_192_64_0p5_0p02_0061_0006.uasset" 6497
"../../../Engine/Content/EngineMaterials/Substrate/GLints/dict_16_192_64_0p5_0p02_0061_0005.uasset" 6498
"../../../Engine/Content/EngineMaterials/Substrate/GLints/dict_16_192_64_0p5_0p02_0061_0007.uasset" 6499
"/Engine/EngineMaterials/Substrate/GLints/dict_16_192_64_0p5_0p02_0061_0003" 6500
"../../../Engine/Content/EngineMaterials/Substrate/GLints/dict_16_192_64_0p5_0p02_0061_0008.uasset" 6501
"/Engine/EngineMaterials/Substrate/GLints/dict_16_192_64_0p5_0p02_0061_0002" 6502
"/Engine/EngineMaterials/Substrate/GLints/dict_16_192_64_0p5_0p02_0061_0001" 6503
"/Engine/EngineMaterials/Substrate/GLints/dict_16_192_64_0p5_0p02_0061_0000" 6504
"/Engine/EngineMaterials/Substrate/GLints/dict_16_192_64_0p5_0p02_0060_0015" 6505
"/Engine/EngineMaterials/Substrate/GLints/dict_16_192_64_0p5_0p02_0060_0014" 6506
"/Engine/EngineMaterials/Substrate/GLints/dict_16_192_64_0p5_0p02_0060_0013" 6507
"/Engine/EngineMaterials/Substrate/GLints/dict_16_192_64_0p5_0p02_0060_0012" 6508
"/Engine/EngineMaterials/Substrate/GLints/dict_16_192_64_0p5_0p02_0060_0011" 6509
"/Engine/EngineMaterials/Substrate/GLints/dict_16_192_64_0p5_0p02_0060_0010" 6510
"/Engine/EngineMaterials/Substrate/GLints/dict_16_192_64_0p5_0p02_0060_0009" 6511
"/Engine/EngineMaterials/Substrate/GLints/dict_16_192_64_0p5_0p02_0060_0008" 6512
"/Engine/EngineMaterials/Substrate/GLints/dict_16_192_64_0p5_0p02_0060_0007" 6513
"/Engine/EngineMaterials/Substrate/GLints/dict_16_192_64_0p5_0p02_0060_0006" 6514
"/Engine/EngineMaterials/Substrate/GLints/dict_16_192_64_0p5_0p02_0060_0005" 6515
"/Engine/EngineMaterials/Substrate/GLints/dict_16_192_64_0p5_0p02_0060_0004" 6516
"/Engine/EngineMaterials/Substrate/GLints/dict_16_192_64_0p5_0p02_0060_0003" 6517
"/Engine/EngineMaterials/Substrate/GLints/dict_16_192_64_0p5_0p02_0060_0002" 6518
"/Engine/EngineMaterials/Substrate/GLints/dict_16_192_64_0p5_0p02_0060_0001" 6519
"/Engine/EngineMaterials/Substrate/GLints/dict_16_192_64_0p5_0p02_0060_0000" 6520
"/Engine/EngineMaterials/Substrate/GLints/dict_16_192_64_0p5_0p02_0059_0015" 6521
"/Engine/EngineMaterials/Substrate/GLints/dict_16_192_64_0p5_0p02_0059_0014" 6522
"/Engine/EngineMaterials/Substrate/GLints/dict_16_192_64_0p5_0p02_0059_0013" 6523
"/Engine/EngineMaterials/Substrate/GLints/dict_16_192_64_0p5_0p02_0059_0012" 6524
"/Engine/EngineMaterials/Substrate/GLints/dict_16_192_64_0p5_0p02_0059_0011" 6525
"/Engine/EngineMaterials/Substrate/GLints/dict_16_192_64_0p5_0p02_0059_0010" 6526
"/Engine/EngineMaterials/Substrate/GLints/dict_16_192_64_0p5_0p02_0059_0009" 6527
"../../../Engine/Content/EngineMaterials/Substrate/GLints/dict_16_192_64_0p5_0p02_0061_0009.uasset" 6528
"../../../Engine/Content/EngineMaterials/Substrate/GLints/dict_16_192_64_0p5_0p02_0061_0012.uasset" 6529
"../../../Engine/Content/EngineMaterials/Substrate/GLints/dict_16_192_64_0p5_0p02_0061_0010.uasset" 6530
"../../../Engine/Content/EngineMaterials/Substrate/GLints/dict_16_192_64_0p5_0p02_0061_0015.uasset" 6531
"../../../Engine/Content/EngineMaterials/Substrate/GLints/dict_16_192_64_0p5_0p02_0061_0013.uasset" 6532
"/Engine/EngineMaterials/Substrate/GLints/dict_16_192_64_0p5_0p02_0061_0008" 6533
"../../../Engine/Content/EngineMaterials/Substrate/GLints/dict_16_192_64_0p5_0p02_0061_0014.uasset" 6534
"../../../Engine/Content/EngineMaterials/Substrate/GLints/dict_16_192_64_0p5_0p02_0062_0004.uasset" 6535
"../../../Engine/Content/EngineMaterials/Substrate/GLints/dict_16_192_64_0p5_0p02_0062_0006.uasset" 6536
"../../../Engine/Content/EngineMaterials/Substrate/GLints/dict_16_192_64_0p5_0p02_0062_0010.uasset" 6537
"../../../Engine/Content/EngineMaterials/Substrate/GLints/dict_16_192_64_0p5_0p02_0062_0009.uasset" 6538
"../../../Engine/Content/EngineMaterials/Substrate/GLints/dict_16_192_64_0p5_0p02_0062_0008.uasset" 6539
"../../../Engine/Content/EngineMaterials/Substrate/GLints/dict_16_192_64_0p5_0p02_0062_0007.uasset" 6540
"../../../Engine/Content/EngineMaterials/Substrate/GLints/dict_16_192_64_0p5_0p02_0062_0011.uasset" 6541
"../../../Engine/Content/EngineMaterials/Substrate/GLints/dict_16_192_64_0p5_0p02_0062_0012.uasset" 6542
"../../../Engine/Content/EngineMaterials/Substrate/GLints/dict_16_192_64_0p5_0p02_0062_0014.uasset" 6543
"../../../Engine/Content/EngineMaterials/Substrate/GLints/dict_16_192_64_0p5_0p02_0062_0015.uasset" 6544
"../../../Engine/Content/EngineMaterials/Substrate/GLints/dict_16_192_64_0p5_0p02_0062_0013.uasset" 6545
"../../../Engine/Content/EngineMaterials/Substrate/GLints/dict_16_192_64_0p5_0p02_0063_0000.uasset" 6546
"../../../Engine/Content/EngineMaterials/Substrate/GLints/dict_16_192_64_0p5_0p02_0063_0001.uasset" 6547
"../../../Engine/Content/EngineMaterials/Substrate/GLints/dict_16_192_64_0p5_0p02_0062_0001.uasset" 6548
"../../../Engine/Content/EngineMaterials/Substrate/GLints/dict_16_192_64_0p5_0p02_0063_0002.uasset" 6549
"../../../Engine/Content/EngineMaterials/Substrate/GLints/dict_16_192_64_0p5_0p02_0062_0003.uasset" 6550
"../../../Engine/Content/EngineMaterials/Substrate/GLints/dict_16_192_64_0p5_0p02_0063_0003.uasset" 6551
"/Engine/EngineMaterials/Substrate/GLints/dict_16_192_64_0p5_0p02_0061_0007" 6552
"../../../Engine/Content/EngineMaterials/Substrate/GLints/dict_16_192_64_0p5_0p02_0062_0002.uasset" 6553
"../../../Engine/Content/EngineMaterials/Substrate/GLints/dict_16_192_64_0p5_0p02_0061_0011.uasset" 6554
"../../../Engine/Content/EngineMaterials/Substrate/GLints/dict_16_192_64_0p5_0p02_0062_0000.uasset" 6555
"../../../Engine/Content/EngineMaterials/Substrate/GLints/dict_16_192_64_0p5_0p02_0062_0005.uasset" 6556
"/Engine/EngineMaterials/Substrate/GLints/dict_16_192_64_0p5_0p02_0061_0006" 6557
"/Engine/EngineMaterials/Substrate/GLints/dict_16_192_64_0p5_0p02_0061_0005" 6558
"/Engine/EngineMaterials/Substrate/GLints/dict_16_192_64_0p5_0p02_0061_0004" 6559
"../../../Engine/Content/EngineMaterials/Substrate/GLints/dict_16_192_64_0p5_0p02_0063_0005.uasset" 6560
"../../../Engine/Content/EngineMaterials/Substrate/GLints/dict_16_192_64_0p5_0p02_0063_0004.uasset" 6561
"../../../Engine/Content/EngineMaterials/Substrate/GLints/dict_16_192_64_0p5_0p02_0063_0006.uasset" 6562
"/Engine/EngineMaterials/Substrate/GLints/dict_16_192_64_0p5_0p02_0063_0003" 6563
"../../../Engine/Content/EngineMaterials/Substrate/GLints/dict_16_192_64_0p5_0p02_0063_0007.uasset" 6564
"../../../Engine/Content/EngineMaterials/Substrate/GLints/dict_16_192_64_0p5_0p02_0063_0008.uasset" 6565
"/Engine/EngineMaterials/Substrate/GLints/dict_16_192_64_0p5_0p02_0063_0002" 6566
"/Engine/EngineMaterials/Substrate/GLints/dict_16_192_64_0p5_0p02_0063_0001" 6567
"/Engine/EngineMaterials/Substrate/GLints/dict_16_192_64_0p5_0p02_0063_0000" 6568
"/Engine/EngineMaterials/Substrate/GLints/dict_16_192_64_0p5_0p02_0062_0015" 6569
"/Engine/EngineMaterials/Substrate/GLints/dict_16_192_64_0p5_0p02_0062_0014" 6570
"/Engine/EngineMaterials/Substrate/GLints/dict_16_192_64_0p5_0p02_0062_0013" 6571
"/Engine/EngineMaterials/Substrate/GLints/dict_16_192_64_0p5_0p02_0062_0012" 6572
"/Engine/EngineMaterials/Substrate/GLints/dict_16_192_64_0p5_0p02_0062_0011" 6573
"/Engine/EngineMaterials/Substrate/GLints/dict_16_192_64_0p5_0p02_0062_0010" 6574
"/Engine/EngineMaterials/Substrate/GLints/dict_16_192_64_0p5_0p02_0062_0009" 6575
"/Engine/EngineMaterials/Substrate/GLints/dict_16_192_64_0p5_0p02_0062_0008" 6576
"/Engine/EngineMaterials/Substrate/GLints/dict_16_192_64_0p5_0p02_0062_0007" 6577
"/Engine/EngineMaterials/Substrate/GLints/dict_16_192_64_0p5_0p02_0062_0006" 6578
"/Engine/EngineMaterials/Substrate/GLints/dict_16_192_64_0p5_0p02_0062_0005" 6579
"/Engine/EngineMaterials/Substrate/GLints/dict_16_192_64_0p5_0p02_0062_0004" 6580
"/Engine/EngineMaterials/Substrate/GLints/dict_16_192_64_0p5_0p02_0062_0003" 6581
"/Engine/EngineMaterials/Substrate/GLints/dict_16_192_64_0p5_0p02_0062_0002" 6582
"/Engine/EngineMaterials/Substrate/GLints/dict_16_192_64_0p5_0p02_0062_0001" 6583
"/Engine/EngineMaterials/Substrate/GLints/dict_16_192_64_0p5_0p02_0062_0000" 6584
"/Engine/EngineMaterials/Substrate/GLints/dict_16_192_64_0p5_0p02_0061_0015" 6585
"/Engine/EngineMaterials/Substrate/GLints/dict_16_192_64_0p5_0p02_0061_0014" 6586
"/Engine/EngineMaterials/Substrate/GLints/dict_16_192_64_0p5_0p02_0061_0013" 6587
"/Engine/EngineMaterials/Substrate/GLints/dict_16_192_64_0p5_0p02_0061_0012" 6588
"/Engine/EngineMaterials/Substrate/GLints/dict_16_192_64_0p5_0p02_0061_0011" 6589
"/Engine/EngineMaterials/Substrate/GLints/dict_16_192_64_0p5_0p02_0063_0005" 6590
"/Engine/EngineMaterials/Substrate/GLints/dict_16_192_64_0p5_0p02_0061_0010" 6591
"/Engine/EngineMaterials/Substrate/GLints/dict_16_192_64_0p5_0p02_0061_0009" 6592
"../../../Engine/Content/EngineMaterials/Substrate/GLints/dict_16_192_64_0p5_0p02_0063_0010.uasset" 6593
"../../../Engine/Content/EngineMaterials/Substrate/GLints/dict_16_192_64_0p5_0p02_0063_0011.uasset" 6594
"../../../Engine/Content/EngineMaterials/Substrate/GLints/dict_16_192_64_0p5_0p02_0063_0009.uasset" 6595
"../../../Engine/Content/EngineMaterials/Substrate/GLints/dict_16_192_64_0p5_0p02_0063_0013.uasset" 6596
"../../../Engine/Content/EngineMaterials/Substrate/GLints/dict_16_192_64_0p5_0p02_0063_0012.uasset" 6597
"/Engine/EngineMaterials/Substrate/GLints/dict_16_192_64_0p5_0p02_0063_0008" 6598
"../../../Engine/Content/EngineMaterials/Substrate/GLints/AGlintTex2dArray.uasset" 6599
"../../../Engine/Content/EngineMaterials/Substrate/Glints2/dict_0000_0003.uasset" 6600
"../../../Engine/Content/EngineMaterials/Substrate/Glints2/dict_0000_0001.uasset" 6601
"../../../Engine/Content/EngineMaterials/Substrate/Glints2/dict_0000_0004.uasset" 6602
"../../../Engine/Content/EngineMaterials/Substrate/Glints2/dict_0000_0002.uasset" 6603
"../../../Engine/Content/EngineMaterials/Substrate/Glints2/dict_0000_0000.uasset" 6604
"../../../Engine/Content/EngineMaterials/Substrate/Glints2/dict_0000_0007.uasset" 6605
"../../../Engine/Content/EngineMaterials/Substrate/Glints2/dict_0000_0013.uasset" 6606
"../../../Engine/Content/EngineMaterials/Substrate/Glints2/dict_0000_0011.uasset" 6607
"../../../Engine/Content/EngineMaterials/Substrate/Glints2/dict_0000_0010.uasset" 6608
"../../../Engine/Content/EngineMaterials/Substrate/Glints2/dict_0000_0014.uasset" 6609
"../../../Engine/Content/EngineMaterials/Substrate/Glints2/dict_0000_0006.uasset" 6610
"../../../Engine/Content/EngineMaterials/Substrate/Glints2/dict_0000_0015.uasset" 6611
"../../../Engine/Content/EngineMaterials/Substrate/Glints2/dict_0000_0018.uasset" 6612
"/Engine/EngineMaterials/Substrate/GLints/dict_16_192_64_0p5_0p02_0063_0007" 6613
"../../../Engine/Content/EngineMaterials/Substrate/Glints2/dict_0000_0016.uasset" 6614
"../../../Engine/Content/EngineMaterials/Substrate/Glints2/dict_0000_0017.uasset" 6615
"../../../Engine/Content/EngineMaterials/Substrate/Glints2/dict_0000_0019.uasset" 6616
"../../../Engine/Content/EngineMaterials/Substrate/Glints2/dict_0000_0005.uasset" 6617
"../../../Engine/Content/EngineMaterials/Substrate/GLints/dict_16_192_64_0p5_0p02_0063_0014.uasset" 6618
"../../../Engine/Content/EngineMaterials/Substrate/GLints/dict_16_192_64_0p5_0p02_0063_0015.uasset" 6619
"../../../Engine/Content/EngineMaterials/Substrate/Glints2/dict_0000_0008.uasset" 6620
"../../../Engine/Content/EngineMaterials/Substrate/Glints2/dict_0000_0012.uasset" 6621
"../../../Engine/Content/EngineMaterials/Substrate/Glints2/dict_0000_0009.uasset" 6622
"/Engine/EngineMaterials/Substrate/GLints/dict_16_192_64_0p5_0p02_0063_0006" 6623
"/Engine/EngineMaterials/Substrate/GLints/dict_16_192_64_0p5_0p02_0063_0004" 6624
"../../../Engine/Content/EngineMaterials/Substrate/Glints2/dict_0000_0020.uasset" 6625
"../../../Engine/Content/EngineMaterials/Substrate/Glints2/dict_0000_0021.uasset" 6626
"../../../Engine/Content/EngineMaterials/Substrate/Glints2/dict_0000_0022.uasset" 6627
"../../../Engine/Content/EngineMaterials/Substrate/Glints2/dict_0000_0023.uasset" 6628
"/Engine/EngineMaterials/Substrate/Glints2/dict_0000_0019" 6629
"/Engine/EngineMaterials/Substrate/Glints2/dict_0000_0018" 6630
"/Engine/EngineMaterials/Substrate/Glints2/dict_0000_0017" 6631
"/Engine/EngineMaterials/Substrate/Glints2/dict_0000_0016" 6632
"/Engine/EngineMaterials/Substrate/Glints2/dict_0000_0015" 6633
"/Engine/EngineMaterials/Substrate/Glints2/dict_0000_0014" 6634
"/Engine/EngineMaterials/Substrate/Glints2/dict_0000_0013" 6635
"/Engine/EngineMaterials/Substrate/Glints2/dict_0000_0012" 6636
"/Engine/EngineMaterials/Substrate/Glints2/dict_0000_0011" 6637
"/Engine/EngineMaterials/Substrate/Glints2/dict_0000_0010" 6638
"/Engine/EngineMaterials/Substrate/Glints2/dict_0000_0009" 6639
"/Engine/EngineMaterials/Substrate/Glints2/dict_0000_0008" 6640
"/Engine/EngineMaterials/Substrate/Glints2/dict_0000_0007" 6641
"/Engine/EngineMaterials/Substrate/Glints2/dict_0000_0006" 6642
"/Engine/EngineMaterials/Substrate/Glints2/dict_0000_0005" 6643
"/Engine/EngineMaterials/Substrate/Glints2/dict_0000_0004" 6644
"/Engine/EngineMaterials/Substrate/Glints2/dict_0000_0003" 6645
"/Engine/EngineMaterials/Substrate/Glints2/dict_0000_0002" 6646
"/Engine/EngineMaterials/Substrate/Glints2/dict_0000_0001" 6647
"/Engine/EngineMaterials/Substrate/Glints2/dict_0000_0000" 6648
"/Engine/EngineMaterials/Substrate/GLints/AGlintTex2dArray" 6649
"/Engine/EngineMaterials/Substrate/Glints2/dict_0000_0021" 6650
"/Engine/EngineMaterials/Substrate/Glints2/dict_0000_0020" 6651
"../../../Engine/Content/EngineMaterials/Substrate/Glints2/dict_0000_0024.uasset" 6652
"../../../Engine/Content/EngineMaterials/Substrate/Glints2/dict_0000_0026.uasset" 6653
"../../../Engine/Content/EngineMaterials/Substrate/Glints2/dict_0000_0025.uasset" 6654
"/Engine/EngineMaterials/Substrate/Glints2/dict_0000_0023" 6655
"../../../Engine/Content/EngineMaterials/Substrate/Glints2/dict_0000_0028.uasset" 6656
"../../../Engine/Content/EngineMaterials/Substrate/Glints2/dict_0000_0027.uasset" 6657
"../../../Engine/Content/EngineMaterials/Substrate/Glints2/dict_0000_0037.uasset" 6658
"../../../Engine/Content/EngineMaterials/Substrate/Glints2/dict_0000_0033.uasset" 6659
"../../../Engine/Content/EngineMaterials/Substrate/Glints2/dict_0000_0038.uasset" 6660
"../../../Engine/Content/EngineMaterials/Substrate/Glints2/dict_0000_0029.uasset" 6661
"../../../Engine/Content/EngineMaterials/Substrate/Glints2/dict_0000_0040.uasset" 6662
"../../../Engine/Content/EngineMaterials/Substrate/Glints2/dict_0000_0039.uasset" 6663
"../../../Engine/Content/EngineMaterials/Substrate/Glints2/dict_0000_0043.uasset" 6664
"../../../Engine/Content/EngineMaterials/Substrate/Glints2/dict_0000_0045.uasset" 6665
"../../../Engine/Content/EngineMaterials/Substrate/Glints2/dict_0000_0042.uasset" 6666
"../../../Engine/Content/EngineMaterials/Substrate/Glints2/dict_0000_0032.uasset" 6667
"../../../Engine/Content/EngineMaterials/Substrate/Glints2/dict_0000_0041.uasset" 6668
"../../../Engine/Content/EngineMaterials/Substrate/Glints2/dict_0000_0047.uasset" 6669
"../../../Engine/Content/EngineMaterials/Substrate/Glints2/dict_0000_0050.uasset" 6670
"../../../Engine/Content/EngineMaterials/Substrate/Glints2/dict_0000_0048.uasset" 6671
"../../../Engine/Content/EngineMaterials/Substrate/Glints2/dict_0000_0051.uasset" 6672
"../../../Engine/Content/EngineMaterials/Substrate/Glints2/dict_0000_0049.uasset" 6673
"../../../Engine/Content/EngineMaterials/Substrate/Glints2/dict_0000_0031.uasset" 6674
"../../../Engine/Content/EngineMaterials/Substrate/Glints2/dict_0000_0052.uasset" 6675
"../../../Engine/Content/EngineMaterials/Substrate/Glints2/dict_0000_0053.uasset" 6676
"../../../Engine/Content/EngineMaterials/Substrate/Glints2/dict_0000_0030.uasset" 6677
"../../../Engine/Content/EngineMaterials/Substrate/Glints2/dict_0000_0046.uasset" 6678
"../../../Engine/Content/EngineMaterials/Substrate/Glints2/dict_0000_0035.uasset" 6679
"/Engine/EngineMaterials/Substrate/Glints2/dict_0000_0022" 6680
"../../../Engine/Content/EngineMaterials/Substrate/Glints2/dict_0000_0034.uasset" 6681
"../../../Engine/Content/EngineMaterials/Substrate/Glints2/dict_0000_0036.uasset" 6682
"../../../Engine/Content/EngineMaterials/Substrate/Glints2/dict_0000_0044.uasset" 6683
"../../../Engine/Content/EngineMaterials/Substrate/Glints2/dict_0000_0055.uasset" 6684
"/Engine/EngineMaterials/Substrate/Glints2/dict_0000_0053" 6685
"../../../Engine/Content/EngineMaterials/Substrate/Glints2/dict_0000_0054.uasset" 6686
"/Engine/EngineMaterials/Substrate/Glints2/dict_0000_0052" 6687
"/Engine/EngineMaterials/Substrate/Glints2/dict_0000_0051" 6688
"/Engine/EngineMaterials/Substrate/Glints2/dict_0000_0050" 6689
"/Engine/EngineMaterials/Substrate/Glints2/dict_0000_0049" 6690
"/Engine/EngineMaterials/Substrate/Glints2/dict_0000_0048" 6691
"/Engine/EngineMaterials/Substrate/Glints2/dict_0000_0047" 6692
"/Engine/EngineMaterials/Substrate/Glints2/dict_0000_0046" 6693
"/Engine/EngineMaterials/Substrate/Glints2/dict_0000_0045" 6694
"/Engine/EngineMaterials/Substrate/Glints2/dict_0000_0044" 6695
"/Engine/EngineMaterials/Substrate/Glints2/dict_0000_0043" 6696
"/Engine/EngineMaterials/Substrate/Glints2/dict_0000_0042" 6697
"/Engine/EngineMaterials/Substrate/Glints2/dict_0000_0041" 6698
"/Engine/EngineMaterials/Substrate/Glints2/dict_0000_0040" 6699
"/Engine/EngineMaterials/Substrate/Glints2/dict_0000_0039" 6700
"/Engine/EngineMaterials/Substrate/Glints2/dict_0000_0038" 6701
"/Engine/EngineMaterials/Substrate/Glints2/dict_0000_0037" 6702
"/Engine/EngineMaterials/Substrate/Glints2/dict_0000_0036" 6703
"/Engine/EngineMaterials/Substrate/Glints2/dict_0000_0035" 6704
"/Engine/EngineMaterials/Substrate/Glints2/dict_0000_0034" 6705
"/Engine/EngineMaterials/Substrate/Glints2/dict_0000_0033" 6706
"/Engine/EngineMaterials/Substrate/Glints2/dict_0000_0032" 6707
"/Engine/EngineMaterials/Substrate/Glints2/dict_0000_0031" 6708
"/Engine/EngineMaterials/Substrate/Glints2/dict_0000_0030" 6709
"/Engine/EngineMaterials/Substrate/Glints2/dict_0000_0029" 6710
"/Engine/EngineMaterials/Substrate/Glints2/dict_0000_0028" 6711
"/Engine/EngineMaterials/Substrate/Glints2/dict_0000_0027" 6712
"/Engine/EngineMaterials/Substrate/Glints2/dict_0000_0026" 6713
"/Engine/EngineMaterials/Substrate/Glints2/dict_0000_0025" 6714
"/Engine/EngineMaterials/Substrate/Glints2/dict_0000_0024" 6715
"../../../Engine/Content/EngineMaterials/Substrate/Glints2/dict_0000_0057.uasset" 6716
"../../../Engine/Content/EngineMaterials/Substrate/Glints2/dict_0000_0058.uasset" 6717
"../../../Engine/Content/EngineMaterials/Substrate/Glints2/dict_0000_0064.uasset" 6718
"../../../Engine/Content/EngineMaterials/Substrate/Glints2/dict_0000_0067.uasset" 6719
"../../../Engine/Content/EngineMaterials/Substrate/Glints2/dict_0000_0062.uasset" 6720
"../../../Engine/Content/EngineMaterials/Substrate/Glints2/dict_0000_0066.uasset" 6721
"/Engine/EngineMaterials/Substrate/Glints2/dict_0000_0055" 6722
"../../../Engine/Content/EngineMaterials/Substrate/Glints2/dict_0000_0065.uasset" 6723
"../../../Engine/Content/EngineMaterials/Substrate/Glints2/dict_0000_0068.uasset" 6724
"../../../Engine/Content/EngineMaterials/Substrate/Glints2/dict_0000_0060.uasset" 6725
"../../../Engine/Content/EngineMaterials/Substrate/Glints2/dict_0000_0063.uasset" 6726
"../../../Engine/Content/EngineMaterials/Substrate/Glints2/dict_0000_0071.uasset" 6727
"../../../Engine/Content/EngineMaterials/Substrate/Glints2/dict_0000_0074.uasset" 6728
"../../../Engine/Content/EngineMaterials/Substrate/Glints2/dict_0000_0061.uasset" 6729
"../../../Engine/Content/EngineMaterials/Substrate/Glints2/dict_0000_0072.uasset" 6730
"../../../Engine/Content/EngineMaterials/Substrate/Glints2/dict_0000_0076.uasset" 6731
"../../../Engine/Content/EngineMaterials/Substrate/Glints2/dict_0000_0078.uasset" 6732
"../../../Engine/Content/EngineMaterials/Substrate/Glints2/dict_0000_0079.uasset" 6733
"../../../Engine/Content/EngineMaterials/Substrate/Glints2/dict_0000_0080.uasset" 6734
"../../../Engine/Content/EngineMaterials/Substrate/Glints2/dict_0000_0081.uasset" 6735
"../../../Engine/Content/EngineMaterials/Substrate/Glints2/dict_0000_0084.uasset" 6736
"../../../Engine/Content/EngineMaterials/Substrate/Glints2/dict_0000_0075.uasset" 6737
"../../../Engine/Content/EngineMaterials/Substrate/Glints2/dict_0000_0083.uasset" 6738
"../../../Engine/Content/EngineMaterials/Substrate/Glints2/dict_0000_0085.uasset" 6739
"../../../Engine/Content/EngineMaterials/Substrate/Glints2/dict_0000_0077.uasset" 6740
"../../../Engine/Content/EngineMaterials/Substrate/Glints2/dict_0000_0059.uasset" 6741
"../../../Engine/Content/EngineMaterials/Substrate/Glints2/dict_0000_0069.uasset" 6742
"/Engine/EngineMaterials/Substrate/Glints2/dict_0000_0054" 6743
"../../../Engine/Content/EngineMaterials/Substrate/Glints2/dict_0000_0073.uasset" 6744
"../../../Engine/Content/EngineMaterials/Substrate/Glints2/dict_0000_0082.uasset" 6745
"../../../Engine/Content/EngineMaterials/Substrate/Glints2/dict_0000_0056.uasset" 6746
"../../../Engine/Content/EngineMaterials/Substrate/Glints2/dict_0000_0070.uasset" 6747
"../../../Engine/Content/EngineMaterials/Substrate/Glints2/dict_0000_0086.uasset" 6748
"../../../Engine/Content/EngineMaterials/Substrate/Glints2/dict_0000_0087.uasset" 6749
"/Engine/EngineMaterials/Substrate/Glints2/dict_0000_0085" 6750
"/Engine/EngineMaterials/Substrate/Glints2/dict_0000_0084" 6751
"/Engine/EngineMaterials/Substrate/Glints2/dict_0000_0083" 6752
"/Engine/EngineMaterials/Substrate/Glints2/dict_0000_0082" 6753
"/Engine/EngineMaterials/Substrate/Glints2/dict_0000_0081" 6754
"/Engine/EngineMaterials/Substrate/Glints2/dict_0000_0080" 6755
"/Engine/EngineMaterials/Substrate/Glints2/dict_0000_0079" 6756
"/Engine/EngineMaterials/Substrate/Glints2/dict_0000_0078" 6757
"/Engine/EngineMaterials/Substrate/Glints2/dict_0000_0077" 6758
"/Engine/EngineMaterials/Substrate/Glints2/dict_0000_0076" 6759
"/Engine/EngineMaterials/Substrate/Glints2/dict_0000_0075" 6760
"/Engine/EngineMaterials/Substrate/Glints2/dict_0000_0074" 6761
"/Engine/EngineMaterials/Substrate/Glints2/dict_0000_0073" 6762
"/Engine/EngineMaterials/Substrate/Glints2/dict_0000_0072" 6763
"/Engine/EngineMaterials/Substrate/Glints2/dict_0000_0071" 6764
"/Engine/EngineMaterials/Substrate/Glints2/dict_0000_0070" 6765
"/Engine/EngineMaterials/Substrate/Glints2/dict_0000_0069" 6766
"/Engine/EngineMaterials/Substrate/Glints2/dict_0000_0068" 6767
"/Engine/EngineMaterials/Substrate/Glints2/dict_0000_0067" 6768
"/Engine/EngineMaterials/Substrate/Glints2/dict_0000_0066" 6769
"/Engine/EngineMaterials/Substrate/Glints2/dict_0000_0065" 6770
"/Engine/EngineMaterials/Substrate/Glints2/dict_0000_0064" 6771
"/Engine/EngineMaterials/Substrate/Glints2/dict_0000_0063" 6772
"/Engine/EngineMaterials/Substrate/Glints2/dict_0000_0062" 6773
"/Engine/EngineMaterials/Substrate/Glints2/dict_0000_0061" 6774
"/Engine/EngineMaterials/Substrate/Glints2/dict_0000_0060" 6775
"/Engine/EngineMaterials/Substrate/Glints2/dict_0000_0059" 6776
"/Engine/EngineMaterials/Substrate/Glints2/dict_0000_0058" 6777
"/Engine/EngineMaterials/Substrate/Glints2/dict_0000_0057" 6778
"/Engine/EngineMaterials/Substrate/Glints2/dict_0000_0056" 6779
"../../../Engine/Content/EngineMaterials/Substrate/Glints2/dict_0000_0088.uasset" 6780
"../../../Engine/Content/EngineMaterials/Substrate/Glints2/dict_0000_0089.uasset" 6781
"../../../Engine/Content/EngineMaterials/Substrate/Glints2/dict_0000_0090.uasset" 6782
"../../../Engine/Content/EngineMaterials/Substrate/Glints2/dict_0000_0091.uasset" 6783
"../../../Engine/Content/EngineMaterials/Substrate/Glints2/dict_0000_0093.uasset" 6784
"../../../Engine/Content/EngineMaterials/Substrate/Glints2/dict_0000_0097.uasset" 6785
"../../../Engine/Content/EngineMaterials/Substrate/Glints2/dict_0000_0094.uasset" 6786
"../../../Engine/Content/EngineMaterials/Substrate/Glints2/dict_0000_0103.uasset" 6787
"../../../Engine/Content/EngineMaterials/Substrate/Glints2/dict_0000_0098.uasset" 6788
"../../../Engine/Content/EngineMaterials/Substrate/Glints2/dict_0000_0101.uasset" 6789
"/Engine/EngineMaterials/Substrate/Glints2/dict_0000_0087" 6790
"../../../Engine/Content/EngineMaterials/Substrate/Glints2/dict_0000_0096.uasset" 6791
"../../../Engine/Content/EngineMaterials/Substrate/Glints2/dict_0000_0111.uasset" 6792
"../../../Engine/Content/EngineMaterials/Substrate/Glints2/dict_0000_0110.uasset" 6793
"../../../Engine/Content/EngineMaterials/Substrate/Glints2/dict_0000_0104.uasset" 6794
"../../../Engine/Content/EngineMaterials/Substrate/Glints2/dict_0000_0095.uasset" 6795
"../../../Engine/Content/EngineMaterials/Substrate/Glints2/dict_0000_0092.uasset" 6796
"../../../Engine/Content/EngineMaterials/Substrate/Glints2/dict_0000_0099.uasset" 6797
"../../../Engine/Content/EngineMaterials/Substrate/Glints2/dict_0000_0107.uasset" 6798
"../../../Engine/Content/EngineMaterials/Substrate/Glints2/dict_0000_0105.uasset" 6799
"../../../Engine/Content/EngineMaterials/Substrate/Glints2/dict_0000_0112.uasset" 6800
"../../../Engine/Content/EngineMaterials/Substrate/Glints2/dict_0000_0100.uasset" 6801
"../../../Engine/Content/EngineMaterials/Substrate/Glints2/dict_0000_0106.uasset" 6802
"../../../Engine/Content/EngineMaterials/Substrate/Glints2/dict_0000_0113.uasset" 6803
"../../../Engine/Content/EngineMaterials/Substrate/Glints2/dict_0000_0116.uasset" 6804
"../../../Engine/Content/EngineMaterials/Substrate/Glints2/dict_0000_0115.uasset" 6805
"../../../Engine/Content/EngineMaterials/Substrate/Glints2/dict_0000_0114.uasset" 6806
"../../../Engine/Content/EngineMaterials/Substrate/Glints2/dict_0000_0109.uasset" 6807
"../../../Engine/Content/EngineMaterials/Substrate/Glints2/dict_0000_0108.uasset" 6808
"../../../Engine/Content/EngineMaterials/Substrate/Glints2/dict_0000_0102.uasset" 6809
"../../../Engine/Content/EngineMaterials/Substrate/Glints2/dict_0000_0117.uasset" 6810
"/Engine/EngineMaterials/Substrate/Glints2/dict_0000_0086" 6811
"/Engine/EngineMaterials/Substrate/Glints2/dict_0000_0089" 6812
"/Engine/EngineMaterials/Substrate/Glints2/dict_0000_0088" 6813
"../../../Engine/Content/EngineMaterials/Substrate/Glints2/dict_0000_0118.uasset" 6814
"../../../Engine/Content/EngineMaterials/Substrate/Glints2/dict_0000_0120.uasset" 6815
"../../../Engine/Content/EngineMaterials/Substrate/Glints2/dict_0000_0119.uasset" 6816
"/Engine/EngineMaterials/Substrate/Glints2/dict_0000_0117" 6817
"../../../Engine/Content/EngineMaterials/Substrate/Glints2/dict_0000_0121.uasset" 6818
"/Engine/EngineMaterials/Substrate/Glints2/dict_0000_0116" 6819
"/Engine/EngineMaterials/Substrate/Glints2/dict_0000_0115" 6820
"/Engine/EngineMaterials/Substrate/Glints2/dict_0000_0114" 6821
"/Engine/EngineMaterials/Substrate/Glints2/dict_0000_0113" 6822
"/Engine/EngineMaterials/Substrate/Glints2/dict_0000_0112" 6823
"/Engine/EngineMaterials/Substrate/Glints2/dict_0000_0111" 6824
"/Engine/EngineMaterials/Substrate/Glints2/dict_0000_0110" 6825
"/Engine/EngineMaterials/Substrate/Glints2/dict_0000_0109" 6826
"/Engine/EngineMaterials/Substrate/Glints2/dict_0000_0108" 6827
"/Engine/EngineMaterials/Substrate/Glints2/dict_0000_0107" 6828
"/Engine/EngineMaterials/Substrate/Glints2/dict_0000_0106" 6829
"/Engine/EngineMaterials/Substrate/Glints2/dict_0000_0105" 6830
"/Engine/EngineMaterials/Substrate/Glints2/dict_0000_0104" 6831
"/Engine/EngineMaterials/Substrate/Glints2/dict_0000_0103" 6832
"/Engine/EngineMaterials/Substrate/Glints2/dict_0000_0102" 6833
"/Engine/EngineMaterials/Substrate/Glints2/dict_0000_0101" 6834
"/Engine/EngineMaterials/Substrate/Glints2/dict_0000_0100" 6835
"/Engine/EngineMaterials/Substrate/Glints2/dict_0000_0099" 6836
"/Engine/EngineMaterials/Substrate/Glints2/dict_0000_0098" 6837
"/Engine/EngineMaterials/Substrate/Glints2/dict_0000_0097" 6838
"/Engine/EngineMaterials/Substrate/Glints2/dict_0000_0096" 6839
"/Engine/EngineMaterials/Substrate/Glints2/dict_0000_0095" 6840
"/Engine/EngineMaterials/Substrate/Glints2/dict_0000_0094" 6841
"/Engine/EngineMaterials/Substrate/Glints2/dict_0000_0093" 6842
"/Engine/EngineMaterials/Substrate/Glints2/dict_0000_0092" 6843
"/Engine/EngineMaterials/Substrate/Glints2/dict_0000_0091" 6844
"/Engine/EngineMaterials/Substrate/Glints2/dict_0000_0090" 6845
"../../../Engine/Content/EngineMaterials/Substrate/Glints2/dict_0000_0122.uasset" 6846
"../../../Engine/Content/EngineMaterials/Substrate/Glints2/dict_0000_0123.uasset" 6847
"../../../Engine/Content/EngineMaterials/Substrate/Glints2/dict_0000_0124.uasset" 6848
"../../../Engine/Content/EngineMaterials/Substrate/Glints2/dict_0000_0126.uasset" 6849
"../../../Engine/Content/EngineMaterials/Substrate/Glints2/dict_0000_0127.uasset" 6850
"../../../Engine/Content/EngineMaterials/Substrate/Glints2/dict_0000_0132.uasset" 6851
"/Engine/EngineMaterials/Substrate/Glints2/dict_0000_0121" 6852
"../../../Engine/Content/EngineMaterials/Substrate/Glints2/dict_0000_0130.uasset" 6853
"../../../Engine/Content/EngineMaterials/Substrate/Glints2/dict_0000_0136.uasset" 6854
"../../../Engine/Content/EngineMaterials/Substrate/Glints2/dict_0000_0134.uasset" 6855
"../../../Engine/Content/EngineMaterials/Substrate/Glints2/dict_0000_0139.uasset" 6856
"../../../Engine/Content/EngineMaterials/Substrate/Glints2/dict_0000_0125.uasset" 6857
"../../../Engine/Content/EngineMaterials/Substrate/Glints2/dict_0000_0143.uasset" 6858
"../../../Engine/Content/EngineMaterials/Substrate/Glints2/dict_0000_0138.uasset" 6859
"../../../Engine/Content/EngineMaterials/Substrate/Glints2/dict_0000_0135.uasset" 6860
"../../../Engine/Content/EngineMaterials/Substrate/Glints2/dict_0000_0145.uasset" 6861
"../../../Engine/Content/EngineMaterials/Substrate/Glints2/dict_0000_0142.uasset" 6862
"../../../Engine/Content/EngineMaterials/Substrate/Glints2/dict_0000_0133.uasset" 6863
"../../../Engine/Content/EngineMaterials/Substrate/Glints2/dict_0000_0148.uasset" 6864
"../../../Engine/Content/EngineMaterials/Substrate/Glints2/dict_0000_0149.uasset" 6865
"../../../Engine/Content/EngineMaterials/Substrate/Glints2/dict_0000_0128.uasset" 6866
"../../../Engine/Content/EngineMaterials/Substrate/Glints2/dict_0000_0147.uasset" 6867
"../../../Engine/Content/EngineMaterials/Substrate/Glints2/dict_0000_0146.uasset" 6868
"../../../Engine/Content/EngineMaterials/Substrate/Glints2/dict_0000_0131.uasset" 6869
"../../../Engine/Content/EngineMaterials/Substrate/Glints2/dict_0000_0141.uasset" 6870
"../../../Engine/Content/EngineMaterials/Substrate/Glints2/dict_0000_0137.uasset" 6871
"../../../Engine/Content/EngineMaterials/Substrate/Glints2/dict_0000_0140.uasset" 6872
"../../../Engine/Content/EngineMaterials/Substrate/Glints2/dict_0000_0144.uasset" 6873
"../../../Engine/Content/EngineMaterials/Substrate/Glints2/dict_0000_0129.uasset" 6874
"/Engine/EngineMaterials/Substrate/Glints2/dict_0000_0120" 6875
"/Engine/EngineMaterials/Substrate/Glints2/dict_0000_0122" 6876
"/Engine/EngineMaterials/Substrate/Glints2/dict_0000_0119" 6877
"/Engine/EngineMaterials/Substrate/Glints2/dict_0000_0118" 6878
"../../../Engine/Content/EngineMaterials/Substrate/Glints2/dict_0000_0150.uasset" 6879
"../../../Engine/Content/EngineMaterials/Substrate/Glints2/dict_0000_0151.uasset" 6880
"../../../Engine/Content/EngineMaterials/Substrate/Glints2/dict_0000_0152.uasset" 6881
"../../../Engine/Content/EngineMaterials/Substrate/Glints2/dict_0000_0153.uasset" 6882
"/Engine/EngineMaterials/Substrate/Glints2/dict_0000_0149" 6883
"../../../Engine/Content/EngineMaterials/Substrate/Glints2/dict_0000_0154.uasset" 6884
"/Engine/EngineMaterials/Substrate/Glints2/dict_0000_0148" 6885
"/Engine/EngineMaterials/Substrate/Glints2/dict_0000_0147" 6886
"/Engine/EngineMaterials/Substrate/Glints2/dict_0000_0146" 6887
"/Engine/EngineMaterials/Substrate/Glints2/dict_0000_0145" 6888
"/Engine/EngineMaterials/Substrate/Glints2/dict_0000_0144" 6889
"/Engine/EngineMaterials/Substrate/Glints2/dict_0000_0143" 6890
"/Engine/EngineMaterials/Substrate/Glints2/dict_0000_0142" 6891
"/Engine/EngineMaterials/Substrate/Glints2/dict_0000_0141" 6892
"/Engine/EngineMaterials/Substrate/Glints2/dict_0000_0140" 6893
"/Engine/EngineMaterials/Substrate/Glints2/dict_0000_0139" 6894
"/Engine/EngineMaterials/Substrate/Glints2/dict_0000_0138" 6895
"/Engine/EngineMaterials/Substrate/Glints2/dict_0000_0137" 6896
"/Engine/EngineMaterials/Substrate/Glints2/dict_0000_0136" 6897
"/Engine/EngineMaterials/Substrate/Glints2/dict_0000_0135" 6898
"/Engine/EngineMaterials/Substrate/Glints2/dict_0000_0134" 6899
"/Engine/EngineMaterials/Substrate/Glints2/dict_0000_0133" 6900
"/Engine/EngineMaterials/Substrate/Glints2/dict_0000_0132" 6901
"/Engine/EngineMaterials/Substrate/Glints2/dict_0000_0131" 6902
"/Engine/EngineMaterials/Substrate/Glints2/dict_0000_0130" 6903
"/Engine/EngineMaterials/Substrate/Glints2/dict_0000_0129" 6904
"/Engine/EngineMaterials/Substrate/Glints2/dict_0000_0128" 6905
"/Engine/EngineMaterials/Substrate/Glints2/dict_0000_0127" 6906
"/Engine/EngineMaterials/Substrate/Glints2/dict_0000_0126" 6907
"/Engine/EngineMaterials/Substrate/Glints2/dict_0000_0125" 6908
"/Engine/EngineMaterials/Substrate/Glints2/dict_0000_0124" 6909
"/Engine/EngineMaterials/Substrate/Glints2/dict_0000_0123" 6910
"/Engine/EngineMaterials/Substrate/Glints2/dict_0000_0151" 6911
"/Engine/EngineMaterials/Substrate/Glints2/dict_0000_0150" 6912
"../../../Engine/Content/EngineMaterials/Substrate/Glints2/dict_0000_0156.uasset" 6913
"../../../Engine/Content/EngineMaterials/Substrate/Glints2/dict_0000_0155.uasset" 6914
"../../../Engine/Content/EngineMaterials/Substrate/Glints2/dict_0000_0157.uasset" 6915
"../../../Engine/Content/EngineMaterials/Substrate/Glints2/dict_0000_0158.uasset" 6916
"../../../Engine/Content/EngineMaterials/Substrate/Glints2/dict_0000_0159.uasset" 6917
"../../../Engine/Content/EngineMaterials/Substrate/Glints2/dict_0000_0160.uasset" 6918
"../../../Engine/Content/EngineMaterials/Substrate/Glints2/dict_0000_0163.uasset" 6919
"../../../Engine/Content/EngineMaterials/Substrate/Glints2/dict_0000_0165.uasset" 6920
"../../../Engine/Content/EngineMaterials/Substrate/Glints2/dict_0000_0161.uasset" 6921
"/Engine/EngineMaterials/Substrate/Glints2/dict_0000_0154" 6922
"../../../Engine/Content/EngineMaterials/Substrate/Glints2/dict_0000_0170.uasset" 6923
"../../../Engine/Content/EngineMaterials/Substrate/Glints2/dict_0000_0164.uasset" 6924
"../../../Engine/Content/EngineMaterials/Substrate/Glints2/dict_0000_0172.uasset" 6925
"../../../Engine/Content/EngineMaterials/Substrate/Glints2/dict_0000_0168.uasset" 6926
"../../../Engine/Content/EngineMaterials/Substrate/Glints2/dict_0000_0180.uasset" 6927
"../../../Engine/Content/EngineMaterials/Substrate/Glints2/dict_0000_0176.uasset" 6928
"../../../Engine/Content/EngineMaterials/Substrate/Glints2/dict_0000_0179.uasset" 6929
"../../../Engine/Content/EngineMaterials/Substrate/Glints2/dict_0000_0171.uasset" 6930
"../../../Engine/Content/EngineMaterials/Substrate/Glints2/dict_0000_0175.uasset" 6931
"../../../Engine/Content/EngineMaterials/Substrate/Glints2/dict_0000_0178.uasset" 6932
"../../../Engine/Content/EngineMaterials/Substrate/Glints2/dict_0000_0182.uasset" 6933
"../../../Engine/Content/EngineMaterials/Substrate/Glints2/dict_0000_0173.uasset" 6934
"../../../Engine/Content/EngineMaterials/Substrate/Glints2/dict_0000_0167.uasset" 6935
"../../../Engine/Content/EngineMaterials/Substrate/Glints2/dict_0000_0169.uasset" 6936
"../../../Engine/Content/EngineMaterials/Substrate/Glints2/dict_0000_0174.uasset" 6937
"../../../Engine/Content/EngineMaterials/Substrate/Glints2/dict_0000_0183.uasset" 6938
"../../../Engine/Content/EngineMaterials/Substrate/Glints2/dict_0000_0166.uasset" 6939
"../../../Engine/Content/EngineMaterials/Substrate/Glints2/dict_0000_0181.uasset" 6940
"../../../Engine/Content/EngineMaterials/Substrate/Glints2/dict_0000_0162.uasset" 6941
"../../../Engine/Content/EngineMaterials/Substrate/Glints2/dict_0000_0177.uasset" 6942
"/Engine/EngineMaterials/Substrate/Glints2/dict_0000_0153" 6943
"/Engine/EngineMaterials/Substrate/Glints2/dict_0000_0157" 6944
"/Engine/EngineMaterials/Substrate/Glints2/dict_0000_0152" 6945
"/Engine/EngineMaterials/Substrate/Glints2/dict_0000_0156" 6946
"/Engine/EngineMaterials/Substrate/Glints2/dict_0000_0155" 6947
"../../../Engine/Content/EngineMaterials/Substrate/Glints2/dict_0000_0185.uasset" 6948
"../../../Engine/Content/EngineMaterials/Substrate/Glints2/dict_0000_0186.uasset" 6949
"../../../Engine/Content/EngineMaterials/Substrate/Glints2/dict_0000_0184.uasset" 6950
"/Engine/EngineMaterials/Substrate/Glints2/dict_0000_0183" 6951
"../../../Engine/Content/EngineMaterials/Substrate/Glints2/dict_0000_0187.uasset" 6952
"../../../Engine/Content/EngineMaterials/Substrate/Glints2/dict_0000_0188.uasset" 6953
"../../../Engine/Content/EngineMaterials/Substrate/Glints2/dict_0000_0189.uasset" 6954
"/Engine/EngineMaterials/Substrate/Glints2/dict_0000_0182" 6955
"/Engine/EngineMaterials/Substrate/Glints2/dict_0000_0181" 6956
"/Engine/EngineMaterials/Substrate/Glints2/dict_0000_0180" 6957
"/Engine/EngineMaterials/Substrate/Glints2/dict_0000_0179" 6958
"/Engine/EngineMaterials/Substrate/Glints2/dict_0000_0178" 6959
"/Engine/EngineMaterials/Substrate/Glints2/dict_0000_0177" 6960
"/Engine/EngineMaterials/Substrate/Glints2/dict_0000_0176" 6961
"/Engine/EngineMaterials/Substrate/Glints2/dict_0000_0175" 6962
"/Engine/EngineMaterials/Substrate/Glints2/dict_0000_0174" 6963
"/Engine/EngineMaterials/Substrate/Glints2/dict_0000_0173" 6964
"/Engine/EngineMaterials/Substrate/Glints2/dict_0000_0172" 6965
"/Engine/EngineMaterials/Substrate/Glints2/dict_0000_0171" 6966
"/Engine/EngineMaterials/Substrate/Glints2/dict_0000_0170" 6967
"/Engine/EngineMaterials/Substrate/Glints2/dict_0000_0169" 6968
"/Engine/EngineMaterials/Substrate/Glints2/dict_0000_0168" 6969
"/Engine/EngineMaterials/Substrate/Glints2/dict_0000_0167" 6970
"/Engine/EngineMaterials/Substrate/Glints2/dict_0000_0166" 6971
"/Engine/EngineMaterials/Substrate/Glints2/dict_0000_0165" 6972
"/Engine/EngineMaterials/Substrate/Glints2/dict_0000_0164" 6973
"/Engine/EngineMaterials/Substrate/Glints2/dict_0000_0163" 6974
"/Engine/EngineMaterials/Substrate/Glints2/dict_0000_0162" 6975
"/Engine/EngineMaterials/Substrate/Glints2/dict_0000_0161" 6976
"/Engine/EngineMaterials/Substrate/Glints2/dict_0000_0160" 6977
"/Engine/EngineMaterials/Substrate/Glints2/dict_0000_0159" 6978
"/Engine/EngineMaterials/Substrate/Glints2/dict_0000_0158" 6979
"../../../Engine/Content/EngineMaterials/Substrate/Glints2/dict_0000_0190.uasset" 6980
"../../../Engine/Content/EngineMaterials/Substrate/Glints2/dict_0000_0192.uasset" 6981
"../../../Engine/Content/EngineMaterials/Substrate/Glints2/dict_0000_0193.uasset" 6982
"../../../Engine/Content/EngineMaterials/Substrate/Glints2/dict_0000_0191.uasset" 6983
"../../../Engine/Content/EngineMaterials/Substrate/Glints2/dict_0000_0194.uasset" 6984
"../../../Engine/Content/EngineMaterials/Substrate/Glints2/dict_0000_0196.uasset" 6985
"../../../Engine/Content/EngineMaterials/Substrate/Glints2/dict_0000_0200.uasset" 6986
"../../../Engine/Content/EngineMaterials/Substrate/Glints2/dict_0000_0206.uasset" 6987
"/Engine/EngineMaterials/Substrate/Glints2/dict_0000_0189" 6988
"../../../Engine/Content/EngineMaterials/Substrate/Glints2/dict_0000_0207.uasset" 6989
"../../../Engine/Content/EngineMaterials/Substrate/Glints2/dict_0000_0199.uasset" 6990
"../../../Engine/Content/EngineMaterials/Substrate/Glints2/dict_0000_0211.uasset" 6991
"../../../Engine/Content/EngineMaterials/Substrate/Glints2/dict_0000_0208.uasset" 6992
"../../../Engine/Content/EngineMaterials/Substrate/Glints2/dict_0000_0203.uasset" 6993
"../../../Engine/Content/EngineMaterials/Substrate/Glints2/dict_0000_0210.uasset" 6994
"../../../Engine/Content/EngineMaterials/Substrate/Glints2/dict_0000_0213.uasset" 6995
"../../../Engine/Content/EngineMaterials/Substrate/Glints2/dict_0000_0201.uasset" 6996
"../../../Engine/Content/EngineMaterials/Substrate/Glints2/dict_0000_0212.uasset" 6997
"../../../Engine/Content/EngineMaterials/Substrate/Glints2/dict_0000_0202.uasset" 6998
"../../../Engine/Content/EngineMaterials/Substrate/Glints2/dict_0000_0205.uasset" 6999
"../../../Engine/Content/EngineMaterials/Substrate/Glints2/dict_0000_0209.uasset" 7000
"../../../Engine/Content/EngineMaterials/Substrate/Glints2/dict_0000_0204.uasset" 7001
"../../../Engine/Content/EngineMaterials/Substrate/Glints2/dict_0000_0214.uasset" 7002
"../../../Engine/Content/EngineMaterials/Substrate/Glints2/dict_0000_0215.uasset" 7003
"../../../Engine/Content/EngineMaterials/Substrate/Glints2/dict_0000_0198.uasset" 7004
"../../../Engine/Content/EngineMaterials/Substrate/Glints2/dict_0000_0197.uasset" 7005
"../../../Engine/Content/EngineMaterials/Substrate/Glints2/dict_0000_0195.uasset" 7006
"/Engine/EngineMaterials/Substrate/Glints2/dict_0000_0188" 7007
"/Engine/EngineMaterials/Substrate/Glints2/dict_0000_0190" 7008
"/Engine/EngineMaterials/Substrate/Glints2/dict_0000_0187" 7009
"/Engine/EngineMaterials/Substrate/Glints2/dict_0000_0186" 7010
"/Engine/EngineMaterials/Substrate/Glints2/dict_0000_0185" 7011
"/Engine/EngineMaterials/Substrate/Glints2/dict_0000_0184" 7012
"../../../Engine/Content/EngineMaterials/Substrate/Glints2/dict_0000_0216.uasset" 7013
"../../../Engine/Content/EngineMaterials/Substrate/Glints2/dict_0000_0218.uasset" 7014
"../../../Engine/Content/EngineMaterials/Substrate/Glints2/dict_0000_0217.uasset" 7015
"../../../Engine/Content/EngineMaterials/Substrate/Glints2/dict_0000_0219.uasset" 7016
"/Engine/EngineMaterials/Substrate/Glints2/dict_0000_0215" 7017
"../../../Engine/Content/EngineMaterials/Substrate/Glints2/dict_0000_0220.uasset" 7018
"../../../Engine/Content/EngineMaterials/Substrate/Glints2/dict_0000_0221.uasset" 7019
"../../../Engine/Content/EngineMaterials/Substrate/Glints2/dict_0000_0222.uasset" 7020
"/Engine/EngineMaterials/Substrate/Glints2/dict_0000_0214" 7021
"/Engine/EngineMaterials/Substrate/Glints2/dict_0000_0213" 7022
"/Engine/EngineMaterials/Substrate/Glints2/dict_0000_0212" 7023
"/Engine/EngineMaterials/Substrate/Glints2/dict_0000_0211" 7024
"/Engine/EngineMaterials/Substrate/Glints2/dict_0000_0210" 7025
"/Engine/EngineMaterials/Substrate/Glints2/dict_0000_0209" 7026
"/Engine/EngineMaterials/Substrate/Glints2/dict_0000_0208" 7027
"/Engine/EngineMaterials/Substrate/Glints2/dict_0000_0207" 7028
"/Engine/EngineMaterials/Substrate/Glints2/dict_0000_0206" 7029
"/Engine/EngineMaterials/Substrate/Glints2/dict_0000_0205" 7030
"/Engine/EngineMaterials/Substrate/Glints2/dict_0000_0204" 7031
"/Engine/EngineMaterials/Substrate/Glints2/dict_0000_0203" 7032
"/Engine/EngineMaterials/Substrate/Glints2/dict_0000_0202" 7033
"/Engine/EngineMaterials/Substrate/Glints2/dict_0000_0201" 7034
"/Engine/EngineMaterials/Substrate/Glints2/dict_0000_0200" 7035
"/Engine/EngineMaterials/Substrate/Glints2/dict_0000_0199" 7036
"/Engine/EngineMaterials/Substrate/Glints2/dict_0000_0198" 7037
"/Engine/EngineMaterials/Substrate/Glints2/dict_0000_0197" 7038
"/Engine/EngineMaterials/Substrate/Glints2/dict_0000_0196" 7039
"/Engine/EngineMaterials/Substrate/Glints2/dict_0000_0195" 7040
"/Engine/EngineMaterials/Substrate/Glints2/dict_0000_0194" 7041
"/Engine/EngineMaterials/Substrate/Glints2/dict_0000_0193" 7042
"/Engine/EngineMaterials/Substrate/Glints2/dict_0000_0192" 7043
"/Engine/EngineMaterials/Substrate/Glints2/dict_0000_0191" 7044
"../../../Engine/Content/EngineMaterials/Substrate/Glints2/dict_0000_0223.uasset" 7045
"../../../Engine/Content/EngineMaterials/Substrate/Glints2/dict_0000_0226.uasset" 7046
"../../../Engine/Content/EngineMaterials/Substrate/Glints2/dict_0000_0227.uasset" 7047
"../../../Engine/Content/EngineMaterials/Substrate/Glints2/dict_0000_0229.uasset" 7048
"../../../Engine/Content/EngineMaterials/Substrate/Glints2/dict_0000_0224.uasset" 7049
"../../../Engine/Content/EngineMaterials/Substrate/Glints2/dict_0000_0225.uasset" 7050
"/Engine/EngineMaterials/Substrate/Glints2/dict_0000_0222" 7051
"../../../Engine/Content/EngineMaterials/Substrate/Glints2/dict_0000_0230.uasset" 7052
"../../../Engine/Content/EngineMaterials/Substrate/Glints2/dict_0000_0228.uasset" 7053
"../../../Engine/Content/EngineMaterials/Substrate/Glints2/dict_0000_0231.uasset" 7054
"../../../Engine/Content/EngineMaterials/Substrate/Glints2/dict_0000_0235.uasset" 7055
"../../../Engine/Content/EngineMaterials/Substrate/Glints2/dict_0000_0237.uasset" 7056
"../../../Engine/Content/EngineMaterials/Substrate/Glints2/dict_0000_0236.uasset" 7057
"../../../Engine/Content/EngineMaterials/Substrate/Glints2/dict_0000_0232.uasset" 7058
"../../../Engine/Content/EngineMaterials/Substrate/Glints2/dict_0000_0242.uasset" 7059
"../../../Engine/Content/EngineMaterials/Substrate/Glints2/dict_0000_0239.uasset" 7060
"../../../Engine/Content/EngineMaterials/Substrate/Glints2/dict_0000_0241.uasset" 7061
"../../../Engine/Content/EngineMaterials/Substrate/Glints2/dict_0000_0244.uasset" 7062
"../../../Engine/Content/EngineMaterials/Substrate/Glints2/dict_0000_0246.uasset" 7063
"../../../Engine/Content/EngineMaterials/Substrate/Glints2/dict_0000_0240.uasset" 7064
"../../../Engine/Content/EngineMaterials/Substrate/Glints2/dict_0000_0243.uasset" 7065
"../../../Engine/Content/EngineMaterials/Substrate/Glints2/dict_0000_0233.uasset" 7066
"../../../Engine/Content/EngineMaterials/Substrate/Glints2/dict_0000_0238.uasset" 7067
"/Engine/EngineMaterials/Substrate/Glints2/dict_0000_0221" 7068
"../../../Engine/Content/EngineMaterials/Substrate/Glints2/dict_0000_0247.uasset" 7069
"../../../Engine/Content/EngineMaterials/Substrate/Glints2/dict_0000_0245.uasset" 7070
"../../../Engine/Content/EngineMaterials/Substrate/Glints2/dict_0000_0234.uasset" 7071
"/Engine/EngineMaterials/Substrate/Glints2/dict_0000_0220" 7072
"/Engine/EngineMaterials/Substrate/Glints2/dict_0000_0219" 7073
"/Engine/EngineMaterials/Substrate/Glints2/dict_0000_0218" 7074
"/Engine/EngineMaterials/Substrate/Glints2/dict_0000_0217" 7075
"/Engine/EngineMaterials/Substrate/Glints2/dict_0000_0216" 7076
"../../../Engine/Content/EngineMaterials/Substrate/Glints2/dict_0000_0248.uasset" 7077
"../../../Engine/Content/EngineMaterials/Substrate/Glints2/dict_0000_0249.uasset" 7078
"../../../Engine/Content/EngineMaterials/Substrate/Glints2/dict_0000_0250.uasset" 7079
"../../../Engine/Content/EngineMaterials/Substrate/Glints2/dict_0000_0251.uasset" 7080
"/Engine/EngineMaterials/Substrate/Glints2/dict_0000_0247" 7081
"../../../Engine/Content/EngineMaterials/Substrate/Glints2/dict_0000_0252.uasset" 7082
"../../../Engine/Content/EngineMaterials/Substrate/Glints2/dict_0000_0253.uasset" 7083
"../../../Engine/Content/EngineMaterials/Substrate/Glints2/dict_0000_0254.uasset" 7084
"/Engine/EngineMaterials/Substrate/Glints2/dict_0000_0246" 7085
"/Engine/EngineMaterials/Substrate/Glints2/dict_0000_0245" 7086
"/Engine/EngineMaterials/Substrate/Glints2/dict_0000_0244" 7087
"/Engine/EngineMaterials/Substrate/Glints2/dict_0000_0243" 7088
"/Engine/EngineMaterials/Substrate/Glints2/dict_0000_0242" 7089
"/Engine/EngineMaterials/Substrate/Glints2/dict_0000_0241" 7090
"/Engine/EngineMaterials/Substrate/Glints2/dict_0000_0240" 7091
"/Engine/EngineMaterials/Substrate/Glints2/dict_0000_0239" 7092
"/Engine/EngineMaterials/Substrate/Glints2/dict_0000_0238" 7093
"/Engine/EngineMaterials/Substrate/Glints2/dict_0000_0237" 7094
"/Engine/EngineMaterials/Substrate/Glints2/dict_0000_0236" 7095
"/Engine/EngineMaterials/Substrate/Glints2/dict_0000_0235" 7096
"/Engine/EngineMaterials/Substrate/Glints2/dict_0000_0234" 7097
"/Engine/EngineMaterials/Substrate/Glints2/dict_0000_0233" 7098
"/Engine/EngineMaterials/Substrate/Glints2/dict_0000_0232" 7099
"/Engine/EngineMaterials/Substrate/Glints2/dict_0000_0231" 7100
"/Engine/EngineMaterials/Substrate/Glints2/dict_0000_0230" 7101
"/Engine/EngineMaterials/Substrate/Glints2/dict_0000_0229" 7102
"/Engine/EngineMaterials/Substrate/Glints2/dict_0000_0228" 7103
"/Engine/EngineMaterials/Substrate/Glints2/dict_0000_0227" 7104
"/Engine/EngineMaterials/Substrate/Glints2/dict_0000_0226" 7105
"/Engine/EngineMaterials/Substrate/Glints2/dict_0000_0225" 7106
"/Engine/EngineMaterials/Substrate/Glints2/dict_0000_0224" 7107
"/Engine/EngineMaterials/Substrate/Glints2/dict_0000_0223" 7108
"/Engine/EngineMaterials/Substrate/Glints2/dict_0000_0248" 7109
"../../../Engine/Content/EngineMaterials/Substrate/Glints2/dict_0000_0255.uasset" 7110
"../../../Engine/Content/EngineMaterials/Substrate/Glints2/dict_0001_0001.uasset" 7111
"../../../Engine/Content/EngineMaterials/Substrate/Glints2/dict_0001_0000.uasset" 7112
"../../../Engine/Content/EngineMaterials/Substrate/Glints2/dict_0001_0003.uasset" 7113
"../../../Engine/Content/EngineMaterials/Substrate/Glints2/dict_0001_0007.uasset" 7114
"/Engine/EngineMaterials/Substrate/Glints2/dict_0000_0254" 7115
"../../../Engine/Content/EngineMaterials/Substrate/Glints2/dict_0001_0012.uasset" 7116
"../../../Engine/Content/EngineMaterials/Substrate/Glints2/dict_0001_0008.uasset" 7117
"../../../Engine/Content/EngineMaterials/Substrate/Glints2/dict_0001_0011.uasset" 7118
"../../../Engine/Content/EngineMaterials/Substrate/Glints2/dict_0001_0015.uasset" 7119
"../../../Engine/Content/EngineMaterials/Substrate/Glints2/dict_0001_0016.uasset" 7120
"../../../Engine/Content/EngineMaterials/Substrate/Glints2/dict_0001_0019.uasset" 7121
"../../../Engine/Content/EngineMaterials/Substrate/Glints2/dict_0001_0018.uasset" 7122
"../../../Engine/Content/EngineMaterials/Substrate/Glints2/dict_0001_0010.uasset" 7123
"../../../Engine/Content/EngineMaterials/Substrate/Glints2/dict_0001_0022.uasset" 7124
"../../../Engine/Content/EngineMaterials/Substrate/Glints2/dict_0001_0020.uasset" 7125
"../../../Engine/Content/EngineMaterials/Substrate/Glints2/dict_0001_0017.uasset" 7126
"../../../Engine/Content/EngineMaterials/Substrate/Glints2/dict_0001_0021.uasset" 7127
"../../../Engine/Content/EngineMaterials/Substrate/Glints2/dict_0001_0014.uasset" 7128
"../../../Engine/Content/EngineMaterials/Substrate/Glints2/dict_0001_0024.uasset" 7129
"../../../Engine/Content/EngineMaterials/Substrate/Glints2/dict_0001_0004.uasset" 7130
"/Engine/EngineMaterials/Substrate/Glints2/dict_0000_0253" 7131
"../../../Engine/Content/EngineMaterials/Substrate/Glints2/dict_0001_0013.uasset" 7132
"../../../Engine/Content/EngineMaterials/Substrate/Glints2/dict_0001_0005.uasset" 7133
"../../../Engine/Content/EngineMaterials/Substrate/Glints2/dict_0001_0009.uasset" 7134
"../../../Engine/Content/EngineMaterials/Substrate/Glints2/dict_0001_0023.uasset" 7135
"../../../Engine/Content/EngineMaterials/Substrate/Glints2/dict_0001_0002.uasset" 7136
"../../../Engine/Content/EngineMaterials/Substrate/Glints2/dict_0001_0006.uasset" 7137
"/Engine/EngineMaterials/Substrate/Glints2/dict_0000_0252" 7138
"/Engine/EngineMaterials/Substrate/Glints2/dict_0000_0251" 7139
"/Engine/EngineMaterials/Substrate/Glints2/dict_0000_0250" 7140
"/Engine/EngineMaterials/Substrate/Glints2/dict_0000_0249" 7141
"../../../Engine/Content/EngineMaterials/Substrate/Glints2/dict_0001_0025.uasset" 7142
"../../../Engine/Content/EngineMaterials/Substrate/Glints2/dict_0001_0027.uasset" 7143
"../../../Engine/Content/EngineMaterials/Substrate/Glints2/dict_0001_0026.uasset" 7144
"../../../Engine/Content/EngineMaterials/Substrate/Glints2/dict_0001_0028.uasset" 7145
"/Engine/EngineMaterials/Substrate/Glints2/dict_0001_0024" 7146
"../../../Engine/Content/EngineMaterials/Substrate/Glints2/dict_0001_0029.uasset" 7147
"../../../Engine/Content/EngineMaterials/Substrate/Glints2/dict_0001_0030.uasset" 7148
"/Engine/EngineMaterials/Substrate/Glints2/dict_0001_0023" 7149
"/Engine/EngineMaterials/Substrate/Glints2/dict_0001_0022" 7150
"/Engine/EngineMaterials/Substrate/Glints2/dict_0001_0021" 7151
"/Engine/EngineMaterials/Substrate/Glints2/dict_0001_0020" 7152
"/Engine/EngineMaterials/Substrate/Glints2/dict_0001_0019" 7153
"/Engine/EngineMaterials/Substrate/Glints2/dict_0001_0018" 7154
"/Engine/EngineMaterials/Substrate/Glints2/dict_0001_0017" 7155
"/Engine/EngineMaterials/Substrate/Glints2/dict_0001_0016" 7156
"/Engine/EngineMaterials/Substrate/Glints2/dict_0001_0015" 7157
"/Engine/EngineMaterials/Substrate/Glints2/dict_0001_0014" 7158
"/Engine/EngineMaterials/Substrate/Glints2/dict_0001_0013" 7159
"/Engine/EngineMaterials/Substrate/Glints2/dict_0001_0012" 7160
"/Engine/EngineMaterials/Substrate/Glints2/dict_0001_0011" 7161
"/Engine/EngineMaterials/Substrate/Glints2/dict_0001_0010" 7162
"/Engine/EngineMaterials/Substrate/Glints2/dict_0001_0009" 7163
"/Engine/EngineMaterials/Substrate/Glints2/dict_0001_0008" 7164
"/Engine/EngineMaterials/Substrate/Glints2/dict_0001_0007" 7165
"/Engine/EngineMaterials/Substrate/Glints2/dict_0001_0006" 7166
"/Engine/EngineMaterials/Substrate/Glints2/dict_0001_0005" 7167
"/Engine/EngineMaterials/Substrate/Glints2/dict_0001_0004" 7168
"/Engine/EngineMaterials/Substrate/Glints2/dict_0001_0003" 7169
"/Engine/EngineMaterials/Substrate/Glints2/dict_0001_0002" 7170
"/Engine/EngineMaterials/Substrate/Glints2/dict_0001_0001" 7171
"/Engine/EngineMaterials/Substrate/Glints2/dict_0001_0000" 7172
"/Engine/EngineMaterials/Substrate/Glints2/dict_0000_0255" 7173
"../../../Engine/Content/EngineMaterials/Substrate/Glints2/dict_0001_0031.uasset" 7174
"../../../Engine/Content/EngineMaterials/Substrate/Glints2/dict_0001_0033.uasset" 7175
"../../../Engine/Content/EngineMaterials/Substrate/Glints2/dict_0001_0034.uasset" 7176
"../../../Engine/Content/EngineMaterials/Substrate/Glints2/dict_0001_0035.uasset" 7177
"../../../Engine/Content/EngineMaterials/Substrate/Glints2/dict_0001_0040.uasset" 7178
"/Engine/EngineMaterials/Substrate/Glints2/dict_0001_0030" 7179
"../../../Engine/Content/EngineMaterials/Substrate/Glints2/dict_0001_0032.uasset" 7180
"../../../Engine/Content/EngineMaterials/Substrate/Glints2/dict_0001_0044.uasset" 7181
"../../../Engine/Content/EngineMaterials/Substrate/Glints2/dict_0001_0043.uasset" 7182
"../../../Engine/Content/EngineMaterials/Substrate/Glints2/dict_0001_0042.uasset" 7183
"../../../Engine/Content/EngineMaterials/Substrate/Glints2/dict_0001_0039.uasset" 7184
"../../../Engine/Content/EngineMaterials/Substrate/Glints2/dict_0001_0038.uasset" 7185
"../../../Engine/Content/EngineMaterials/Substrate/Glints2/dict_0001_0037.uasset" 7186
"../../../Engine/Content/EngineMaterials/Substrate/Glints2/dict_0001_0053.uasset" 7187
"../../../Engine/Content/EngineMaterials/Substrate/Glints2/dict_0001_0052.uasset" 7188
"../../../Engine/Content/EngineMaterials/Substrate/Glints2/dict_0001_0049.uasset" 7189
"../../../Engine/Content/EngineMaterials/Substrate/Glints2/dict_0001_0055.uasset" 7190
"../../../Engine/Content/EngineMaterials/Substrate/Glints2/dict_0001_0046.uasset" 7191
"../../../Engine/Content/EngineMaterials/Substrate/Glints2/dict_0001_0054.uasset" 7192
"../../../Engine/Content/EngineMaterials/Substrate/Glints2/dict_0001_0041.uasset" 7193
"../../../Engine/Content/EngineMaterials/Substrate/Glints2/dict_0001_0050.uasset" 7194
"../../../Engine/Content/EngineMaterials/Substrate/Glints2/dict_0001_0048.uasset" 7195
"../../../Engine/Content/EngineMaterials/Substrate/Glints2/dict_0001_0045.uasset" 7196
"../../../Engine/Content/EngineMaterials/Substrate/Glints2/dict_0001_0051.uasset" 7197
"/Engine/EngineMaterials/Substrate/Glints2/dict_0001_0029" 7198
"../../../Engine/Content/EngineMaterials/Substrate/Glints2/dict_0001_0056.uasset" 7199
"../../../Engine/Content/EngineMaterials/Substrate/Glints2/dict_0001_0036.uasset" 7200
"../../../Engine/Content/EngineMaterials/Substrate/Glints2/dict_0001_0047.uasset" 7201
"/Engine/EngineMaterials/Substrate/Glints2/dict_0001_0028" 7202
"/Engine/EngineMaterials/Substrate/Glints2/dict_0001_0027" 7203
"/Engine/EngineMaterials/Substrate/Glints2/dict_0001_0026" 7204
"/Engine/EngineMaterials/Substrate/Glints2/dict_0001_0025" 7205
"../../../Engine/Content/EngineMaterials/Substrate/Glints2/dict_0001_0057.uasset" 7206
"../../../Engine/Content/EngineMaterials/Substrate/Glints2/dict_0001_0058.uasset" 7207
"../../../Engine/Content/EngineMaterials/Substrate/Glints2/dict_0001_0059.uasset" 7208
"/Engine/EngineMaterials/Substrate/Glints2/dict_0001_0056" 7209
"../../../Engine/Content/EngineMaterials/Substrate/Glints2/dict_0001_0060.uasset" 7210
"../../../Engine/Content/EngineMaterials/Substrate/Glints2/dict_0001_0062.uasset" 7211
"../../../Engine/Content/EngineMaterials/Substrate/Glints2/dict_0001_0061.uasset" 7212
"/Engine/EngineMaterials/Substrate/Glints2/dict_0001_0055" 7213
"/Engine/EngineMaterials/Substrate/Glints2/dict_0001_0054" 7214
"/Engine/EngineMaterials/Substrate/Glints2/dict_0001_0053" 7215
"/Engine/EngineMaterials/Substrate/Glints2/dict_0001_0052" 7216
"/Engine/EngineMaterials/Substrate/Glints2/dict_0001_0051" 7217
"/Engine/EngineMaterials/Substrate/Glints2/dict_0001_0050" 7218
"/Engine/EngineMaterials/Substrate/Glints2/dict_0001_0049" 7219
"/Engine/EngineMaterials/Substrate/Glints2/dict_0001_0048" 7220
"/Engine/EngineMaterials/Substrate/Glints2/dict_0001_0047" 7221
"/Engine/EngineMaterials/Substrate/Glints2/dict_0001_0046" 7222
"/Engine/EngineMaterials/Substrate/Glints2/dict_0001_0045" 7223
"/Engine/EngineMaterials/Substrate/Glints2/dict_0001_0044" 7224
"/Engine/EngineMaterials/Substrate/Glints2/dict_0001_0043" 7225
"/Engine/EngineMaterials/Substrate/Glints2/dict_0001_0042" 7226
"/Engine/EngineMaterials/Substrate/Glints2/dict_0001_0041" 7227
"/Engine/EngineMaterials/Substrate/Glints2/dict_0001_0040" 7228
"/Engine/EngineMaterials/Substrate/Glints2/dict_0001_0039" 7229
"/Engine/EngineMaterials/Substrate/Glints2/dict_0001_0038" 7230
"/Engine/EngineMaterials/Substrate/Glints2/dict_0001_0037" 7231
"/Engine/EngineMaterials/Substrate/Glints2/dict_0001_0036" 7232
"/Engine/EngineMaterials/Substrate/Glints2/dict_0001_0035" 7233
"/Engine/EngineMaterials/Substrate/Glints2/dict_0001_0034" 7234
"/Engine/EngineMaterials/Substrate/Glints2/dict_0001_0033" 7235
"/Engine/EngineMaterials/Substrate/Glints2/dict_0001_0032" 7236
"/Engine/EngineMaterials/Substrate/Glints2/dict_0001_0031" 7237
"../../../Engine/Content/EngineMaterials/Substrate/Glints2/dict_0001_0063.uasset" 7238
"../../../Engine/Content/EngineMaterials/Substrate/Glints2/dict_0001_0064.uasset" 7239
"../../../Engine/Content/EngineMaterials/Substrate/Glints2/dict_0001_0066.uasset" 7240
"../../../Engine/Content/EngineMaterials/Substrate/Glints2/dict_0001_0067.uasset" 7241
"../../../Engine/Content/EngineMaterials/Substrate/Glints2/dict_0001_0068.uasset" 7242
"../../../Engine/Content/EngineMaterials/Substrate/Glints2/dict_0001_0065.uasset" 7243
"/Engine/EngineMaterials/Substrate/Glints2/dict_0001_0062" 7244
"../../../Engine/Content/EngineMaterials/Substrate/Glints2/dict_0001_0073.uasset" 7245
"../../../Engine/Content/EngineMaterials/Substrate/Glints2/dict_0001_0070.uasset" 7246
"../../../Engine/Content/EngineMaterials/Substrate/Glints2/dict_0001_0075.uasset" 7247
"../../../Engine/Content/EngineMaterials/Substrate/Glints2/dict_0001_0069.uasset" 7248
"../../../Engine/Content/EngineMaterials/Substrate/Glints2/dict_0001_0078.uasset" 7249
"../../../Engine/Content/EngineMaterials/Substrate/Glints2/dict_0001_0076.uasset" 7250
"../../../Engine/Content/EngineMaterials/Substrate/Glints2/dict_0001_0072.uasset" 7251
"../../../Engine/Content/EngineMaterials/Substrate/Glints2/dict_0001_0074.uasset" 7252
"../../../Engine/Content/EngineMaterials/Substrate/Glints2/dict_0001_0077.uasset" 7253
"../../../Engine/Content/EngineMaterials/Substrate/Glints2/dict_0001_0080.uasset" 7254
"../../../Engine/Content/EngineMaterials/Substrate/Glints2/dict_0001_0081.uasset" 7255
"../../../Engine/Content/EngineMaterials/Substrate/Glints2/dict_0001_0084.uasset" 7256
"../../../Engine/Content/EngineMaterials/Substrate/Glints2/dict_0001_0083.uasset" 7257
"../../../Engine/Content/EngineMaterials/Substrate/Glints2/dict_0001_0088.uasset" 7258
"../../../Engine/Content/EngineMaterials/Substrate/Glints2/dict_0001_0086.uasset" 7259
"../../../Engine/Content/EngineMaterials/Substrate/Glints2/dict_0001_0087.uasset" 7260
"../../../Engine/Content/EngineMaterials/Substrate/Glints2/dict_0001_0079.uasset" 7261
"../../../Engine/Content/EngineMaterials/Substrate/Glints2/dict_0001_0082.uasset" 7262
"/Engine/EngineMaterials/Substrate/Glints2/dict_0001_0061" 7263
"../../../Engine/Content/EngineMaterials/Substrate/Glints2/dict_0001_0071.uasset" 7264
"../../../Engine/Content/EngineMaterials/Substrate/Glints2/dict_0001_0085.uasset" 7265
"/Engine/EngineMaterials/Substrate/Glints2/dict_0001_0060" 7266
"/Engine/EngineMaterials/Substrate/Glints2/dict_0001_0059" 7267
"/Engine/EngineMaterials/Substrate/Glints2/dict_0001_0058" 7268
"/Engine/EngineMaterials/Substrate/Glints2/dict_0001_0057" 7269
"/Engine/EngineMaterials/Substrate/Glints2/dict_0001_0063" 7270
"../../../Engine/Content/EngineMaterials/Substrate/Glints2/dict_0001_0089.uasset" 7271
"../../../Engine/Content/EngineMaterials/Substrate/Glints2/dict_0001_0090.uasset" 7272
"../../../Engine/Content/EngineMaterials/Substrate/Glints2/dict_0001_0092.uasset" 7273
"../../../Engine/Content/EngineMaterials/Substrate/Glints2/dict_0001_0091.uasset" 7274
"/Engine/EngineMaterials/Substrate/Glints2/dict_0001_0088" 7275
"../../../Engine/Content/EngineMaterials/Substrate/Glints2/dict_0001_0093.uasset" 7276
"../../../Engine/Content/EngineMaterials/Substrate/Glints2/dict_0001_0095.uasset" 7277
"../../../Engine/Content/EngineMaterials/Substrate/Glints2/dict_0001_0094.uasset" 7278
"/Engine/EngineMaterials/Substrate/Glints2/dict_0001_0087" 7279
"/Engine/EngineMaterials/Substrate/Glints2/dict_0001_0086" 7280
"/Engine/EngineMaterials/Substrate/Glints2/dict_0001_0085" 7281
"/Engine/EngineMaterials/Substrate/Glints2/dict_0001_0084" 7282
"/Engine/EngineMaterials/Substrate/Glints2/dict_0001_0083" 7283
"/Engine/EngineMaterials/Substrate/Glints2/dict_0001_0082" 7284
"/Engine/EngineMaterials/Substrate/Glints2/dict_0001_0081" 7285
"/Engine/EngineMaterials/Substrate/Glints2/dict_0001_0080" 7286
"/Engine/EngineMaterials/Substrate/Glints2/dict_0001_0079" 7287
"/Engine/EngineMaterials/Substrate/Glints2/dict_0001_0078" 7288
"/Engine/EngineMaterials/Substrate/Glints2/dict_0001_0077" 7289
"/Engine/EngineMaterials/Substrate/Glints2/dict_0001_0076" 7290
"/Engine/EngineMaterials/Substrate/Glints2/dict_0001_0075" 7291
"/Engine/EngineMaterials/Substrate/Glints2/dict_0001_0074" 7292
"/Engine/EngineMaterials/Substrate/Glints2/dict_0001_0073" 7293
"/Engine/EngineMaterials/Substrate/Glints2/dict_0001_0072" 7294
"/Engine/EngineMaterials/Substrate/Glints2/dict_0001_0071" 7295
"/Engine/EngineMaterials/Substrate/Glints2/dict_0001_0070" 7296
"/Engine/EngineMaterials/Substrate/Glints2/dict_0001_0069" 7297
"/Engine/EngineMaterials/Substrate/Glints2/dict_0001_0068" 7298
"/Engine/EngineMaterials/Substrate/Glints2/dict_0001_0067" 7299
"/Engine/EngineMaterials/Substrate/Glints2/dict_0001_0066" 7300
"/Engine/EngineMaterials/Substrate/Glints2/dict_0001_0065" 7301
"/Engine/EngineMaterials/Substrate/Glints2/dict_0001_0064" 7302
"/Engine/EngineMaterials/Substrate/Glints2/dict_0001_0089" 7303
"../../../Engine/Content/EngineMaterials/Substrate/Glints2/dict_0001_0096.uasset" 7304
"../../../Engine/Content/EngineMaterials/Substrate/Glints2/dict_0001_0098.uasset" 7305
"../../../Engine/Content/EngineMaterials/Substrate/Glints2/dict_0001_0097.uasset" 7306
"../../../Engine/Content/EngineMaterials/Substrate/Glints2/dict_0001_0099.uasset" 7307
"../../../Engine/Content/EngineMaterials/Substrate/Glints2/dict_0001_0100.uasset" 7308
"/Engine/EngineMaterials/Substrate/Glints2/dict_0001_0095" 7309
"../../../Engine/Content/EngineMaterials/Substrate/Glints2/dict_0001_0103.uasset" 7310
"../../../Engine/Content/EngineMaterials/Substrate/Glints2/dict_0001_0104.uasset" 7311
"../../../Engine/Content/EngineMaterials/Substrate/Glints2/dict_0001_0105.uasset" 7312
"../../../Engine/Content/EngineMaterials/Substrate/Glints2/dict_0001_0101.uasset" 7313
"../../../Engine/Content/EngineMaterials/Substrate/Glints2/dict_0001_0107.uasset" 7314
"../../../Engine/Content/EngineMaterials/Substrate/Glints2/dict_0001_0109.uasset" 7315
"../../../Engine/Content/EngineMaterials/Substrate/Glints2/dict_0001_0110.uasset" 7316
"../../../Engine/Content/EngineMaterials/Substrate/Glints2/dict_0001_0111.uasset" 7317
"../../../Engine/Content/EngineMaterials/Substrate/Glints2/dict_0001_0102.uasset" 7318
"../../../Engine/Content/EngineMaterials/Substrate/Glints2/dict_0001_0108.uasset" 7319
"../../../Engine/Content/EngineMaterials/Substrate/Glints2/dict_0001_0112.uasset" 7320
"../../../Engine/Content/EngineMaterials/Substrate/Glints2/dict_0001_0114.uasset" 7321
"../../../Engine/Content/EngineMaterials/Substrate/Glints2/dict_0001_0117.uasset" 7322
"../../../Engine/Content/EngineMaterials/Substrate/Glints2/dict_0001_0118.uasset" 7323
"/Engine/EngineMaterials/Substrate/Glints2/dict_0001_0094" 7324
"../../../Engine/Content/EngineMaterials/Substrate/Glints2/dict_0001_0113.uasset" 7325
"../../../Engine/Content/EngineMaterials/Substrate/Glints2/dict_0001_0121.uasset" 7326
"../../../Engine/Content/EngineMaterials/Substrate/Glints2/dict_0001_0115.uasset" 7327
"../../../Engine/Content/EngineMaterials/Substrate/Glints2/dict_0001_0119.uasset" 7328
"../../../Engine/Content/EngineMaterials/Substrate/Glints2/dict_0001_0106.uasset" 7329
"../../../Engine/Content/EngineMaterials/Substrate/Glints2/dict_0001_0116.uasset" 7330
"../../../Engine/Content/EngineMaterials/Substrate/Glints2/dict_0001_0120.uasset" 7331
"/Engine/EngineMaterials/Substrate/Glints2/dict_0001_0093" 7332
"/Engine/EngineMaterials/Substrate/Glints2/dict_0001_0092" 7333
"/Engine/EngineMaterials/Substrate/Glints2/dict_0001_0091" 7334
"/Engine/EngineMaterials/Substrate/Glints2/dict_0001_0090" 7335
"../../../Engine/Content/EngineMaterials/Substrate/Glints2/dict_0001_0122.uasset" 7336
"../../../Engine/Content/EngineMaterials/Substrate/Glints2/dict_0001_0123.uasset" 7337
"../../../Engine/Content/EngineMaterials/Substrate/Glints2/dict_0001_0124.uasset" 7338
"/Engine/EngineMaterials/Substrate/Glints2/dict_0001_0121" 7339
"../../../Engine/Content/EngineMaterials/Substrate/Glints2/dict_0001_0125.uasset" 7340
"../../../Engine/Content/EngineMaterials/Substrate/Glints2/dict_0001_0127.uasset" 7341
"../../../Engine/Content/EngineMaterials/Substrate/Glints2/dict_0001_0126.uasset" 7342
"/Engine/EngineMaterials/Substrate/Glints2/dict_0001_0120" 7343
"/Engine/EngineMaterials/Substrate/Glints2/dict_0001_0119" 7344
"/Engine/EngineMaterials/Substrate/Glints2/dict_0001_0118" 7345
"/Engine/EngineMaterials/Substrate/Glints2/dict_0001_0117" 7346
"/Engine/EngineMaterials/Substrate/Glints2/dict_0001_0116" 7347
"/Engine/EngineMaterials/Substrate/Glints2/dict_0001_0115" 7348
"/Engine/EngineMaterials/Substrate/Glints2/dict_0001_0114" 7349
"/Engine/EngineMaterials/Substrate/Glints2/dict_0001_0113" 7350
"/Engine/EngineMaterials/Substrate/Glints2/dict_0001_0112" 7351
"/Engine/EngineMaterials/Substrate/Glints2/dict_0001_0111" 7352
"/Engine/EngineMaterials/Substrate/Glints2/dict_0001_0110" 7353
"/Engine/EngineMaterials/Substrate/Glints2/dict_0001_0109" 7354
"/Engine/EngineMaterials/Substrate/Glints2/dict_0001_0108" 7355
"/Engine/EngineMaterials/Substrate/Glints2/dict_0001_0107" 7356
"/Engine/EngineMaterials/Substrate/Glints2/dict_0001_0106" 7357
"/Engine/EngineMaterials/Substrate/Glints2/dict_0001_0105" 7358
"/Engine/EngineMaterials/Substrate/Glints2/dict_0001_0104" 7359
"/Engine/EngineMaterials/Substrate/Glints2/dict_0001_0103" 7360
"/Engine/EngineMaterials/Substrate/Glints2/dict_0001_0102" 7361
"/Engine/EngineMaterials/Substrate/Glints2/dict_0001_0101" 7362
"/Engine/EngineMaterials/Substrate/Glints2/dict_0001_0100" 7363
"/Engine/EngineMaterials/Substrate/Glints2/dict_0001_0099" 7364
"/Engine/EngineMaterials/Substrate/Glints2/dict_0001_0098" 7365
"/Engine/EngineMaterials/Substrate/Glints2/dict_0001_0097" 7366
"/Engine/EngineMaterials/Substrate/Glints2/dict_0001_0122" 7367
"/Engine/EngineMaterials/Substrate/Glints2/dict_0001_0096" 7368
"../../../Engine/Content/EngineMaterials/Substrate/Glints2/dict_0001_0128.uasset" 7369
"../../../Engine/Content/EngineMaterials/Substrate/Glints2/dict_0001_0130.uasset" 7370
"../../../Engine/Content/EngineMaterials/Substrate/Glints2/dict_0001_0129.uasset" 7371
"../../../Engine/Content/EngineMaterials/Substrate/Glints2/dict_0001_0131.uasset" 7372
"../../../Engine/Content/EngineMaterials/Substrate/Glints2/dict_0001_0133.uasset" 7373
"../../../Engine/Content/EngineMaterials/Substrate/Glints2/dict_0001_0132.uasset" 7374
"../../../Engine/Content/EngineMaterials/Substrate/Glints2/dict_0001_0135.uasset" 7375
"../../../Engine/Content/EngineMaterials/Substrate/Glints2/dict_0001_0137.uasset" 7376
"../../../Engine/Content/EngineMaterials/Substrate/Glints2/dict_0001_0136.uasset" 7377
"../../../Engine/Content/EngineMaterials/Substrate/Glints2/dict_0001_0138.uasset" 7378
"../../../Engine/Content/EngineMaterials/Substrate/Glints2/dict_0001_0134.uasset" 7379
"../../../Engine/Content/EngineMaterials/Substrate/Glints2/dict_0001_0141.uasset" 7380
"/Engine/EngineMaterials/Substrate/Glints2/dict_0001_0127" 7381
"../../../Engine/Content/EngineMaterials/Substrate/Glints2/dict_0001_0144.uasset" 7382
"../../../Engine/Content/EngineMaterials/Substrate/Glints2/dict_0001_0142.uasset" 7383
"../../../Engine/Content/EngineMaterials/Substrate/Glints2/dict_0001_0143.uasset" 7384
"../../../Engine/Content/EngineMaterials/Substrate/Glints2/dict_0001_0145.uasset" 7385
"../../../Engine/Content/EngineMaterials/Substrate/Glints2/dict_0001_0150.uasset" 7386
"../../../Engine/Content/EngineMaterials/Substrate/Glints2/dict_0001_0146.uasset" 7387
"../../../Engine/Content/EngineMaterials/Substrate/Glints2/dict_0001_0147.uasset" 7388
"../../../Engine/Content/EngineMaterials/Substrate/Glints2/dict_0001_0148.uasset" 7389
"../../../Engine/Content/EngineMaterials/Substrate/Glints2/dict_0001_0151.uasset" 7390
"../../../Engine/Content/EngineMaterials/Substrate/Glints2/dict_0001_0154.uasset" 7391
"../../../Engine/Content/EngineMaterials/Substrate/Glints2/dict_0001_0152.uasset" 7392
"../../../Engine/Content/EngineMaterials/Substrate/Glints2/dict_0001_0153.uasset" 7393
"../../../Engine/Content/EngineMaterials/Substrate/Glints2/dict_0001_0139.uasset" 7394
"../../../Engine/Content/EngineMaterials/Substrate/Glints2/dict_0001_0140.uasset" 7395
"../../../Engine/Content/EngineMaterials/Substrate/Glints2/dict_0001_0149.uasset" 7396
"/Engine/EngineMaterials/Substrate/Glints2/dict_0001_0126" 7397
"/Engine/EngineMaterials/Substrate/Glints2/dict_0001_0131" 7398
"/Engine/EngineMaterials/Substrate/Glints2/dict_0001_0130" 7399
"/Engine/EngineMaterials/Substrate/Glints2/dict_0001_0125" 7400
"/Engine/EngineMaterials/Substrate/Glints2/dict_0001_0124" 7401
"/Engine/EngineMaterials/Substrate/Glints2/dict_0001_0123" 7402
"/Engine/EngineMaterials/Substrate/Glints2/dict_0001_0129" 7403
"/Engine/EngineMaterials/Substrate/Glints2/dict_0001_0128" 7404
"/Engine/EngineMaterials/Substrate/Glints2/dict_0001_0154" 7405
"../../../Engine/Content/EngineMaterials/Substrate/Glints2/dict_0001_0162.uasset" 7406
"../../../Engine/Content/EngineMaterials/Substrate/Glints2/dict_0001_0159.uasset" 7407
"../../../Engine/Content/EngineMaterials/Substrate/Glints2/dict_0001_0161.uasset" 7408
"../../../Engine/Content/EngineMaterials/Substrate/Glints2/dict_0001_0155.uasset" 7409
"../../../Engine/Content/EngineMaterials/Substrate/Glints2/dict_0001_0157.uasset" 7410
"../../../Engine/Content/EngineMaterials/Substrate/Glints2/dict_0001_0163.uasset" 7411
"../../../Engine/Content/EngineMaterials/Substrate/Glints2/dict_0001_0158.uasset" 7412
"../../../Engine/Content/EngineMaterials/Substrate/Glints2/dict_0001_0160.uasset" 7413
"../../../Engine/Content/EngineMaterials/Substrate/Glints2/dict_0001_0156.uasset" 7414
"/Engine/EngineMaterials/Substrate/Glints2/dict_0001_0153" 7415
"/Engine/EngineMaterials/Substrate/Glints2/dict_0001_0152" 7416
"/Engine/EngineMaterials/Substrate/Glints2/dict_0001_0151" 7417
"/Engine/EngineMaterials/Substrate/Glints2/dict_0001_0150" 7418
"/Engine/EngineMaterials/Substrate/Glints2/dict_0001_0149" 7419
"/Engine/EngineMaterials/Substrate/Glints2/dict_0001_0148" 7420
"/Engine/EngineMaterials/Substrate/Glints2/dict_0001_0147" 7421
"/Engine/EngineMaterials/Substrate/Glints2/dict_0001_0146" 7422
"/Engine/EngineMaterials/Substrate/Glints2/dict_0001_0145" 7423
"/Engine/EngineMaterials/Substrate/Glints2/dict_0001_0144" 7424
"/Engine/EngineMaterials/Substrate/Glints2/dict_0001_0143" 7425
"/Engine/EngineMaterials/Substrate/Glints2/dict_0001_0142" 7426
"/Engine/EngineMaterials/Substrate/Glints2/dict_0001_0141" 7427
"/Engine/EngineMaterials/Substrate/Glints2/dict_0001_0140" 7428
"/Engine/EngineMaterials/Substrate/Glints2/dict_0001_0139" 7429
"/Engine/EngineMaterials/Substrate/Glints2/dict_0001_0138" 7430
"/Engine/EngineMaterials/Substrate/Glints2/dict_0001_0137" 7431
"/Engine/EngineMaterials/Substrate/Glints2/dict_0001_0136" 7432
"/Engine/EngineMaterials/Substrate/Glints2/dict_0001_0135" 7433
"/Engine/EngineMaterials/Substrate/Glints2/dict_0001_0134" 7434
"/Engine/EngineMaterials/Substrate/Glints2/dict_0001_0133" 7435
"/Engine/EngineMaterials/Substrate/Glints2/dict_0001_0132" 7436
"../../../Engine/Content/EngineMaterials/Substrate/Glints2/dict_0001_0166.uasset" 7437
"../../../Engine/Content/EngineMaterials/Substrate/Glints2/dict_0001_0165.uasset" 7438
"../../../Engine/Content/EngineMaterials/Substrate/Glints2/dict_0001_0169.uasset" 7439
"/Engine/EngineMaterials/Substrate/Glints2/dict_0001_0163" 7440
"../../../Engine/Content/EngineMaterials/Substrate/Glints2/dict_0001_0176.uasset" 7441
"../../../Engine/Content/EngineMaterials/Substrate/Glints2/dict_0001_0177.uasset" 7442
"../../../Engine/Content/EngineMaterials/Substrate/Glints2/dict_0001_0164.uasset" 7443
"../../../Engine/Content/EngineMaterials/Substrate/Glints2/dict_0001_0178.uasset" 7444
"../../../Engine/Content/EngineMaterials/Substrate/Glints2/dict_0001_0171.uasset" 7445
"../../../Engine/Content/EngineMaterials/Substrate/Glints2/dict_0001_0175.uasset" 7446
"../../../Engine/Content/EngineMaterials/Substrate/Glints2/dict_0001_0179.uasset" 7447
"../../../Engine/Content/EngineMaterials/Substrate/Glints2/dict_0001_0180.uasset" 7448
"../../../Engine/Content/EngineMaterials/Substrate/Glints2/dict_0001_0185.uasset" 7449
"../../../Engine/Content/EngineMaterials/Substrate/Glints2/dict_0001_0186.uasset" 7450
"../../../Engine/Content/EngineMaterials/Substrate/Glints2/dict_0001_0184.uasset" 7451
"../../../Engine/Content/EngineMaterials/Substrate/Glints2/dict_0001_0181.uasset" 7452
"../../../Engine/Content/EngineMaterials/Substrate/Glints2/dict_0001_0167.uasset" 7453
"../../../Engine/Content/EngineMaterials/Substrate/Glints2/dict_0001_0170.uasset" 7454
"../../../Engine/Content/EngineMaterials/Substrate/Glints2/dict_0001_0173.uasset" 7455
"../../../Engine/Content/EngineMaterials/Substrate/Glints2/dict_0001_0172.uasset" 7456
"../../../Engine/Content/EngineMaterials/Substrate/Glints2/dict_0001_0182.uasset" 7457
"../../../Engine/Content/EngineMaterials/Substrate/Glints2/dict_0001_0168.uasset" 7458
"../../../Engine/Content/EngineMaterials/Substrate/Glints2/dict_0001_0183.uasset" 7459
"../../../Engine/Content/EngineMaterials/Substrate/Glints2/dict_0001_0174.uasset" 7460
"/Engine/EngineMaterials/Substrate/Glints2/dict_0001_0162" 7461
"/Engine/EngineMaterials/Substrate/Glints2/dict_0001_0161" 7462
"/Engine/EngineMaterials/Substrate/Glints2/dict_0001_0160" 7463
"/Engine/EngineMaterials/Substrate/Glints2/dict_0001_0159" 7464
"/Engine/EngineMaterials/Substrate/Glints2/dict_0001_0158" 7465
"/Engine/EngineMaterials/Substrate/Glints2/dict_0001_0157" 7466
"/Engine/EngineMaterials/Substrate/Glints2/dict_0001_0156" 7467
"/Engine/EngineMaterials/Substrate/Glints2/dict_0001_0155" 7468
"../../../Engine/Content/EngineMaterials/Substrate/Glints2/dict_0001_0187.uasset" 7469
"../../../Engine/Content/EngineMaterials/Substrate/Glints2/dict_0001_0189.uasset" 7470
"../../../Engine/Content/EngineMaterials/Substrate/Glints2/dict_0001_0190.uasset" 7471
"../../../Engine/Content/EngineMaterials/Substrate/Glints2/dict_0001_0191.uasset" 7472
"../../../Engine/Content/EngineMaterials/Substrate/Glints2/dict_0001_0192.uasset" 7473
"../../../Engine/Content/EngineMaterials/Substrate/Glints2/dict_0001_0195.uasset" 7474
"../../../Engine/Content/EngineMaterials/Substrate/Glints2/dict_0001_0194.uasset" 7475
"../../../Engine/Content/EngineMaterials/Substrate/Glints2/dict_0001_0193.uasset" 7476
"/Engine/EngineMaterials/Substrate/Glints2/dict_0001_0186" 7477
"../../../Engine/Content/EngineMaterials/Substrate/Glints2/dict_0001_0188.uasset" 7478
"/Engine/EngineMaterials/Substrate/Glints2/dict_0001_0185" 7479
"/Engine/EngineMaterials/Substrate/Glints2/dict_0001_0184" 7480
"/Engine/EngineMaterials/Substrate/Glints2/dict_0001_0183" 7481
"/Engine/EngineMaterials/Substrate/Glints2/dict_0001_0182" 7482
"/Engine/EngineMaterials/Substrate/Glints2/dict_0001_0181" 7483
"/Engine/EngineMaterials/Substrate/Glints2/dict_0001_0180" 7484
"/Engine/EngineMaterials/Substrate/Glints2/dict_0001_0179" 7485
"/Engine/EngineMaterials/Substrate/Glints2/dict_0001_0178" 7486
"/Engine/EngineMaterials/Substrate/Glints2/dict_0001_0177" 7487
"/Engine/EngineMaterials/Substrate/Glints2/dict_0001_0176" 7488
"/Engine/EngineMaterials/Substrate/Glints2/dict_0001_0175" 7489
"/Engine/EngineMaterials/Substrate/Glints2/dict_0001_0174" 7490
"/Engine/EngineMaterials/Substrate/Glints2/dict_0001_0173" 7491
"/Engine/EngineMaterials/Substrate/Glints2/dict_0001_0172" 7492
"/Engine/EngineMaterials/Substrate/Glints2/dict_0001_0171" 7493
"/Engine/EngineMaterials/Substrate/Glints2/dict_0001_0170" 7494
"/Engine/EngineMaterials/Substrate/Glints2/dict_0001_0169" 7495
"/Engine/EngineMaterials/Substrate/Glints2/dict_0001_0168" 7496
"/Engine/EngineMaterials/Substrate/Glints2/dict_0001_0167" 7497
"/Engine/EngineMaterials/Substrate/Glints2/dict_0001_0166" 7498
"/Engine/EngineMaterials/Substrate/Glints2/dict_0001_0165" 7499
"/Engine/EngineMaterials/Substrate/Glints2/dict_0001_0164" 7500
"/Engine/EngineMaterials/Substrate/Glints2/dict_0001_0187" 7501
"../../../Engine/Content/EngineMaterials/Substrate/Glints2/dict_0001_0204.uasset" 7502
"../../../Engine/Content/EngineMaterials/Substrate/Glints2/dict_0001_0201.uasset" 7503
"../../../Engine/Content/EngineMaterials/Substrate/Glints2/dict_0001_0206.uasset" 7504
"../../../Engine/Content/EngineMaterials/Substrate/Glints2/dict_0001_0198.uasset" 7505
"../../../Engine/Content/EngineMaterials/Substrate/Glints2/dict_0001_0209.uasset" 7506
"../../../Engine/Content/EngineMaterials/Substrate/Glints2/dict_0001_0210.uasset" 7507
"../../../Engine/Content/EngineMaterials/Substrate/Glints2/dict_0001_0213.uasset" 7508
"../../../Engine/Content/EngineMaterials/Substrate/Glints2/dict_0001_0214.uasset" 7509
"../../../Engine/Content/EngineMaterials/Substrate/Glints2/dict_0001_0215.uasset" 7510
"../../../Engine/Content/EngineMaterials/Substrate/Glints2/dict_0001_0208.uasset" 7511
"../../../Engine/Content/EngineMaterials/Substrate/Glints2/dict_0001_0197.uasset" 7512
"../../../Engine/Content/EngineMaterials/Substrate/Glints2/dict_0001_0216.uasset" 7513
"../../../Engine/Content/EngineMaterials/Substrate/Glints2/dict_0001_0219.uasset" 7514
"../../../Engine/Content/EngineMaterials/Substrate/Glints2/dict_0001_0217.uasset" 7515
"../../../Engine/Content/EngineMaterials/Substrate/Glints2/dict_0001_0196.uasset" 7516
"../../../Engine/Content/EngineMaterials/Substrate/Glints2/dict_0001_0218.uasset" 7517
"/Engine/EngineMaterials/Substrate/Glints2/dict_0001_0195" 7518
"../../../Engine/Content/EngineMaterials/Substrate/Glints2/dict_0001_0207.uasset" 7519
"../../../Engine/Content/EngineMaterials/Substrate/Glints2/dict_0001_0200.uasset" 7520
"../../../Engine/Content/EngineMaterials/Substrate/Glints2/dict_0001_0202.uasset" 7521
"../../../Engine/Content/EngineMaterials/Substrate/Glints2/dict_0001_0205.uasset" 7522
"../../../Engine/Content/EngineMaterials/Substrate/Glints2/dict_0001_0199.uasset" 7523
"../../../Engine/Content/EngineMaterials/Substrate/Glints2/dict_0001_0211.uasset" 7524
"../../../Engine/Content/EngineMaterials/Substrate/Glints2/dict_0001_0212.uasset" 7525
"../../../Engine/Content/EngineMaterials/Substrate/Glints2/dict_0001_0203.uasset" 7526
"/Engine/EngineMaterials/Substrate/Glints2/dict_0001_0194" 7527
"/Engine/EngineMaterials/Substrate/Glints2/dict_0001_0193" 7528
"/Engine/EngineMaterials/Substrate/Glints2/dict_0001_0192" 7529
"/Engine/EngineMaterials/Substrate/Glints2/dict_0001_0191" 7530
"/Engine/EngineMaterials/Substrate/Glints2/dict_0001_0190" 7531
"/Engine/EngineMaterials/Substrate/Glints2/dict_0001_0189" 7532
"/Engine/EngineMaterials/Substrate/Glints2/dict_0001_0188" 7533
"../../../Engine/Content/EngineMaterials/Substrate/Glints2/dict_0001_0221.uasset" 7534
"../../../Engine/Content/EngineMaterials/Substrate/Glints2/dict_0001_0222.uasset" 7535
"../../../Engine/Content/EngineMaterials/Substrate/Glints2/dict_0001_0223.uasset" 7536
"../../../Engine/Content/EngineMaterials/Substrate/Glints2/dict_0001_0224.uasset" 7537
"../../../Engine/Content/EngineMaterials/Substrate/Glints2/dict_0001_0220.uasset" 7538
"../../../Engine/Content/EngineMaterials/Substrate/Glints2/dict_0001_0226.uasset" 7539
"../../../Engine/Content/EngineMaterials/Substrate/Glints2/dict_0001_0225.uasset" 7540
"../../../Engine/Content/EngineMaterials/Substrate/Glints2/dict_0001_0227.uasset" 7541
"/Engine/EngineMaterials/Substrate/Glints2/dict_0001_0219" 7542
"/Engine/EngineMaterials/Substrate/Glints2/dict_0001_0218" 7543
"/Engine/EngineMaterials/Substrate/Glints2/dict_0001_0217" 7544
"/Engine/EngineMaterials/Substrate/Glints2/dict_0001_0216" 7545
"/Engine/EngineMaterials/Substrate/Glints2/dict_0001_0215" 7546
"/Engine/EngineMaterials/Substrate/Glints2/dict_0001_0214" 7547
"/Engine/EngineMaterials/Substrate/Glints2/dict_0001_0213" 7548
"/Engine/EngineMaterials/Substrate/Glints2/dict_0001_0212" 7549
"/Engine/EngineMaterials/Substrate/Glints2/dict_0001_0211" 7550
"/Engine/EngineMaterials/Substrate/Glints2/dict_0001_0210" 7551
"/Engine/EngineMaterials/Substrate/Glints2/dict_0001_0209" 7552
"/Engine/EngineMaterials/Substrate/Glints2/dict_0001_0208" 7553
"/Engine/EngineMaterials/Substrate/Glints2/dict_0001_0207" 7554
"/Engine/EngineMaterials/Substrate/Glints2/dict_0001_0206" 7555
"/Engine/EngineMaterials/Substrate/Glints2/dict_0001_0205" 7556
"/Engine/EngineMaterials/Substrate/Glints2/dict_0001_0204" 7557
"/Engine/EngineMaterials/Substrate/Glints2/dict_0001_0203" 7558
"/Engine/EngineMaterials/Substrate/Glints2/dict_0001_0202" 7559
"/Engine/EngineMaterials/Substrate/Glints2/dict_0001_0201" 7560
"/Engine/EngineMaterials/Substrate/Glints2/dict_0001_0200" 7561
"/Engine/EngineMaterials/Substrate/Glints2/dict_0001_0199" 7562
"/Engine/EngineMaterials/Substrate/Glints2/dict_0001_0198" 7563
"/Engine/EngineMaterials/Substrate/Glints2/dict_0001_0197" 7564
"/Engine/EngineMaterials/Substrate/Glints2/dict_0001_0222" 7565
"/Engine/EngineMaterials/Substrate/Glints2/dict_0001_0221" 7566
"/Engine/EngineMaterials/Substrate/Glints2/dict_0001_0196" 7567
"../../../Engine/Content/EngineMaterials/Substrate/Glints2/dict_0001_0228.uasset" 7568
"../../../Engine/Content/EngineMaterials/Substrate/Glints2/dict_0001_0229.uasset" 7569
"../../../Engine/Content/EngineMaterials/Substrate/Glints2/dict_0001_0232.uasset" 7570
"../../../Engine/Content/EngineMaterials/Substrate/Glints2/dict_0001_0236.uasset" 7571
"../../../Engine/Content/EngineMaterials/Substrate/Glints2/dict_0001_0230.uasset" 7572
"../../../Engine/Content/EngineMaterials/Substrate/Glints2/dict_0001_0242.uasset" 7573
"/Engine/EngineMaterials/Substrate/Glints2/dict_0001_0227" 7574
"../../../Engine/Content/EngineMaterials/Substrate/Glints2/dict_0001_0243.uasset" 7575
"../../../Engine/Content/EngineMaterials/Substrate/Glints2/dict_0001_0238.uasset" 7576
"../../../Engine/Content/EngineMaterials/Substrate/Glints2/dict_0001_0235.uasset" 7577
"../../../Engine/Content/EngineMaterials/Substrate/Glints2/dict_0001_0239.uasset" 7578
"../../../Engine/Content/EngineMaterials/Substrate/Glints2/dict_0001_0244.uasset" 7579
"../../../Engine/Content/EngineMaterials/Substrate/Glints2/dict_0001_0231.uasset" 7580
"../../../Engine/Content/EngineMaterials/Substrate/Glints2/dict_0001_0246.uasset" 7581
"../../../Engine/Content/EngineMaterials/Substrate/Glints2/dict_0001_0241.uasset" 7582
"../../../Engine/Content/EngineMaterials/Substrate/Glints2/dict_0001_0249.uasset" 7583
"../../../Engine/Content/EngineMaterials/Substrate/Glints2/dict_0001_0253.uasset" 7584
"../../../Engine/Content/EngineMaterials/Substrate/Glints2/dict_0001_0250.uasset" 7585
"../../../Engine/Content/EngineMaterials/Substrate/Glints2/dict_0001_0252.uasset" 7586
"../../../Engine/Content/EngineMaterials/Substrate/Glints2/dict_0001_0233.uasset" 7587
"../../../Engine/Content/EngineMaterials/Substrate/Glints2/dict_0001_0251.uasset" 7588
"../../../Engine/Content/EngineMaterials/Substrate/Glints2/dict_0001_0240.uasset" 7589
"../../../Engine/Content/EngineMaterials/Substrate/Glints2/dict_0001_0234.uasset" 7590
"../../../Engine/Content/EngineMaterials/Substrate/Glints2/dict_0001_0247.uasset" 7591
"../../../Engine/Content/EngineMaterials/Substrate/Glints2/dict_0001_0248.uasset" 7592
"../../../Engine/Content/EngineMaterials/Substrate/Glints2/dict_0001_0237.uasset" 7593
"../../../Engine/Content/EngineMaterials/Substrate/Glints2/dict_0001_0245.uasset" 7594
"/Engine/EngineMaterials/Substrate/Glints2/dict_0001_0226" 7595
"/Engine/EngineMaterials/Substrate/Glints2/dict_0001_0225" 7596
"/Engine/EngineMaterials/Substrate/Glints2/dict_0001_0224" 7597
"/Engine/EngineMaterials/Substrate/Glints2/dict_0001_0223" 7598
"/Engine/EngineMaterials/Substrate/Glints2/dict_0001_0220" 7599
"../../../Engine/Content/EngineMaterials/Substrate/Glints2/dict_0001_0254.uasset" 7600
"../../../Engine/Content/EngineMaterials/Substrate/Glints2/dict_0001_0255.uasset" 7601
"/Engine/EngineMaterials/Substrate/Glints2/dict_0001_0253" 7602
"../../../Engine/Content/EngineMaterials/Substrate/Glints2/dict_0002_0001.uasset" 7603
"../../../Engine/Content/EngineMaterials/Substrate/Glints2/dict_0002_0000.uasset" 7604
"../../../Engine/Content/EngineMaterials/Substrate/Glints2/dict_0002_0002.uasset" 7605
"../../../Engine/Content/EngineMaterials/Substrate/Glints2/dict_0002_0003.uasset" 7606
"/Engine/EngineMaterials/Substrate/Glints2/dict_0001_0252" 7607
"/Engine/EngineMaterials/Substrate/Glints2/dict_0001_0251" 7608
"/Engine/EngineMaterials/Substrate/Glints2/dict_0001_0250" 7609
"/Engine/EngineMaterials/Substrate/Glints2/dict_0001_0249" 7610
"/Engine/EngineMaterials/Substrate/Glints2/dict_0001_0248" 7611
"/Engine/EngineMaterials/Substrate/Glints2/dict_0001_0247" 7612
"/Engine/EngineMaterials/Substrate/Glints2/dict_0001_0246" 7613
"/Engine/EngineMaterials/Substrate/Glints2/dict_0001_0245" 7614
"/Engine/EngineMaterials/Substrate/Glints2/dict_0001_0244" 7615
"/Engine/EngineMaterials/Substrate/Glints2/dict_0001_0243" 7616
"/Engine/EngineMaterials/Substrate/Glints2/dict_0001_0242" 7617
"/Engine/EngineMaterials/Substrate/Glints2/dict_0001_0241" 7618
"/Engine/EngineMaterials/Substrate/Glints2/dict_0001_0240" 7619
"/Engine/EngineMaterials/Substrate/Glints2/dict_0001_0239" 7620
"/Engine/EngineMaterials/Substrate/Glints2/dict_0001_0238" 7621
"/Engine/EngineMaterials/Substrate/Glints2/dict_0001_0237" 7622
"/Engine/EngineMaterials/Substrate/Glints2/dict_0001_0236" 7623
"/Engine/EngineMaterials/Substrate/Glints2/dict_0001_0235" 7624
"/Engine/EngineMaterials/Substrate/Glints2/dict_0001_0234" 7625
"/Engine/EngineMaterials/Substrate/Glints2/dict_0001_0233" 7626
"/Engine/EngineMaterials/Substrate/Glints2/dict_0001_0232" 7627
"/Engine/EngineMaterials/Substrate/Glints2/dict_0001_0231" 7628
"/Engine/EngineMaterials/Substrate/Glints2/dict_0001_0230" 7629
"/Engine/EngineMaterials/Substrate/Glints2/dict_0001_0229" 7630
"/Engine/EngineMaterials/Substrate/Glints2/dict_0001_0228" 7631
"../../../Engine/Content/EngineMaterials/Substrate/Glints2/dict_0002_0004.uasset" 7632
"../../../Engine/Content/EngineMaterials/Substrate/Glints2/dict_0002_0010.uasset" 7633
"../../../Engine/Content/EngineMaterials/Substrate/Glints2/dict_0002_0012.uasset" 7634
"../../../Engine/Content/EngineMaterials/Substrate/Glints2/dict_0002_0013.uasset" 7635
"../../../Engine/Content/EngineMaterials/Substrate/Glints2/dict_0002_0011.uasset" 7636
"/Engine/EngineMaterials/Substrate/Glints2/dict_0002_0003" 7637
"../../../Engine/Content/EngineMaterials/Substrate/Glints2/dict_0002_0019.uasset" 7638
"../../../Engine/Content/EngineMaterials/Substrate/Glints2/dict_0002_0005.uasset" 7639
"../../../Engine/Content/EngineMaterials/Substrate/Glints2/dict_0002_0021.uasset" 7640
"../../../Engine/Content/EngineMaterials/Substrate/Glints2/dict_0002_0014.uasset" 7641
"../../../Engine/Content/EngineMaterials/Substrate/Glints2/dict_0002_0007.uasset" 7642
"../../../Engine/Content/EngineMaterials/Substrate/Glints2/dict_0002_0009.uasset" 7643
"../../../Engine/Content/EngineMaterials/Substrate/Glints2/dict_0002_0017.uasset" 7644
"../../../Engine/Content/EngineMaterials/Substrate/Glints2/dict_0002_0022.uasset" 7645
"../../../Engine/Content/EngineMaterials/Substrate/Glints2/dict_0002_0018.uasset" 7646
"../../../Engine/Content/EngineMaterials/Substrate/Glints2/dict_0002_0027.uasset" 7647
"../../../Engine/Content/EngineMaterials/Substrate/Glints2/dict_0002_0025.uasset" 7648
"../../../Engine/Content/EngineMaterials/Substrate/Glints2/dict_0002_0008.uasset" 7649
"../../../Engine/Content/EngineMaterials/Substrate/Glints2/dict_0002_0028.uasset" 7650
"../../../Engine/Content/EngineMaterials/Substrate/Glints2/dict_0002_0020.uasset" 7651
"../../../Engine/Content/EngineMaterials/Substrate/Glints2/dict_0002_0006.uasset" 7652
"../../../Engine/Content/EngineMaterials/Substrate/Glints2/dict_0002_0026.uasset" 7653
"../../../Engine/Content/EngineMaterials/Substrate/Glints2/dict_0002_0015.uasset" 7654
"/Engine/EngineMaterials/Substrate/Glints2/dict_0002_0002" 7655
"../../../Engine/Content/EngineMaterials/Substrate/Glints2/dict_0002_0016.uasset" 7656
"../../../Engine/Content/EngineMaterials/Substrate/Glints2/dict_0002_0029.uasset" 7657
"../../../Engine/Content/EngineMaterials/Substrate/Glints2/dict_0002_0023.uasset" 7658
"../../../Engine/Content/EngineMaterials/Substrate/Glints2/dict_0002_0024.uasset" 7659
"/Engine/EngineMaterials/Substrate/Glints2/dict_0002_0001" 7660
"/Engine/EngineMaterials/Substrate/Glints2/dict_0002_0000" 7661
"/Engine/EngineMaterials/Substrate/Glints2/dict_0001_0255" 7662
"/Engine/EngineMaterials/Substrate/Glints2/dict_0001_0254" 7663
"../../../Engine/Content/EngineMaterials/Substrate/Glints2/dict_0002_0030.uasset" 7664
"../../../Engine/Content/EngineMaterials/Substrate/Glints2/dict_0002_0031.uasset" 7665
"/Engine/EngineMaterials/Substrate/Glints2/dict_0002_0029" 7666
"../../../Engine/Content/EngineMaterials/Substrate/Glints2/dict_0002_0034.uasset" 7667
"../../../Engine/Content/EngineMaterials/Substrate/Glints2/dict_0002_0033.uasset" 7668
"../../../Engine/Content/EngineMaterials/Substrate/Glints2/dict_0002_0035.uasset" 7669
"../../../Engine/Content/EngineMaterials/Substrate/Glints2/dict_0002_0032.uasset" 7670
"/Engine/EngineMaterials/Substrate/Glints2/dict_0002_0028" 7671
"/Engine/EngineMaterials/Substrate/Glints2/dict_0002_0027" 7672
"/Engine/EngineMaterials/Substrate/Glints2/dict_0002_0026" 7673
"/Engine/EngineMaterials/Substrate/Glints2/dict_0002_0025" 7674
"/Engine/EngineMaterials/Substrate/Glints2/dict_0002_0024" 7675
"/Engine/EngineMaterials/Substrate/Glints2/dict_0002_0023" 7676
"/Engine/EngineMaterials/Substrate/Glints2/dict_0002_0022" 7677
"/Engine/EngineMaterials/Substrate/Glints2/dict_0002_0021" 7678
"/Engine/EngineMaterials/Substrate/Glints2/dict_0002_0020" 7679
"/Engine/EngineMaterials/Substrate/Glints2/dict_0002_0019" 7680
"/Engine/EngineMaterials/Substrate/Glints2/dict_0002_0018" 7681
"/Engine/EngineMaterials/Substrate/Glints2/dict_0002_0017" 7682
"/Engine/EngineMaterials/Substrate/Glints2/dict_0002_0016" 7683
"/Engine/EngineMaterials/Substrate/Glints2/dict_0002_0015" 7684
"/Engine/EngineMaterials/Substrate/Glints2/dict_0002_0014" 7685
"/Engine/EngineMaterials/Substrate/Glints2/dict_0002_0013" 7686
"/Engine/EngineMaterials/Substrate/Glints2/dict_0002_0012" 7687
"/Engine/EngineMaterials/Substrate/Glints2/dict_0002_0011" 7688
"/Engine/EngineMaterials/Substrate/Glints2/dict_0002_0010" 7689
"/Engine/EngineMaterials/Substrate/Glints2/dict_0002_0009" 7690
"/Engine/EngineMaterials/Substrate/Glints2/dict_0002_0008" 7691
"/Engine/EngineMaterials/Substrate/Glints2/dict_0002_0007" 7692
"/Engine/EngineMaterials/Substrate/Glints2/dict_0002_0006" 7693
"/Engine/EngineMaterials/Substrate/Glints2/dict_0002_0005" 7694
"/Engine/EngineMaterials/Substrate/Glints2/dict_0002_0004" 7695
"../../../Engine/Content/EngineMaterials/Substrate/Glints2/dict_0002_0039.uasset" 7696
"../../../Engine/Content/EngineMaterials/Substrate/Glints2/dict_0002_0042.uasset" 7697
"../../../Engine/Content/EngineMaterials/Substrate/Glints2/dict_0002_0045.uasset" 7698
"../../../Engine/Content/EngineMaterials/Substrate/Glints2/dict_0002_0046.uasset" 7699
"../../../Engine/Content/EngineMaterials/Substrate/Glints2/dict_0002_0049.uasset" 7700
"../../../Engine/Content/EngineMaterials/Substrate/Glints2/dict_0002_0036.uasset" 7701
"../../../Engine/Content/EngineMaterials/Substrate/Glints2/dict_0002_0050.uasset" 7702
"../../../Engine/Content/EngineMaterials/Substrate/Glints2/dict_0002_0047.uasset" 7703
"../../../Engine/Content/EngineMaterials/Substrate/Glints2/dict_0002_0048.uasset" 7704
"../../../Engine/Content/EngineMaterials/Substrate/Glints2/dict_0002_0040.uasset" 7705
"../../../Engine/Content/EngineMaterials/Substrate/Glints2/dict_0002_0051.uasset" 7706
"../../../Engine/Content/EngineMaterials/Substrate/Glints2/dict_0002_0054.uasset" 7707
"../../../Engine/Content/EngineMaterials/Substrate/Glints2/dict_0002_0041.uasset" 7708
"../../../Engine/Content/EngineMaterials/Substrate/Glints2/dict_0002_0037.uasset" 7709
"../../../Engine/Content/EngineMaterials/Substrate/Glints2/dict_0002_0058.uasset" 7710
"../../../Engine/Content/EngineMaterials/Substrate/Glints2/dict_0002_0044.uasset" 7711
"../../../Engine/Content/EngineMaterials/Substrate/Glints2/dict_0002_0056.uasset" 7712
"../../../Engine/Content/EngineMaterials/Substrate/Glints2/dict_0002_0053.uasset" 7713
"../../../Engine/Content/EngineMaterials/Substrate/Glints2/dict_0002_0057.uasset" 7714
"../../../Engine/Content/EngineMaterials/Substrate/Glints2/dict_0002_0052.uasset" 7715
"../../../Engine/Content/EngineMaterials/Substrate/Glints2/dict_0002_0055.uasset" 7716
"../../../Engine/Content/EngineMaterials/Substrate/Glints2/dict_0002_0038.uasset" 7717
"../../../Engine/Content/EngineMaterials/Substrate/Glints2/dict_0002_0043.uasset" 7718
"../../../Engine/Content/EngineMaterials/Substrate/Glints2/dict_0002_0061.uasset" 7719
"../../../Engine/Content/EngineMaterials/Substrate/Glints2/dict_0002_0059.uasset" 7720
"../../../Engine/Content/EngineMaterials/Substrate/Glints2/dict_0002_0060.uasset" 7721
"/Engine/EngineMaterials/Substrate/Glints2/dict_0002_0035" 7722
"/Engine/EngineMaterials/Substrate/Glints2/dict_0002_0034" 7723
"/Engine/EngineMaterials/Substrate/Glints2/dict_0002_0033" 7724
"/Engine/EngineMaterials/Substrate/Glints2/dict_0002_0032" 7725
"/Engine/EngineMaterials/Substrate/Glints2/dict_0002_0031" 7726
"/Engine/EngineMaterials/Substrate/Glints2/dict_0002_0030" 7727
"../../../Engine/Content/EngineMaterials/Substrate/Glints2/dict_0002_0062.uasset" 7728
"../../../Engine/Content/EngineMaterials/Substrate/Glints2/dict_0002_0065.uasset" 7729
"../../../Engine/Content/EngineMaterials/Substrate/Glints2/dict_0002_0063.uasset" 7730
"../../../Engine/Content/EngineMaterials/Substrate/Glints2/dict_0002_0064.uasset" 7731
"../../../Engine/Content/EngineMaterials/Substrate/Glints2/dict_0002_0067.uasset" 7732
"../../../Engine/Content/EngineMaterials/Substrate/Glints2/dict_0002_0066.uasset" 7733
"/Engine/EngineMaterials/Substrate/Glints2/dict_0002_0061" 7734
"/Engine/EngineMaterials/Substrate/Glints2/dict_0002_0060" 7735
"/Engine/EngineMaterials/Substrate/Glints2/dict_0002_0059" 7736
"/Engine/EngineMaterials/Substrate/Glints2/dict_0002_0058" 7737
"/Engine/EngineMaterials/Substrate/Glints2/dict_0002_0057" 7738
"/Engine/EngineMaterials/Substrate/Glints2/dict_0002_0056" 7739
"/Engine/EngineMaterials/Substrate/Glints2/dict_0002_0055" 7740
"/Engine/EngineMaterials/Substrate/Glints2/dict_0002_0054" 7741
"/Engine/EngineMaterials/Substrate/Glints2/dict_0002_0053" 7742
"/Engine/EngineMaterials/Substrate/Glints2/dict_0002_0052" 7743
"/Engine/EngineMaterials/Substrate/Glints2/dict_0002_0051" 7744
"/Engine/EngineMaterials/Substrate/Glints2/dict_0002_0050" 7745
"/Engine/EngineMaterials/Substrate/Glints2/dict_0002_0049" 7746
"/Engine/EngineMaterials/Substrate/Glints2/dict_0002_0048" 7747
"/Engine/EngineMaterials/Substrate/Glints2/dict_0002_0047" 7748
"/Engine/EngineMaterials/Substrate/Glints2/dict_0002_0046" 7749
"/Engine/EngineMaterials/Substrate/Glints2/dict_0002_0045" 7750
"/Engine/EngineMaterials/Substrate/Glints2/dict_0002_0044" 7751
"/Engine/EngineMaterials/Substrate/Glints2/dict_0002_0043" 7752
"/Engine/EngineMaterials/Substrate/Glints2/dict_0002_0042" 7753
"/Engine/EngineMaterials/Substrate/Glints2/dict_0002_0041" 7754
"/Engine/EngineMaterials/Substrate/Glints2/dict_0002_0040" 7755
"/Engine/EngineMaterials/Substrate/Glints2/dict_0002_0039" 7756
"/Engine/EngineMaterials/Substrate/Glints2/dict_0002_0038" 7757
"/Engine/EngineMaterials/Substrate/Glints2/dict_0002_0037" 7758
"/Engine/EngineMaterials/Substrate/Glints2/dict_0002_0036" 7759
"../../../Engine/Content/EngineMaterials/Substrate/Glints2/dict_0002_0072.uasset" 7760
"../../../Engine/Content/EngineMaterials/Substrate/Glints2/dict_0002_0074.uasset" 7761
"../../../Engine/Content/EngineMaterials/Substrate/Glints2/dict_0002_0077.uasset" 7762
"../../../Engine/Content/EngineMaterials/Substrate/Glints2/dict_0002_0078.uasset" 7763
"../../../Engine/Content/EngineMaterials/Substrate/Glints2/dict_0002_0080.uasset" 7764
"/Engine/EngineMaterials/Substrate/Glints2/dict_0002_0067" 7765
"../../../Engine/Content/EngineMaterials/Substrate/Glints2/dict_0002_0071.uasset" 7766
"../../../Engine/Content/EngineMaterials/Substrate/Glints2/dict_0002_0087.uasset" 7767
"../../../Engine/Content/EngineMaterials/Substrate/Glints2/dict_0002_0083.uasset" 7768
"../../../Engine/Content/EngineMaterials/Substrate/Glints2/dict_0002_0088.uasset" 7769
"../../../Engine/Content/EngineMaterials/Substrate/Glints2/dict_0002_0085.uasset" 7770
"../../../Engine/Content/EngineMaterials/Substrate/Glints2/dict_0002_0073.uasset" 7771
"../../../Engine/Content/EngineMaterials/Substrate/Glints2/dict_0002_0089.uasset" 7772
"../../../Engine/Content/EngineMaterials/Substrate/Glints2/dict_0002_0075.uasset" 7773
"../../../Engine/Content/EngineMaterials/Substrate/Glints2/dict_0002_0076.uasset" 7774
"../../../Engine/Content/EngineMaterials/Substrate/Glints2/dict_0002_0068.uasset" 7775
"../../../Engine/Content/EngineMaterials/Substrate/Glints2/dict_0002_0079.uasset" 7776
"../../../Engine/Content/EngineMaterials/Substrate/Glints2/dict_0002_0069.uasset" 7777
"../../../Engine/Content/EngineMaterials/Substrate/Glints2/dict_0002_0092.uasset" 7778
"../../../Engine/Content/EngineMaterials/Substrate/Glints2/dict_0002_0093.uasset" 7779
"../../../Engine/Content/EngineMaterials/Substrate/Glints2/dict_0002_0084.uasset" 7780
"../../../Engine/Content/EngineMaterials/Substrate/Glints2/dict_0002_0090.uasset" 7781
"../../../Engine/Content/EngineMaterials/Substrate/Glints2/dict_0002_0070.uasset" 7782
"../../../Engine/Content/EngineMaterials/Substrate/Glints2/dict_0002_0091.uasset" 7783
"../../../Engine/Content/EngineMaterials/Substrate/Glints2/dict_0002_0086.uasset" 7784
"../../../Engine/Content/EngineMaterials/Substrate/Glints2/dict_0002_0081.uasset" 7785
"/Engine/EngineMaterials/Substrate/Glints2/dict_0002_0066" 7786
"../../../Engine/Content/EngineMaterials/Substrate/Glints2/dict_0002_0082.uasset" 7787
"/Engine/EngineMaterials/Substrate/Glints2/dict_0002_0065" 7788
"/Engine/EngineMaterials/Substrate/Glints2/dict_0002_0064" 7789
"/Engine/EngineMaterials/Substrate/Glints2/dict_0002_0063" 7790
"/Engine/EngineMaterials/Substrate/Glints2/dict_0002_0062" 7791
"../../../Engine/Content/EngineMaterials/Substrate/Glints2/dict_0002_0094.uasset" 7792
"../../../Engine/Content/EngineMaterials/Substrate/Glints2/dict_0002_0097.uasset" 7793
"/Engine/EngineMaterials/Substrate/Glints2/dict_0002_0093" 7794
"../../../Engine/Content/EngineMaterials/Substrate/Glints2/dict_0002_0096.uasset" 7795
"../../../Engine/Content/EngineMaterials/Substrate/Glints2/dict_0002_0099.uasset" 7796
"../../../Engine/Content/EngineMaterials/Substrate/Glints2/dict_0002_0098.uasset" 7797
"../../../Engine/Content/EngineMaterials/Substrate/Glints2/dict_0002_0095.uasset" 7798
"/Engine/EngineMaterials/Substrate/Glints2/dict_0002_0092" 7799
"/Engine/EngineMaterials/Substrate/Glints2/dict_0002_0091" 7800
"/Engine/EngineMaterials/Substrate/Glints2/dict_0002_0090" 7801
"/Engine/EngineMaterials/Substrate/Glints2/dict_0002_0089" 7802
"/Engine/EngineMaterials/Substrate/Glints2/dict_0002_0088" 7803
"/Engine/EngineMaterials/Substrate/Glints2/dict_0002_0087" 7804
"/Engine/EngineMaterials/Substrate/Glints2/dict_0002_0086" 7805
"/Engine/EngineMaterials/Substrate/Glints2/dict_0002_0085" 7806
"/Engine/EngineMaterials/Substrate/Glints2/dict_0002_0084" 7807
"/Engine/EngineMaterials/Substrate/Glints2/dict_0002_0083" 7808
"/Engine/EngineMaterials/Substrate/Glints2/dict_0002_0082" 7809
"/Engine/EngineMaterials/Substrate/Glints2/dict_0002_0081" 7810
"/Engine/EngineMaterials/Substrate/Glints2/dict_0002_0080" 7811
"/Engine/EngineMaterials/Substrate/Glints2/dict_0002_0079" 7812
"/Engine/EngineMaterials/Substrate/Glints2/dict_0002_0078" 7813
"/Engine/EngineMaterials/Substrate/Glints2/dict_0002_0077" 7814
"/Engine/EngineMaterials/Substrate/Glints2/dict_0002_0076" 7815
"/Engine/EngineMaterials/Substrate/Glints2/dict_0002_0075" 7816
"/Engine/EngineMaterials/Substrate/Glints2/dict_0002_0074" 7817
"/Engine/EngineMaterials/Substrate/Glints2/dict_0002_0073" 7818
"/Engine/EngineMaterials/Substrate/Glints2/dict_0002_0072" 7819
"/Engine/EngineMaterials/Substrate/Glints2/dict_0002_0071" 7820
"/Engine/EngineMaterials/Substrate/Glints2/dict_0002_0070" 7821
"/Engine/EngineMaterials/Substrate/Glints2/dict_0002_0069" 7822
"/Engine/EngineMaterials/Substrate/Glints2/dict_0002_0068" 7823
"../../../Engine/Content/EngineMaterials/Substrate/Glints2/dict_0002_0103.uasset" 7824
"../../../Engine/Content/EngineMaterials/Substrate/Glints2/dict_0002_0106.uasset" 7825
"../../../Engine/Content/EngineMaterials/Substrate/Glints2/dict_0002_0108.uasset" 7826
"../../../Engine/Content/EngineMaterials/Substrate/Glints2/dict_0002_0102.uasset" 7827
"../../../Engine/Content/EngineMaterials/Substrate/Glints2/dict_0002_0112.uasset" 7828
"../../../Engine/Content/EngineMaterials/Substrate/Glints2/dict_0002_0109.uasset" 7829
"../../../Engine/Content/EngineMaterials/Substrate/Glints2/dict_0002_0100.uasset" 7830
"../../../Engine/Content/EngineMaterials/Substrate/Glints2/dict_0002_0111.uasset" 7831
"../../../Engine/Content/EngineMaterials/Substrate/Glints2/dict_0002_0116.uasset" 7832
"../../../Engine/Content/EngineMaterials/Substrate/Glints2/dict_0002_0114.uasset" 7833
"../../../Engine/Content/EngineMaterials/Substrate/Glints2/dict_0002_0115.uasset" 7834
"../../../Engine/Content/EngineMaterials/Substrate/Glints2/dict_0002_0101.uasset" 7835
"../../../Engine/Content/EngineMaterials/Substrate/Glints2/dict_0002_0104.uasset" 7836
"../../../Engine/Content/EngineMaterials/Substrate/Glints2/dict_0002_0105.uasset" 7837
"../../../Engine/Content/EngineMaterials/Substrate/Glints2/dict_0002_0123.uasset" 7838
"../../../Engine/Content/EngineMaterials/Substrate/Glints2/dict_0002_0119.uasset" 7839
"../../../Engine/Content/EngineMaterials/Substrate/Glints2/dict_0002_0121.uasset" 7840
"/Engine/EngineMaterials/Substrate/Glints2/dict_0002_0099" 7841
"../../../Engine/Content/EngineMaterials/Substrate/Glints2/dict_0002_0122.uasset" 7842
"../../../Engine/Content/EngineMaterials/Substrate/Glints2/dict_0002_0124.uasset" 7843
"../../../Engine/Content/EngineMaterials/Substrate/Glints2/dict_0002_0110.uasset" 7844
"../../../Engine/Content/EngineMaterials/Substrate/Glints2/dict_0002_0107.uasset" 7845
"../../../Engine/Content/EngineMaterials/Substrate/Glints2/dict_0002_0113.uasset" 7846
"../../../Engine/Content/EngineMaterials/Substrate/Glints2/dict_0002_0117.uasset" 7847
"../../../Engine/Content/EngineMaterials/Substrate/Glints2/dict_0002_0118.uasset" 7848
"../../../Engine/Content/EngineMaterials/Substrate/Glints2/dict_0002_0120.uasset" 7849
"../../../Engine/Content/EngineMaterials/Substrate/Glints2/dict_0002_0125.uasset" 7850
"/Engine/EngineMaterials/Substrate/Glints2/dict_0002_0098" 7851
"/Engine/EngineMaterials/Substrate/Glints2/dict_0002_0112" 7852
"/Engine/EngineMaterials/Substrate/Glints2/dict_0002_0109" 7853
"/Engine/EngineMaterials/Substrate/Glints2/dict_0002_0108" 7854
"/Engine/EngineMaterials/Substrate/Glints2/dict_0002_0106" 7855
"/Engine/EngineMaterials/Substrate/Glints2/dict_0002_0097" 7856
"/Engine/EngineMaterials/Substrate/Glints2/dict_0002_0096" 7857
"/Engine/EngineMaterials/Substrate/Glints2/dict_0002_0095" 7858
"/Engine/EngineMaterials/Substrate/Glints2/dict_0002_0094" 7859
"../../../Engine/Content/EngineMaterials/Substrate/Glints2/dict_0002_0134.uasset" 7860
"../../../Engine/Content/EngineMaterials/Substrate/Glints2/dict_0002_0133.uasset" 7861
"../../../Engine/Content/EngineMaterials/Substrate/Glints2/dict_0002_0132.uasset" 7862
"/Engine/EngineMaterials/Substrate/Glints2/dict_0002_0125" 7863
"../../../Engine/Content/EngineMaterials/Substrate/Glints2/dict_0002_0130.uasset" 7864
"../../../Engine/Content/EngineMaterials/Substrate/Glints2/dict_0002_0129.uasset" 7865
"../../../Engine/Content/EngineMaterials/Substrate/Glints2/dict_0002_0131.uasset" 7866
"../../../Engine/Content/EngineMaterials/Substrate/Glints2/dict_0002_0135.uasset" 7867
"../../../Engine/Content/EngineMaterials/Substrate/Glints2/dict_0002_0127.uasset" 7868
"../../../Engine/Content/EngineMaterials/Substrate/Glints2/dict_0002_0126.uasset" 7869
"../../../Engine/Content/EngineMaterials/Substrate/Glints2/dict_0002_0128.uasset" 7870
"/Engine/EngineMaterials/Substrate/Glints2/dict_0002_0124" 7871
"/Engine/EngineMaterials/Substrate/Glints2/dict_0002_0123" 7872
"/Engine/EngineMaterials/Substrate/Glints2/dict_0002_0122" 7873
"/Engine/EngineMaterials/Substrate/Glints2/dict_0002_0121" 7874
"/Engine/EngineMaterials/Substrate/Glints2/dict_0002_0120" 7875
"/Engine/EngineMaterials/Substrate/Glints2/dict_0002_0119" 7876
"/Engine/EngineMaterials/Substrate/Glints2/dict_0002_0118" 7877
"/Engine/EngineMaterials/Substrate/Glints2/dict_0002_0117" 7878
"/Engine/EngineMaterials/Substrate/Glints2/dict_0002_0116" 7879
"/Engine/EngineMaterials/Substrate/Glints2/dict_0002_0115" 7880
"/Engine/EngineMaterials/Substrate/Glints2/dict_0002_0114" 7881
"/Engine/EngineMaterials/Substrate/Glints2/dict_0002_0113" 7882
"/Engine/EngineMaterials/Substrate/Glints2/dict_0002_0111" 7883
"/Engine/EngineMaterials/Substrate/Glints2/dict_0002_0110" 7884
"/Engine/EngineMaterials/Substrate/Glints2/dict_0002_0107" 7885
"/Engine/EngineMaterials/Substrate/Glints2/dict_0002_0105" 7886
"/Engine/EngineMaterials/Substrate/Glints2/dict_0002_0104" 7887
"/Engine/EngineMaterials/Substrate/Glints2/dict_0002_0103" 7888
"/Engine/EngineMaterials/Substrate/Glints2/dict_0002_0102" 7889
"/Engine/EngineMaterials/Substrate/Glints2/dict_0002_0101" 7890
"/Engine/EngineMaterials/Substrate/Glints2/dict_0002_0100" 7891
"../../../Engine/Content/EngineMaterials/Substrate/Glints2/dict_0002_0138.uasset" 7892
"../../../Engine/Content/EngineMaterials/Substrate/Glints2/dict_0002_0140.uasset" 7893
"../../../Engine/Content/EngineMaterials/Substrate/Glints2/dict_0002_0141.uasset" 7894
"../../../Engine/Content/EngineMaterials/Substrate/Glints2/dict_0002_0144.uasset" 7895
"../../../Engine/Content/EngineMaterials/Substrate/Glints2/dict_0002_0151.uasset" 7896
"../../../Engine/Content/EngineMaterials/Substrate/Glints2/dict_0002_0137.uasset" 7897
"../../../Engine/Content/EngineMaterials/Substrate/Glints2/dict_0002_0139.uasset" 7898
"../../../Engine/Content/EngineMaterials/Substrate/Glints2/dict_0002_0153.uasset" 7899
"../../../Engine/Content/EngineMaterials/Substrate/Glints2/dict_0002_0142.uasset" 7900
"../../../Engine/Content/EngineMaterials/Substrate/Glints2/dict_0002_0146.uasset" 7901
"../../../Engine/Content/EngineMaterials/Substrate/Glints2/dict_0002_0155.uasset" 7902
"../../../Engine/Content/EngineMaterials/Substrate/Glints2/dict_0002_0149.uasset" 7903
"../../../Engine/Content/EngineMaterials/Substrate/Glints2/dict_0002_0154.uasset" 7904
"../../../Engine/Content/EngineMaterials/Substrate/Glints2/dict_0002_0150.uasset" 7905
"../../../Engine/Content/EngineMaterials/Substrate/Glints2/dict_0002_0156.uasset" 7906
"../../../Engine/Content/EngineMaterials/Substrate/Glints2/dict_0002_0157.uasset" 7907
"../../../Engine/Content/EngineMaterials/Substrate/Glints2/dict_0002_0147.uasset" 7908
"../../../Engine/Content/EngineMaterials/Substrate/Glints2/dict_0002_0143.uasset" 7909
"../../../Engine/Content/EngineMaterials/Substrate/Glints2/dict_0002_0145.uasset" 7910
"/Engine/EngineMaterials/Substrate/Glints2/dict_0002_0135" 7911
"../../../Engine/Content/EngineMaterials/Substrate/Glints2/dict_0002_0148.uasset" 7912
"../../../Engine/Content/EngineMaterials/Substrate/Glints2/dict_0002_0152.uasset" 7913
"../../../Engine/Content/EngineMaterials/Substrate/Glints2/dict_0002_0136.uasset" 7914
"/Engine/EngineMaterials/Substrate/Glints2/dict_0002_0134" 7915
"/Engine/EngineMaterials/Substrate/Glints2/dict_0002_0133" 7916
"/Engine/EngineMaterials/Substrate/Glints2/dict_0002_0132" 7917
"/Engine/EngineMaterials/Substrate/Glints2/dict_0002_0131" 7918
"/Engine/EngineMaterials/Substrate/Glints2/dict_0002_0130" 7919
"/Engine/EngineMaterials/Substrate/Glints2/dict_0002_0129" 7920
"/Engine/EngineMaterials/Substrate/Glints2/dict_0002_0128" 7921
"/Engine/EngineMaterials/Substrate/Glints2/dict_0002_0127" 7922
"/Engine/EngineMaterials/Substrate/Glints2/dict_0002_0126" 7923
"../../../Engine/Content/EngineMaterials/Substrate/Glints2/dict_0002_0167.uasset" 7924
"../../../Engine/Content/EngineMaterials/Substrate/Glints2/dict_0002_0166.uasset" 7925
"../../../Engine/Content/EngineMaterials/Substrate/Glints2/dict_0002_0164.uasset" 7926
"../../../Engine/Content/EngineMaterials/Substrate/Glints2/dict_0002_0161.uasset" 7927
"../../../Engine/Content/EngineMaterials/Substrate/Glints2/dict_0002_0160.uasset" 7928
"../../../Engine/Content/EngineMaterials/Substrate/Glints2/dict_0002_0163.uasset" 7929
"../../../Engine/Content/EngineMaterials/Substrate/Glints2/dict_0002_0162.uasset" 7930
"../../../Engine/Content/EngineMaterials/Substrate/Glints2/dict_0002_0158.uasset" 7931
"../../../Engine/Content/EngineMaterials/Substrate/Glints2/dict_0002_0159.uasset" 7932
"../../../Engine/Content/EngineMaterials/Substrate/Glints2/dict_0002_0165.uasset" 7933
"/Engine/EngineMaterials/Substrate/Glints2/dict_0002_0157" 7934
"/Engine/EngineMaterials/Substrate/Glints2/dict_0002_0156" 7935
"/Engine/EngineMaterials/Substrate/Glints2/dict_0002_0155" 7936
"/Engine/EngineMaterials/Substrate/Glints2/dict_0002_0154" 7937
"/Engine/EngineMaterials/Substrate/Glints2/dict_0002_0153" 7938
"/Engine/EngineMaterials/Substrate/Glints2/dict_0002_0152" 7939
"/Engine/EngineMaterials/Substrate/Glints2/dict_0002_0151" 7940
"/Engine/EngineMaterials/Substrate/Glints2/dict_0002_0150" 7941
"/Engine/EngineMaterials/Substrate/Glints2/dict_0002_0149" 7942
"/Engine/EngineMaterials/Substrate/Glints2/dict_0002_0148" 7943
"/Engine/EngineMaterials/Substrate/Glints2/dict_0002_0147" 7944
"/Engine/EngineMaterials/Substrate/Glints2/dict_0002_0146" 7945
"/Engine/EngineMaterials/Substrate/Glints2/dict_0002_0145" 7946
"/Engine/EngineMaterials/Substrate/Glints2/dict_0002_0144" 7947
"/Engine/EngineMaterials/Substrate/Glints2/dict_0002_0143" 7948
"/Engine/EngineMaterials/Substrate/Glints2/dict_0002_0164" 7949
"/Engine/EngineMaterials/Substrate/Glints2/dict_0002_0142" 7950
"/Engine/EngineMaterials/Substrate/Glints2/dict_0002_0141" 7951
"/Engine/EngineMaterials/Substrate/Glints2/dict_0002_0140" 7952
"/Engine/EngineMaterials/Substrate/Glints2/dict_0002_0139" 7953
"/Engine/EngineMaterials/Substrate/Glints2/dict_0002_0161" 7954
"/Engine/EngineMaterials/Substrate/Glints2/dict_0002_0160" 7955
"/Engine/EngineMaterials/Substrate/Glints2/dict_0002_0138" 7956
"/Engine/EngineMaterials/Substrate/Glints2/dict_0002_0137" 7957
"/Engine/EngineMaterials/Substrate/Glints2/dict_0002_0158" 7958
"/Engine/EngineMaterials/Substrate/Glints2/dict_0002_0136" 7959
"../../../Engine/Content/EngineMaterials/Substrate/Glints2/dict_0002_0168.uasset" 7960
"../../../Engine/Content/EngineMaterials/Substrate/Glints2/dict_0002_0172.uasset" 7961
"../../../Engine/Content/EngineMaterials/Substrate/Glints2/dict_0002_0177.uasset" 7962
"../../../Engine/Content/EngineMaterials/Substrate/Glints2/dict_0002_0170.uasset" 7963
"/Engine/EngineMaterials/Substrate/Glints2/dict_0002_0167" 7964
"../../../Engine/Content/EngineMaterials/Substrate/Glints2/dict_0002_0180.uasset" 7965
"../../../Engine/Content/EngineMaterials/Substrate/Glints2/dict_0002_0186.uasset" 7966
"../../../Engine/Content/EngineMaterials/Substrate/Glints2/dict_0002_0181.uasset" 7967
"../../../Engine/Content/EngineMaterials/Substrate/Glints2/dict_0002_0183.uasset" 7968
"../../../Engine/Content/EngineMaterials/Substrate/Glints2/dict_0002_0169.uasset" 7969
"../../../Engine/Content/EngineMaterials/Substrate/Glints2/dict_0002_0187.uasset" 7970
"../../../Engine/Content/EngineMaterials/Substrate/Glints2/dict_0002_0182.uasset" 7971
"../../../Engine/Content/EngineMaterials/Substrate/Glints2/dict_0002_0188.uasset" 7972
"../../../Engine/Content/EngineMaterials/Substrate/Glints2/dict_0002_0190.uasset" 7973
"../../../Engine/Content/EngineMaterials/Substrate/Glints2/dict_0002_0173.uasset" 7974
"../../../Engine/Content/EngineMaterials/Substrate/Glints2/dict_0002_0189.uasset" 7975
"../../../Engine/Content/EngineMaterials/Substrate/Glints2/dict_0002_0179.uasset" 7976
"../../../Engine/Content/EngineMaterials/Substrate/Glints2/dict_0002_0193.uasset" 7977
"../../../Engine/Content/EngineMaterials/Substrate/Glints2/dict_0002_0184.uasset" 7978
"../../../Engine/Content/EngineMaterials/Substrate/Glints2/dict_0002_0192.uasset" 7979
"../../../Engine/Content/EngineMaterials/Substrate/Glints2/dict_0002_0185.uasset" 7980
"../../../Engine/Content/EngineMaterials/Substrate/Glints2/dict_0002_0191.uasset" 7981
"../../../Engine/Content/EngineMaterials/Substrate/Glints2/dict_0002_0174.uasset" 7982
"../../../Engine/Content/EngineMaterials/Substrate/Glints2/dict_0002_0178.uasset" 7983
"../../../Engine/Content/EngineMaterials/Substrate/Glints2/dict_0002_0171.uasset" 7984
"../../../Engine/Content/EngineMaterials/Substrate/Glints2/dict_0002_0176.uasset" 7985
"../../../Engine/Content/EngineMaterials/Substrate/Glints2/dict_0002_0175.uasset" 7986
"/Engine/EngineMaterials/Substrate/Glints2/dict_0002_0166" 7987
"/Engine/EngineMaterials/Substrate/Glints2/dict_0002_0165" 7988
"/Engine/EngineMaterials/Substrate/Glints2/dict_0002_0163" 7989
"/Engine/EngineMaterials/Substrate/Glints2/dict_0002_0162" 7990
"/Engine/EngineMaterials/Substrate/Glints2/dict_0002_0159" 7991
"../../../Engine/Content/EngineMaterials/Substrate/Glints2/dict_0002_0199.uasset" 7992
"../../../Engine/Content/EngineMaterials/Substrate/Glints2/dict_0002_0197.uasset" 7993
"../../../Engine/Content/EngineMaterials/Substrate/Glints2/dict_0002_0194.uasset" 7994
"../../../Engine/Content/EngineMaterials/Substrate/Glints2/dict_0002_0195.uasset" 7995
"../../../Engine/Content/EngineMaterials/Substrate/Glints2/dict_0002_0198.uasset" 7996
"../../../Engine/Content/EngineMaterials/Substrate/Glints2/dict_0002_0196.uasset" 7997
"/Engine/EngineMaterials/Substrate/Glints2/dict_0002_0193" 7998
"/Engine/EngineMaterials/Substrate/Glints2/dict_0002_0192" 7999
"/Engine/EngineMaterials/Substrate/Glints2/dict_0002_0191" 8000
"/Engine/EngineMaterials/Substrate/Glints2/dict_0002_0190" 8001
"/Engine/EngineMaterials/Substrate/Glints2/dict_0002_0189" 8002
"/Engine/EngineMaterials/Substrate/Glints2/dict_0002_0188" 8003
"/Engine/EngineMaterials/Substrate/Glints2/dict_0002_0187" 8004
"/Engine/EngineMaterials/Substrate/Glints2/dict_0002_0186" 8005
"/Engine/EngineMaterials/Substrate/Glints2/dict_0002_0185" 8006
"/Engine/EngineMaterials/Substrate/Glints2/dict_0002_0184" 8007
"/Engine/EngineMaterials/Substrate/Glints2/dict_0002_0183" 8008
"/Engine/EngineMaterials/Substrate/Glints2/dict_0002_0182" 8009
"/Engine/EngineMaterials/Substrate/Glints2/dict_0002_0181" 8010
"/Engine/EngineMaterials/Substrate/Glints2/dict_0002_0180" 8011
"/Engine/EngineMaterials/Substrate/Glints2/dict_0002_0179" 8012
"/Engine/EngineMaterials/Substrate/Glints2/dict_0002_0178" 8013
"/Engine/EngineMaterials/Substrate/Glints2/dict_0002_0177" 8014
"/Engine/EngineMaterials/Substrate/Glints2/dict_0002_0176" 8015
"/Engine/EngineMaterials/Substrate/Glints2/dict_0002_0175" 8016
"/Engine/EngineMaterials/Substrate/Glints2/dict_0002_0174" 8017
"/Engine/EngineMaterials/Substrate/Glints2/dict_0002_0173" 8018
"/Engine/EngineMaterials/Substrate/Glints2/dict_0002_0172" 8019
"/Engine/EngineMaterials/Substrate/Glints2/dict_0002_0171" 8020
"/Engine/EngineMaterials/Substrate/Glints2/dict_0002_0170" 8021
"/Engine/EngineMaterials/Substrate/Glints2/dict_0002_0169" 8022
"/Engine/EngineMaterials/Substrate/Glints2/dict_0002_0168" 8023
"../../../Engine/Content/EngineMaterials/Substrate/Glints2/dict_0002_0201.uasset" 8024
"../../../Engine/Content/EngineMaterials/Substrate/Glints2/dict_0002_0200.uasset" 8025
"../../../Engine/Content/EngineMaterials/Substrate/Glints2/dict_0002_0202.uasset" 8026
"../../../Engine/Content/EngineMaterials/Substrate/Glints2/dict_0002_0204.uasset" 8027
"../../../Engine/Content/EngineMaterials/Substrate/Glints2/dict_0002_0208.uasset" 8028
"../../../Engine/Content/EngineMaterials/Substrate/Glints2/dict_0002_0207.uasset" 8029
"../../../Engine/Content/EngineMaterials/Substrate/Glints2/dict_0002_0210.uasset" 8030
"../../../Engine/Content/EngineMaterials/Substrate/Glints2/dict_0002_0203.uasset" 8031
"../../../Engine/Content/EngineMaterials/Substrate/Glints2/dict_0002_0216.uasset" 8032
"../../../Engine/Content/EngineMaterials/Substrate/Glints2/dict_0002_0213.uasset" 8033
"../../../Engine/Content/EngineMaterials/Substrate/Glints2/dict_0002_0212.uasset" 8034
"../../../Engine/Content/EngineMaterials/Substrate/Glints2/dict_0002_0217.uasset" 8035
"../../../Engine/Content/EngineMaterials/Substrate/Glints2/dict_0002_0215.uasset" 8036
"../../../Engine/Content/EngineMaterials/Substrate/Glints2/dict_0002_0218.uasset" 8037
"../../../Engine/Content/EngineMaterials/Substrate/Glints2/dict_0002_0214.uasset" 8038
"../../../Engine/Content/EngineMaterials/Substrate/Glints2/dict_0002_0219.uasset" 8039
"../../../Engine/Content/EngineMaterials/Substrate/Glints2/dict_0002_0221.uasset" 8040
"../../../Engine/Content/EngineMaterials/Substrate/Glints2/dict_0002_0225.uasset" 8041
"../../../Engine/Content/EngineMaterials/Substrate/Glints2/dict_0002_0211.uasset" 8042
"../../../Engine/Content/EngineMaterials/Substrate/Glints2/dict_0002_0209.uasset" 8043
"../../../Engine/Content/EngineMaterials/Substrate/Glints2/dict_0002_0206.uasset" 8044
"/Engine/EngineMaterials/Substrate/Glints2/dict_0002_0199" 8045
"../../../Engine/Content/EngineMaterials/Substrate/Glints2/dict_0002_0224.uasset" 8046
"../../../Engine/Content/EngineMaterials/Substrate/Glints2/dict_0002_0222.uasset" 8047
"../../../Engine/Content/EngineMaterials/Substrate/Glints2/dict_0002_0205.uasset" 8048
"../../../Engine/Content/EngineMaterials/Substrate/Glints2/dict_0002_0223.uasset" 8049
"../../../Engine/Content/EngineMaterials/Substrate/Glints2/dict_0002_0220.uasset" 8050
"/Engine/EngineMaterials/Substrate/Glints2/dict_0002_0198" 8051
"/Engine/EngineMaterials/Substrate/Glints2/dict_0002_0217" 8052
"/Engine/EngineMaterials/Substrate/Glints2/dict_0002_0216" 8053
"/Engine/EngineMaterials/Substrate/Glints2/dict_0002_0215" 8054
"/Engine/EngineMaterials/Substrate/Glints2/dict_0002_0213" 8055
"/Engine/EngineMaterials/Substrate/Glints2/dict_0002_0197" 8056
"/Engine/EngineMaterials/Substrate/Glints2/dict_0002_0212" 8057
"/Engine/EngineMaterials/Substrate/Glints2/dict_0002_0210" 8058
"/Engine/EngineMaterials/Substrate/Glints2/dict_0002_0196" 8059
"/Engine/EngineMaterials/Substrate/Glints2/dict_0002_0195" 8060
"/Engine/EngineMaterials/Substrate/Glints2/dict_0002_0208" 8061
"/Engine/EngineMaterials/Substrate/Glints2/dict_0002_0207" 8062
"/Engine/EngineMaterials/Substrate/Glints2/dict_0002_0204" 8063
"/Engine/EngineMaterials/Substrate/Glints2/dict_0002_0194" 8064
"/Engine/EngineMaterials/Substrate/Glints2/dict_0002_0203" 8065
"/Engine/EngineMaterials/Substrate/Glints2/dict_0002_0202" 8066
"/Engine/EngineMaterials/Substrate/Glints2/dict_0002_0201" 8067
"/Engine/EngineMaterials/Substrate/Glints2/dict_0002_0200" 8068
"../../../Engine/Content/EngineMaterials/Substrate/Glints2/dict_0002_0226.uasset" 8069
"../../../Engine/Content/EngineMaterials/Substrate/Glints2/dict_0002_0235.uasset" 8070
"../../../Engine/Content/EngineMaterials/Substrate/Glints2/dict_0002_0231.uasset" 8071
"../../../Engine/Content/EngineMaterials/Substrate/Glints2/dict_0002_0232.uasset" 8072
"../../../Engine/Content/EngineMaterials/Substrate/Glints2/dict_0002_0229.uasset" 8073
"../../../Engine/Content/EngineMaterials/Substrate/Glints2/dict_0002_0233.uasset" 8074
"../../../Engine/Content/EngineMaterials/Substrate/Glints2/dict_0002_0230.uasset" 8075
"../../../Engine/Content/EngineMaterials/Substrate/Glints2/dict_0002_0237.uasset" 8076
"../../../Engine/Content/EngineMaterials/Substrate/Glints2/dict_0002_0236.uasset" 8077
"../../../Engine/Content/EngineMaterials/Substrate/Glints2/dict_0002_0242.uasset" 8078
"../../../Engine/Content/EngineMaterials/Substrate/Glints2/dict_0002_0238.uasset" 8079
"../../../Engine/Content/EngineMaterials/Substrate/Glints2/dict_0002_0228.uasset" 8080
"/Engine/EngineMaterials/Substrate/Glints2/dict_0002_0225" 8081
"../../../Engine/Content/EngineMaterials/Substrate/Glints2/dict_0002_0243.uasset" 8082
"../../../Engine/Content/EngineMaterials/Substrate/Glints2/dict_0002_0234.uasset" 8083
"../../../Engine/Content/EngineMaterials/Substrate/Glints2/dict_0002_0244.uasset" 8084
"../../../Engine/Content/EngineMaterials/Substrate/Glints2/dict_0002_0239.uasset" 8085
"../../../Engine/Content/EngineMaterials/Substrate/Glints2/dict_0002_0241.uasset" 8086
"../../../Engine/Content/EngineMaterials/Substrate/Glints2/dict_0002_0227.uasset" 8087
"../../../Engine/Content/EngineMaterials/Substrate/Glints2/dict_0002_0240.uasset" 8088
"/Engine/EngineMaterials/Substrate/Glints2/dict_0002_0224" 8089
"/Engine/EngineMaterials/Substrate/Glints2/dict_0002_0223" 8090
"/Engine/EngineMaterials/Substrate/Glints2/dict_0002_0222" 8091
"/Engine/EngineMaterials/Substrate/Glints2/dict_0002_0221" 8092
"/Engine/EngineMaterials/Substrate/Glints2/dict_0002_0220" 8093
"/Engine/EngineMaterials/Substrate/Glints2/dict_0002_0219" 8094
"/Engine/EngineMaterials/Substrate/Glints2/dict_0002_0218" 8095
"/Engine/EngineMaterials/Substrate/Glints2/dict_0002_0214" 8096
"/Engine/EngineMaterials/Substrate/Glints2/dict_0002_0211" 8097
"/Engine/EngineMaterials/Substrate/Glints2/dict_0002_0209" 8098
"/Engine/EngineMaterials/Substrate/Glints2/dict_0002_0206" 8099
"/Engine/EngineMaterials/Substrate/Glints2/dict_0002_0205" 8100
"/Engine/EngineMaterials/Substrate/Glints2/dict_0002_0226" 8101
"../../../Engine/Content/EngineMaterials/Substrate/Glints2/dict_0002_0247.uasset" 8102
"../../../Engine/Content/EngineMaterials/Substrate/Glints2/dict_0002_0246.uasset" 8103
"../../../Engine/Content/EngineMaterials/Substrate/Glints2/dict_0002_0252.uasset" 8104
"../../../Engine/Content/EngineMaterials/Substrate/Glints2/dict_0002_0253.uasset" 8105
"../../../Engine/Content/EngineMaterials/Substrate/Glints2/dict_0002_0254.uasset" 8106
"../../../Engine/Content/EngineMaterials/Substrate/Glints2/dict_0002_0245.uasset" 8107
"../../../Engine/Content/EngineMaterials/Substrate/Glints2/dict_0002_0250.uasset" 8108
"../../../Engine/Content/EngineMaterials/Substrate/Glints2/dict_0002_0249.uasset" 8109
"../../../Engine/Content/EngineMaterials/Substrate/Glints2/dict_0002_0255.uasset" 8110
"../../../Engine/Content/EngineMaterials/Substrate/Glints2/dict_0003_0000.uasset" 8111
"../../../Engine/Content/EngineMaterials/Substrate/Glints2/dict_0002_0251.uasset" 8112
"../../../Engine/Content/EngineMaterials/Substrate/Glints2/dict_0003_0002.uasset" 8113
"../../../Engine/Content/EngineMaterials/Substrate/Glints2/dict_0002_0248.uasset" 8114
"../../../Engine/Content/EngineMaterials/Substrate/Glints2/dict_0003_0001.uasset" 8115
"/Engine/EngineMaterials/Substrate/Glints2/dict_0002_0244" 8116
"/Engine/EngineMaterials/Substrate/Glints2/dict_0002_0243" 8117
"/Engine/EngineMaterials/Substrate/Glints2/dict_0002_0254" 8118
"/Engine/EngineMaterials/Substrate/Glints2/dict_0002_0253" 8119
"/Engine/EngineMaterials/Substrate/Glints2/dict_0002_0252" 8120
"/Engine/EngineMaterials/Substrate/Glints2/dict_0002_0242" 8121
"/Engine/EngineMaterials/Substrate/Glints2/dict_0002_0241" 8122
"/Engine/EngineMaterials/Substrate/Glints2/dict_0002_0240" 8123
"/Engine/EngineMaterials/Substrate/Glints2/dict_0002_0239" 8124
"/Engine/EngineMaterials/Substrate/Glints2/dict_0002_0238" 8125
"/Engine/EngineMaterials/Substrate/Glints2/dict_0002_0237" 8126
"/Engine/EngineMaterials/Substrate/Glints2/dict_0002_0236" 8127
"/Engine/EngineMaterials/Substrate/Glints2/dict_0002_0235" 8128
"/Engine/EngineMaterials/Substrate/Glints2/dict_0002_0234" 8129
"/Engine/EngineMaterials/Substrate/Glints2/dict_0002_0233" 8130
"/Engine/EngineMaterials/Substrate/Glints2/dict_0002_0232" 8131
"/Engine/EngineMaterials/Substrate/Glints2/dict_0002_0247" 8132
"/Engine/EngineMaterials/Substrate/Glints2/dict_0002_0246" 8133
"/Engine/EngineMaterials/Substrate/Glints2/dict_0002_0231" 8134
"/Engine/EngineMaterials/Substrate/Glints2/dict_0002_0230" 8135
"/Engine/EngineMaterials/Substrate/Glints2/dict_0002_0229" 8136
"/Engine/EngineMaterials/Substrate/Glints2/dict_0002_0228" 8137
"/Engine/EngineMaterials/Substrate/Glints2/dict_0002_0227" 8138
"/Engine/EngineMaterials/Substrate/Glints2/dict_0002_0245" 8139
"../../../Engine/Content/EngineMaterials/Substrate/Glints2/dict_0003_0003.uasset" 8140
"../../../Engine/Content/EngineMaterials/Substrate/Glints2/dict_0003_0008.uasset" 8141
"../../../Engine/Content/EngineMaterials/Substrate/Glints2/dict_0003_0004.uasset" 8142
"../../../Engine/Content/EngineMaterials/Substrate/Glints2/dict_0003_0005.uasset" 8143
"../../../Engine/Content/EngineMaterials/Substrate/Glints2/dict_0003_0015.uasset" 8144
"../../../Engine/Content/EngineMaterials/Substrate/Glints2/dict_0003_0010.uasset" 8145
"../../../Engine/Content/EngineMaterials/Substrate/Glints2/dict_0003_0012.uasset" 8146
"../../../Engine/Content/EngineMaterials/Substrate/Glints2/dict_0003_0017.uasset" 8147
"../../../Engine/Content/EngineMaterials/Substrate/Glints2/dict_0003_0013.uasset" 8148
"../../../Engine/Content/EngineMaterials/Substrate/Glints2/dict_0003_0018.uasset" 8149
"../../../Engine/Content/EngineMaterials/Substrate/Glints2/dict_0003_0022.uasset" 8150
"../../../Engine/Content/EngineMaterials/Substrate/Glints2/dict_0003_0023.uasset" 8151
"../../../Engine/Content/EngineMaterials/Substrate/Glints2/dict_0003_0014.uasset" 8152
"../../../Engine/Content/EngineMaterials/Substrate/Glints2/dict_0003_0009.uasset" 8153
"/Engine/EngineMaterials/Substrate/Glints2/dict_0003_0002" 8154
"../../../Engine/Content/EngineMaterials/Substrate/Glints2/dict_0003_0016.uasset" 8155
"../../../Engine/Content/EngineMaterials/Substrate/Glints2/dict_0003_0026.uasset" 8156
"../../../Engine/Content/EngineMaterials/Substrate/Glints2/dict_0003_0020.uasset" 8157
"../../../Engine/Content/EngineMaterials/Substrate/Glints2/dict_0003_0019.uasset" 8158
"../../../Engine/Content/EngineMaterials/Substrate/Glints2/dict_0003_0024.uasset" 8159
"../../../Engine/Content/EngineMaterials/Substrate/Glints2/dict_0003_0021.uasset" 8160
"../../../Engine/Content/EngineMaterials/Substrate/Glints2/dict_0003_0011.uasset" 8161
"../../../Engine/Content/EngineMaterials/Substrate/Glints2/dict_0003_0007.uasset" 8162
"../../../Engine/Content/EngineMaterials/Substrate/Glints2/dict_0003_0006.uasset" 8163
"../../../Engine/Content/EngineMaterials/Substrate/Glints2/dict_0003_0025.uasset" 8164
"/Engine/EngineMaterials/Substrate/Glints2/dict_0003_0001" 8165
"/Engine/EngineMaterials/Substrate/Glints2/dict_0003_0000" 8166
"/Engine/EngineMaterials/Substrate/Glints2/dict_0002_0255" 8167
"/Engine/EngineMaterials/Substrate/Glints2/dict_0002_0251" 8168
"/Engine/EngineMaterials/Substrate/Glints2/dict_0002_0250" 8169
"/Engine/EngineMaterials/Substrate/Glints2/dict_0002_0249" 8170
"/Engine/EngineMaterials/Substrate/Glints2/dict_0003_0015" 8171
"/Engine/EngineMaterials/Substrate/Glints2/dict_0002_0248" 8172
"/Engine/EngineMaterials/Substrate/Glints2/dict_0003_0010" 8173
"/Engine/EngineMaterials/Substrate/Glints2/dict_0003_0008" 8174
"/Engine/EngineMaterials/Substrate/Glints2/dict_0003_0005" 8175
"/Engine/EngineMaterials/Substrate/Glints2/dict_0003_0004" 8176
"/Engine/EngineMaterials/Substrate/Glints2/dict_0003_0003" 8177
"../../../Engine/Content/EngineMaterials/Substrate/Glints2/dict_0003_0035.uasset" 8178
"../../../Engine/Content/EngineMaterials/Substrate/Glints2/dict_0003_0028.uasset" 8179
"../../../Engine/Content/EngineMaterials/Substrate/Glints2/dict_0003_0038.uasset" 8180
"../../../Engine/Content/EngineMaterials/Substrate/Glints2/dict_0003_0039.uasset" 8181
"../../../Engine/Content/EngineMaterials/Substrate/Glints2/dict_0003_0029.uasset" 8182
"../../../Engine/Content/EngineMaterials/Substrate/Glints2/dict_0003_0033.uasset" 8183
"../../../Engine/Content/EngineMaterials/Substrate/Glints2/dict_0003_0027.uasset" 8184
"../../../Engine/Content/EngineMaterials/Substrate/Glints2/dict_0003_0030.uasset" 8185
"../../../Engine/Content/EngineMaterials/Substrate/Glints2/dict_0003_0040.uasset" 8186
"../../../Engine/Content/EngineMaterials/Substrate/Glints2/dict_0003_0037.uasset" 8187
"/Engine/EngineMaterials/Substrate/Glints2/dict_0003_0026" 8188
"../../../Engine/Content/EngineMaterials/Substrate/Glints2/dict_0003_0031.uasset" 8189
"../../../Engine/Content/EngineMaterials/Substrate/Glints2/dict_0003_0036.uasset" 8190
"../../../Engine/Content/EngineMaterials/Substrate/Glints2/dict_0003_0034.uasset" 8191
"../../../Engine/Content/EngineMaterials/Substrate/Glints2/dict_0003_0032.uasset" 8192
"/Engine/EngineMaterials/Substrate/Glints2/dict_0003_0025" 8193
"/Engine/EngineMaterials/Substrate/Glints2/dict_0003_0024" 8194
"/Engine/EngineMaterials/Substrate/Glints2/dict_0003_0023" 8195
"/Engine/EngineMaterials/Substrate/Glints2/dict_0003_0022" 8196
"/Engine/EngineMaterials/Substrate/Glints2/dict_0003_0021" 8197
"/Engine/EngineMaterials/Substrate/Glints2/dict_0003_0020" 8198
"/Engine/EngineMaterials/Substrate/Glints2/dict_0003_0019" 8199
"/Engine/EngineMaterials/Substrate/Glints2/dict_0003_0018" 8200
"/Engine/EngineMaterials/Substrate/Glints2/dict_0003_0017" 8201
"/Engine/EngineMaterials/Substrate/Glints2/dict_0003_0016" 8202
"/Engine/EngineMaterials/Substrate/Glints2/dict_0003_0014" 8203
"/Engine/EngineMaterials/Substrate/Glints2/dict_0003_0013" 8204
"/Engine/EngineMaterials/Substrate/Glints2/dict_0003_0012" 8205
"/Engine/EngineMaterials/Substrate/Glints2/dict_0003_0011" 8206
"/Engine/EngineMaterials/Substrate/Glints2/dict_0003_0009" 8207
"/Engine/EngineMaterials/Substrate/Glints2/dict_0003_0007" 8208
"/Engine/EngineMaterials/Substrate/Glints2/dict_0003_0006" 8209
"../../../Engine/Content/EngineMaterials/Substrate/Glints2/dict_0003_0041.uasset" 8210
"../../../Engine/Content/EngineMaterials/Substrate/Glints2/dict_0003_0042.uasset" 8211
"../../../Engine/Content/EngineMaterials/Substrate/Glints2/dict_0003_0043.uasset" 8212
"../../../Engine/Content/EngineMaterials/Substrate/Glints2/dict_0003_0048.uasset" 8213
"../../../Engine/Content/EngineMaterials/Substrate/Glints2/dict_0003_0049.uasset" 8214
"../../../Engine/Content/EngineMaterials/Substrate/Glints2/dict_0003_0045.uasset" 8215
"../../../Engine/Content/EngineMaterials/Substrate/Glints2/dict_0003_0047.uasset" 8216
"/Engine/EngineMaterials/Substrate/Glints2/dict_0003_0040" 8217
"../../../Engine/Content/EngineMaterials/Substrate/Glints2/dict_0003_0050.uasset" 8218
"../../../Engine/Content/EngineMaterials/Substrate/Glints2/dict_0003_0051.uasset" 8219
"../../../Engine/Content/EngineMaterials/Substrate/Glints2/dict_0003_0053.uasset" 8220
"../../../Engine/Content/EngineMaterials/Substrate/Glints2/dict_0003_0056.uasset" 8221
"../../../Engine/Content/EngineMaterials/Substrate/Glints2/dict_0003_0054.uasset" 8222
"../../../Engine/Content/EngineMaterials/Substrate/Glints2/dict_0003_0052.uasset" 8223
"../../../Engine/Content/EngineMaterials/Substrate/Glints2/dict_0003_0055.uasset" 8224
"../../../Engine/Content/EngineMaterials/Substrate/Glints2/dict_0003_0058.uasset" 8225
"../../../Engine/Content/EngineMaterials/Substrate/Glints2/dict_0003_0057.uasset" 8226
"../../../Engine/Content/EngineMaterials/Substrate/Glints2/dict_0003_0044.uasset" 8227
"../../../Engine/Content/EngineMaterials/Substrate/Glints2/dict_0003_0046.uasset" 8228
"/Engine/EngineMaterials/Substrate/Glints2/dict_0003_0039" 8229
"/Engine/EngineMaterials/Substrate/Glints2/dict_0003_0038" 8230
"/Engine/EngineMaterials/Substrate/Glints2/dict_0003_0037" 8231
"/Engine/EngineMaterials/Substrate/Glints2/dict_0003_0036" 8232
"/Engine/EngineMaterials/Substrate/Glints2/dict_0003_0035" 8233
"/Engine/EngineMaterials/Substrate/Glints2/dict_0003_0034" 8234
"/Engine/EngineMaterials/Substrate/Glints2/dict_0003_0033" 8235
"/Engine/EngineMaterials/Substrate/Glints2/dict_0003_0032" 8236
"/Engine/EngineMaterials/Substrate/Glints2/dict_0003_0031" 8237
"/Engine/EngineMaterials/Substrate/Glints2/dict_0003_0030" 8238
"/Engine/EngineMaterials/Substrate/Glints2/dict_0003_0029" 8239
"/Engine/EngineMaterials/Substrate/Glints2/dict_0003_0028" 8240
"/Engine/EngineMaterials/Substrate/Glints2/dict_0003_0027" 8241
"../../../Engine/Content/EngineMaterials/Substrate/Glints2/dict_0003_0060.uasset" 8242
"../../../Engine/Content/EngineMaterials/Substrate/Glints2/dict_0003_0068.uasset" 8243
"../../../Engine/Content/EngineMaterials/Substrate/Glints2/dict_0003_0059.uasset" 8244
"../../../Engine/Content/EngineMaterials/Substrate/Glints2/dict_0003_0064.uasset" 8245
"../../../Engine/Content/EngineMaterials/Substrate/Glints2/dict_0003_0065.uasset" 8246
"../../../Engine/Content/EngineMaterials/Substrate/Glints2/dict_0003_0063.uasset" 8247
"../../../Engine/Content/EngineMaterials/Substrate/Glints2/dict_0003_0071.uasset" 8248
"/Engine/EngineMaterials/Substrate/Glints2/dict_0003_0058" 8249
"../../../Engine/Content/EngineMaterials/Substrate/Glints2/dict_0003_0066.uasset" 8250
"../../../Engine/Content/EngineMaterials/Substrate/Glints2/dict_0003_0069.uasset" 8251
"../../../Engine/Content/EngineMaterials/Substrate/Glints2/dict_0003_0072.uasset" 8252
"../../../Engine/Content/EngineMaterials/Substrate/Glints2/dict_0003_0070.uasset" 8253
"../../../Engine/Content/EngineMaterials/Substrate/Glints2/dict_0003_0067.uasset" 8254
"../../../Engine/Content/EngineMaterials/Substrate/Glints2/dict_0003_0062.uasset" 8255
"../../../Engine/Content/EngineMaterials/Substrate/Glints2/dict_0003_0061.uasset" 8256
"/Engine/EngineMaterials/Substrate/Glints2/dict_0003_0057" 8257
"/Engine/EngineMaterials/Substrate/Glints2/dict_0003_0056" 8258
"/Engine/EngineMaterials/Substrate/Glints2/dict_0003_0055" 8259
"/Engine/EngineMaterials/Substrate/Glints2/dict_0003_0054" 8260
"/Engine/EngineMaterials/Substrate/Glints2/dict_0003_0053" 8261
"/Engine/EngineMaterials/Substrate/Glints2/dict_0003_0052" 8262
"/Engine/EngineMaterials/Substrate/Glints2/dict_0003_0051" 8263
"/Engine/EngineMaterials/Substrate/Glints2/dict_0003_0050" 8264
"/Engine/EngineMaterials/Substrate/Glints2/dict_0003_0049" 8265
"/Engine/EngineMaterials/Substrate/Glints2/dict_0003_0048" 8266
"/Engine/EngineMaterials/Substrate/Glints2/dict_0003_0047" 8267
"/Engine/EngineMaterials/Substrate/Glints2/dict_0003_0046" 8268
"/Engine/EngineMaterials/Substrate/Glints2/dict_0003_0045" 8269
"/Engine/EngineMaterials/Substrate/Glints2/dict_0003_0044" 8270
"/Engine/EngineMaterials/Substrate/Glints2/dict_0003_0043" 8271
"/Engine/EngineMaterials/Substrate/Glints2/dict_0003_0042" 8272
"/Engine/EngineMaterials/Substrate/Glints2/dict_0003_0041" 8273
"../../../Engine/Content/EngineMaterials/Substrate/Glints2/dict_0003_0073.uasset" 8274
"../../../Engine/Content/EngineMaterials/Substrate/Glints2/dict_0003_0081.uasset" 8275
"../../../Engine/Content/EngineMaterials/Substrate/Glints2/dict_0003_0076.uasset" 8276
"../../../Engine/Content/EngineMaterials/Substrate/Glints2/dict_0003_0075.uasset" 8277
"../../../Engine/Content/EngineMaterials/Substrate/Glints2/dict_0003_0080.uasset" 8278
"/Engine/EngineMaterials/Substrate/Glints2/dict_0003_0072" 8279
"../../../Engine/Content/EngineMaterials/Substrate/Glints2/dict_0003_0084.uasset" 8280
"../../../Engine/Content/EngineMaterials/Substrate/Glints2/dict_0003_0085.uasset" 8281
"../../../Engine/Content/EngineMaterials/Substrate/Glints2/dict_0003_0079.uasset" 8282
"../../../Engine/Content/EngineMaterials/Substrate/Glints2/dict_0003_0078.uasset" 8283
"../../../Engine/Content/EngineMaterials/Substrate/Glints2/dict_0003_0077.uasset" 8284
"../../../Engine/Content/EngineMaterials/Substrate/Glints2/dict_0003_0086.uasset" 8285
"../../../Engine/Content/EngineMaterials/Substrate/Glints2/dict_0003_0083.uasset" 8286
"../../../Engine/Content/EngineMaterials/Substrate/Glints2/dict_0003_0089.uasset" 8287
"../../../Engine/Content/EngineMaterials/Substrate/Glints2/dict_0003_0087.uasset" 8288
"../../../Engine/Content/EngineMaterials/Substrate/Glints2/dict_0003_0090.uasset" 8289
"../../../Engine/Content/EngineMaterials/Substrate/Glints2/dict_0003_0088.uasset" 8290
"../../../Engine/Content/EngineMaterials/Substrate/Glints2/dict_0003_0082.uasset" 8291
"../../../Engine/Content/EngineMaterials/Substrate/Glints2/dict_0003_0074.uasset" 8292
"/Engine/EngineMaterials/Substrate/Glints2/dict_0003_0071" 8293
"/Engine/EngineMaterials/Substrate/Glints2/dict_0003_0070" 8294
"/Engine/EngineMaterials/Substrate/Glints2/dict_0003_0069" 8295
"/Engine/EngineMaterials/Substrate/Glints2/dict_0003_0068" 8296
"/Engine/EngineMaterials/Substrate/Glints2/dict_0003_0067" 8297
"/Engine/EngineMaterials/Substrate/Glints2/dict_0003_0066" 8298
"/Engine/EngineMaterials/Substrate/Glints2/dict_0003_0065" 8299
"/Engine/EngineMaterials/Substrate/Glints2/dict_0003_0064" 8300
"/Engine/EngineMaterials/Substrate/Glints2/dict_0003_0063" 8301
"/Engine/EngineMaterials/Substrate/Glints2/dict_0003_0062" 8302
"/Engine/EngineMaterials/Substrate/Glints2/dict_0003_0061" 8303
"/Engine/EngineMaterials/Substrate/Glints2/dict_0003_0060" 8304
"/Engine/EngineMaterials/Substrate/Glints2/dict_0003_0059" 8305
"../../../Engine/Content/EngineMaterials/Substrate/Glints2/dict_0003_0091.uasset" 8306
"../../../Engine/Content/EngineMaterials/Substrate/Glints2/dict_0003_0098.uasset" 8307
"../../../Engine/Content/EngineMaterials/Substrate/Glints2/dict_0003_0096.uasset" 8308
"../../../Engine/Content/EngineMaterials/Substrate/Glints2/dict_0003_0092.uasset" 8309
"../../../Engine/Content/EngineMaterials/Substrate/Glints2/dict_0003_0101.uasset" 8310
"../../../Engine/Content/EngineMaterials/Substrate/Glints2/dict_0003_0104.uasset" 8311
"../../../Engine/Content/EngineMaterials/Substrate/Glints2/dict_0003_0102.uasset" 8312
"../../../Engine/Content/EngineMaterials/Substrate/Glints2/dict_0003_0094.uasset" 8313
"/Engine/EngineMaterials/Substrate/Glints2/dict_0003_0090" 8314
"../../../Engine/Content/EngineMaterials/Substrate/Glints2/dict_0003_0095.uasset" 8315
"../../../Engine/Content/EngineMaterials/Substrate/Glints2/dict_0003_0103.uasset" 8316
"../../../Engine/Content/EngineMaterials/Substrate/Glints2/dict_0003_0100.uasset" 8317
"../../../Engine/Content/EngineMaterials/Substrate/Glints2/dict_0003_0099.uasset" 8318
"../../../Engine/Content/EngineMaterials/Substrate/Glints2/dict_0003_0093.uasset" 8319
"../../../Engine/Content/EngineMaterials/Substrate/Glints2/dict_0003_0097.uasset" 8320
"/Engine/EngineMaterials/Substrate/Glints2/dict_0003_0089" 8321
"/Engine/EngineMaterials/Substrate/Glints2/dict_0003_0088" 8322
"/Engine/EngineMaterials/Substrate/Glints2/dict_0003_0087" 8323
"/Engine/EngineMaterials/Substrate/Glints2/dict_0003_0086" 8324
"/Engine/EngineMaterials/Substrate/Glints2/dict_0003_0085" 8325
"/Engine/EngineMaterials/Substrate/Glints2/dict_0003_0084" 8326
"/Engine/EngineMaterials/Substrate/Glints2/dict_0003_0083" 8327
"/Engine/EngineMaterials/Substrate/Glints2/dict_0003_0082" 8328
"/Engine/EngineMaterials/Substrate/Glints2/dict_0003_0081" 8329
"/Engine/EngineMaterials/Substrate/Glints2/dict_0003_0080" 8330
"/Engine/EngineMaterials/Substrate/Glints2/dict_0003_0079" 8331
"/Engine/EngineMaterials/Substrate/Glints2/dict_0003_0078" 8332
"/Engine/EngineMaterials/Substrate/Glints2/dict_0003_0077" 8333
"/Engine/EngineMaterials/Substrate/Glints2/dict_0003_0076" 8334
"/Engine/EngineMaterials/Substrate/Glints2/dict_0003_0075" 8335
"/Engine/EngineMaterials/Substrate/Glints2/dict_0003_0074" 8336
"/Engine/EngineMaterials/Substrate/Glints2/dict_0003_0073" 8337
"../../../Engine/Content/EngineMaterials/Substrate/Glints2/dict_0003_0105.uasset" 8338
"../../../Engine/Content/EngineMaterials/Substrate/Glints2/dict_0003_0112.uasset" 8339
"../../../Engine/Content/EngineMaterials/Substrate/Glints2/dict_0003_0114.uasset" 8340
"../../../Engine/Content/EngineMaterials/Substrate/Glints2/dict_0003_0113.uasset" 8341
"../../../Engine/Content/EngineMaterials/Substrate/Glints2/dict_0003_0108.uasset" 8342
"../../../Engine/Content/EngineMaterials/Substrate/Glints2/dict_0003_0110.uasset" 8343
"../../../Engine/Content/EngineMaterials/Substrate/Glints2/dict_0003_0121.uasset" 8344
"../../../Engine/Content/EngineMaterials/Substrate/Glints2/dict_0003_0115.uasset" 8345
"../../../Engine/Content/EngineMaterials/Substrate/Glints2/dict_0003_0120.uasset" 8346
"../../../Engine/Content/EngineMaterials/Substrate/Glints2/dict_0003_0109.uasset" 8347
"../../../Engine/Content/EngineMaterials/Substrate/Glints2/dict_0003_0116.uasset" 8348
"/Engine/EngineMaterials/Substrate/Glints2/dict_0003_0104" 8349
"../../../Engine/Content/EngineMaterials/Substrate/Glints2/dict_0003_0106.uasset" 8350
"../../../Engine/Content/EngineMaterials/Substrate/Glints2/dict_0003_0119.uasset" 8351
"../../../Engine/Content/EngineMaterials/Substrate/Glints2/dict_0003_0111.uasset" 8352
"../../../Engine/Content/EngineMaterials/Substrate/Glints2/dict_0003_0122.uasset" 8353
"../../../Engine/Content/EngineMaterials/Substrate/Glints2/dict_0003_0118.uasset" 8354
"../../../Engine/Content/EngineMaterials/Substrate/Glints2/dict_0003_0117.uasset" 8355
"../../../Engine/Content/EngineMaterials/Substrate/Glints2/dict_0003_0107.uasset" 8356
"/Engine/EngineMaterials/Substrate/Glints2/dict_0003_0103" 8357
"/Engine/EngineMaterials/Substrate/Glints2/dict_0003_0102" 8358
"/Engine/EngineMaterials/Substrate/Glints2/dict_0003_0101" 8359
"/Engine/EngineMaterials/Substrate/Glints2/dict_0003_0100" 8360
"/Engine/EngineMaterials/Substrate/Glints2/dict_0003_0099" 8361
"/Engine/EngineMaterials/Substrate/Glints2/dict_0003_0098" 8362
"/Engine/EngineMaterials/Substrate/Glints2/dict_0003_0097" 8363
"/Engine/EngineMaterials/Substrate/Glints2/dict_0003_0096" 8364
"/Engine/EngineMaterials/Substrate/Glints2/dict_0003_0095" 8365
"/Engine/EngineMaterials/Substrate/Glints2/dict_0003_0094" 8366
"/Engine/EngineMaterials/Substrate/Glints2/dict_0003_0105" 8367
"/Engine/EngineMaterials/Substrate/Glints2/dict_0003_0093" 8368
"/Engine/EngineMaterials/Substrate/Glints2/dict_0003_0092" 8369
"/Engine/EngineMaterials/Substrate/Glints2/dict_0003_0091" 8370
"../../../Engine/Content/EngineMaterials/Substrate/Glints2/dict_0003_0128.uasset" 8371
"../../../Engine/Content/EngineMaterials/Substrate/Glints2/dict_0003_0127.uasset" 8372
"../../../Engine/Content/EngineMaterials/Substrate/Glints2/dict_0003_0131.uasset" 8373
"../../../Engine/Content/EngineMaterials/Substrate/Glints2/dict_0003_0134.uasset" 8374
"../../../Engine/Content/EngineMaterials/Substrate/Glints2/dict_0003_0135.uasset" 8375
"../../../Engine/Content/EngineMaterials/Substrate/Glints2/dict_0003_0130.uasset" 8376
"../../../Engine/Content/EngineMaterials/Substrate/Glints2/dict_0003_0137.uasset" 8377
"../../../Engine/Content/EngineMaterials/Substrate/Glints2/dict_0003_0136.uasset" 8378
"../../../Engine/Content/EngineMaterials/Substrate/Glints2/dict_0003_0133.uasset" 8379
"../../../Engine/Content/EngineMaterials/Substrate/Glints2/dict_0003_0129.uasset" 8380
"../../../Engine/Content/EngineMaterials/Substrate/Glints2/dict_0003_0125.uasset" 8381
"/Engine/EngineMaterials/Substrate/Glints2/dict_0003_0122" 8382
"../../../Engine/Content/EngineMaterials/Substrate/Glints2/dict_0003_0126.uasset" 8383
"../../../Engine/Content/EngineMaterials/Substrate/Glints2/dict_0003_0124.uasset" 8384
"../../../Engine/Content/EngineMaterials/Substrate/Glints2/dict_0003_0132.uasset" 8385
"../../../Engine/Content/EngineMaterials/Substrate/Glints2/dict_0003_0123.uasset" 8386
"/Engine/EngineMaterials/Substrate/Glints2/dict_0003_0121" 8387
"/Engine/EngineMaterials/Substrate/Glints2/dict_0003_0120" 8388
"/Engine/EngineMaterials/Substrate/Glints2/dict_0003_0119" 8389
"/Engine/EngineMaterials/Substrate/Glints2/dict_0003_0118" 8390
"/Engine/EngineMaterials/Substrate/Glints2/dict_0003_0117" 8391
"/Engine/EngineMaterials/Substrate/Glints2/dict_0003_0116" 8392
"/Engine/EngineMaterials/Substrate/Glints2/dict_0003_0115" 8393
"/Engine/EngineMaterials/Substrate/Glints2/dict_0003_0114" 8394
"/Engine/EngineMaterials/Substrate/Glints2/dict_0003_0113" 8395
"/Engine/EngineMaterials/Substrate/Glints2/dict_0003_0112" 8396
"/Engine/EngineMaterials/Substrate/Glints2/dict_0003_0111" 8397
"/Engine/EngineMaterials/Substrate/Glints2/dict_0003_0110" 8398
"/Engine/EngineMaterials/Substrate/Glints2/dict_0003_0109" 8399
"/Engine/EngineMaterials/Substrate/Glints2/dict_0003_0108" 8400
"/Engine/EngineMaterials/Substrate/Glints2/dict_0003_0107" 8401
"/Engine/EngineMaterials/Substrate/Glints2/dict_0003_0106" 8402
"../../../Engine/Content/EngineMaterials/Substrate/Glints2/dict_0003_0139.uasset" 8403
"../../../Engine/Content/EngineMaterials/Substrate/Glints2/dict_0003_0142.uasset" 8404
"../../../Engine/Content/EngineMaterials/Substrate/Glints2/dict_0003_0140.uasset" 8405
"../../../Engine/Content/EngineMaterials/Substrate/Glints2/dict_0003_0145.uasset" 8406
"../../../Engine/Content/EngineMaterials/Substrate/Glints2/dict_0003_0146.uasset" 8407
"../../../Engine/Content/EngineMaterials/Substrate/Glints2/dict_0003_0150.uasset" 8408
"../../../Engine/Content/EngineMaterials/Substrate/Glints2/dict_0003_0148.uasset" 8409
"../../../Engine/Content/EngineMaterials/Substrate/Glints2/dict_0003_0151.uasset" 8410
"../../../Engine/Content/EngineMaterials/Substrate/Glints2/dict_0003_0152.uasset" 8411
"../../../Engine/Content/EngineMaterials/Substrate/Glints2/dict_0003_0143.uasset" 8412
"../../../Engine/Content/EngineMaterials/Substrate/Glints2/dict_0003_0154.uasset" 8413
"../../../Engine/Content/EngineMaterials/Substrate/Glints2/dict_0003_0138.uasset" 8414
"/Engine/EngineMaterials/Substrate/Glints2/dict_0003_0137" 8415
"../../../Engine/Content/EngineMaterials/Substrate/Glints2/dict_0003_0153.uasset" 8416
"../../../Engine/Content/EngineMaterials/Substrate/Glints2/dict_0003_0144.uasset" 8417
"../../../Engine/Content/EngineMaterials/Substrate/Glints2/dict_0003_0147.uasset" 8418
"../../../Engine/Content/EngineMaterials/Substrate/Glints2/dict_0003_0149.uasset" 8419
"../../../Engine/Content/EngineMaterials/Substrate/Glints2/dict_0003_0141.uasset" 8420
"/Engine/EngineMaterials/Substrate/Glints2/dict_0003_0136" 8421
"/Engine/EngineMaterials/Substrate/Glints2/dict_0003_0135" 8422
"/Engine/EngineMaterials/Substrate/Glints2/dict_0003_0134" 8423
"/Engine/EngineMaterials/Substrate/Glints2/dict_0003_0133" 8424
"/Engine/EngineMaterials/Substrate/Glints2/dict_0003_0132" 8425
"/Engine/EngineMaterials/Substrate/Glints2/dict_0003_0131" 8426
"/Engine/EngineMaterials/Substrate/Glints2/dict_0003_0130" 8427
"/Engine/EngineMaterials/Substrate/Glints2/dict_0003_0129" 8428
"/Engine/EngineMaterials/Substrate/Glints2/dict_0003_0128" 8429
"/Engine/EngineMaterials/Substrate/Glints2/dict_0003_0127" 8430
"/Engine/EngineMaterials/Substrate/Glints2/dict_0003_0126" 8431
"/Engine/EngineMaterials/Substrate/Glints2/dict_0003_0125" 8432
"/Engine/EngineMaterials/Substrate/Glints2/dict_0003_0124" 8433
"/Engine/EngineMaterials/Substrate/Glints2/dict_0003_0123" 8434
"../../../Engine/Content/EngineMaterials/Substrate/Glints2/dict_0003_0163.uasset" 8435
"../../../Engine/Content/EngineMaterials/Substrate/Glints2/dict_0003_0160.uasset" 8436
"../../../Engine/Content/EngineMaterials/Substrate/Glints2/dict_0003_0164.uasset" 8437
"../../../Engine/Content/EngineMaterials/Substrate/Glints2/dict_0003_0158.uasset" 8438
"../../../Engine/Content/EngineMaterials/Substrate/Glints2/dict_0003_0156.uasset" 8439
"../../../Engine/Content/EngineMaterials/Substrate/Glints2/dict_0003_0155.uasset" 8440
"../../../Engine/Content/EngineMaterials/Substrate/Glints2/dict_0003_0167.uasset" 8441
"../../../Engine/Content/EngineMaterials/Substrate/Glints2/dict_0003_0168.uasset" 8442
"../../../Engine/Content/EngineMaterials/Substrate/Glints2/dict_0003_0159.uasset" 8443
"../../../Engine/Content/EngineMaterials/Substrate/Glints2/dict_0003_0169.uasset" 8444
"../../../Engine/Content/EngineMaterials/Substrate/Glints2/dict_0003_0162.uasset" 8445
"../../../Engine/Content/EngineMaterials/Substrate/Glints2/dict_0003_0166.uasset" 8446
"../../../Engine/Content/EngineMaterials/Substrate/Glints2/dict_0003_0161.uasset" 8447
"../../../Engine/Content/EngineMaterials/Substrate/Glints2/dict_0003_0157.uasset" 8448
"../../../Engine/Content/EngineMaterials/Substrate/Glints2/dict_0003_0165.uasset" 8449
"/Engine/EngineMaterials/Substrate/Glints2/dict_0003_0154" 8450
"/Engine/EngineMaterials/Substrate/Glints2/dict_0003_0153" 8451
"/Engine/EngineMaterials/Substrate/Glints2/dict_0003_0152" 8452
"/Engine/EngineMaterials/Substrate/Glints2/dict_0003_0151" 8453
"/Engine/EngineMaterials/Substrate/Glints2/dict_0003_0150" 8454
"/Engine/EngineMaterials/Substrate/Glints2/dict_0003_0149" 8455
"/Engine/EngineMaterials/Substrate/Glints2/dict_0003_0148" 8456
"/Engine/EngineMaterials/Substrate/Glints2/dict_0003_0147" 8457
"/Engine/EngineMaterials/Substrate/Glints2/dict_0003_0164" 8458
"/Engine/EngineMaterials/Substrate/Glints2/dict_0003_0146" 8459
"/Engine/EngineMaterials/Substrate/Glints2/dict_0003_0145" 8460
"/Engine/EngineMaterials/Substrate/Glints2/dict_0003_0144" 8461
"/Engine/EngineMaterials/Substrate/Glints2/dict_0003_0163" 8462
"/Engine/EngineMaterials/Substrate/Glints2/dict_0003_0162" 8463
"/Engine/EngineMaterials/Substrate/Glints2/dict_0003_0143" 8464
"/Engine/EngineMaterials/Substrate/Glints2/dict_0003_0142" 8465
"/Engine/EngineMaterials/Substrate/Glints2/dict_0003_0141" 8466
"/Engine/EngineMaterials/Substrate/Glints2/dict_0003_0140" 8467
"/Engine/EngineMaterials/Substrate/Glints2/dict_0003_0160" 8468
"/Engine/EngineMaterials/Substrate/Glints2/dict_0003_0139" 8469
"/Engine/EngineMaterials/Substrate/Glints2/dict_0003_0159" 8470
"/Engine/EngineMaterials/Substrate/Glints2/dict_0003_0138" 8471
"/Engine/EngineMaterials/Substrate/Glints2/dict_0003_0158" 8472
"/Engine/EngineMaterials/Substrate/Glints2/dict_0003_0156" 8473
"/Engine/EngineMaterials/Substrate/Glints2/dict_0003_0155" 8474
"../../../Engine/Content/EngineMaterials/Substrate/Glints2/dict_0003_0174.uasset" 8475
"../../../Engine/Content/EngineMaterials/Substrate/Glints2/dict_0003_0177.uasset" 8476
"../../../Engine/Content/EngineMaterials/Substrate/Glints2/dict_0003_0179.uasset" 8477
"../../../Engine/Content/EngineMaterials/Substrate/Glints2/dict_0003_0175.uasset" 8478
"../../../Engine/Content/EngineMaterials/Substrate/Glints2/dict_0003_0170.uasset" 8479
"../../../Engine/Content/EngineMaterials/Substrate/Glints2/dict_0003_0171.uasset" 8480
"../../../Engine/Content/EngineMaterials/Substrate/Glints2/dict_0003_0178.uasset" 8481
"../../../Engine/Content/EngineMaterials/Substrate/Glints2/dict_0003_0172.uasset" 8482
"../../../Engine/Content/EngineMaterials/Substrate/Glints2/dict_0003_0173.uasset" 8483
"../../../Engine/Content/EngineMaterials/Substrate/Glints2/dict_0003_0180.uasset" 8484
"../../../Engine/Content/EngineMaterials/Substrate/Glints2/dict_0003_0186.uasset" 8485
"../../../Engine/Content/EngineMaterials/Substrate/Glints2/dict_0003_0187.uasset" 8486
"../../../Engine/Content/EngineMaterials/Substrate/Glints2/dict_0003_0188.uasset" 8487
"../../../Engine/Content/EngineMaterials/Substrate/Glints2/dict_0003_0191.uasset" 8488
"/Engine/EngineMaterials/Substrate/Glints2/dict_0003_0169" 8489
"../../../Engine/Content/EngineMaterials/Substrate/Glints2/dict_0003_0184.uasset" 8490
"../../../Engine/Content/EngineMaterials/Substrate/Glints2/dict_0003_0192.uasset" 8491
"../../../Engine/Content/EngineMaterials/Substrate/Glints2/dict_0003_0193.uasset" 8492
"../../../Engine/Content/EngineMaterials/Substrate/Glints2/dict_0003_0181.uasset" 8493
"../../../Engine/Content/EngineMaterials/Substrate/Glints2/dict_0003_0185.uasset" 8494
"../../../Engine/Content/EngineMaterials/Substrate/Glints2/dict_0003_0194.uasset" 8495
"../../../Engine/Content/EngineMaterials/Substrate/Glints2/dict_0003_0176.uasset" 8496
"../../../Engine/Content/EngineMaterials/Substrate/Glints2/dict_0003_0190.uasset" 8497
"../../../Engine/Content/EngineMaterials/Substrate/Glints2/dict_0003_0183.uasset" 8498
"../../../Engine/Content/EngineMaterials/Substrate/Glints2/dict_0003_0182.uasset" 8499
"../../../Engine/Content/EngineMaterials/Substrate/Glints2/dict_0003_0189.uasset" 8500
"/Engine/EngineMaterials/Substrate/Glints2/dict_0003_0168" 8501
"/Engine/EngineMaterials/Substrate/Glints2/dict_0003_0167" 8502
"/Engine/EngineMaterials/Substrate/Glints2/dict_0003_0166" 8503
"/Engine/EngineMaterials/Substrate/Glints2/dict_0003_0165" 8504
"/Engine/EngineMaterials/Substrate/Glints2/dict_0003_0161" 8505
"/Engine/EngineMaterials/Substrate/Glints2/dict_0003_0179" 8506
"/Engine/EngineMaterials/Substrate/Glints2/dict_0003_0177" 8507
"/Engine/EngineMaterials/Substrate/Glints2/dict_0003_0174" 8508
"/Engine/EngineMaterials/Substrate/Glints2/dict_0003_0172" 8509
"/Engine/EngineMaterials/Substrate/Glints2/dict_0003_0157" 8510
"/Engine/EngineMaterials/Substrate/Glints2/dict_0003_0171" 8511
"/Engine/EngineMaterials/Substrate/Glints2/dict_0003_0170" 8512
"../../../Engine/Content/EngineMaterials/Substrate/Glints2/dict_0003_0195.uasset" 8513
"../../../Engine/Content/EngineMaterials/Substrate/Glints2/dict_0003_0204.uasset" 8514
"../../../Engine/Content/EngineMaterials/Substrate/Glints2/dict_0003_0198.uasset" 8515
"../../../Engine/Content/EngineMaterials/Substrate/Glints2/dict_0003_0203.uasset" 8516
"../../../Engine/Content/EngineMaterials/Substrate/Glints2/dict_0003_0205.uasset" 8517
"../../../Engine/Content/EngineMaterials/Substrate/Glints2/dict_0003_0207.uasset" 8518
"/Engine/EngineMaterials/Substrate/Glints2/dict_0003_0194" 8519
"../../../Engine/Content/EngineMaterials/Substrate/Glints2/dict_0003_0206.uasset" 8520
"../../../Engine/Content/EngineMaterials/Substrate/Glints2/dict_0003_0200.uasset" 8521
"../../../Engine/Content/EngineMaterials/Substrate/Glints2/dict_0003_0201.uasset" 8522
"../../../Engine/Content/EngineMaterials/Substrate/Glints2/dict_0003_0199.uasset" 8523
"../../../Engine/Content/EngineMaterials/Substrate/Glints2/dict_0003_0202.uasset" 8524
"../../../Engine/Content/EngineMaterials/Substrate/Glints2/dict_0003_0196.uasset" 8525
"../../../Engine/Content/EngineMaterials/Substrate/Glints2/dict_0003_0197.uasset" 8526
"/Engine/EngineMaterials/Substrate/Glints2/dict_0003_0193" 8527
"/Engine/EngineMaterials/Substrate/Glints2/dict_0003_0192" 8528
"/Engine/EngineMaterials/Substrate/Glints2/dict_0003_0191" 8529
"/Engine/EngineMaterials/Substrate/Glints2/dict_0003_0190" 8530
"/Engine/EngineMaterials/Substrate/Glints2/dict_0003_0189" 8531
"/Engine/EngineMaterials/Substrate/Glints2/dict_0003_0188" 8532
"/Engine/EngineMaterials/Substrate/Glints2/dict_0003_0187" 8533
"/Engine/EngineMaterials/Substrate/Glints2/dict_0003_0186" 8534
"/Engine/EngineMaterials/Substrate/Glints2/dict_0003_0185" 8535
"/Engine/EngineMaterials/Substrate/Glints2/dict_0003_0184" 8536
"/Engine/EngineMaterials/Substrate/Glints2/dict_0003_0183" 8537
"/Engine/EngineMaterials/Substrate/Glints2/dict_0003_0182" 8538
"/Engine/EngineMaterials/Substrate/Glints2/dict_0003_0181" 8539
"/Engine/EngineMaterials/Substrate/Glints2/dict_0003_0180" 8540
"/Engine/EngineMaterials/Substrate/Glints2/dict_0003_0178" 8541
"/Engine/EngineMaterials/Substrate/Glints2/dict_0003_0176" 8542
"/Engine/EngineMaterials/Substrate/Glints2/dict_0003_0175" 8543
"/Engine/EngineMaterials/Substrate/Glints2/dict_0003_0173" 8544
"../../../Engine/Content/EngineMaterials/Substrate/Glints2/dict_0003_0212.uasset" 8545
"../../../Engine/Content/EngineMaterials/Substrate/Glints2/dict_0003_0215.uasset" 8546
"../../../Engine/Content/EngineMaterials/Substrate/Glints2/dict_0003_0211.uasset" 8547
"/Engine/EngineMaterials/Substrate/Glints2/dict_0003_0207" 8548
"../../../Engine/Content/EngineMaterials/Substrate/Glints2/dict_0003_0208.uasset" 8549
"../../../Engine/Content/EngineMaterials/Substrate/Glints2/dict_0003_0217.uasset" 8550
"../../../Engine/Content/EngineMaterials/Substrate/Glints2/dict_0003_0213.uasset" 8551
"../../../Engine/Content/EngineMaterials/Substrate/Glints2/dict_0003_0220.uasset" 8552
"../../../Engine/Content/EngineMaterials/Substrate/Glints2/dict_0003_0219.uasset" 8553
"../../../Engine/Content/EngineMaterials/Substrate/Glints2/dict_0003_0214.uasset" 8554
"../../../Engine/Content/EngineMaterials/Substrate/Glints2/dict_0003_0223.uasset" 8555
"../../../Engine/Content/EngineMaterials/Substrate/Glints2/dict_0003_0222.uasset" 8556
"../../../Engine/Content/EngineMaterials/Substrate/Glints2/dict_0003_0218.uasset" 8557
"../../../Engine/Content/EngineMaterials/Substrate/Glints2/dict_0003_0224.uasset" 8558
"../../../Engine/Content/EngineMaterials/Substrate/Glints2/dict_0003_0221.uasset" 8559
"../../../Engine/Content/EngineMaterials/Substrate/Glints2/dict_0003_0216.uasset" 8560
"../../../Engine/Content/EngineMaterials/Substrate/Glints2/dict_0003_0209.uasset" 8561
"../../../Engine/Content/EngineMaterials/Substrate/Glints2/dict_0003_0225.uasset" 8562
"../../../Engine/Content/EngineMaterials/Substrate/Glints2/dict_0003_0210.uasset" 8563
"../../../Engine/Content/EngineMaterials/Substrate/Glints2/dict_0003_0226.uasset" 8564
"/Engine/EngineMaterials/Substrate/Glints2/dict_0003_0206" 8565
"/Engine/EngineMaterials/Substrate/Glints2/dict_0003_0205" 8566
"/Engine/EngineMaterials/Substrate/Glints2/dict_0003_0204" 8567
"/Engine/EngineMaterials/Substrate/Glints2/dict_0003_0203" 8568
"/Engine/EngineMaterials/Substrate/Glints2/dict_0003_0202" 8569
"/Engine/EngineMaterials/Substrate/Glints2/dict_0003_0201" 8570
"/Engine/EngineMaterials/Substrate/Glints2/dict_0003_0200" 8571
"/Engine/EngineMaterials/Substrate/Glints2/dict_0003_0199" 8572
"/Engine/EngineMaterials/Substrate/Glints2/dict_0003_0198" 8573
"/Engine/EngineMaterials/Substrate/Glints2/dict_0003_0197" 8574
"/Engine/EngineMaterials/Substrate/Glints2/dict_0003_0196" 8575
"/Engine/EngineMaterials/Substrate/Glints2/dict_0003_0195" 8576
"../../../Engine/Content/EngineMaterials/Substrate/Glints2/dict_0003_0228.uasset" 8577
"../../../Engine/Content/EngineMaterials/Substrate/Glints2/dict_0003_0230.uasset" 8578
"../../../Engine/Content/EngineMaterials/Substrate/Glints2/dict_0003_0236.uasset" 8579
"../../../Engine/Content/EngineMaterials/Substrate/Glints2/dict_0003_0229.uasset" 8580
"../../../Engine/Content/EngineMaterials/Substrate/Glints2/dict_0003_0234.uasset" 8581
"../../../Engine/Content/EngineMaterials/Substrate/Glints2/dict_0003_0239.uasset" 8582
"/Engine/EngineMaterials/Substrate/Glints2/dict_0003_0226" 8583
"../../../Engine/Content/EngineMaterials/Substrate/Glints2/dict_0003_0238.uasset" 8584
"../../../Engine/Content/EngineMaterials/Substrate/Glints2/dict_0003_0237.uasset" 8585
"../../../Engine/Content/EngineMaterials/Substrate/Glints2/dict_0003_0231.uasset" 8586
"../../../Engine/Content/EngineMaterials/Substrate/Glints2/dict_0003_0233.uasset" 8587
"../../../Engine/Content/EngineMaterials/Substrate/Glints2/dict_0003_0227.uasset" 8588
"../../../Engine/Content/EngineMaterials/Substrate/Glints2/dict_0003_0235.uasset" 8589
"../../../Engine/Content/EngineMaterials/Substrate/Glints2/dict_0003_0232.uasset" 8590
"/Engine/EngineMaterials/Substrate/Glints2/dict_0003_0225" 8591
"/Engine/EngineMaterials/Substrate/Glints2/dict_0003_0224" 8592
"/Engine/EngineMaterials/Substrate/Glints2/dict_0003_0223" 8593
"/Engine/EngineMaterials/Substrate/Glints2/dict_0003_0222" 8594
"/Engine/EngineMaterials/Substrate/Glints2/dict_0003_0221" 8595
"/Engine/EngineMaterials/Substrate/Glints2/dict_0003_0220" 8596
"/Engine/EngineMaterials/Substrate/Glints2/dict_0003_0219" 8597
"/Engine/EngineMaterials/Substrate/Glints2/dict_0003_0218" 8598
"/Engine/EngineMaterials/Substrate/Glints2/dict_0003_0217" 8599
"/Engine/EngineMaterials/Substrate/Glints2/dict_0003_0216" 8600
"/Engine/EngineMaterials/Substrate/Glints2/dict_0003_0215" 8601
"/Engine/EngineMaterials/Substrate/Glints2/dict_0003_0214" 8602
"/Engine/EngineMaterials/Substrate/Glints2/dict_0003_0213" 8603
"/Engine/EngineMaterials/Substrate/Glints2/dict_0003_0212" 8604
"/Engine/EngineMaterials/Substrate/Glints2/dict_0003_0211" 8605
"/Engine/EngineMaterials/Substrate/Glints2/dict_0003_0210" 8606
"/Engine/EngineMaterials/Substrate/Glints2/dict_0003_0209" 8607
"/Engine/EngineMaterials/Substrate/Glints2/dict_0003_0208" 8608
"../../../Engine/Content/EngineMaterials/Substrate/Glints2/dict_0003_0243.uasset" 8609
"../../../Engine/Content/EngineMaterials/Substrate/Glints2/dict_0003_0242.uasset" 8610
"../../../Engine/Content/EngineMaterials/Substrate/Glints2/dict_0003_0250.uasset" 8611
"../../../Engine/Content/EngineMaterials/Substrate/Glints2/dict_0003_0249.uasset" 8612
"../../../Engine/Content/EngineMaterials/Substrate/Glints2/dict_0003_0254.uasset" 8613
"../../../Engine/Content/EngineMaterials/Substrate/Glints2/dict_0003_0253.uasset" 8614
"../../../Engine/Content/EngineMaterials/Substrate/Glints2/dict_0004_0000.uasset" 8615
"../../../Engine/Content/EngineMaterials/Substrate/Glints2/dict_0003_0245.uasset" 8616
"../../../Engine/Content/EngineMaterials/Substrate/Glints2/dict_0003_0248.uasset" 8617
"../../../Engine/Content/EngineMaterials/Substrate/Glints2/dict_0003_0252.uasset" 8618
"../../../Engine/Content/EngineMaterials/Substrate/Glints2/dict_0003_0255.uasset" 8619
"../../../Engine/Content/EngineMaterials/Substrate/Glints2/dict_0004_0001.uasset" 8620
"../../../Engine/Content/EngineMaterials/Substrate/Glints2/dict_0003_0241.uasset" 8621
"../../../Engine/Content/EngineMaterials/Substrate/Glints2/dict_0003_0240.uasset" 8622
"../../../Engine/Content/EngineMaterials/Substrate/Glints2/dict_0003_0247.uasset" 8623
"/Engine/EngineMaterials/Substrate/Glints2/dict_0003_0239" 8624
"../../../Engine/Content/EngineMaterials/Substrate/Glints2/dict_0004_0002.uasset" 8625
"../../../Engine/Content/EngineMaterials/Substrate/Glints2/dict_0003_0246.uasset" 8626
"../../../Engine/Content/EngineMaterials/Substrate/Glints2/dict_0003_0251.uasset" 8627
"../../../Engine/Content/EngineMaterials/Substrate/Glints2/dict_0003_0244.uasset" 8628
"/Engine/EngineMaterials/Substrate/Glints2/dict_0003_0238" 8629
"/Engine/EngineMaterials/Substrate/Glints2/dict_0003_0237" 8630
"/Engine/EngineMaterials/Substrate/Glints2/dict_0003_0236" 8631
"/Engine/EngineMaterials/Substrate/Glints2/dict_0003_0235" 8632
"/Engine/EngineMaterials/Substrate/Glints2/dict_0003_0234" 8633
"/Engine/EngineMaterials/Substrate/Glints2/dict_0003_0233" 8634
"/Engine/EngineMaterials/Substrate/Glints2/dict_0003_0232" 8635
"/Engine/EngineMaterials/Substrate/Glints2/dict_0003_0231" 8636
"/Engine/EngineMaterials/Substrate/Glints2/dict_0003_0230" 8637
"/Engine/EngineMaterials/Substrate/Glints2/dict_0003_0229" 8638
"/Engine/EngineMaterials/Substrate/Glints2/dict_0003_0228" 8639
"/Engine/EngineMaterials/Substrate/Glints2/dict_0003_0227" 8640
"../../../Engine/Content/EngineMaterials/Substrate/Glints2/dict_0004_0005.uasset" 8641
"../../../Engine/Content/EngineMaterials/Substrate/Glints2/dict_0004_0004.uasset" 8642
"../../../Engine/Content/EngineMaterials/Substrate/Glints2/dict_0004_0013.uasset" 8643
"../../../Engine/Content/EngineMaterials/Substrate/Glints2/dict_0004_0012.uasset" 8644
"../../../Engine/Content/EngineMaterials/Substrate/Glints2/dict_0004_0010.uasset" 8645
"../../../Engine/Content/EngineMaterials/Substrate/Glints2/dict_0004_0014.uasset" 8646
"../../../Engine/Content/EngineMaterials/Substrate/Glints2/dict_0004_0011.uasset" 8647
"/Engine/EngineMaterials/Substrate/Glints2/dict_0004_0002" 8648
"../../../Engine/Content/EngineMaterials/Substrate/Glints2/dict_0004_0015.uasset" 8649
"../../../Engine/Content/EngineMaterials/Substrate/Glints2/dict_0004_0003.uasset" 8650
"../../../Engine/Content/EngineMaterials/Substrate/Glints2/dict_0004_0007.uasset" 8651
"../../../Engine/Content/EngineMaterials/Substrate/Glints2/dict_0004_0006.uasset" 8652
"../../../Engine/Content/EngineMaterials/Substrate/Glints2/dict_0004_0008.uasset" 8653
"../../../Engine/Content/EngineMaterials/Substrate/Glints2/dict_0004_0009.uasset" 8654
"/Engine/EngineMaterials/Substrate/Glints2/dict_0004_0001" 8655
"/Engine/EngineMaterials/Substrate/Glints2/dict_0004_0000" 8656
"/Engine/EngineMaterials/Substrate/Glints2/dict_0003_0255" 8657
"/Engine/EngineMaterials/Substrate/Glints2/dict_0003_0254" 8658
"/Engine/EngineMaterials/Substrate/Glints2/dict_0003_0253" 8659
"/Engine/EngineMaterials/Substrate/Glints2/dict_0003_0252" 8660
"/Engine/EngineMaterials/Substrate/Glints2/dict_0003_0251" 8661
"/Engine/EngineMaterials/Substrate/Glints2/dict_0003_0250" 8662
"/Engine/EngineMaterials/Substrate/Glints2/dict_0003_0249" 8663
"/Engine/EngineMaterials/Substrate/Glints2/dict_0003_0248" 8664
"/Engine/EngineMaterials/Substrate/Glints2/dict_0003_0247" 8665
"/Engine/EngineMaterials/Substrate/Glints2/dict_0003_0246" 8666
"/Engine/EngineMaterials/Substrate/Glints2/dict_0003_0245" 8667
"/Engine/EngineMaterials/Substrate/Glints2/dict_0003_0244" 8668
"/Engine/EngineMaterials/Substrate/Glints2/dict_0003_0243" 8669
"/Engine/EngineMaterials/Substrate/Glints2/dict_0003_0242" 8670
"/Engine/EngineMaterials/Substrate/Glints2/dict_0003_0241" 8671
"/Engine/EngineMaterials/Substrate/Glints2/dict_0003_0240" 8672
"../../../Engine/Content/EngineMaterials/Substrate/Glints2/dict_0004_0018.uasset" 8673
"../../../Engine/Content/EngineMaterials/Substrate/Glints2/dict_0004_0017.uasset" 8674
"../../../Engine/Content/EngineMaterials/Substrate/Glints2/dict_0004_0019.uasset" 8675
"../../../Engine/Content/EngineMaterials/Substrate/Glints2/dict_0004_0016.uasset" 8676
"../../../Engine/Content/EngineMaterials/Substrate/Glints2/dict_0004_0022.uasset" 8677
"../../../Engine/Content/EngineMaterials/Substrate/Glints2/dict_0004_0029.uasset" 8678
"../../../Engine/Content/EngineMaterials/Substrate/Glints2/dict_0004_0028.uasset" 8679
"../../../Engine/Content/EngineMaterials/Substrate/Glints2/dict_0004_0024.uasset" 8680
"../../../Engine/Content/EngineMaterials/Substrate/Glints2/dict_0004_0025.uasset" 8681
"../../../Engine/Content/EngineMaterials/Substrate/Glints2/dict_0004_0023.uasset" 8682
"../../../Engine/Content/EngineMaterials/Substrate/Glints2/dict_0004_0020.uasset" 8683
"../../../Engine/Content/EngineMaterials/Substrate/Glints2/dict_0004_0033.uasset" 8684
"../../../Engine/Content/EngineMaterials/Substrate/Glints2/dict_0004_0032.uasset" 8685
"/Engine/EngineMaterials/Substrate/Glints2/dict_0004_0015" 8686
"../../../Engine/Content/EngineMaterials/Substrate/Glints2/dict_0004_0021.uasset" 8687
"../../../Engine/Content/EngineMaterials/Substrate/Glints2/dict_0004_0026.uasset" 8688
"../../../Engine/Content/EngineMaterials/Substrate/Glints2/dict_0004_0027.uasset" 8689
"../../../Engine/Content/EngineMaterials/Substrate/Glints2/dict_0004_0034.uasset" 8690
"../../../Engine/Content/EngineMaterials/Substrate/Glints2/dict_0004_0031.uasset" 8691
"../../../Engine/Content/EngineMaterials/Substrate/Glints2/dict_0004_0030.uasset" 8692
"/Engine/EngineMaterials/Substrate/Glints2/dict_0004_0014" 8693
"/Engine/EngineMaterials/Substrate/Glints2/dict_0004_0013" 8694
"/Engine/EngineMaterials/Substrate/Glints2/dict_0004_0012" 8695
"/Engine/EngineMaterials/Substrate/Glints2/dict_0004_0011" 8696
"/Engine/EngineMaterials/Substrate/Glints2/dict_0004_0010" 8697
"/Engine/EngineMaterials/Substrate/Glints2/dict_0004_0009" 8698
"/Engine/EngineMaterials/Substrate/Glints2/dict_0004_0008" 8699
"/Engine/EngineMaterials/Substrate/Glints2/dict_0004_0018" 8700
"/Engine/EngineMaterials/Substrate/Glints2/dict_0004_0017" 8701
"/Engine/EngineMaterials/Substrate/Glints2/dict_0004_0007" 8702
"/Engine/EngineMaterials/Substrate/Glints2/dict_0004_0006" 8703
"/Engine/EngineMaterials/Substrate/Glints2/dict_0004_0005" 8704
"/Engine/EngineMaterials/Substrate/Glints2/dict_0004_0004" 8705
"/Engine/EngineMaterials/Substrate/Glints2/dict_0004_0003" 8706
"../../../Engine/Content/EngineMaterials/Substrate/Glints2/dict_0004_0035.uasset" 8707
"../../../Engine/Content/EngineMaterials/Substrate/Glints2/dict_0004_0036.uasset" 8708
"../../../Engine/Content/EngineMaterials/Substrate/Glints2/dict_0004_0045.uasset" 8709
"../../../Engine/Content/EngineMaterials/Substrate/Glints2/dict_0004_0042.uasset" 8710
"../../../Engine/Content/EngineMaterials/Substrate/Glints2/dict_0004_0040.uasset" 8711
"../../../Engine/Content/EngineMaterials/Substrate/Glints2/dict_0004_0049.uasset" 8712
"../../../Engine/Content/EngineMaterials/Substrate/Glints2/dict_0004_0041.uasset" 8713
"../../../Engine/Content/EngineMaterials/Substrate/Glints2/dict_0004_0043.uasset" 8714
"/Engine/EngineMaterials/Substrate/Glints2/dict_0004_0034" 8715
"../../../Engine/Content/EngineMaterials/Substrate/Glints2/dict_0004_0039.uasset" 8716
"../../../Engine/Content/EngineMaterials/Substrate/Glints2/dict_0004_0037.uasset" 8717
"../../../Engine/Content/EngineMaterials/Substrate/Glints2/dict_0004_0044.uasset" 8718
"../../../Engine/Content/EngineMaterials/Substrate/Glints2/dict_0004_0047.uasset" 8719
"../../../Engine/Content/EngineMaterials/Substrate/Glints2/dict_0004_0038.uasset" 8720
"../../../Engine/Content/EngineMaterials/Substrate/Glints2/dict_0004_0048.uasset" 8721
"../../../Engine/Content/EngineMaterials/Substrate/Glints2/dict_0004_0046.uasset" 8722
"/Engine/EngineMaterials/Substrate/Glints2/dict_0004_0033" 8723
"/Engine/EngineMaterials/Substrate/Glints2/dict_0004_0032" 8724
"/Engine/EngineMaterials/Substrate/Glints2/dict_0004_0031" 8725
"/Engine/EngineMaterials/Substrate/Glints2/dict_0004_0030" 8726
"/Engine/EngineMaterials/Substrate/Glints2/dict_0004_0029" 8727
"/Engine/EngineMaterials/Substrate/Glints2/dict_0004_0028" 8728
"/Engine/EngineMaterials/Substrate/Glints2/dict_0004_0027" 8729
"/Engine/EngineMaterials/Substrate/Glints2/dict_0004_0026" 8730
"/Engine/EngineMaterials/Substrate/Glints2/dict_0004_0025" 8731
"/Engine/EngineMaterials/Substrate/Glints2/dict_0004_0024" 8732
"/Engine/EngineMaterials/Substrate/Glints2/dict_0004_0023" 8733
"/Engine/EngineMaterials/Substrate/Glints2/dict_0004_0022" 8734
"/Engine/EngineMaterials/Substrate/Glints2/dict_0004_0021" 8735
"/Engine/EngineMaterials/Substrate/Glints2/dict_0004_0020" 8736
"/Engine/EngineMaterials/Substrate/Glints2/dict_0004_0019" 8737
"/Engine/EngineMaterials/Substrate/Glints2/dict_0004_0016" 8738
"../../../Engine/Content/EngineMaterials/Substrate/Glints2/dict_0004_0050.uasset" 8739
"../../../Engine/Content/EngineMaterials/Substrate/Glints2/dict_0004_0051.uasset" 8740
"../../../Engine/Content/EngineMaterials/Substrate/Glints2/dict_0004_0060.uasset" 8741
"../../../Engine/Content/EngineMaterials/Substrate/Glints2/dict_0004_0062.uasset" 8742
"../../../Engine/Content/EngineMaterials/Substrate/Glints2/dict_0004_0054.uasset" 8743
"../../../Engine/Content/EngineMaterials/Substrate/Glints2/dict_0004_0052.uasset" 8744
"../../../Engine/Content/EngineMaterials/Substrate/Glints2/dict_0004_0053.uasset" 8745
"../../../Engine/Content/EngineMaterials/Substrate/Glints2/dict_0004_0063.uasset" 8746
"../../../Engine/Content/EngineMaterials/Substrate/Glints2/dict_0004_0055.uasset" 8747
"../../../Engine/Content/EngineMaterials/Substrate/Glints2/dict_0004_0064.uasset" 8748
"../../../Engine/Content/EngineMaterials/Substrate/Glints2/dict_0004_0065.uasset" 8749
"../../../Engine/Content/EngineMaterials/Substrate/Glints2/dict_0004_0061.uasset" 8750
"/Engine/EngineMaterials/Substrate/Glints2/dict_0004_0049" 8751
"../../../Engine/Content/EngineMaterials/Substrate/Glints2/dict_0004_0066.uasset" 8752
"../../../Engine/Content/EngineMaterials/Substrate/Glints2/dict_0004_0058.uasset" 8753
"../../../Engine/Content/EngineMaterials/Substrate/Glints2/dict_0004_0057.uasset" 8754
"../../../Engine/Content/EngineMaterials/Substrate/Glints2/dict_0004_0056.uasset" 8755
"../../../Engine/Content/EngineMaterials/Substrate/Glints2/dict_0004_0059.uasset" 8756
"/Engine/EngineMaterials/Substrate/Glints2/dict_0004_0048" 8757
"/Engine/EngineMaterials/Substrate/Glints2/dict_0004_0047" 8758
"/Engine/EngineMaterials/Substrate/Glints2/dict_0004_0046" 8759
"/Engine/EngineMaterials/Substrate/Glints2/dict_0004_0045" 8760
"/Engine/EngineMaterials/Substrate/Glints2/dict_0004_0044" 8761
"/Engine/EngineMaterials/Substrate/Glints2/dict_0004_0043" 8762
"/Engine/EngineMaterials/Substrate/Glints2/dict_0004_0042" 8763
"/Engine/EngineMaterials/Substrate/Glints2/dict_0004_0041" 8764
"/Engine/EngineMaterials/Substrate/Glints2/dict_0004_0040" 8765
"/Engine/EngineMaterials/Substrate/Glints2/dict_0004_0039" 8766
"/Engine/EngineMaterials/Substrate/Glints2/dict_0004_0038" 8767
"/Engine/EngineMaterials/Substrate/Glints2/dict_0004_0037" 8768
"/Engine/EngineMaterials/Substrate/Glints2/dict_0004_0036" 8769
"/Engine/EngineMaterials/Substrate/Glints2/dict_0004_0035" 8770
"../../../Engine/Content/EngineMaterials/Substrate/Glints2/dict_0004_0069.uasset" 8771
"../../../Engine/Content/EngineMaterials/Substrate/Glints2/dict_0004_0067.uasset" 8772
"../../../Engine/Content/EngineMaterials/Substrate/Glints2/dict_0004_0068.uasset" 8773
"../../../Engine/Content/EngineMaterials/Substrate/Glints2/dict_0004_0070.uasset" 8774
"../../../Engine/Content/EngineMaterials/Substrate/Glints2/dict_0004_0075.uasset" 8775
"../../../Engine/Content/EngineMaterials/Substrate/Glints2/dict_0004_0074.uasset" 8776
"../../../Engine/Content/EngineMaterials/Substrate/Glints2/dict_0004_0079.uasset" 8777
"/Engine/EngineMaterials/Substrate/Glints2/dict_0004_0066" 8778
"../../../Engine/Content/EngineMaterials/Substrate/Glints2/dict_0004_0081.uasset" 8779
"../../../Engine/Content/EngineMaterials/Substrate/Glints2/dict_0004_0072.uasset" 8780
"../../../Engine/Content/EngineMaterials/Substrate/Glints2/dict_0004_0077.uasset" 8781
"../../../Engine/Content/EngineMaterials/Substrate/Glints2/dict_0004_0078.uasset" 8782
"../../../Engine/Content/EngineMaterials/Substrate/Glints2/dict_0004_0071.uasset" 8783
"../../../Engine/Content/EngineMaterials/Substrate/Glints2/dict_0004_0080.uasset" 8784
"../../../Engine/Content/EngineMaterials/Substrate/Glints2/dict_0004_0076.uasset" 8785
"../../../Engine/Content/EngineMaterials/Substrate/Glints2/dict_0004_0073.uasset" 8786
"/Engine/EngineMaterials/Substrate/Glints2/dict_0004_0065" 8787
"/Engine/EngineMaterials/Substrate/Glints2/dict_0004_0064" 8788
"/Engine/EngineMaterials/Substrate/Glints2/dict_0004_0063" 8789
"/Engine/EngineMaterials/Substrate/Glints2/dict_0004_0062" 8790
"/Engine/EngineMaterials/Substrate/Glints2/dict_0004_0061" 8791
"/Engine/EngineMaterials/Substrate/Glints2/dict_0004_0060" 8792
"/Engine/EngineMaterials/Substrate/Glints2/dict_0004_0059" 8793
"/Engine/EngineMaterials/Substrate/Glints2/dict_0004_0058" 8794
"/Engine/EngineMaterials/Substrate/Glints2/dict_0004_0057" 8795
"/Engine/EngineMaterials/Substrate/Glints2/dict_0004_0056" 8796
"/Engine/EngineMaterials/Substrate/Glints2/dict_0004_0055" 8797
"/Engine/EngineMaterials/Substrate/Glints2/dict_0004_0054" 8798
"/Engine/EngineMaterials/Substrate/Glints2/dict_0004_0053" 8799
"/Engine/EngineMaterials/Substrate/Glints2/dict_0004_0052" 8800
"/Engine/EngineMaterials/Substrate/Glints2/dict_0004_0051" 8801
"/Engine/EngineMaterials/Substrate/Glints2/dict_0004_0050" 8802
"../../../Engine/Content/EngineMaterials/Substrate/Glints2/dict_0004_0083.uasset" 8803
"../../../Engine/Content/EngineMaterials/Substrate/Glints2/dict_0004_0082.uasset" 8804
"../../../Engine/Content/EngineMaterials/Substrate/Glints2/dict_0004_0084.uasset" 8805
"../../../Engine/Content/EngineMaterials/Substrate/Glints2/dict_0004_0086.uasset" 8806
"../../../Engine/Content/EngineMaterials/Substrate/Glints2/dict_0004_0092.uasset" 8807
"../../../Engine/Content/EngineMaterials/Substrate/Glints2/dict_0004_0094.uasset" 8808
"../../../Engine/Content/EngineMaterials/Substrate/Glints2/dict_0004_0098.uasset" 8809
"/Engine/EngineMaterials/Substrate/Glints2/dict_0004_0081" 8810
"../../../Engine/Content/EngineMaterials/Substrate/Glints2/dict_0004_0095.uasset" 8811
"../../../Engine/Content/EngineMaterials/Substrate/Glints2/dict_0004_0090.uasset" 8812
"../../../Engine/Content/EngineMaterials/Substrate/Glints2/dict_0004_0097.uasset" 8813
"../../../Engine/Content/EngineMaterials/Substrate/Glints2/dict_0004_0085.uasset" 8814
"../../../Engine/Content/EngineMaterials/Substrate/Glints2/dict_0004_0093.uasset" 8815
"../../../Engine/Content/EngineMaterials/Substrate/Glints2/dict_0004_0091.uasset" 8816
"../../../Engine/Content/EngineMaterials/Substrate/Glints2/dict_0004_0087.uasset" 8817
"../../../Engine/Content/EngineMaterials/Substrate/Glints2/dict_0004_0089.uasset" 8818
"../../../Engine/Content/EngineMaterials/Substrate/Glints2/dict_0004_0096.uasset" 8819
"../../../Engine/Content/EngineMaterials/Substrate/Glints2/dict_0004_0088.uasset" 8820
"/Engine/EngineMaterials/Substrate/Glints2/dict_0004_0080" 8821
"/Engine/EngineMaterials/Substrate/Glints2/dict_0004_0079" 8822
"/Engine/EngineMaterials/Substrate/Glints2/dict_0004_0078" 8823
"/Engine/EngineMaterials/Substrate/Glints2/dict_0004_0077" 8824
"/Engine/EngineMaterials/Substrate/Glints2/dict_0004_0076" 8825
"/Engine/EngineMaterials/Substrate/Glints2/dict_0004_0075" 8826
"/Engine/EngineMaterials/Substrate/Glints2/dict_0004_0074" 8827
"/Engine/EngineMaterials/Substrate/Glints2/dict_0004_0073" 8828
"/Engine/EngineMaterials/Substrate/Glints2/dict_0004_0072" 8829
"/Engine/EngineMaterials/Substrate/Glints2/dict_0004_0071" 8830
"/Engine/EngineMaterials/Substrate/Glints2/dict_0004_0070" 8831
"/Engine/EngineMaterials/Substrate/Glints2/dict_0004_0069" 8832
"/Engine/EngineMaterials/Substrate/Glints2/dict_0004_0068" 8833
"/Engine/EngineMaterials/Substrate/Glints2/dict_0004_0067" 8834
"../../../Engine/Content/EngineMaterials/Substrate/Glints2/dict_0004_0099.uasset" 8835
"../../../Engine/Content/EngineMaterials/Substrate/Glints2/dict_0004_0100.uasset" 8836
"../../../Engine/Content/EngineMaterials/Substrate/Glints2/dict_0004_0107.uasset" 8837
"../../../Engine/Content/EngineMaterials/Substrate/Glints2/dict_0004_0101.uasset" 8838
"../../../Engine/Content/EngineMaterials/Substrate/Glints2/dict_0004_0111.uasset" 8839
"../../../Engine/Content/EngineMaterials/Substrate/Glints2/dict_0004_0102.uasset" 8840
"../../../Engine/Content/EngineMaterials/Substrate/Glints2/dict_0004_0112.uasset" 8841
"../../../Engine/Content/EngineMaterials/Substrate/Glints2/dict_0004_0105.uasset" 8842
"../../../Engine/Content/EngineMaterials/Substrate/Glints2/dict_0004_0104.uasset" 8843
"../../../Engine/Content/EngineMaterials/Substrate/Glints2/dict_0004_0110.uasset" 8844
"../../../Engine/Content/EngineMaterials/Substrate/Glints2/dict_0004_0103.uasset" 8845
"../../../Engine/Content/EngineMaterials/Substrate/Glints2/dict_0004_0113.uasset" 8846
"../../../Engine/Content/EngineMaterials/Substrate/Glints2/dict_0004_0109.uasset" 8847
"../../../Engine/Content/EngineMaterials/Substrate/Glints2/dict_0004_0108.uasset" 8848
"/Engine/EngineMaterials/Substrate/Glints2/dict_0004_0098" 8849
"../../../Engine/Content/EngineMaterials/Substrate/Glints2/dict_0004_0106.uasset" 8850
"/Engine/EngineMaterials/Substrate/Glints2/dict_0004_0097" 8851
"/Engine/EngineMaterials/Substrate/Glints2/dict_0004_0096" 8852
"/Engine/EngineMaterials/Substrate/Glints2/dict_0004_0095" 8853
"/Engine/EngineMaterials/Substrate/Glints2/dict_0004_0094" 8854
"/Engine/EngineMaterials/Substrate/Glints2/dict_0004_0093" 8855
"/Engine/EngineMaterials/Substrate/Glints2/dict_0004_0092" 8856
"/Engine/EngineMaterials/Substrate/Glints2/dict_0004_0091" 8857
"/Engine/EngineMaterials/Substrate/Glints2/dict_0004_0090" 8858
"/Engine/EngineMaterials/Substrate/Glints2/dict_0004_0089" 8859
"/Engine/EngineMaterials/Substrate/Glints2/dict_0004_0088" 8860
"/Engine/EngineMaterials/Substrate/Glints2/dict_0004_0087" 8861
"/Engine/EngineMaterials/Substrate/Glints2/dict_0004_0086" 8862
"/Engine/EngineMaterials/Substrate/Glints2/dict_0004_0085" 8863
"/Engine/EngineMaterials/Substrate/Glints2/dict_0004_0084" 8864
"/Engine/EngineMaterials/Substrate/Glints2/dict_0004_0083" 8865
"/Engine/EngineMaterials/Substrate/Glints2/dict_0004_0082" 8866
"../../../Engine/Content/EngineMaterials/Substrate/Glints2/dict_0004_0118.uasset" 8867
"../../../Engine/Content/EngineMaterials/Substrate/Glints2/dict_0004_0119.uasset" 8868
"../../../Engine/Content/EngineMaterials/Substrate/Glints2/dict_0004_0121.uasset" 8869
"../../../Engine/Content/EngineMaterials/Substrate/Glints2/dict_0004_0116.uasset" 8870
"../../../Engine/Content/EngineMaterials/Substrate/Glints2/dict_0004_0117.uasset" 8871
"../../../Engine/Content/EngineMaterials/Substrate/Glints2/dict_0004_0130.uasset" 8872
"/Engine/EngineMaterials/Substrate/Glints2/dict_0004_0113" 8873
"../../../Engine/Content/EngineMaterials/Substrate/Glints2/dict_0004_0120.uasset" 8874
"../../../Engine/Content/EngineMaterials/Substrate/Glints2/dict_0004_0122.uasset" 8875
"../../../Engine/Content/EngineMaterials/Substrate/Glints2/dict_0004_0124.uasset" 8876
"../../../Engine/Content/EngineMaterials/Substrate/Glints2/dict_0004_0127.uasset" 8877
"../../../Engine/Content/EngineMaterials/Substrate/Glints2/dict_0004_0128.uasset" 8878
"../../../Engine/Content/EngineMaterials/Substrate/Glints2/dict_0004_0129.uasset" 8879
"../../../Engine/Content/EngineMaterials/Substrate/Glints2/dict_0004_0125.uasset" 8880
"../../../Engine/Content/EngineMaterials/Substrate/Glints2/dict_0004_0114.uasset" 8881
"../../../Engine/Content/EngineMaterials/Substrate/Glints2/dict_0004_0123.uasset" 8882
"../../../Engine/Content/EngineMaterials/Substrate/Glints2/dict_0004_0115.uasset" 8883
"../../../Engine/Content/EngineMaterials/Substrate/Glints2/dict_0004_0126.uasset" 8884
"/Engine/EngineMaterials/Substrate/Glints2/dict_0004_0112" 8885
"/Engine/EngineMaterials/Substrate/Glints2/dict_0004_0111" 8886
"/Engine/EngineMaterials/Substrate/Glints2/dict_0004_0110" 8887
"/Engine/EngineMaterials/Substrate/Glints2/dict_0004_0109" 8888
"/Engine/EngineMaterials/Substrate/Glints2/dict_0004_0108" 8889
"/Engine/EngineMaterials/Substrate/Glints2/dict_0004_0107" 8890
"/Engine/EngineMaterials/Substrate/Glints2/dict_0004_0106" 8891
"/Engine/EngineMaterials/Substrate/Glints2/dict_0004_0105" 8892
"/Engine/EngineMaterials/Substrate/Glints2/dict_0004_0104" 8893
"/Engine/EngineMaterials/Substrate/Glints2/dict_0004_0103" 8894
"/Engine/EngineMaterials/Substrate/Glints2/dict_0004_0102" 8895
"/Engine/EngineMaterials/Substrate/Glints2/dict_0004_0101" 8896
"/Engine/EngineMaterials/Substrate/Glints2/dict_0004_0100" 8897
"/Engine/EngineMaterials/Substrate/Glints2/dict_0004_0099" 8898
"../../../Engine/Content/EngineMaterials/Substrate/Glints2/dict_0004_0132.uasset" 8899
"../../../Engine/Content/EngineMaterials/Substrate/Glints2/dict_0004_0138.uasset" 8900
"../../../Engine/Content/EngineMaterials/Substrate/Glints2/dict_0004_0131.uasset" 8901
"../../../Engine/Content/EngineMaterials/Substrate/Glints2/dict_0004_0140.uasset" 8902
"../../../Engine/Content/EngineMaterials/Substrate/Glints2/dict_0004_0143.uasset" 8903
"../../../Engine/Content/EngineMaterials/Substrate/Glints2/dict_0004_0139.uasset" 8904
"../../../Engine/Content/EngineMaterials/Substrate/Glints2/dict_0004_0135.uasset" 8905
"../../../Engine/Content/EngineMaterials/Substrate/Glints2/dict_0004_0141.uasset" 8906
"../../../Engine/Content/EngineMaterials/Substrate/Glints2/dict_0004_0145.uasset" 8907
"../../../Engine/Content/EngineMaterials/Substrate/Glints2/dict_0004_0133.uasset" 8908
"../../../Engine/Content/EngineMaterials/Substrate/Glints2/dict_0004_0136.uasset" 8909
"../../../Engine/Content/EngineMaterials/Substrate/Glints2/dict_0004_0144.uasset" 8910
"../../../Engine/Content/EngineMaterials/Substrate/Glints2/dict_0004_0137.uasset" 8911
"/Engine/EngineMaterials/Substrate/Glints2/dict_0004_0130" 8912
"../../../Engine/Content/EngineMaterials/Substrate/Glints2/dict_0004_0134.uasset" 8913
"../../../Engine/Content/EngineMaterials/Substrate/Glints2/dict_0004_0142.uasset" 8914
"/Engine/EngineMaterials/Substrate/Glints2/dict_0004_0129" 8915
"/Engine/EngineMaterials/Substrate/Glints2/dict_0004_0128" 8916
"/Engine/EngineMaterials/Substrate/Glints2/dict_0004_0127" 8917
"/Engine/EngineMaterials/Substrate/Glints2/dict_0004_0126" 8918
"/Engine/EngineMaterials/Substrate/Glints2/dict_0004_0125" 8919
"/Engine/EngineMaterials/Substrate/Glints2/dict_0004_0124" 8920
"/Engine/EngineMaterials/Substrate/Glints2/dict_0004_0123" 8921
"/Engine/EngineMaterials/Substrate/Glints2/dict_0004_0122" 8922
"/Engine/EngineMaterials/Substrate/Glints2/dict_0004_0121" 8923
"/Engine/EngineMaterials/Substrate/Glints2/dict_0004_0120" 8924
"/Engine/EngineMaterials/Substrate/Glints2/dict_0004_0119" 8925
"/Engine/EngineMaterials/Substrate/Glints2/dict_0004_0118" 8926
"/Engine/EngineMaterials/Substrate/Glints2/dict_0004_0117" 8927
"/Engine/EngineMaterials/Substrate/Glints2/dict_0004_0116" 8928
"/Engine/EngineMaterials/Substrate/Glints2/dict_0004_0115" 8929
"/Engine/EngineMaterials/Substrate/Glints2/dict_0004_0114" 8930
"../../../Engine/Content/EngineMaterials/Substrate/Glints2/dict_0004_0149.uasset" 8931
"../../../Engine/Content/EngineMaterials/Substrate/Glints2/dict_0004_0148.uasset" 8932
"../../../Engine/Content/EngineMaterials/Substrate/Glints2/dict_0004_0160.uasset" 8933
"../../../Engine/Content/EngineMaterials/Substrate/Glints2/dict_0004_0146.uasset" 8934
"/Engine/EngineMaterials/Substrate/Glints2/dict_0004_0145" 8935
"../../../Engine/Content/EngineMaterials/Substrate/Glints2/dict_0004_0147.uasset" 8936
"../../../Engine/Content/EngineMaterials/Substrate/Glints2/dict_0004_0152.uasset" 8937
"../../../Engine/Content/EngineMaterials/Substrate/Glints2/dict_0004_0159.uasset" 8938
"../../../Engine/Content/EngineMaterials/Substrate/Glints2/dict_0004_0157.uasset" 8939
"../../../Engine/Content/EngineMaterials/Substrate/Glints2/dict_0004_0156.uasset" 8940
"../../../Engine/Content/EngineMaterials/Substrate/Glints2/dict_0004_0154.uasset" 8941
"../../../Engine/Content/EngineMaterials/Substrate/Glints2/dict_0004_0158.uasset" 8942
"../../../Engine/Content/EngineMaterials/Substrate/Glints2/dict_0004_0151.uasset" 8943
"../../../Engine/Content/EngineMaterials/Substrate/Glints2/dict_0004_0150.uasset" 8944
"../../../Engine/Content/EngineMaterials/Substrate/Glints2/dict_0004_0155.uasset" 8945
"../../../Engine/Content/EngineMaterials/Substrate/Glints2/dict_0004_0153.uasset" 8946
"../../../Engine/Content/EngineMaterials/Substrate/Glints2/dict_0004_0162.uasset" 8947
"../../../Engine/Content/EngineMaterials/Substrate/Glints2/dict_0004_0161.uasset" 8948
"/Engine/EngineMaterials/Substrate/Glints2/dict_0004_0144" 8949
"/Engine/EngineMaterials/Substrate/Glints2/dict_0004_0143" 8950
"/Engine/EngineMaterials/Substrate/Glints2/dict_0004_0142" 8951
"/Engine/EngineMaterials/Substrate/Glints2/dict_0004_0141" 8952
"/Engine/EngineMaterials/Substrate/Glints2/dict_0004_0140" 8953
"/Engine/EngineMaterials/Substrate/Glints2/dict_0004_0139" 8954
"/Engine/EngineMaterials/Substrate/Glints2/dict_0004_0138" 8955
"/Engine/EngineMaterials/Substrate/Glints2/dict_0004_0137" 8956
"/Engine/EngineMaterials/Substrate/Glints2/dict_0004_0136" 8957
"/Engine/EngineMaterials/Substrate/Glints2/dict_0004_0135" 8958
"/Engine/EngineMaterials/Substrate/Glints2/dict_0004_0134" 8959
"/Engine/EngineMaterials/Substrate/Glints2/dict_0004_0133" 8960
"/Engine/EngineMaterials/Substrate/Glints2/dict_0004_0132" 8961
"/Engine/EngineMaterials/Substrate/Glints2/dict_0004_0131" 8962
"../../../Engine/Content/EngineMaterials/Substrate/Glints2/dict_0004_0164.uasset" 8963
"../../../Engine/Content/EngineMaterials/Substrate/Glints2/dict_0004_0168.uasset" 8964
"../../../Engine/Content/EngineMaterials/Substrate/Glints2/dict_0004_0171.uasset" 8965
"../../../Engine/Content/EngineMaterials/Substrate/Glints2/dict_0004_0172.uasset" 8966
"../../../Engine/Content/EngineMaterials/Substrate/Glints2/dict_0004_0174.uasset" 8967
"../../../Engine/Content/EngineMaterials/Substrate/Glints2/dict_0004_0169.uasset" 8968
"../../../Engine/Content/EngineMaterials/Substrate/Glints2/dict_0004_0165.uasset" 8969
"../../../Engine/Content/EngineMaterials/Substrate/Glints2/dict_0004_0176.uasset" 8970
"../../../Engine/Content/EngineMaterials/Substrate/Glints2/dict_0004_0166.uasset" 8971
"../../../Engine/Content/EngineMaterials/Substrate/Glints2/dict_0004_0175.uasset" 8972
"../../../Engine/Content/EngineMaterials/Substrate/Glints2/dict_0004_0167.uasset" 8973
"../../../Engine/Content/EngineMaterials/Substrate/Glints2/dict_0004_0173.uasset" 8974
"../../../Engine/Content/EngineMaterials/Substrate/Glints2/dict_0004_0177.uasset" 8975
"../../../Engine/Content/EngineMaterials/Substrate/Glints2/dict_0004_0163.uasset" 8976
"/Engine/EngineMaterials/Substrate/Glints2/dict_0004_0162" 8977
"../../../Engine/Content/EngineMaterials/Substrate/Glints2/dict_0004_0170.uasset" 8978
"/Engine/EngineMaterials/Substrate/Glints2/dict_0004_0161" 8979
"/Engine/EngineMaterials/Substrate/Glints2/dict_0004_0160" 8980
"/Engine/EngineMaterials/Substrate/Glints2/dict_0004_0159" 8981
"/Engine/EngineMaterials/Substrate/Glints2/dict_0004_0158" 8982
"/Engine/EngineMaterials/Substrate/Glints2/dict_0004_0157" 8983
"/Engine/EngineMaterials/Substrate/Glints2/dict_0004_0156" 8984
"/Engine/EngineMaterials/Substrate/Glints2/dict_0004_0155" 8985
"/Engine/EngineMaterials/Substrate/Glints2/dict_0004_0154" 8986
"/Engine/EngineMaterials/Substrate/Glints2/dict_0004_0153" 8987
"/Engine/EngineMaterials/Substrate/Glints2/dict_0004_0152" 8988
"/Engine/EngineMaterials/Substrate/Glints2/dict_0004_0151" 8989
"/Engine/EngineMaterials/Substrate/Glints2/dict_0004_0150" 8990
"/Engine/EngineMaterials/Substrate/Glints2/dict_0004_0149" 8991
"/Engine/EngineMaterials/Substrate/Glints2/dict_0004_0148" 8992
"/Engine/EngineMaterials/Substrate/Glints2/dict_0004_0147" 8993
"/Engine/EngineMaterials/Substrate/Glints2/dict_0004_0146" 8994
"../../../Engine/Content/EngineMaterials/Substrate/Glints2/dict_0004_0178.uasset" 8995
"../../../Engine/Content/EngineMaterials/Substrate/Glints2/dict_0004_0180.uasset" 8996
"../../../Engine/Content/EngineMaterials/Substrate/Glints2/dict_0004_0193.uasset" 8997
"../../../Engine/Content/EngineMaterials/Substrate/Glints2/dict_0004_0179.uasset" 8998
"../../../Engine/Content/EngineMaterials/Substrate/Glints2/dict_0004_0186.uasset" 8999
"../../../Engine/Content/EngineMaterials/Substrate/Glints2/dict_0004_0189.uasset" 9000
"../../../Engine/Content/EngineMaterials/Substrate/Glints2/dict_0004_0187.uasset" 9001
"../../../Engine/Content/EngineMaterials/Substrate/Glints2/dict_0004_0188.uasset" 9002
"../../../Engine/Content/EngineMaterials/Substrate/Glints2/dict_0004_0182.uasset" 9003
"../../../Engine/Content/EngineMaterials/Substrate/Glints2/dict_0004_0183.uasset" 9004
"../../../Engine/Content/EngineMaterials/Substrate/Glints2/dict_0004_0185.uasset" 9005
"../../../Engine/Content/EngineMaterials/Substrate/Glints2/dict_0004_0190.uasset" 9006
"../../../Engine/Content/EngineMaterials/Substrate/Glints2/dict_0004_0194.uasset" 9007
"../../../Engine/Content/EngineMaterials/Substrate/Glints2/dict_0004_0181.uasset" 9008
"../../../Engine/Content/EngineMaterials/Substrate/Glints2/dict_0004_0192.uasset" 9009
"../../../Engine/Content/EngineMaterials/Substrate/Glints2/dict_0004_0191.uasset" 9010
"/Engine/EngineMaterials/Substrate/Glints2/dict_0004_0177" 9011
"../../../Engine/Content/EngineMaterials/Substrate/Glints2/dict_0004_0184.uasset" 9012
"/Engine/EngineMaterials/Substrate/Glints2/dict_0004_0176" 9013
"/Engine/EngineMaterials/Substrate/Glints2/dict_0004_0175" 9014
"/Engine/EngineMaterials/Substrate/Glints2/dict_0004_0174" 9015
"/Engine/EngineMaterials/Substrate/Glints2/dict_0004_0173" 9016
"/Engine/EngineMaterials/Substrate/Glints2/dict_0004_0172" 9017
"/Engine/EngineMaterials/Substrate/Glints2/dict_0004_0171" 9018
"/Engine/EngineMaterials/Substrate/Glints2/dict_0004_0170" 9019
"/Engine/EngineMaterials/Substrate/Glints2/dict_0004_0169" 9020
"/Engine/EngineMaterials/Substrate/Glints2/dict_0004_0168" 9021
"/Engine/EngineMaterials/Substrate/Glints2/dict_0004_0167" 9022
"/Engine/EngineMaterials/Substrate/Glints2/dict_0004_0166" 9023
"/Engine/EngineMaterials/Substrate/Glints2/dict_0004_0165" 9024
"/Engine/EngineMaterials/Substrate/Glints2/dict_0004_0164" 9025
"/Engine/EngineMaterials/Substrate/Glints2/dict_0004_0163" 9026
"../../../Engine/Content/EngineMaterials/Substrate/Glints2/dict_0004_0195.uasset" 9027
"../../../Engine/Content/EngineMaterials/Substrate/Glints2/dict_0004_0196.uasset" 9028
"../../../Engine/Content/EngineMaterials/Substrate/Glints2/dict_0004_0205.uasset" 9029
"../../../Engine/Content/EngineMaterials/Substrate/Glints2/dict_0004_0206.uasset" 9030
"../../../Engine/Content/EngineMaterials/Substrate/Glints2/dict_0004_0198.uasset" 9031
"../../../Engine/Content/EngineMaterials/Substrate/Glints2/dict_0004_0202.uasset" 9032
"../../../Engine/Content/EngineMaterials/Substrate/Glints2/dict_0004_0209.uasset" 9033
"../../../Engine/Content/EngineMaterials/Substrate/Glints2/dict_0004_0199.uasset" 9034
"../../../Engine/Content/EngineMaterials/Substrate/Glints2/dict_0004_0204.uasset" 9035
"../../../Engine/Content/EngineMaterials/Substrate/Glints2/dict_0004_0203.uasset" 9036
"../../../Engine/Content/EngineMaterials/Substrate/Glints2/dict_0004_0201.uasset" 9037
"../../../Engine/Content/EngineMaterials/Substrate/Glints2/dict_0004_0208.uasset" 9038
"../../../Engine/Content/EngineMaterials/Substrate/Glints2/dict_0004_0207.uasset" 9039
"/Engine/EngineMaterials/Substrate/Glints2/dict_0004_0194" 9040
"../../../Engine/Content/EngineMaterials/Substrate/Glints2/dict_0004_0197.uasset" 9041
"../../../Engine/Content/EngineMaterials/Substrate/Glints2/dict_0004_0200.uasset" 9042
"/Engine/EngineMaterials/Substrate/Glints2/dict_0004_0193" 9043
"/Engine/EngineMaterials/Substrate/Glints2/dict_0004_0192" 9044
"/Engine/EngineMaterials/Substrate/Glints2/dict_0004_0191" 9045
"/Engine/EngineMaterials/Substrate/Glints2/dict_0004_0190" 9046
"/Engine/EngineMaterials/Substrate/Glints2/dict_0004_0189" 9047
"/Engine/EngineMaterials/Substrate/Glints2/dict_0004_0188" 9048
"/Engine/EngineMaterials/Substrate/Glints2/dict_0004_0187" 9049
"/Engine/EngineMaterials/Substrate/Glints2/dict_0004_0186" 9050
"/Engine/EngineMaterials/Substrate/Glints2/dict_0004_0185" 9051
"/Engine/EngineMaterials/Substrate/Glints2/dict_0004_0184" 9052
"/Engine/EngineMaterials/Substrate/Glints2/dict_0004_0183" 9053
"/Engine/EngineMaterials/Substrate/Glints2/dict_0004_0182" 9054
"/Engine/EngineMaterials/Substrate/Glints2/dict_0004_0181" 9055
"/Engine/EngineMaterials/Substrate/Glints2/dict_0004_0180" 9056
"/Engine/EngineMaterials/Substrate/Glints2/dict_0004_0179" 9057
"/Engine/EngineMaterials/Substrate/Glints2/dict_0004_0178" 9058
"../../../Engine/Content/EngineMaterials/Substrate/Glints2/dict_0004_0211.uasset" 9059
"../../../Engine/Content/EngineMaterials/Substrate/Glints2/dict_0004_0210.uasset" 9060
"../../../Engine/Content/EngineMaterials/Substrate/Glints2/dict_0004_0216.uasset" 9061
"../../../Engine/Content/EngineMaterials/Substrate/Glints2/dict_0004_0213.uasset" 9062
"../../../Engine/Content/EngineMaterials/Substrate/Glints2/dict_0004_0222.uasset" 9063
"../../../Engine/Content/EngineMaterials/Substrate/Glints2/dict_0004_0219.uasset" 9064
"../../../Engine/Content/EngineMaterials/Substrate/Glints2/dict_0004_0224.uasset" 9065
"../../../Engine/Content/EngineMaterials/Substrate/Glints2/dict_0004_0225.uasset" 9066
"/Engine/EngineMaterials/Substrate/Glints2/dict_0004_0209" 9067
"../../../Engine/Content/EngineMaterials/Substrate/Glints2/dict_0004_0223.uasset" 9068
"../../../Engine/Content/EngineMaterials/Substrate/Glints2/dict_0004_0217.uasset" 9069
"../../../Engine/Content/EngineMaterials/Substrate/Glints2/dict_0004_0226.uasset" 9070
"../../../Engine/Content/EngineMaterials/Substrate/Glints2/dict_0004_0215.uasset" 9071
"../../../Engine/Content/EngineMaterials/Substrate/Glints2/dict_0004_0214.uasset" 9072
"../../../Engine/Content/EngineMaterials/Substrate/Glints2/dict_0004_0221.uasset" 9073
"../../../Engine/Content/EngineMaterials/Substrate/Glints2/dict_0004_0218.uasset" 9074
"../../../Engine/Content/EngineMaterials/Substrate/Glints2/dict_0004_0212.uasset" 9075
"../../../Engine/Content/EngineMaterials/Substrate/Glints2/dict_0004_0220.uasset" 9076
"/Engine/EngineMaterials/Substrate/Glints2/dict_0004_0208" 9077
"/Engine/EngineMaterials/Substrate/Glints2/dict_0004_0207" 9078
"/Engine/EngineMaterials/Substrate/Glints2/dict_0004_0206" 9079
"/Engine/EngineMaterials/Substrate/Glints2/dict_0004_0205" 9080
"/Engine/EngineMaterials/Substrate/Glints2/dict_0004_0204" 9081
"/Engine/EngineMaterials/Substrate/Glints2/dict_0004_0203" 9082
"/Engine/EngineMaterials/Substrate/Glints2/dict_0004_0202" 9083
"/Engine/EngineMaterials/Substrate/Glints2/dict_0004_0201" 9084
"/Engine/EngineMaterials/Substrate/Glints2/dict_0004_0200" 9085
"/Engine/EngineMaterials/Substrate/Glints2/dict_0004_0199" 9086
"/Engine/EngineMaterials/Substrate/Glints2/dict_0004_0198" 9087
"/Engine/EngineMaterials/Substrate/Glints2/dict_0004_0197" 9088
"/Engine/EngineMaterials/Substrate/Glints2/dict_0004_0196" 9089
"/Engine/EngineMaterials/Substrate/Glints2/dict_0004_0195" 9090
"../../../Engine/Content/EngineMaterials/Substrate/Glints2/dict_0004_0227.uasset" 9091
"../../../Engine/Content/EngineMaterials/Substrate/Glints2/dict_0004_0228.uasset" 9092
"../../../Engine/Content/EngineMaterials/Substrate/Glints2/dict_0004_0229.uasset" 9093
"../../../Engine/Content/EngineMaterials/Substrate/Glints2/dict_0004_0241.uasset" 9094
"../../../Engine/Content/EngineMaterials/Substrate/Glints2/dict_0004_0232.uasset" 9095
"../../../Engine/Content/EngineMaterials/Substrate/Glints2/dict_0004_0236.uasset" 9096
"../../../Engine/Content/EngineMaterials/Substrate/Glints2/dict_0004_0240.uasset" 9097
"../../../Engine/Content/EngineMaterials/Substrate/Glints2/dict_0004_0239.uasset" 9098
"/Engine/EngineMaterials/Substrate/Glints2/dict_0004_0226" 9099
"../../../Engine/Content/EngineMaterials/Substrate/Glints2/dict_0004_0235.uasset" 9100
"../../../Engine/Content/EngineMaterials/Substrate/Glints2/dict_0004_0237.uasset" 9101
"../../../Engine/Content/EngineMaterials/Substrate/Glints2/dict_0004_0231.uasset" 9102
"../../../Engine/Content/EngineMaterials/Substrate/Glints2/dict_0004_0234.uasset" 9103
"../../../Engine/Content/EngineMaterials/Substrate/Glints2/dict_0004_0238.uasset" 9104
"../../../Engine/Content/EngineMaterials/Substrate/Glints2/dict_0004_0233.uasset" 9105
"../../../Engine/Content/EngineMaterials/Substrate/Glints2/dict_0004_0230.uasset" 9106
"/Engine/EngineMaterials/Substrate/Glints2/dict_0004_0225" 9107
"/Engine/EngineMaterials/Substrate/Glints2/dict_0004_0224" 9108
"/Engine/EngineMaterials/Substrate/Glints2/dict_0004_0223" 9109
"/Engine/EngineMaterials/Substrate/Glints2/dict_0004_0222" 9110
"/Engine/EngineMaterials/Substrate/Glints2/dict_0004_0221" 9111
"/Engine/EngineMaterials/Substrate/Glints2/dict_0004_0220" 9112
"/Engine/EngineMaterials/Substrate/Glints2/dict_0004_0219" 9113
"/Engine/EngineMaterials/Substrate/Glints2/dict_0004_0218" 9114
"/Engine/EngineMaterials/Substrate/Glints2/dict_0004_0217" 9115
"/Engine/EngineMaterials/Substrate/Glints2/dict_0004_0216" 9116
"/Engine/EngineMaterials/Substrate/Glints2/dict_0004_0215" 9117
"/Engine/EngineMaterials/Substrate/Glints2/dict_0004_0214" 9118
"/Engine/EngineMaterials/Substrate/Glints2/dict_0004_0213" 9119
"/Engine/EngineMaterials/Substrate/Glints2/dict_0004_0212" 9120
"/Engine/EngineMaterials/Substrate/Glints2/dict_0004_0211" 9121
"/Engine/EngineMaterials/Substrate/Glints2/dict_0004_0210" 9122
"../../../Engine/Content/EngineMaterials/Substrate/Glints2/dict_0004_0242.uasset" 9123
"../../../Engine/Content/EngineMaterials/Substrate/Glints2/dict_0004_0251.uasset" 9124
"../../../Engine/Content/EngineMaterials/Substrate/Glints2/dict_0004_0248.uasset" 9125
"../../../Engine/Content/EngineMaterials/Substrate/Glints2/dict_0004_0246.uasset" 9126
"../../../Engine/Content/EngineMaterials/Substrate/Glints2/dict_0004_0245.uasset" 9127
"../../../Engine/Content/EngineMaterials/Substrate/Glints2/dict_0004_0249.uasset" 9128
"../../../Engine/Content/EngineMaterials/Substrate/Glints2/dict_0004_0252.uasset" 9129
"../../../Engine/Content/EngineMaterials/Substrate/Glints2/dict_0004_0244.uasset" 9130
"../../../Engine/Content/EngineMaterials/Substrate/Glints2/dict_0004_0255.uasset" 9131
"../../../Engine/Content/EngineMaterials/Substrate/Glints2/dict_0005_0002.uasset" 9132
"../../../Engine/Content/EngineMaterials/Substrate/Glints2/dict_0005_0000.uasset" 9133
"../../../Engine/Content/EngineMaterials/Substrate/Glints2/dict_0004_0254.uasset" 9134
"../../../Engine/Content/EngineMaterials/Substrate/Glints2/dict_0004_0247.uasset" 9135
"../../../Engine/Content/EngineMaterials/Substrate/Glints2/dict_0004_0243.uasset" 9136
"/Engine/EngineMaterials/Substrate/Glints2/dict_0004_0241" 9137
"../../../Engine/Content/EngineMaterials/Substrate/Glints2/dict_0004_0253.uasset" 9138
"../../../Engine/Content/EngineMaterials/Substrate/Glints2/dict_0005_0001.uasset" 9139
"../../../Engine/Content/EngineMaterials/Substrate/Glints2/dict_0004_0250.uasset" 9140
"/Engine/EngineMaterials/Substrate/Glints2/dict_0004_0240" 9141
"/Engine/EngineMaterials/Substrate/Glints2/dict_0004_0239" 9142
"/Engine/EngineMaterials/Substrate/Glints2/dict_0004_0238" 9143
"/Engine/EngineMaterials/Substrate/Glints2/dict_0004_0237" 9144
"/Engine/EngineMaterials/Substrate/Glints2/dict_0004_0248" 9145
"/Engine/EngineMaterials/Substrate/Glints2/dict_0004_0245" 9146
"/Engine/EngineMaterials/Substrate/Glints2/dict_0004_0236" 9147
"/Engine/EngineMaterials/Substrate/Glints2/dict_0004_0235" 9148
"/Engine/EngineMaterials/Substrate/Glints2/dict_0004_0234" 9149
"/Engine/EngineMaterials/Substrate/Glints2/dict_0004_0233" 9150
"/Engine/EngineMaterials/Substrate/Glints2/dict_0004_0232" 9151
"/Engine/EngineMaterials/Substrate/Glints2/dict_0004_0231" 9152
"/Engine/EngineMaterials/Substrate/Glints2/dict_0004_0242" 9153
"/Engine/EngineMaterials/Substrate/Glints2/dict_0004_0230" 9154
"/Engine/EngineMaterials/Substrate/Glints2/dict_0004_0229" 9155
"/Engine/EngineMaterials/Substrate/Glints2/dict_0004_0228" 9156
"/Engine/EngineMaterials/Substrate/Glints2/dict_0004_0227" 9157
"../../../Engine/Content/EngineMaterials/Substrate/Glints2/dict_0005_0004.uasset" 9158
"../../../Engine/Content/EngineMaterials/Substrate/Glints2/dict_0005_0003.uasset" 9159
"../../../Engine/Content/EngineMaterials/Substrate/Glints2/dict_0005_0005.uasset" 9160
"../../../Engine/Content/EngineMaterials/Substrate/Glints2/dict_0005_0006.uasset" 9161
"../../../Engine/Content/EngineMaterials/Substrate/Glints2/dict_0005_0008.uasset" 9162
"../../../Engine/Content/EngineMaterials/Substrate/Glints2/dict_0005_0018.uasset" 9163
"../../../Engine/Content/EngineMaterials/Substrate/Glints2/dict_0005_0012.uasset" 9164
"../../../Engine/Content/EngineMaterials/Substrate/Glints2/dict_0005_0016.uasset" 9165
"/Engine/EngineMaterials/Substrate/Glints2/dict_0005_0002" 9166
"../../../Engine/Content/EngineMaterials/Substrate/Glints2/dict_0005_0019.uasset" 9167
"../../../Engine/Content/EngineMaterials/Substrate/Glints2/dict_0005_0017.uasset" 9168
"../../../Engine/Content/EngineMaterials/Substrate/Glints2/dict_0005_0015.uasset" 9169
"../../../Engine/Content/EngineMaterials/Substrate/Glints2/dict_0005_0009.uasset" 9170
"../../../Engine/Content/EngineMaterials/Substrate/Glints2/dict_0005_0010.uasset" 9171
"../../../Engine/Content/EngineMaterials/Substrate/Glints2/dict_0005_0020.uasset" 9172
"../../../Engine/Content/EngineMaterials/Substrate/Glints2/dict_0005_0014.uasset" 9173
"../../../Engine/Content/EngineMaterials/Substrate/Glints2/dict_0005_0013.uasset" 9174
"../../../Engine/Content/EngineMaterials/Substrate/Glints2/dict_0005_0007.uasset" 9175
"../../../Engine/Content/EngineMaterials/Substrate/Glints2/dict_0005_0011.uasset" 9176
"/Engine/EngineMaterials/Substrate/Glints2/dict_0005_0001" 9177
"/Engine/EngineMaterials/Substrate/Glints2/dict_0005_0000" 9178
"/Engine/EngineMaterials/Substrate/Glints2/dict_0004_0255" 9179
"/Engine/EngineMaterials/Substrate/Glints2/dict_0004_0254" 9180
"/Engine/EngineMaterials/Substrate/Glints2/dict_0004_0253" 9181
"/Engine/EngineMaterials/Substrate/Glints2/dict_0004_0252" 9182
"/Engine/EngineMaterials/Substrate/Glints2/dict_0004_0251" 9183
"/Engine/EngineMaterials/Substrate/Glints2/dict_0004_0250" 9184
"/Engine/EngineMaterials/Substrate/Glints2/dict_0004_0249" 9185
"/Engine/EngineMaterials/Substrate/Glints2/dict_0004_0247" 9186
"/Engine/EngineMaterials/Substrate/Glints2/dict_0004_0246" 9187
"/Engine/EngineMaterials/Substrate/Glints2/dict_0004_0244" 9188
"/Engine/EngineMaterials/Substrate/Glints2/dict_0004_0243" 9189
"../../../Engine/Content/EngineMaterials/Substrate/Glints2/dict_0005_0022.uasset" 9190
"../../../Engine/Content/EngineMaterials/Substrate/Glints2/dict_0005_0026.uasset" 9191
"../../../Engine/Content/EngineMaterials/Substrate/Glints2/dict_0005_0032.uasset" 9192
"../../../Engine/Content/EngineMaterials/Substrate/Glints2/dict_0005_0031.uasset" 9193
"/Engine/EngineMaterials/Substrate/Glints2/dict_0005_0020" 9194
"../../../Engine/Content/EngineMaterials/Substrate/Glints2/dict_0005_0023.uasset" 9195
"../../../Engine/Content/EngineMaterials/Substrate/Glints2/dict_0005_0027.uasset" 9196
"../../../Engine/Content/EngineMaterials/Substrate/Glints2/dict_0005_0021.uasset" 9197
"../../../Engine/Content/EngineMaterials/Substrate/Glints2/dict_0005_0029.uasset" 9198
"../../../Engine/Content/EngineMaterials/Substrate/Glints2/dict_0005_0034.uasset" 9199
"../../../Engine/Content/EngineMaterials/Substrate/Glints2/dict_0005_0028.uasset" 9200
"../../../Engine/Content/EngineMaterials/Substrate/Glints2/dict_0005_0024.uasset" 9201
"../../../Engine/Content/EngineMaterials/Substrate/Glints2/dict_0005_0025.uasset" 9202
"../../../Engine/Content/EngineMaterials/Substrate/Glints2/dict_0005_0033.uasset" 9203
"../../../Engine/Content/EngineMaterials/Substrate/Glints2/dict_0005_0030.uasset" 9204
"/Engine/EngineMaterials/Substrate/Glints2/dict_0005_0019" 9205
"/Engine/EngineMaterials/Substrate/Glints2/dict_0005_0018" 9206
"/Engine/EngineMaterials/Substrate/Glints2/dict_0005_0017" 9207
"/Engine/EngineMaterials/Substrate/Glints2/dict_0005_0016" 9208
"/Engine/EngineMaterials/Substrate/Glints2/dict_0005_0015" 9209
"/Engine/EngineMaterials/Substrate/Glints2/dict_0005_0014" 9210
"/Engine/EngineMaterials/Substrate/Glints2/dict_0005_0013" 9211
"/Engine/EngineMaterials/Substrate/Glints2/dict_0005_0012" 9212
"/Engine/EngineMaterials/Substrate/Glints2/dict_0005_0011" 9213
"/Engine/EngineMaterials/Substrate/Glints2/dict_0005_0010" 9214
"/Engine/EngineMaterials/Substrate/Glints2/dict_0005_0009" 9215
"/Engine/EngineMaterials/Substrate/Glints2/dict_0005_0008" 9216
"/Engine/EngineMaterials/Substrate/Glints2/dict_0005_0007" 9217
"/Engine/EngineMaterials/Substrate/Glints2/dict_0005_0006" 9218
"/Engine/EngineMaterials/Substrate/Glints2/dict_0005_0005" 9219
"/Engine/EngineMaterials/Substrate/Glints2/dict_0005_0004" 9220
"/Engine/EngineMaterials/Substrate/Glints2/dict_0005_0003" 9221
"../../../Engine/Content/EngineMaterials/Substrate/Glints2/dict_0005_0035.uasset" 9222
"../../../Engine/Content/EngineMaterials/Substrate/Glints2/dict_0005_0036.uasset" 9223
"../../../Engine/Content/EngineMaterials/Substrate/Glints2/dict_0005_0037.uasset" 9224
"../../../Engine/Content/EngineMaterials/Substrate/Glints2/dict_0005_0044.uasset" 9225
"../../../Engine/Content/EngineMaterials/Substrate/Glints2/dict_0005_0045.uasset" 9226
"../../../Engine/Content/EngineMaterials/Substrate/Glints2/dict_0005_0043.uasset" 9227
"../../../Engine/Content/EngineMaterials/Substrate/Glints2/dict_0005_0042.uasset" 9228
"../../../Engine/Content/EngineMaterials/Substrate/Glints2/dict_0005_0046.uasset" 9229
"../../../Engine/Content/EngineMaterials/Substrate/Glints2/dict_0005_0049.uasset" 9230
"../../../Engine/Content/EngineMaterials/Substrate/Glints2/dict_0005_0050.uasset" 9231
"../../../Engine/Content/EngineMaterials/Substrate/Glints2/dict_0005_0051.uasset" 9232
"../../../Engine/Content/EngineMaterials/Substrate/Glints2/dict_0005_0048.uasset" 9233
"../../../Engine/Content/EngineMaterials/Substrate/Glints2/dict_0005_0038.uasset" 9234
"../../../Engine/Content/EngineMaterials/Substrate/Glints2/dict_0005_0039.uasset" 9235
"../../../Engine/Content/EngineMaterials/Substrate/Glints2/dict_0005_0041.uasset" 9236
"../../../Engine/Content/EngineMaterials/Substrate/Glints2/dict_0005_0052.uasset" 9237
"../../../Engine/Content/EngineMaterials/Substrate/Glints2/dict_0005_0040.uasset" 9238
"/Engine/EngineMaterials/Substrate/Glints2/dict_0005_0034" 9239
"../../../Engine/Content/EngineMaterials/Substrate/Glints2/dict_0005_0047.uasset" 9240
"/Engine/EngineMaterials/Substrate/Glints2/dict_0005_0033" 9241
"/Engine/EngineMaterials/Substrate/Glints2/dict_0005_0032" 9242
"/Engine/EngineMaterials/Substrate/Glints2/dict_0005_0031" 9243
"/Engine/EngineMaterials/Substrate/Glints2/dict_0005_0030" 9244
"/Engine/EngineMaterials/Substrate/Glints2/dict_0005_0029" 9245
"/Engine/EngineMaterials/Substrate/Glints2/dict_0005_0028" 9246
"/Engine/EngineMaterials/Substrate/Glints2/dict_0005_0027" 9247
"/Engine/EngineMaterials/Substrate/Glints2/dict_0005_0026" 9248
"/Engine/EngineMaterials/Substrate/Glints2/dict_0005_0025" 9249
"/Engine/EngineMaterials/Substrate/Glints2/dict_0005_0024" 9250
"/Engine/EngineMaterials/Substrate/Glints2/dict_0005_0023" 9251
"/Engine/EngineMaterials/Substrate/Glints2/dict_0005_0022" 9252
"/Engine/EngineMaterials/Substrate/Glints2/dict_0005_0021" 9253
"/Engine/EngineMaterials/Substrate/Glints2/dict_0005_0036" 9254
"/Engine/EngineMaterials/Substrate/Glints2/dict_0005_0035" 9255
"../../../Engine/Content/EngineMaterials/Substrate/Glints2/dict_0005_0056.uasset" 9256
"../../../Engine/Content/EngineMaterials/Substrate/Glints2/dict_0005_0053.uasset" 9257
"../../../Engine/Content/EngineMaterials/Substrate/Glints2/dict_0005_0057.uasset" 9258
"../../../Engine/Content/EngineMaterials/Substrate/Glints2/dict_0005_0061.uasset" 9259
"../../../Engine/Content/EngineMaterials/Substrate/Glints2/dict_0005_0068.uasset" 9260
"../../../Engine/Content/EngineMaterials/Substrate/Glints2/dict_0005_0055.uasset" 9261
"../../../Engine/Content/EngineMaterials/Substrate/Glints2/dict_0005_0060.uasset" 9262
"../../../Engine/Content/EngineMaterials/Substrate/Glints2/dict_0005_0067.uasset" 9263
"../../../Engine/Content/EngineMaterials/Substrate/Glints2/dict_0005_0065.uasset" 9264
"../../../Engine/Content/EngineMaterials/Substrate/Glints2/dict_0005_0066.uasset" 9265
"../../../Engine/Content/EngineMaterials/Substrate/Glints2/dict_0005_0063.uasset" 9266
"../../../Engine/Content/EngineMaterials/Substrate/Glints2/dict_0005_0064.uasset" 9267
"../../../Engine/Content/EngineMaterials/Substrate/Glints2/dict_0005_0054.uasset" 9268
"../../../Engine/Content/EngineMaterials/Substrate/Glints2/dict_0005_0059.uasset" 9269
"../../../Engine/Content/EngineMaterials/Substrate/Glints2/dict_0005_0062.uasset" 9270
"/Engine/EngineMaterials/Substrate/Glints2/dict_0005_0052" 9271
"../../../Engine/Content/EngineMaterials/Substrate/Glints2/dict_0005_0058.uasset" 9272
"/Engine/EngineMaterials/Substrate/Glints2/dict_0005_0051" 9273
"/Engine/EngineMaterials/Substrate/Glints2/dict_0005_0050" 9274
"/Engine/EngineMaterials/Substrate/Glints2/dict_0005_0049" 9275
"/Engine/EngineMaterials/Substrate/Glints2/dict_0005_0048" 9276
"/Engine/EngineMaterials/Substrate/Glints2/dict_0005_0047" 9277
"/Engine/EngineMaterials/Substrate/Glints2/dict_0005_0046" 9278
"/Engine/EngineMaterials/Substrate/Glints2/dict_0005_0045" 9279
"/Engine/EngineMaterials/Substrate/Glints2/dict_0005_0044" 9280
"/Engine/EngineMaterials/Substrate/Glints2/dict_0005_0043" 9281
"/Engine/EngineMaterials/Substrate/Glints2/dict_0005_0042" 9282
"/Engine/EngineMaterials/Substrate/Glints2/dict_0005_0041" 9283
"/Engine/EngineMaterials/Substrate/Glints2/dict_0005_0040" 9284
"/Engine/EngineMaterials/Substrate/Glints2/dict_0005_0039" 9285
"/Engine/EngineMaterials/Substrate/Glints2/dict_0005_0038" 9286
"/Engine/EngineMaterials/Substrate/Glints2/dict_0005_0037" 9287
"../../../Engine/Content/EngineMaterials/Substrate/Glints2/dict_0005_0069.uasset" 9288
"../../../Engine/Content/EngineMaterials/Substrate/Glints2/dict_0005_0070.uasset" 9289
"../../../Engine/Content/EngineMaterials/Substrate/Glints2/dict_0005_0071.uasset" 9290
"../../../Engine/Content/EngineMaterials/Substrate/Glints2/dict_0005_0076.uasset" 9291
"../../../Engine/Content/EngineMaterials/Substrate/Glints2/dict_0005_0074.uasset" 9292
"/Engine/EngineMaterials/Substrate/Glints2/dict_0005_0068" 9293
"../../../Engine/Content/EngineMaterials/Substrate/Glints2/dict_0005_0080.uasset" 9294
"../../../Engine/Content/EngineMaterials/Substrate/Glints2/dict_0005_0081.uasset" 9295
"../../../Engine/Content/EngineMaterials/Substrate/Glints2/dict_0005_0072.uasset" 9296
"../../../Engine/Content/EngineMaterials/Substrate/Glints2/dict_0005_0075.uasset" 9297
"../../../Engine/Content/EngineMaterials/Substrate/Glints2/dict_0005_0073.uasset" 9298
"../../../Engine/Content/EngineMaterials/Substrate/Glints2/dict_0005_0084.uasset" 9299
"../../../Engine/Content/EngineMaterials/Substrate/Glints2/dict_0005_0083.uasset" 9300
"../../../Engine/Content/EngineMaterials/Substrate/Glints2/dict_0005_0077.uasset" 9301
"../../../Engine/Content/EngineMaterials/Substrate/Glints2/dict_0005_0079.uasset" 9302
"../../../Engine/Content/EngineMaterials/Substrate/Glints2/dict_0005_0078.uasset" 9303
"/Engine/EngineMaterials/Substrate/Glints2/dict_0005_0067" 9304
"../../../Engine/Content/EngineMaterials/Substrate/Glints2/dict_0005_0082.uasset" 9305
"/Engine/EngineMaterials/Substrate/Glints2/dict_0005_0066" 9306
"/Engine/EngineMaterials/Substrate/Glints2/dict_0005_0065" 9307
"/Engine/EngineMaterials/Substrate/Glints2/dict_0005_0064" 9308
"/Engine/EngineMaterials/Substrate/Glints2/dict_0005_0063" 9309
"/Engine/EngineMaterials/Substrate/Glints2/dict_0005_0062" 9310
"/Engine/EngineMaterials/Substrate/Glints2/dict_0005_0061" 9311
"/Engine/EngineMaterials/Substrate/Glints2/dict_0005_0060" 9312
"/Engine/EngineMaterials/Substrate/Glints2/dict_0005_0059" 9313
"/Engine/EngineMaterials/Substrate/Glints2/dict_0005_0058" 9314
"/Engine/EngineMaterials/Substrate/Glints2/dict_0005_0057" 9315
"/Engine/EngineMaterials/Substrate/Glints2/dict_0005_0056" 9316
"/Engine/EngineMaterials/Substrate/Glints2/dict_0005_0055" 9317
"/Engine/EngineMaterials/Substrate/Glints2/dict_0005_0054" 9318
"/Engine/EngineMaterials/Substrate/Glints2/dict_0005_0053" 9319
"../../../Engine/Content/EngineMaterials/Substrate/Glints2/dict_0005_0086.uasset" 9320
"../../../Engine/Content/EngineMaterials/Substrate/Glints2/dict_0005_0087.uasset" 9321
"../../../Engine/Content/EngineMaterials/Substrate/Glints2/dict_0005_0085.uasset" 9322
"../../../Engine/Content/EngineMaterials/Substrate/Glints2/dict_0005_0088.uasset" 9323
"../../../Engine/Content/EngineMaterials/Substrate/Glints2/dict_0005_0089.uasset" 9324
"../../../Engine/Content/EngineMaterials/Substrate/Glints2/dict_0005_0092.uasset" 9325
"../../../Engine/Content/EngineMaterials/Substrate/Glints2/dict_0005_0090.uasset" 9326
"../../../Engine/Content/EngineMaterials/Substrate/Glints2/dict_0005_0100.uasset" 9327
"/Engine/EngineMaterials/Substrate/Glints2/dict_0005_0084" 9328
"../../../Engine/Content/EngineMaterials/Substrate/Glints2/dict_0005_0093.uasset" 9329
"../../../Engine/Content/EngineMaterials/Substrate/Glints2/dict_0005_0099.uasset" 9330
"../../../Engine/Content/EngineMaterials/Substrate/Glints2/dict_0005_0097.uasset" 9331
"../../../Engine/Content/EngineMaterials/Substrate/Glints2/dict_0005_0091.uasset" 9332
"../../../Engine/Content/EngineMaterials/Substrate/Glints2/dict_0005_0094.uasset" 9333
"../../../Engine/Content/EngineMaterials/Substrate/Glints2/dict_0005_0098.uasset" 9334
"../../../Engine/Content/EngineMaterials/Substrate/Glints2/dict_0005_0095.uasset" 9335
"../../../Engine/Content/EngineMaterials/Substrate/Glints2/dict_0005_0096.uasset" 9336
"/Engine/EngineMaterials/Substrate/Glints2/dict_0005_0083" 9337
"/Engine/EngineMaterials/Substrate/Glints2/dict_0005_0082" 9338
"/Engine/EngineMaterials/Substrate/Glints2/dict_0005_0081" 9339
"/Engine/EngineMaterials/Substrate/Glints2/dict_0005_0080" 9340
"/Engine/EngineMaterials/Substrate/Glints2/dict_0005_0079" 9341
"/Engine/EngineMaterials/Substrate/Glints2/dict_0005_0078" 9342
"/Engine/EngineMaterials/Substrate/Glints2/dict_0005_0077" 9343
"/Engine/EngineMaterials/Substrate/Glints2/dict_0005_0076" 9344
"/Engine/EngineMaterials/Substrate/Glints2/dict_0005_0075" 9345
"/Engine/EngineMaterials/Substrate/Glints2/dict_0005_0074" 9346
"/Engine/EngineMaterials/Substrate/Glints2/dict_0005_0073" 9347
"/Engine/EngineMaterials/Substrate/Glints2/dict_0005_0072" 9348
"/Engine/EngineMaterials/Substrate/Glints2/dict_0005_0071" 9349
"/Engine/EngineMaterials/Substrate/Glints2/dict_0005_0070" 9350
"/Engine/EngineMaterials/Substrate/Glints2/dict_0005_0069" 9351
"../../../Engine/Content/EngineMaterials/Substrate/Glints2/dict_0005_0101.uasset" 9352
"../../../Engine/Content/EngineMaterials/Substrate/Glints2/dict_0005_0103.uasset" 9353
"../../../Engine/Content/EngineMaterials/Substrate/Glints2/dict_0005_0102.uasset" 9354
"../../../Engine/Content/EngineMaterials/Substrate/Glints2/dict_0005_0104.uasset" 9355
"../../../Engine/Content/EngineMaterials/Substrate/Glints2/dict_0005_0107.uasset" 9356
"../../../Engine/Content/EngineMaterials/Substrate/Glints2/dict_0005_0106.uasset" 9357
"../../../Engine/Content/EngineMaterials/Substrate/Glints2/dict_0005_0105.uasset" 9358
"../../../Engine/Content/EngineMaterials/Substrate/Glints2/dict_0005_0114.uasset" 9359
"../../../Engine/Content/EngineMaterials/Substrate/Glints2/dict_0005_0109.uasset" 9360
"../../../Engine/Content/EngineMaterials/Substrate/Glints2/dict_0005_0108.uasset" 9361
"../../../Engine/Content/EngineMaterials/Substrate/Glints2/dict_0005_0112.uasset" 9362
"../../../Engine/Content/EngineMaterials/Substrate/Glints2/dict_0005_0111.uasset" 9363
"../../../Engine/Content/EngineMaterials/Substrate/Glints2/dict_0005_0113.uasset" 9364
"../../../Engine/Content/EngineMaterials/Substrate/Glints2/dict_0005_0110.uasset" 9365
"../../../Engine/Content/EngineMaterials/Substrate/Glints2/dict_0005_0115.uasset" 9366
"../../../Engine/Content/EngineMaterials/Substrate/Glints2/dict_0005_0116.uasset" 9367
"/Engine/EngineMaterials/Substrate/Glints2/dict_0005_0100" 9368
"/Engine/EngineMaterials/Substrate/Glints2/dict_0005_0099" 9369
"/Engine/EngineMaterials/Substrate/Glints2/dict_0005_0098" 9370
"/Engine/EngineMaterials/Substrate/Glints2/dict_0005_0097" 9371
"/Engine/EngineMaterials/Substrate/Glints2/dict_0005_0096" 9372
"/Engine/EngineMaterials/Substrate/Glints2/dict_0005_0095" 9373
"/Engine/EngineMaterials/Substrate/Glints2/dict_0005_0094" 9374
"/Engine/EngineMaterials/Substrate/Glints2/dict_0005_0093" 9375
"/Engine/EngineMaterials/Substrate/Glints2/dict_0005_0092" 9376
"/Engine/EngineMaterials/Substrate/Glints2/dict_0005_0091" 9377
"/Engine/EngineMaterials/Substrate/Glints2/dict_0005_0090" 9378
"/Engine/EngineMaterials/Substrate/Glints2/dict_0005_0089" 9379
"/Engine/EngineMaterials/Substrate/Glints2/dict_0005_0088" 9380
"/Engine/EngineMaterials/Substrate/Glints2/dict_0005_0087" 9381
"/Engine/EngineMaterials/Substrate/Glints2/dict_0005_0104" 9382
"/Engine/EngineMaterials/Substrate/Glints2/dict_0005_0103" 9383
"/Engine/EngineMaterials/Substrate/Glints2/dict_0005_0102" 9384
"/Engine/EngineMaterials/Substrate/Glints2/dict_0005_0101" 9385
"/Engine/EngineMaterials/Substrate/Glints2/dict_0005_0086" 9386
"/Engine/EngineMaterials/Substrate/Glints2/dict_0005_0085" 9387
"../../../Engine/Content/EngineMaterials/Substrate/Glints2/dict_0005_0117.uasset" 9388
"../../../Engine/Content/EngineMaterials/Substrate/Glints2/dict_0005_0118.uasset" 9389
"../../../Engine/Content/EngineMaterials/Substrate/Glints2/dict_0005_0121.uasset" 9390
"../../../Engine/Content/EngineMaterials/Substrate/Glints2/dict_0005_0123.uasset" 9391
"../../../Engine/Content/EngineMaterials/Substrate/Glints2/dict_0005_0122.uasset" 9392
"../../../Engine/Content/EngineMaterials/Substrate/Glints2/dict_0005_0133.uasset" 9393
"../../../Engine/Content/EngineMaterials/Substrate/Glints2/dict_0005_0129.uasset" 9394
"../../../Engine/Content/EngineMaterials/Substrate/Glints2/dict_0005_0131.uasset" 9395
"../../../Engine/Content/EngineMaterials/Substrate/Glints2/dict_0005_0120.uasset" 9396
"../../../Engine/Content/EngineMaterials/Substrate/Glints2/dict_0005_0132.uasset" 9397
"../../../Engine/Content/EngineMaterials/Substrate/Glints2/dict_0005_0135.uasset" 9398
"/Engine/EngineMaterials/Substrate/Glints2/dict_0005_0116" 9399
"../../../Engine/Content/EngineMaterials/Substrate/Glints2/dict_0005_0126.uasset" 9400
"../../../Engine/Content/EngineMaterials/Substrate/Glints2/dict_0005_0127.uasset" 9401
"../../../Engine/Content/EngineMaterials/Substrate/Glints2/dict_0005_0125.uasset" 9402
"../../../Engine/Content/EngineMaterials/Substrate/Glints2/dict_0005_0130.uasset" 9403
"../../../Engine/Content/EngineMaterials/Substrate/Glints2/dict_0005_0134.uasset" 9404
"../../../Engine/Content/EngineMaterials/Substrate/Glints2/dict_0005_0124.uasset" 9405
"../../../Engine/Content/EngineMaterials/Substrate/Glints2/dict_0005_0119.uasset" 9406
"../../../Engine/Content/EngineMaterials/Substrate/Glints2/dict_0005_0136.uasset" 9407
"../../../Engine/Content/EngineMaterials/Substrate/Glints2/dict_0005_0128.uasset" 9408
"/Engine/EngineMaterials/Substrate/Glints2/dict_0005_0115" 9409
"/Engine/EngineMaterials/Substrate/Glints2/dict_0005_0114" 9410
"/Engine/EngineMaterials/Substrate/Glints2/dict_0005_0113" 9411
"/Engine/EngineMaterials/Substrate/Glints2/dict_0005_0112" 9412
"/Engine/EngineMaterials/Substrate/Glints2/dict_0005_0111" 9413
"/Engine/EngineMaterials/Substrate/Glints2/dict_0005_0110" 9414
"/Engine/EngineMaterials/Substrate/Glints2/dict_0005_0109" 9415
"/Engine/EngineMaterials/Substrate/Glints2/dict_0005_0108" 9416
"/Engine/EngineMaterials/Substrate/Glints2/dict_0005_0107" 9417
"/Engine/EngineMaterials/Substrate/Glints2/dict_0005_0106" 9418
"/Engine/EngineMaterials/Substrate/Glints2/dict_0005_0105" 9419
"/Engine/EngineMaterials/Substrate/Glints2/dict_0005_0121" 9420
"/Engine/EngineMaterials/Substrate/Glints2/dict_0005_0118" 9421
"/Engine/EngineMaterials/Substrate/Glints2/dict_0005_0117" 9422
"../../../Engine/Content/EngineMaterials/Substrate/Glints2/dict_0005_0137.uasset" 9423
"../../../Engine/Content/EngineMaterials/Substrate/Glints2/dict_0005_0138.uasset" 9424
"../../../Engine/Content/EngineMaterials/Substrate/Glints2/dict_0005_0140.uasset" 9425
"../../../Engine/Content/EngineMaterials/Substrate/Glints2/dict_0005_0150.uasset" 9426
"../../../Engine/Content/EngineMaterials/Substrate/Glints2/dict_0005_0143.uasset" 9427
"../../../Engine/Content/EngineMaterials/Substrate/Glints2/dict_0005_0151.uasset" 9428
"/Engine/EngineMaterials/Substrate/Glints2/dict_0005_0136" 9429
"../../../Engine/Content/EngineMaterials/Substrate/Glints2/dict_0005_0139.uasset" 9430
"../../../Engine/Content/EngineMaterials/Substrate/Glints2/dict_0005_0146.uasset" 9431
"../../../Engine/Content/EngineMaterials/Substrate/Glints2/dict_0005_0142.uasset" 9432
"../../../Engine/Content/EngineMaterials/Substrate/Glints2/dict_0005_0148.uasset" 9433
"../../../Engine/Content/EngineMaterials/Substrate/Glints2/dict_0005_0145.uasset" 9434
"../../../Engine/Content/EngineMaterials/Substrate/Glints2/dict_0005_0147.uasset" 9435
"../../../Engine/Content/EngineMaterials/Substrate/Glints2/dict_0005_0149.uasset" 9436
"../../../Engine/Content/EngineMaterials/Substrate/Glints2/dict_0005_0141.uasset" 9437
"../../../Engine/Content/EngineMaterials/Substrate/Glints2/dict_0005_0144.uasset" 9438
"/Engine/EngineMaterials/Substrate/Glints2/dict_0005_0135" 9439
"/Engine/EngineMaterials/Substrate/Glints2/dict_0005_0134" 9440
"/Engine/EngineMaterials/Substrate/Glints2/dict_0005_0133" 9441
"/Engine/EngineMaterials/Substrate/Glints2/dict_0005_0132" 9442
"/Engine/EngineMaterials/Substrate/Glints2/dict_0005_0131" 9443
"/Engine/EngineMaterials/Substrate/Glints2/dict_0005_0130" 9444
"/Engine/EngineMaterials/Substrate/Glints2/dict_0005_0129" 9445
"/Engine/EngineMaterials/Substrate/Glints2/dict_0005_0128" 9446
"/Engine/EngineMaterials/Substrate/Glints2/dict_0005_0127" 9447
"/Engine/EngineMaterials/Substrate/Glints2/dict_0005_0126" 9448
"/Engine/EngineMaterials/Substrate/Glints2/dict_0005_0125" 9449
"/Engine/EngineMaterials/Substrate/Glints2/dict_0005_0124" 9450
"/Engine/EngineMaterials/Substrate/Glints2/dict_0005_0123" 9451
"/Engine/EngineMaterials/Substrate/Glints2/dict_0005_0122" 9452
"/Engine/EngineMaterials/Substrate/Glints2/dict_0005_0120" 9453
"/Engine/EngineMaterials/Substrate/Glints2/dict_0005_0119" 9454
"../../../Engine/Content/EngineMaterials/Substrate/Glints2/dict_0005_0152.uasset" 9455
"../../../Engine/Content/EngineMaterials/Substrate/Glints2/dict_0005_0153.uasset" 9456
"../../../Engine/Content/EngineMaterials/Substrate/Glints2/dict_0005_0155.uasset" 9457
"../../../Engine/Content/EngineMaterials/Substrate/Glints2/dict_0005_0160.uasset" 9458
"../../../Engine/Content/EngineMaterials/Substrate/Glints2/dict_0005_0156.uasset" 9459
"../../../Engine/Content/EngineMaterials/Substrate/Glints2/dict_0005_0154.uasset" 9460
"../../../Engine/Content/EngineMaterials/Substrate/Glints2/dict_0005_0168.uasset" 9461
"../../../Engine/Content/EngineMaterials/Substrate/Glints2/dict_0005_0159.uasset" 9462
"/Engine/EngineMaterials/Substrate/Glints2/dict_0005_0151" 9463
"../../../Engine/Content/EngineMaterials/Substrate/Glints2/dict_0005_0161.uasset" 9464
"../../../Engine/Content/EngineMaterials/Substrate/Glints2/dict_0005_0166.uasset" 9465
"../../../Engine/Content/EngineMaterials/Substrate/Glints2/dict_0005_0164.uasset" 9466
"../../../Engine/Content/EngineMaterials/Substrate/Glints2/dict_0005_0163.uasset" 9467
"../../../Engine/Content/EngineMaterials/Substrate/Glints2/dict_0005_0158.uasset" 9468
"../../../Engine/Content/EngineMaterials/Substrate/Glints2/dict_0005_0167.uasset" 9469
"../../../Engine/Content/EngineMaterials/Substrate/Glints2/dict_0005_0157.uasset" 9470
"../../../Engine/Content/EngineMaterials/Substrate/Glints2/dict_0005_0165.uasset" 9471
"../../../Engine/Content/EngineMaterials/Substrate/Glints2/dict_0005_0162.uasset" 9472
"/Engine/EngineMaterials/Substrate/Glints2/dict_0005_0150" 9473
"/Engine/EngineMaterials/Substrate/Glints2/dict_0005_0149" 9474
"/Engine/EngineMaterials/Substrate/Glints2/dict_0005_0148" 9475
"/Engine/EngineMaterials/Substrate/Glints2/dict_0005_0147" 9476
"/Engine/EngineMaterials/Substrate/Glints2/dict_0005_0146" 9477
"/Engine/EngineMaterials/Substrate/Glints2/dict_0005_0145" 9478
"/Engine/EngineMaterials/Substrate/Glints2/dict_0005_0144" 9479
"/Engine/EngineMaterials/Substrate/Glints2/dict_0005_0143" 9480
"/Engine/EngineMaterials/Substrate/Glints2/dict_0005_0142" 9481
"/Engine/EngineMaterials/Substrate/Glints2/dict_0005_0141" 9482
"/Engine/EngineMaterials/Substrate/Glints2/dict_0005_0140" 9483
"/Engine/EngineMaterials/Substrate/Glints2/dict_0005_0139" 9484
"/Engine/EngineMaterials/Substrate/Glints2/dict_0005_0138" 9485
"/Engine/EngineMaterials/Substrate/Glints2/dict_0005_0137" 9486
"../../../Engine/Content/EngineMaterials/Substrate/Glints2/dict_0005_0176.uasset" 9487
"../../../Engine/Content/EngineMaterials/Substrate/Glints2/dict_0005_0172.uasset" 9488
"../../../Engine/Content/EngineMaterials/Substrate/Glints2/dict_0005_0170.uasset" 9489
"../../../Engine/Content/EngineMaterials/Substrate/Glints2/dict_0005_0175.uasset" 9490
"../../../Engine/Content/EngineMaterials/Substrate/Glints2/dict_0005_0180.uasset" 9491
"../../../Engine/Content/EngineMaterials/Substrate/Glints2/dict_0005_0174.uasset" 9492
"../../../Engine/Content/EngineMaterials/Substrate/Glints2/dict_0005_0173.uasset" 9493
"../../../Engine/Content/EngineMaterials/Substrate/Glints2/dict_0005_0182.uasset" 9494
"../../../Engine/Content/EngineMaterials/Substrate/Glints2/dict_0005_0171.uasset" 9495
"../../../Engine/Content/EngineMaterials/Substrate/Glints2/dict_0005_0181.uasset" 9496
"/Engine/EngineMaterials/Substrate/Glints2/dict_0005_0168" 9497
"../../../Engine/Content/EngineMaterials/Substrate/Glints2/dict_0005_0179.uasset" 9498
"../../../Engine/Content/EngineMaterials/Substrate/Glints2/dict_0005_0169.uasset" 9499
"../../../Engine/Content/EngineMaterials/Substrate/Glints2/dict_0005_0178.uasset" 9500
"../../../Engine/Content/EngineMaterials/Substrate/Glints2/dict_0005_0183.uasset" 9501
"../../../Engine/Content/EngineMaterials/Substrate/Glints2/dict_0005_0177.uasset" 9502
"/Engine/EngineMaterials/Substrate/Glints2/dict_0005_0167" 9503
"/Engine/EngineMaterials/Substrate/Glints2/dict_0005_0166" 9504
"/Engine/EngineMaterials/Substrate/Glints2/dict_0005_0165" 9505
"/Engine/EngineMaterials/Substrate/Glints2/dict_0005_0164" 9506
"/Engine/EngineMaterials/Substrate/Glints2/dict_0005_0163" 9507
"/Engine/EngineMaterials/Substrate/Glints2/dict_0005_0162" 9508
"/Engine/EngineMaterials/Substrate/Glints2/dict_0005_0161" 9509
"/Engine/EngineMaterials/Substrate/Glints2/dict_0005_0160" 9510
"/Engine/EngineMaterials/Substrate/Glints2/dict_0005_0159" 9511
"/Engine/EngineMaterials/Substrate/Glints2/dict_0005_0158" 9512
"/Engine/EngineMaterials/Substrate/Glints2/dict_0005_0157" 9513
"/Engine/EngineMaterials/Substrate/Glints2/dict_0005_0156" 9514
"/Engine/EngineMaterials/Substrate/Glints2/dict_0005_0176" 9515
"/Engine/EngineMaterials/Substrate/Glints2/dict_0005_0155" 9516
"/Engine/EngineMaterials/Substrate/Glints2/dict_0005_0172" 9517
"/Engine/EngineMaterials/Substrate/Glints2/dict_0005_0154" 9518
"/Engine/EngineMaterials/Substrate/Glints2/dict_0005_0153" 9519
"/Engine/EngineMaterials/Substrate/Glints2/dict_0005_0152" 9520
"/Engine/EngineMaterials/Substrate/Glints2/dict_0005_0170" 9521
"../../../Engine/Content/EngineMaterials/Substrate/Glints2/dict_0005_0184.uasset" 9522
"../../../Engine/Content/EngineMaterials/Substrate/Glints2/dict_0005_0186.uasset" 9523
"../../../Engine/Content/EngineMaterials/Substrate/Glints2/dict_0005_0188.uasset" 9524
"../../../Engine/Content/EngineMaterials/Substrate/Glints2/dict_0005_0196.uasset" 9525
"../../../Engine/Content/EngineMaterials/Substrate/Glints2/dict_0005_0193.uasset" 9526
"../../../Engine/Content/EngineMaterials/Substrate/Glints2/dict_0005_0192.uasset" 9527
"../../../Engine/Content/EngineMaterials/Substrate/Glints2/dict_0005_0189.uasset" 9528
"../../../Engine/Content/EngineMaterials/Substrate/Glints2/dict_0005_0198.uasset" 9529
"/Engine/EngineMaterials/Substrate/Glints2/dict_0005_0183" 9530
"../../../Engine/Content/EngineMaterials/Substrate/Glints2/dict_0005_0194.uasset" 9531
"../../../Engine/Content/EngineMaterials/Substrate/Glints2/dict_0005_0202.uasset" 9532
"../../../Engine/Content/EngineMaterials/Substrate/Glints2/dict_0005_0187.uasset" 9533
"../../../Engine/Content/EngineMaterials/Substrate/Glints2/dict_0005_0203.uasset" 9534
"../../../Engine/Content/EngineMaterials/Substrate/Glints2/dict_0005_0197.uasset" 9535
"../../../Engine/Content/EngineMaterials/Substrate/Glints2/dict_0005_0195.uasset" 9536
"../../../Engine/Content/EngineMaterials/Substrate/Glints2/dict_0005_0200.uasset" 9537
"../../../Engine/Content/EngineMaterials/Substrate/Glints2/dict_0005_0185.uasset" 9538
"../../../Engine/Content/EngineMaterials/Substrate/Glints2/dict_0005_0191.uasset" 9539
"../../../Engine/Content/EngineMaterials/Substrate/Glints2/dict_0005_0201.uasset" 9540
"../../../Engine/Content/EngineMaterials/Substrate/Glints2/dict_0005_0199.uasset" 9541
"../../../Engine/Content/EngineMaterials/Substrate/Glints2/dict_0005_0190.uasset" 9542
"/Engine/EngineMaterials/Substrate/Glints2/dict_0005_0182" 9543
"/Engine/EngineMaterials/Substrate/Glints2/dict_0005_0181" 9544
"/Engine/EngineMaterials/Substrate/Glints2/dict_0005_0180" 9545
"/Engine/EngineMaterials/Substrate/Glints2/dict_0005_0179" 9546
"/Engine/EngineMaterials/Substrate/Glints2/dict_0005_0178" 9547
"/Engine/EngineMaterials/Substrate/Glints2/dict_0005_0177" 9548
"/Engine/EngineMaterials/Substrate/Glints2/dict_0005_0175" 9549
"/Engine/EngineMaterials/Substrate/Glints2/dict_0005_0174" 9550
"/Engine/EngineMaterials/Substrate/Glints2/dict_0005_0173" 9551
"/Engine/EngineMaterials/Substrate/Glints2/dict_0005_0171" 9552
"/Engine/EngineMaterials/Substrate/Glints2/dict_0005_0169" 9553
"../../../Engine/Content/EngineMaterials/Substrate/Glints2/dict_0005_0207.uasset" 9554
"../../../Engine/Content/EngineMaterials/Substrate/Glints2/dict_0005_0213.uasset" 9555
"../../../Engine/Content/EngineMaterials/Substrate/Glints2/dict_0005_0210.uasset" 9556
"../../../Engine/Content/EngineMaterials/Substrate/Glints2/dict_0005_0206.uasset" 9557
"../../../Engine/Content/EngineMaterials/Substrate/Glints2/dict_0005_0214.uasset" 9558
"../../../Engine/Content/EngineMaterials/Substrate/Glints2/dict_0005_0211.uasset" 9559
"../../../Engine/Content/EngineMaterials/Substrate/Glints2/dict_0005_0208.uasset" 9560
"/Engine/EngineMaterials/Substrate/Glints2/dict_0005_0203" 9561
"../../../Engine/Content/EngineMaterials/Substrate/Glints2/dict_0005_0205.uasset" 9562
"../../../Engine/Content/EngineMaterials/Substrate/Glints2/dict_0005_0212.uasset" 9563
"../../../Engine/Content/EngineMaterials/Substrate/Glints2/dict_0005_0204.uasset" 9564
"../../../Engine/Content/EngineMaterials/Substrate/Glints2/dict_0005_0209.uasset" 9565
"../../../Engine/Content/EngineMaterials/Substrate/Glints2/dict_0005_0215.uasset" 9566
"/Engine/EngineMaterials/Substrate/Glints2/dict_0005_0202" 9567
"/Engine/EngineMaterials/Substrate/Glints2/dict_0005_0201" 9568
"/Engine/EngineMaterials/Substrate/Glints2/dict_0005_0200" 9569
"/Engine/EngineMaterials/Substrate/Glints2/dict_0005_0199" 9570
"/Engine/EngineMaterials/Substrate/Glints2/dict_0005_0198" 9571
"/Engine/EngineMaterials/Substrate/Glints2/dict_0005_0197" 9572
"/Engine/EngineMaterials/Substrate/Glints2/dict_0005_0196" 9573
"/Engine/EngineMaterials/Substrate/Glints2/dict_0005_0195" 9574
"/Engine/EngineMaterials/Substrate/Glints2/dict_0005_0194" 9575
"/Engine/EngineMaterials/Substrate/Glints2/dict_0005_0193" 9576
"/Engine/EngineMaterials/Substrate/Glints2/dict_0005_0192" 9577
"/Engine/EngineMaterials/Substrate/Glints2/dict_0005_0191" 9578
"/Engine/EngineMaterials/Substrate/Glints2/dict_0005_0190" 9579
"/Engine/EngineMaterials/Substrate/Glints2/dict_0005_0189" 9580
"/Engine/EngineMaterials/Substrate/Glints2/dict_0005_0188" 9581
"/Engine/EngineMaterials/Substrate/Glints2/dict_0005_0187" 9582
"/Engine/EngineMaterials/Substrate/Glints2/dict_0005_0186" 9583
"/Engine/EngineMaterials/Substrate/Glints2/dict_0005_0185" 9584
"/Engine/EngineMaterials/Substrate/Glints2/dict_0005_0184" 9585
"../../../Engine/Content/EngineMaterials/Substrate/Glints2/dict_0005_0216.uasset" 9586
"../../../Engine/Content/EngineMaterials/Substrate/Glints2/dict_0005_0217.uasset" 9587
"../../../Engine/Content/EngineMaterials/Substrate/Glints2/dict_0005_0222.uasset" 9588
"../../../Engine/Content/EngineMaterials/Substrate/Glints2/dict_0005_0223.uasset" 9589
"../../../Engine/Content/EngineMaterials/Substrate/Glints2/dict_0005_0220.uasset" 9590
"../../../Engine/Content/EngineMaterials/Substrate/Glints2/dict_0005_0224.uasset" 9591
"../../../Engine/Content/EngineMaterials/Substrate/Glints2/dict_0005_0227.uasset" 9592
"../../../Engine/Content/EngineMaterials/Substrate/Glints2/dict_0005_0225.uasset" 9593
"../../../Engine/Content/EngineMaterials/Substrate/Glints2/dict_0005_0233.uasset" 9594
"../../../Engine/Content/EngineMaterials/Substrate/Glints2/dict_0005_0231.uasset" 9595
"../../../Engine/Content/EngineMaterials/Substrate/Glints2/dict_0005_0234.uasset" 9596
"/Engine/EngineMaterials/Substrate/Glints2/dict_0005_0215" 9597
"../../../Engine/Content/EngineMaterials/Substrate/Glints2/dict_0005_0235.uasset" 9598
"../../../Engine/Content/EngineMaterials/Substrate/Glints2/dict_0005_0219.uasset" 9599
"../../../Engine/Content/EngineMaterials/Substrate/Glints2/dict_0005_0226.uasset" 9600
"../../../Engine/Content/EngineMaterials/Substrate/Glints2/dict_0005_0221.uasset" 9601
"../../../Engine/Content/EngineMaterials/Substrate/Glints2/dict_0005_0228.uasset" 9602
"../../../Engine/Content/EngineMaterials/Substrate/Glints2/dict_0005_0229.uasset" 9603
"../../../Engine/Content/EngineMaterials/Substrate/Glints2/dict_0005_0230.uasset" 9604
"../../../Engine/Content/EngineMaterials/Substrate/Glints2/dict_0005_0232.uasset" 9605
"../../../Engine/Content/EngineMaterials/Substrate/Glints2/dict_0005_0218.uasset" 9606
"/Engine/EngineMaterials/Substrate/Glints2/dict_0005_0214" 9607
"/Engine/EngineMaterials/Substrate/Glints2/dict_0005_0213" 9608
"/Engine/EngineMaterials/Substrate/Glints2/dict_0005_0212" 9609
"/Engine/EngineMaterials/Substrate/Glints2/dict_0005_0211" 9610
"/Engine/EngineMaterials/Substrate/Glints2/dict_0005_0210" 9611
"/Engine/EngineMaterials/Substrate/Glints2/dict_0005_0209" 9612
"/Engine/EngineMaterials/Substrate/Glints2/dict_0005_0208" 9613
"/Engine/EngineMaterials/Substrate/Glints2/dict_0005_0207" 9614
"/Engine/EngineMaterials/Substrate/Glints2/dict_0005_0206" 9615
"/Engine/EngineMaterials/Substrate/Glints2/dict_0005_0205" 9616
"/Engine/EngineMaterials/Substrate/Glints2/dict_0005_0217" 9617
"/Engine/EngineMaterials/Substrate/Glints2/dict_0005_0216" 9618
"/Engine/EngineMaterials/Substrate/Glints2/dict_0005_0204" 9619
"../../../Engine/Content/EngineMaterials/Substrate/Glints2/dict_0005_0237.uasset" 9620
"../../../Engine/Content/EngineMaterials/Substrate/Glints2/dict_0005_0239.uasset" 9621
"../../../Engine/Content/EngineMaterials/Substrate/Glints2/dict_0005_0238.uasset" 9622
"../../../Engine/Content/EngineMaterials/Substrate/Glints2/dict_0005_0245.uasset" 9623
"../../../Engine/Content/EngineMaterials/Substrate/Glints2/dict_0005_0243.uasset" 9624
"../../../Engine/Content/EngineMaterials/Substrate/Glints2/dict_0005_0236.uasset" 9625
"../../../Engine/Content/EngineMaterials/Substrate/Glints2/dict_0005_0244.uasset" 9626
"../../../Engine/Content/EngineMaterials/Substrate/Glints2/dict_0005_0248.uasset" 9627
"../../../Engine/Content/EngineMaterials/Substrate/Glints2/dict_0005_0241.uasset" 9628
"../../../Engine/Content/EngineMaterials/Substrate/Glints2/dict_0005_0246.uasset" 9629
"../../../Engine/Content/EngineMaterials/Substrate/Glints2/dict_0005_0249.uasset" 9630
"../../../Engine/Content/EngineMaterials/Substrate/Glints2/dict_0005_0242.uasset" 9631
"../../../Engine/Content/EngineMaterials/Substrate/Glints2/dict_0005_0240.uasset" 9632
"../../../Engine/Content/EngineMaterials/Substrate/Glints2/dict_0005_0247.uasset" 9633
"/Engine/EngineMaterials/Substrate/Glints2/dict_0005_0235" 9634
"/Engine/EngineMaterials/Substrate/Glints2/dict_0005_0234" 9635
"/Engine/EngineMaterials/Substrate/Glints2/dict_0005_0233" 9636
"/Engine/EngineMaterials/Substrate/Glints2/dict_0005_0232" 9637
"/Engine/EngineMaterials/Substrate/Glints2/dict_0005_0231" 9638
"/Engine/EngineMaterials/Substrate/Glints2/dict_0005_0230" 9639
"/Engine/EngineMaterials/Substrate/Glints2/dict_0005_0229" 9640
"/Engine/EngineMaterials/Substrate/Glints2/dict_0005_0228" 9641
"/Engine/EngineMaterials/Substrate/Glints2/dict_0005_0227" 9642
"/Engine/EngineMaterials/Substrate/Glints2/dict_0005_0226" 9643
"/Engine/EngineMaterials/Substrate/Glints2/dict_0005_0225" 9644
"/Engine/EngineMaterials/Substrate/Glints2/dict_0005_0224" 9645
"/Engine/EngineMaterials/Substrate/Glints2/dict_0005_0223" 9646
"/Engine/EngineMaterials/Substrate/Glints2/dict_0005_0222" 9647
"/Engine/EngineMaterials/Substrate/Glints2/dict_0005_0221" 9648
"/Engine/EngineMaterials/Substrate/Glints2/dict_0005_0220" 9649
"/Engine/EngineMaterials/Substrate/Glints2/dict_0005_0219" 9650
"/Engine/EngineMaterials/Substrate/Glints2/dict_0005_0218" 9651
"../../../Engine/Content/EngineMaterials/Substrate/Glints2/dict_0005_0253.uasset" 9652
"../../../Engine/Content/EngineMaterials/Substrate/Glints2/dict_0006_0000.uasset" 9653
"../../../Engine/Content/EngineMaterials/Substrate/Glints2/dict_0005_0250.uasset" 9654
"../../../Engine/Content/EngineMaterials/Substrate/Glints2/dict_0006_0001.uasset" 9655
"../../../Engine/Content/EngineMaterials/Substrate/Glints2/dict_0006_0007.uasset" 9656
"../../../Engine/Content/EngineMaterials/Substrate/Glints2/dict_0006_0002.uasset" 9657
"../../../Engine/Content/EngineMaterials/Substrate/Glints2/dict_0006_0005.uasset" 9658
"../../../Engine/Content/EngineMaterials/Substrate/Glints2/dict_0006_0008.uasset" 9659
"../../../Engine/Content/EngineMaterials/Substrate/Glints2/dict_0005_0254.uasset" 9660
"/Engine/EngineMaterials/Substrate/Glints2/dict_0005_0249" 9661
"../../../Engine/Content/EngineMaterials/Substrate/Glints2/dict_0006_0009.uasset" 9662
"../../../Engine/Content/EngineMaterials/Substrate/Glints2/dict_0006_0004.uasset" 9663
"../../../Engine/Content/EngineMaterials/Substrate/Glints2/dict_0006_0011.uasset" 9664
"../../../Engine/Content/EngineMaterials/Substrate/Glints2/dict_0005_0255.uasset" 9665
"../../../Engine/Content/EngineMaterials/Substrate/Glints2/dict_0005_0251.uasset" 9666
"../../../Engine/Content/EngineMaterials/Substrate/Glints2/dict_0005_0252.uasset" 9667
"../../../Engine/Content/EngineMaterials/Substrate/Glints2/dict_0006_0003.uasset" 9668
"../../../Engine/Content/EngineMaterials/Substrate/Glints2/dict_0006_0010.uasset" 9669
"../../../Engine/Content/EngineMaterials/Substrate/Glints2/dict_0006_0006.uasset" 9670
"/Engine/EngineMaterials/Substrate/Glints2/dict_0005_0248" 9671
"/Engine/EngineMaterials/Substrate/Glints2/dict_0005_0247" 9672
"/Engine/EngineMaterials/Substrate/Glints2/dict_0005_0246" 9673
"/Engine/EngineMaterials/Substrate/Glints2/dict_0005_0245" 9674
"/Engine/EngineMaterials/Substrate/Glints2/dict_0005_0244" 9675
"/Engine/EngineMaterials/Substrate/Glints2/dict_0005_0243" 9676
"/Engine/EngineMaterials/Substrate/Glints2/dict_0005_0242" 9677
"/Engine/EngineMaterials/Substrate/Glints2/dict_0005_0241" 9678
"/Engine/EngineMaterials/Substrate/Glints2/dict_0005_0240" 9679
"/Engine/EngineMaterials/Substrate/Glints2/dict_0005_0239" 9680
"/Engine/EngineMaterials/Substrate/Glints2/dict_0005_0238" 9681
"/Engine/EngineMaterials/Substrate/Glints2/dict_0005_0237" 9682
"/Engine/EngineMaterials/Substrate/Glints2/dict_0005_0236" 9683
"../../../Engine/Content/EngineMaterials/Substrate/Glints2/dict_0006_0014.uasset" 9684
"../../../Engine/Content/EngineMaterials/Substrate/Glints2/dict_0006_0024.uasset" 9685
"../../../Engine/Content/EngineMaterials/Substrate/Glints2/dict_0006_0021.uasset" 9686
"../../../Engine/Content/EngineMaterials/Substrate/Glints2/dict_0006_0025.uasset" 9687
"../../../Engine/Content/EngineMaterials/Substrate/Glints2/dict_0006_0022.uasset" 9688
"/Engine/EngineMaterials/Substrate/Glints2/dict_0006_0011" 9689
"../../../Engine/Content/EngineMaterials/Substrate/Glints2/dict_0006_0023.uasset" 9690
"../../../Engine/Content/EngineMaterials/Substrate/Glints2/dict_0006_0020.uasset" 9691
"../../../Engine/Content/EngineMaterials/Substrate/Glints2/dict_0006_0012.uasset" 9692
"../../../Engine/Content/EngineMaterials/Substrate/Glints2/dict_0006_0018.uasset" 9693
"../../../Engine/Content/EngineMaterials/Substrate/Glints2/dict_0006_0017.uasset" 9694
"../../../Engine/Content/EngineMaterials/Substrate/Glints2/dict_0006_0015.uasset" 9695
"../../../Engine/Content/EngineMaterials/Substrate/Glints2/dict_0006_0019.uasset" 9696
"../../../Engine/Content/EngineMaterials/Substrate/Glints2/dict_0006_0016.uasset" 9697
"/Engine/EngineMaterials/Substrate/Glints2/dict_0006_0010" 9698
"../../../Engine/Content/EngineMaterials/Substrate/Glints2/dict_0006_0013.uasset" 9699
"/Engine/EngineMaterials/Substrate/Glints2/dict_0006_0009" 9700
"/Engine/EngineMaterials/Substrate/Glints2/dict_0006_0008" 9701
"/Engine/EngineMaterials/Substrate/Glints2/dict_0006_0007" 9702
"/Engine/EngineMaterials/Substrate/Glints2/dict_0006_0006" 9703
"/Engine/EngineMaterials/Substrate/Glints2/dict_0006_0005" 9704
"/Engine/EngineMaterials/Substrate/Glints2/dict_0006_0004" 9705
"/Engine/EngineMaterials/Substrate/Glints2/dict_0006_0003" 9706
"/Engine/EngineMaterials/Substrate/Glints2/dict_0006_0002" 9707
"/Engine/EngineMaterials/Substrate/Glints2/dict_0006_0001" 9708
"/Engine/EngineMaterials/Substrate/Glints2/dict_0006_0000" 9709
"/Engine/EngineMaterials/Substrate/Glints2/dict_0005_0255" 9710
"/Engine/EngineMaterials/Substrate/Glints2/dict_0005_0254" 9711
"/Engine/EngineMaterials/Substrate/Glints2/dict_0005_0253" 9712
"/Engine/EngineMaterials/Substrate/Glints2/dict_0005_0252" 9713
"/Engine/EngineMaterials/Substrate/Glints2/dict_0005_0251" 9714
"/Engine/EngineMaterials/Substrate/Glints2/dict_0005_0250" 9715
"../../../Engine/Content/EngineMaterials/Substrate/Glints2/dict_0006_0026.uasset" 9716
"../../../Engine/Content/EngineMaterials/Substrate/Glints2/dict_0006_0028.uasset" 9717
"../../../Engine/Content/EngineMaterials/Substrate/Glints2/dict_0006_0027.uasset" 9718
"../../../Engine/Content/EngineMaterials/Substrate/Glints2/dict_0006_0034.uasset" 9719
"../../../Engine/Content/EngineMaterials/Substrate/Glints2/dict_0006_0040.uasset" 9720
"../../../Engine/Content/EngineMaterials/Substrate/Glints2/dict_0006_0030.uasset" 9721
"../../../Engine/Content/EngineMaterials/Substrate/Glints2/dict_0006_0039.uasset" 9722
"../../../Engine/Content/EngineMaterials/Substrate/Glints2/dict_0006_0032.uasset" 9723
"../../../Engine/Content/EngineMaterials/Substrate/Glints2/dict_0006_0038.uasset" 9724
"../../../Engine/Content/EngineMaterials/Substrate/Glints2/dict_0006_0036.uasset" 9725
"../../../Engine/Content/EngineMaterials/Substrate/Glints2/dict_0006_0029.uasset" 9726
"/Engine/EngineMaterials/Substrate/Glints2/dict_0006_0025" 9727
"../../../Engine/Content/EngineMaterials/Substrate/Glints2/dict_0006_0042.uasset" 9728
"../../../Engine/Content/EngineMaterials/Substrate/Glints2/dict_0006_0037.uasset" 9729
"../../../Engine/Content/EngineMaterials/Substrate/Glints2/dict_0006_0041.uasset" 9730
"../../../Engine/Content/EngineMaterials/Substrate/Glints2/dict_0006_0033.uasset" 9731
"../../../Engine/Content/EngineMaterials/Substrate/Glints2/dict_0006_0043.uasset" 9732
"../../../Engine/Content/EngineMaterials/Substrate/Glints2/dict_0006_0031.uasset" 9733
"../../../Engine/Content/EngineMaterials/Substrate/Glints2/dict_0006_0035.uasset" 9734
"/Engine/EngineMaterials/Substrate/Glints2/dict_0006_0024" 9735
"/Engine/EngineMaterials/Substrate/Glints2/dict_0006_0023" 9736
"/Engine/EngineMaterials/Substrate/Glints2/dict_0006_0022" 9737
"/Engine/EngineMaterials/Substrate/Glints2/dict_0006_0021" 9738
"/Engine/EngineMaterials/Substrate/Glints2/dict_0006_0020" 9739
"/Engine/EngineMaterials/Substrate/Glints2/dict_0006_0019" 9740
"/Engine/EngineMaterials/Substrate/Glints2/dict_0006_0018" 9741
"/Engine/EngineMaterials/Substrate/Glints2/dict_0006_0017" 9742
"/Engine/EngineMaterials/Substrate/Glints2/dict_0006_0016" 9743
"/Engine/EngineMaterials/Substrate/Glints2/dict_0006_0028" 9744
"/Engine/EngineMaterials/Substrate/Glints2/dict_0006_0015" 9745
"/Engine/EngineMaterials/Substrate/Glints2/dict_0006_0026" 9746
"/Engine/EngineMaterials/Substrate/Glints2/dict_0006_0014" 9747
"/Engine/EngineMaterials/Substrate/Glints2/dict_0006_0013" 9748
"/Engine/EngineMaterials/Substrate/Glints2/dict_0006_0012" 9749
"../../../Engine/Content/EngineMaterials/Substrate/Glints2/dict_0006_0052.uasset" 9750
"../../../Engine/Content/EngineMaterials/Substrate/Glints2/dict_0006_0044.uasset" 9751
"../../../Engine/Content/EngineMaterials/Substrate/Glints2/dict_0006_0051.uasset" 9752
"../../../Engine/Content/EngineMaterials/Substrate/Glints2/dict_0006_0053.uasset" 9753
"/Engine/EngineMaterials/Substrate/Glints2/dict_0006_0043" 9754
"../../../Engine/Content/EngineMaterials/Substrate/Glints2/dict_0006_0057.uasset" 9755
"../../../Engine/Content/EngineMaterials/Substrate/Glints2/dict_0006_0056.uasset" 9756
"../../../Engine/Content/EngineMaterials/Substrate/Glints2/dict_0006_0048.uasset" 9757
"../../../Engine/Content/EngineMaterials/Substrate/Glints2/dict_0006_0055.uasset" 9758
"../../../Engine/Content/EngineMaterials/Substrate/Glints2/dict_0006_0054.uasset" 9759
"../../../Engine/Content/EngineMaterials/Substrate/Glints2/dict_0006_0045.uasset" 9760
"../../../Engine/Content/EngineMaterials/Substrate/Glints2/dict_0006_0046.uasset" 9761
"../../../Engine/Content/EngineMaterials/Substrate/Glints2/dict_0006_0058.uasset" 9762
"../../../Engine/Content/EngineMaterials/Substrate/Glints2/dict_0006_0050.uasset" 9763
"../../../Engine/Content/EngineMaterials/Substrate/Glints2/dict_0006_0047.uasset" 9764
"../../../Engine/Content/EngineMaterials/Substrate/Glints2/dict_0006_0059.uasset" 9765
"../../../Engine/Content/EngineMaterials/Substrate/Glints2/dict_0006_0049.uasset" 9766
"/Engine/EngineMaterials/Substrate/Glints2/dict_0006_0042" 9767
"/Engine/EngineMaterials/Substrate/Glints2/dict_0006_0041" 9768
"/Engine/EngineMaterials/Substrate/Glints2/dict_0006_0040" 9769
"/Engine/EngineMaterials/Substrate/Glints2/dict_0006_0039" 9770
"/Engine/EngineMaterials/Substrate/Glints2/dict_0006_0038" 9771
"/Engine/EngineMaterials/Substrate/Glints2/dict_0006_0037" 9772
"/Engine/EngineMaterials/Substrate/Glints2/dict_0006_0036" 9773
"/Engine/EngineMaterials/Substrate/Glints2/dict_0006_0035" 9774
"/Engine/EngineMaterials/Substrate/Glints2/dict_0006_0034" 9775
"/Engine/EngineMaterials/Substrate/Glints2/dict_0006_0033" 9776
"/Engine/EngineMaterials/Substrate/Glints2/dict_0006_0032" 9777
"/Engine/EngineMaterials/Substrate/Glints2/dict_0006_0031" 9778
"/Engine/EngineMaterials/Substrate/Glints2/dict_0006_0030" 9779
"/Engine/EngineMaterials/Substrate/Glints2/dict_0006_0029" 9780
"/Engine/EngineMaterials/Substrate/Glints2/dict_0006_0027" 9781
"../../../Engine/Content/EngineMaterials/Substrate/Glints2/dict_0006_0067.uasset" 9782
"../../../Engine/Content/EngineMaterials/Substrate/Glints2/dict_0006_0064.uasset" 9783
"../../../Engine/Content/EngineMaterials/Substrate/Glints2/dict_0006_0069.uasset" 9784
"../../../Engine/Content/EngineMaterials/Substrate/Glints2/dict_0006_0066.uasset" 9785
"../../../Engine/Content/EngineMaterials/Substrate/Glints2/dict_0006_0075.uasset" 9786
"../../../Engine/Content/EngineMaterials/Substrate/Glints2/dict_0006_0071.uasset" 9787
"../../../Engine/Content/EngineMaterials/Substrate/Glints2/dict_0006_0068.uasset" 9788
"../../../Engine/Content/EngineMaterials/Substrate/Glints2/dict_0006_0070.uasset" 9789
"../../../Engine/Content/EngineMaterials/Substrate/Glints2/dict_0006_0072.uasset" 9790
"../../../Engine/Content/EngineMaterials/Substrate/Glints2/dict_0006_0073.uasset" 9791
"../../../Engine/Content/EngineMaterials/Substrate/Glints2/dict_0006_0061.uasset" 9792
"../../../Engine/Content/EngineMaterials/Substrate/Glints2/dict_0006_0074.uasset" 9793
"../../../Engine/Content/EngineMaterials/Substrate/Glints2/dict_0006_0062.uasset" 9794
"../../../Engine/Content/EngineMaterials/Substrate/Glints2/dict_0006_0065.uasset" 9795
"../../../Engine/Content/EngineMaterials/Substrate/Glints2/dict_0006_0060.uasset" 9796
"/Engine/EngineMaterials/Substrate/Glints2/dict_0006_0059" 9797
"../../../Engine/Content/EngineMaterials/Substrate/Glints2/dict_0006_0063.uasset" 9798
"/Engine/EngineMaterials/Substrate/Glints2/dict_0006_0058" 9799
"/Engine/EngineMaterials/Substrate/Glints2/dict_0006_0057" 9800
"/Engine/EngineMaterials/Substrate/Glints2/dict_0006_0056" 9801
"/Engine/EngineMaterials/Substrate/Glints2/dict_0006_0055" 9802
"/Engine/EngineMaterials/Substrate/Glints2/dict_0006_0054" 9803
"/Engine/EngineMaterials/Substrate/Glints2/dict_0006_0053" 9804
"/Engine/EngineMaterials/Substrate/Glints2/dict_0006_0052" 9805
"/Engine/EngineMaterials/Substrate/Glints2/dict_0006_0051" 9806
"/Engine/EngineMaterials/Substrate/Glints2/dict_0006_0050" 9807
"/Engine/EngineMaterials/Substrate/Glints2/dict_0006_0049" 9808
"/Engine/EngineMaterials/Substrate/Glints2/dict_0006_0048" 9809
"/Engine/EngineMaterials/Substrate/Glints2/dict_0006_0047" 9810
"/Engine/EngineMaterials/Substrate/Glints2/dict_0006_0046" 9811
"/Engine/EngineMaterials/Substrate/Glints2/dict_0006_0045" 9812
"/Engine/EngineMaterials/Substrate/Glints2/dict_0006_0044" 9813
"../../../Engine/Content/EngineMaterials/Substrate/Glints2/dict_0006_0077.uasset" 9814
"../../../Engine/Content/EngineMaterials/Substrate/Glints2/dict_0006_0082.uasset" 9815
"../../../Engine/Content/EngineMaterials/Substrate/Glints2/dict_0006_0090.uasset" 9816
"../../../Engine/Content/EngineMaterials/Substrate/Glints2/dict_0006_0083.uasset" 9817
"../../../Engine/Content/EngineMaterials/Substrate/Glints2/dict_0006_0085.uasset" 9818
"/Engine/EngineMaterials/Substrate/Glints2/dict_0006_0075" 9819
"../../../Engine/Content/EngineMaterials/Substrate/Glints2/dict_0006_0080.uasset" 9820
"../../../Engine/Content/EngineMaterials/Substrate/Glints2/dict_0006_0081.uasset" 9821
"../../../Engine/Content/EngineMaterials/Substrate/Glints2/dict_0006_0084.uasset" 9822
"../../../Engine/Content/EngineMaterials/Substrate/Glints2/dict_0006_0087.uasset" 9823
"../../../Engine/Content/EngineMaterials/Substrate/Glints2/dict_0006_0091.uasset" 9824
"../../../Engine/Content/EngineMaterials/Substrate/Glints2/dict_0006_0088.uasset" 9825
"../../../Engine/Content/EngineMaterials/Substrate/Glints2/dict_0006_0089.uasset" 9826
"../../../Engine/Content/EngineMaterials/Substrate/Glints2/dict_0006_0076.uasset" 9827
"../../../Engine/Content/EngineMaterials/Substrate/Glints2/dict_0006_0078.uasset" 9828
"../../../Engine/Content/EngineMaterials/Substrate/Glints2/dict_0006_0079.uasset" 9829
"../../../Engine/Content/EngineMaterials/Substrate/Glints2/dict_0006_0086.uasset" 9830
"/Engine/EngineMaterials/Substrate/Glints2/dict_0006_0074" 9831
"/Engine/EngineMaterials/Substrate/Glints2/dict_0006_0073" 9832
"/Engine/EngineMaterials/Substrate/Glints2/dict_0006_0072" 9833
"/Engine/EngineMaterials/Substrate/Glints2/dict_0006_0071" 9834
"/Engine/EngineMaterials/Substrate/Glints2/dict_0006_0070" 9835
"/Engine/EngineMaterials/Substrate/Glints2/dict_0006_0069" 9836
"/Engine/EngineMaterials/Substrate/Glints2/dict_0006_0068" 9837
"/Engine/EngineMaterials/Substrate/Glints2/dict_0006_0067" 9838
"/Engine/EngineMaterials/Substrate/Glints2/dict_0006_0066" 9839
"/Engine/EngineMaterials/Substrate/Glints2/dict_0006_0065" 9840
"/Engine/EngineMaterials/Substrate/Glints2/dict_0006_0064" 9841
"/Engine/EngineMaterials/Substrate/Glints2/dict_0006_0063" 9842
"/Engine/EngineMaterials/Substrate/Glints2/dict_0006_0062" 9843
"/Engine/EngineMaterials/Substrate/Glints2/dict_0006_0061" 9844
"/Engine/EngineMaterials/Substrate/Glints2/dict_0006_0060" 9845
"../../../Engine/Content/EngineMaterials/Substrate/Glints2/dict_0006_0093.uasset" 9846
"../../../Engine/Content/EngineMaterials/Substrate/Glints2/dict_0006_0092.uasset" 9847
"../../../Engine/Content/EngineMaterials/Substrate/Glints2/dict_0006_0094.uasset" 9848
"../../../Engine/Content/EngineMaterials/Substrate/Glints2/dict_0006_0102.uasset" 9849
"../../../Engine/Content/EngineMaterials/Substrate/Glints2/dict_0006_0096.uasset" 9850
"../../../Engine/Content/EngineMaterials/Substrate/Glints2/dict_0006_0097.uasset" 9851
"../../../Engine/Content/EngineMaterials/Substrate/Glints2/dict_0006_0101.uasset" 9852
"../../../Engine/Content/EngineMaterials/Substrate/Glints2/dict_0006_0104.uasset" 9853
"../../../Engine/Content/EngineMaterials/Substrate/Glints2/dict_0006_0100.uasset" 9854
"../../../Engine/Content/EngineMaterials/Substrate/Glints2/dict_0006_0107.uasset" 9855
"../../../Engine/Content/EngineMaterials/Substrate/Glints2/dict_0006_0099.uasset" 9856
"../../../Engine/Content/EngineMaterials/Substrate/Glints2/dict_0006_0098.uasset" 9857
"../../../Engine/Content/EngineMaterials/Substrate/Glints2/dict_0006_0106.uasset" 9858
"../../../Engine/Content/EngineMaterials/Substrate/Glints2/dict_0006_0095.uasset" 9859
"../../../Engine/Content/EngineMaterials/Substrate/Glints2/dict_0006_0105.uasset" 9860
"../../../Engine/Content/EngineMaterials/Substrate/Glints2/dict_0006_0103.uasset" 9861
"/Engine/EngineMaterials/Substrate/Glints2/dict_0006_0091" 9862
"/Engine/EngineMaterials/Substrate/Glints2/dict_0006_0090" 9863
"/Engine/EngineMaterials/Substrate/Glints2/dict_0006_0089" 9864
"/Engine/EngineMaterials/Substrate/Glints2/dict_0006_0088" 9865
"/Engine/EngineMaterials/Substrate/Glints2/dict_0006_0087" 9866
"/Engine/EngineMaterials/Substrate/Glints2/dict_0006_0086" 9867
"/Engine/EngineMaterials/Substrate/Glints2/dict_0006_0085" 9868
"/Engine/EngineMaterials/Substrate/Glints2/dict_0006_0084" 9869
"/Engine/EngineMaterials/Substrate/Glints2/dict_0006_0083" 9870
"/Engine/EngineMaterials/Substrate/Glints2/dict_0006_0082" 9871
"/Engine/EngineMaterials/Substrate/Glints2/dict_0006_0081" 9872
"/Engine/EngineMaterials/Substrate/Glints2/dict_0006_0080" 9873
"/Engine/EngineMaterials/Substrate/Glints2/dict_0006_0079" 9874
"/Engine/EngineMaterials/Substrate/Glints2/dict_0006_0078" 9875
"/Engine/EngineMaterials/Substrate/Glints2/dict_0006_0077" 9876
"/Engine/EngineMaterials/Substrate/Glints2/dict_0006_0076" 9877
"../../../Engine/Content/EngineMaterials/Substrate/Glints2/dict_0006_0108.uasset" 9878
"../../../Engine/Content/EngineMaterials/Substrate/Glints2/dict_0006_0109.uasset" 9879
"../../../Engine/Content/EngineMaterials/Substrate/Glints2/dict_0006_0111.uasset" 9880
"../../../Engine/Content/EngineMaterials/Substrate/Glints2/dict_0006_0114.uasset" 9881
"../../../Engine/Content/EngineMaterials/Substrate/Glints2/dict_0006_0123.uasset" 9882
"../../../Engine/Content/EngineMaterials/Substrate/Glints2/dict_0006_0120.uasset" 9883
"../../../Engine/Content/EngineMaterials/Substrate/Glints2/dict_0006_0110.uasset" 9884
"../../../Engine/Content/EngineMaterials/Substrate/Glints2/dict_0006_0117.uasset" 9885
"../../../Engine/Content/EngineMaterials/Substrate/Glints2/dict_0006_0113.uasset" 9886
"../../../Engine/Content/EngineMaterials/Substrate/Glints2/dict_0006_0112.uasset" 9887
"../../../Engine/Content/EngineMaterials/Substrate/Glints2/dict_0006_0118.uasset" 9888
"../../../Engine/Content/EngineMaterials/Substrate/Glints2/dict_0006_0115.uasset" 9889
"../../../Engine/Content/EngineMaterials/Substrate/Glints2/dict_0006_0121.uasset" 9890
"../../../Engine/Content/EngineMaterials/Substrate/Glints2/dict_0006_0116.uasset" 9891
"../../../Engine/Content/EngineMaterials/Substrate/Glints2/dict_0006_0122.uasset" 9892
"../../../Engine/Content/EngineMaterials/Substrate/Glints2/dict_0006_0119.uasset" 9893
"/Engine/EngineMaterials/Substrate/Glints2/dict_0006_0107" 9894
"/Engine/EngineMaterials/Substrate/Glints2/dict_0006_0106" 9895
"/Engine/EngineMaterials/Substrate/Glints2/dict_0006_0105" 9896
"/Engine/EngineMaterials/Substrate/Glints2/dict_0006_0104" 9897
"/Engine/EngineMaterials/Substrate/Glints2/dict_0006_0103" 9898
"/Engine/EngineMaterials/Substrate/Glints2/dict_0006_0102" 9899
"/Engine/EngineMaterials/Substrate/Glints2/dict_0006_0101" 9900
"/Engine/EngineMaterials/Substrate/Glints2/dict_0006_0100" 9901
"/Engine/EngineMaterials/Substrate/Glints2/dict_0006_0099" 9902
"/Engine/EngineMaterials/Substrate/Glints2/dict_0006_0098" 9903
"/Engine/EngineMaterials/Substrate/Glints2/dict_0006_0097" 9904
"/Engine/EngineMaterials/Substrate/Glints2/dict_0006_0096" 9905
"/Engine/EngineMaterials/Substrate/Glints2/dict_0006_0095" 9906
"/Engine/EngineMaterials/Substrate/Glints2/dict_0006_0094" 9907
"/Engine/EngineMaterials/Substrate/Glints2/dict_0006_0093" 9908
"/Engine/EngineMaterials/Substrate/Glints2/dict_0006_0092" 9909
"../../../Engine/Content/EngineMaterials/Substrate/Glints2/dict_0006_0126.uasset" 9910
"../../../Engine/Content/EngineMaterials/Substrate/Glints2/dict_0006_0135.uasset" 9911
"../../../Engine/Content/EngineMaterials/Substrate/Glints2/dict_0006_0130.uasset" 9912
"../../../Engine/Content/EngineMaterials/Substrate/Glints2/dict_0006_0133.uasset" 9913
"../../../Engine/Content/EngineMaterials/Substrate/Glints2/dict_0006_0136.uasset" 9914
"../../../Engine/Content/EngineMaterials/Substrate/Glints2/dict_0006_0137.uasset" 9915
"../../../Engine/Content/EngineMaterials/Substrate/Glints2/dict_0006_0127.uasset" 9916
"../../../Engine/Content/EngineMaterials/Substrate/Glints2/dict_0006_0131.uasset" 9917
"../../../Engine/Content/EngineMaterials/Substrate/Glints2/dict_0006_0138.uasset" 9918
"../../../Engine/Content/EngineMaterials/Substrate/Glints2/dict_0006_0124.uasset" 9919
"../../../Engine/Content/EngineMaterials/Substrate/Glints2/dict_0006_0139.uasset" 9920
"../../../Engine/Content/EngineMaterials/Substrate/Glints2/dict_0006_0134.uasset" 9921
"../../../Engine/Content/EngineMaterials/Substrate/Glints2/dict_0006_0129.uasset" 9922
"/Engine/EngineMaterials/Substrate/Glints2/dict_0006_0123" 9923
"../../../Engine/Content/EngineMaterials/Substrate/Glints2/dict_0006_0125.uasset" 9924
"../../../Engine/Content/EngineMaterials/Substrate/Glints2/dict_0006_0128.uasset" 9925
"../../../Engine/Content/EngineMaterials/Substrate/Glints2/dict_0006_0132.uasset" 9926
"/Engine/EngineMaterials/Substrate/Glints2/dict_0006_0122" 9927
"/Engine/EngineMaterials/Substrate/Glints2/dict_0006_0121" 9928
"/Engine/EngineMaterials/Substrate/Glints2/dict_0006_0120" 9929
"/Engine/EngineMaterials/Substrate/Glints2/dict_0006_0119" 9930
"/Engine/EngineMaterials/Substrate/Glints2/dict_0006_0118" 9931
"/Engine/EngineMaterials/Substrate/Glints2/dict_0006_0117" 9932
"/Engine/EngineMaterials/Substrate/Glints2/dict_0006_0116" 9933
"/Engine/EngineMaterials/Substrate/Glints2/dict_0006_0115" 9934
"/Engine/EngineMaterials/Substrate/Glints2/dict_0006_0114" 9935
"/Engine/EngineMaterials/Substrate/Glints2/dict_0006_0113" 9936
"/Engine/EngineMaterials/Substrate/Glints2/dict_0006_0112" 9937
"/Engine/EngineMaterials/Substrate/Glints2/dict_0006_0111" 9938
"/Engine/EngineMaterials/Substrate/Glints2/dict_0006_0110" 9939
"/Engine/EngineMaterials/Substrate/Glints2/dict_0006_0109" 9940
"/Engine/EngineMaterials/Substrate/Glints2/dict_0006_0108" 9941
"../../../Engine/Content/EngineMaterials/Substrate/Glints2/dict_0006_0140.uasset" 9942
"../../../Engine/Content/EngineMaterials/Substrate/Glints2/dict_0006_0145.uasset" 9943
"../../../Engine/Content/EngineMaterials/Substrate/Glints2/dict_0006_0142.uasset" 9944
"../../../Engine/Content/EngineMaterials/Substrate/Glints2/dict_0006_0144.uasset" 9945
"../../../Engine/Content/EngineMaterials/Substrate/Glints2/dict_0006_0150.uasset" 9946
"../../../Engine/Content/EngineMaterials/Substrate/Glints2/dict_0006_0153.uasset" 9947
"../../../Engine/Content/EngineMaterials/Substrate/Glints2/dict_0006_0154.uasset" 9948
"../../../Engine/Content/EngineMaterials/Substrate/Glints2/dict_0006_0152.uasset" 9949
"../../../Engine/Content/EngineMaterials/Substrate/Glints2/dict_0006_0143.uasset" 9950
"../../../Engine/Content/EngineMaterials/Substrate/Glints2/dict_0006_0151.uasset" 9951
"../../../Engine/Content/EngineMaterials/Substrate/Glints2/dict_0006_0141.uasset" 9952
"../../../Engine/Content/EngineMaterials/Substrate/Glints2/dict_0006_0148.uasset" 9953
"../../../Engine/Content/EngineMaterials/Substrate/Glints2/dict_0006_0146.uasset" 9954
"../../../Engine/Content/EngineMaterials/Substrate/Glints2/dict_0006_0155.uasset" 9955
"../../../Engine/Content/EngineMaterials/Substrate/Glints2/dict_0006_0147.uasset" 9956
"/Engine/EngineMaterials/Substrate/Glints2/dict_0006_0139" 9957
"../../../Engine/Content/EngineMaterials/Substrate/Glints2/dict_0006_0149.uasset" 9958
"/Engine/EngineMaterials/Substrate/Glints2/dict_0006_0138" 9959
"/Engine/EngineMaterials/Substrate/Glints2/dict_0006_0137" 9960
"/Engine/EngineMaterials/Substrate/Glints2/dict_0006_0136" 9961
"/Engine/EngineMaterials/Substrate/Glints2/dict_0006_0135" 9962
"/Engine/EngineMaterials/Substrate/Glints2/dict_0006_0134" 9963
"/Engine/EngineMaterials/Substrate/Glints2/dict_0006_0133" 9964
"/Engine/EngineMaterials/Substrate/Glints2/dict_0006_0132" 9965
"/Engine/EngineMaterials/Substrate/Glints2/dict_0006_0131" 9966
"/Engine/EngineMaterials/Substrate/Glints2/dict_0006_0130" 9967
"/Engine/EngineMaterials/Substrate/Glints2/dict_0006_0129" 9968
"/Engine/EngineMaterials/Substrate/Glints2/dict_0006_0128" 9969
"/Engine/EngineMaterials/Substrate/Glints2/dict_0006_0127" 9970
"/Engine/EngineMaterials/Substrate/Glints2/dict_0006_0126" 9971
"/Engine/EngineMaterials/Substrate/Glints2/dict_0006_0125" 9972
"/Engine/EngineMaterials/Substrate/Glints2/dict_0006_0124" 9973
"../../../Engine/Content/EngineMaterials/Substrate/Glints2/dict_0006_0164.uasset" 9974
"../../../Engine/Content/EngineMaterials/Substrate/Glints2/dict_0006_0165.uasset" 9975
"../../../Engine/Content/EngineMaterials/Substrate/Glints2/dict_0006_0169.uasset" 9976
"../../../Engine/Content/EngineMaterials/Substrate/Glints2/dict_0006_0160.uasset" 9977
"../../../Engine/Content/EngineMaterials/Substrate/Glints2/dict_0006_0167.uasset" 9978
"../../../Engine/Content/EngineMaterials/Substrate/Glints2/dict_0006_0170.uasset" 9979
"../../../Engine/Content/EngineMaterials/Substrate/Glints2/dict_0006_0166.uasset" 9980
"../../../Engine/Content/EngineMaterials/Substrate/Glints2/dict_0006_0168.uasset" 9981
"/Engine/EngineMaterials/Substrate/Glints2/dict_0006_0155" 9982
"../../../Engine/Content/EngineMaterials/Substrate/Glints2/dict_0006_0159.uasset" 9983
"../../../Engine/Content/EngineMaterials/Substrate/Glints2/dict_0006_0158.uasset" 9984
"../../../Engine/Content/EngineMaterials/Substrate/Glints2/dict_0006_0171.uasset" 9985
"../../../Engine/Content/EngineMaterials/Substrate/Glints2/dict_0006_0162.uasset" 9986
"../../../Engine/Content/EngineMaterials/Substrate/Glints2/dict_0006_0161.uasset" 9987
"../../../Engine/Content/EngineMaterials/Substrate/Glints2/dict_0006_0156.uasset" 9988
"../../../Engine/Content/EngineMaterials/Substrate/Glints2/dict_0006_0157.uasset" 9989
"../../../Engine/Content/EngineMaterials/Substrate/Glints2/dict_0006_0163.uasset" 9990
"/Engine/EngineMaterials/Substrate/Glints2/dict_0006_0154" 9991
"/Engine/EngineMaterials/Substrate/Glints2/dict_0006_0153" 9992
"/Engine/EngineMaterials/Substrate/Glints2/dict_0006_0152" 9993
"/Engine/EngineMaterials/Substrate/Glints2/dict_0006_0151" 9994
"/Engine/EngineMaterials/Substrate/Glints2/dict_0006_0150" 9995
"/Engine/EngineMaterials/Substrate/Glints2/dict_0006_0149" 9996
"/Engine/EngineMaterials/Substrate/Glints2/dict_0006_0148" 9997
"/Engine/EngineMaterials/Substrate/Glints2/dict_0006_0147" 9998
"/Engine/EngineMaterials/Substrate/Glints2/dict_0006_0146" 9999
"/Engine/EngineMaterials/Substrate/Glints2/dict_0006_0145" 10000
"/Engine/EngineMaterials/Substrate/Glints2/dict_0006_0144" 10001
"/Engine/EngineMaterials/Substrate/Glints2/dict_0006_0143" 10002
"/Engine/EngineMaterials/Substrate/Glints2/dict_0006_0142" 10003
"/Engine/EngineMaterials/Substrate/Glints2/dict_0006_0141" 10004
"/Engine/EngineMaterials/Substrate/Glints2/dict_0006_0140" 10005
"../../../Engine/Content/EngineMaterials/Substrate/Glints2/dict_0006_0172.uasset" 10006
"../../../Engine/Content/EngineMaterials/Substrate/Glints2/dict_0006_0173.uasset" 10007
"../../../Engine/Content/EngineMaterials/Substrate/Glints2/dict_0006_0180.uasset" 10008
"../../../Engine/Content/EngineMaterials/Substrate/Glints2/dict_0006_0174.uasset" 10009
"../../../Engine/Content/EngineMaterials/Substrate/Glints2/dict_0006_0175.uasset" 10010
"../../../Engine/Content/EngineMaterials/Substrate/Glints2/dict_0006_0179.uasset" 10011
"../../../Engine/Content/EngineMaterials/Substrate/Glints2/dict_0006_0177.uasset" 10012
"../../../Engine/Content/EngineMaterials/Substrate/Glints2/dict_0006_0185.uasset" 10013
"/Engine/EngineMaterials/Substrate/Glints2/dict_0006_0171" 10014
"../../../Engine/Content/EngineMaterials/Substrate/Glints2/dict_0006_0186.uasset" 10015
"../../../Engine/Content/EngineMaterials/Substrate/Glints2/dict_0006_0187.uasset" 10016
"../../../Engine/Content/EngineMaterials/Substrate/Glints2/dict_0006_0181.uasset" 10017
"../../../Engine/Content/EngineMaterials/Substrate/Glints2/dict_0006_0178.uasset" 10018
"../../../Engine/Content/EngineMaterials/Substrate/Glints2/dict_0006_0184.uasset" 10019
"../../../Engine/Content/EngineMaterials/Substrate/Glints2/dict_0006_0182.uasset" 10020
"../../../Engine/Content/EngineMaterials/Substrate/Glints2/dict_0006_0183.uasset" 10021
"../../../Engine/Content/EngineMaterials/Substrate/Glints2/dict_0006_0176.uasset" 10022
"/Engine/EngineMaterials/Substrate/Glints2/dict_0006_0170" 10023
"/Engine/EngineMaterials/Substrate/Glints2/dict_0006_0169" 10024
"/Engine/EngineMaterials/Substrate/Glints2/dict_0006_0168" 10025
"/Engine/EngineMaterials/Substrate/Glints2/dict_0006_0167" 10026
"/Engine/EngineMaterials/Substrate/Glints2/dict_0006_0166" 10027
"/Engine/EngineMaterials/Substrate/Glints2/dict_0006_0165" 10028
"/Engine/EngineMaterials/Substrate/Glints2/dict_0006_0164" 10029
"/Engine/EngineMaterials/Substrate/Glints2/dict_0006_0163" 10030
"/Engine/EngineMaterials/Substrate/Glints2/dict_0006_0162" 10031
"/Engine/EngineMaterials/Substrate/Glints2/dict_0006_0161" 10032
"/Engine/EngineMaterials/Substrate/Glints2/dict_0006_0160" 10033
"/Engine/EngineMaterials/Substrate/Glints2/dict_0006_0159" 10034
"/Engine/EngineMaterials/Substrate/Glints2/dict_0006_0158" 10035
"/Engine/EngineMaterials/Substrate/Glints2/dict_0006_0157" 10036
"/Engine/EngineMaterials/Substrate/Glints2/dict_0006_0156" 10037
"../../../Engine/Content/EngineMaterials/Substrate/Glints2/dict_0006_0188.uasset" 10038
"../../../Engine/Content/EngineMaterials/Substrate/Glints2/dict_0006_0191.uasset" 10039
"../../../Engine/Content/EngineMaterials/Substrate/Glints2/dict_0006_0190.uasset" 10040
"../../../Engine/Content/EngineMaterials/Substrate/Glints2/dict_0006_0199.uasset" 10041
"../../../Engine/Content/EngineMaterials/Substrate/Glints2/dict_0006_0193.uasset" 10042
"../../../Engine/Content/EngineMaterials/Substrate/Glints2/dict_0006_0202.uasset" 10043
"/Engine/EngineMaterials/Substrate/Glints2/dict_0006_0187" 10044
"../../../Engine/Content/EngineMaterials/Substrate/Glints2/dict_0006_0203.uasset" 10045
"../../../Engine/Content/EngineMaterials/Substrate/Glints2/dict_0006_0197.uasset" 10046
"../../../Engine/Content/EngineMaterials/Substrate/Glints2/dict_0006_0189.uasset" 10047
"../../../Engine/Content/EngineMaterials/Substrate/Glints2/dict_0006_0194.uasset" 10048
"../../../Engine/Content/EngineMaterials/Substrate/Glints2/dict_0006_0198.uasset" 10049
"../../../Engine/Content/EngineMaterials/Substrate/Glints2/dict_0006_0200.uasset" 10050
"../../../Engine/Content/EngineMaterials/Substrate/Glints2/dict_0006_0192.uasset" 10051
"../../../Engine/Content/EngineMaterials/Substrate/Glints2/dict_0006_0201.uasset" 10052
"../../../Engine/Content/EngineMaterials/Substrate/Glints2/dict_0006_0196.uasset" 10053
"../../../Engine/Content/EngineMaterials/Substrate/Glints2/dict_0006_0195.uasset" 10054
"/Engine/EngineMaterials/Substrate/Glints2/dict_0006_0186" 10055
"/Engine/EngineMaterials/Substrate/Glints2/dict_0006_0185" 10056
"/Engine/EngineMaterials/Substrate/Glints2/dict_0006_0184" 10057
"/Engine/EngineMaterials/Substrate/Glints2/dict_0006_0183" 10058
"/Engine/EngineMaterials/Substrate/Glints2/dict_0006_0182" 10059
"/Engine/EngineMaterials/Substrate/Glints2/dict_0006_0181" 10060
"/Engine/EngineMaterials/Substrate/Glints2/dict_0006_0180" 10061
"/Engine/EngineMaterials/Substrate/Glints2/dict_0006_0179" 10062
"/Engine/EngineMaterials/Substrate/Glints2/dict_0006_0178" 10063
"/Engine/EngineMaterials/Substrate/Glints2/dict_0006_0177" 10064
"/Engine/EngineMaterials/Substrate/Glints2/dict_0006_0176" 10065
"/Engine/EngineMaterials/Substrate/Glints2/dict_0006_0175" 10066
"/Engine/EngineMaterials/Substrate/Glints2/dict_0006_0174" 10067
"/Engine/EngineMaterials/Substrate/Glints2/dict_0006_0173" 10068
"/Engine/EngineMaterials/Substrate/Glints2/dict_0006_0172" 10069
"../../../Engine/Content/EngineMaterials/Substrate/Glints2/dict_0006_0208.uasset" 10070
"../../../Engine/Content/EngineMaterials/Substrate/Glints2/dict_0006_0207.uasset" 10071
"../../../Engine/Content/EngineMaterials/Substrate/Glints2/dict_0006_0205.uasset" 10072
"../../../Engine/Content/EngineMaterials/Substrate/Glints2/dict_0006_0209.uasset" 10073
"../../../Engine/Content/EngineMaterials/Substrate/Glints2/dict_0006_0216.uasset" 10074
"../../../Engine/Content/EngineMaterials/Substrate/Glints2/dict_0006_0218.uasset" 10075
"../../../Engine/Content/EngineMaterials/Substrate/Glints2/dict_0006_0212.uasset" 10076
"../../../Engine/Content/EngineMaterials/Substrate/Glints2/dict_0006_0217.uasset" 10077
"../../../Engine/Content/EngineMaterials/Substrate/Glints2/dict_0006_0204.uasset" 10078
"../../../Engine/Content/EngineMaterials/Substrate/Glints2/dict_0006_0213.uasset" 10079
"../../../Engine/Content/EngineMaterials/Substrate/Glints2/dict_0006_0214.uasset" 10080
"../../../Engine/Content/EngineMaterials/Substrate/Glints2/dict_0006_0206.uasset" 10081
"../../../Engine/Content/EngineMaterials/Substrate/Glints2/dict_0006_0211.uasset" 10082
"../../../Engine/Content/EngineMaterials/Substrate/Glints2/dict_0006_0210.uasset" 10083
"../../../Engine/Content/EngineMaterials/Substrate/Glints2/dict_0006_0219.uasset" 10084
"/Engine/EngineMaterials/Substrate/Glints2/dict_0006_0203" 10085
"../../../Engine/Content/EngineMaterials/Substrate/Glints2/dict_0006_0215.uasset" 10086
"/Engine/EngineMaterials/Substrate/Glints2/dict_0006_0202" 10087
"/Engine/EngineMaterials/Substrate/Glints2/dict_0006_0201" 10088
"/Engine/EngineMaterials/Substrate/Glints2/dict_0006_0200" 10089
"/Engine/EngineMaterials/Substrate/Glints2/dict_0006_0199" 10090
"/Engine/EngineMaterials/Substrate/Glints2/dict_0006_0198" 10091
"/Engine/EngineMaterials/Substrate/Glints2/dict_0006_0197" 10092
"/Engine/EngineMaterials/Substrate/Glints2/dict_0006_0196" 10093
"/Engine/EngineMaterials/Substrate/Glints2/dict_0006_0195" 10094
"/Engine/EngineMaterials/Substrate/Glints2/dict_0006_0194" 10095
"/Engine/EngineMaterials/Substrate/Glints2/dict_0006_0193" 10096
"/Engine/EngineMaterials/Substrate/Glints2/dict_0006_0192" 10097
"/Engine/EngineMaterials/Substrate/Glints2/dict_0006_0191" 10098
"/Engine/EngineMaterials/Substrate/Glints2/dict_0006_0190" 10099
"/Engine/EngineMaterials/Substrate/Glints2/dict_0006_0189" 10100
"/Engine/EngineMaterials/Substrate/Glints2/dict_0006_0188" 10101
"../../../Engine/Content/EngineMaterials/Substrate/Glints2/dict_0006_0221.uasset" 10102
"../../../Engine/Content/EngineMaterials/Substrate/Glints2/dict_0006_0222.uasset" 10103
"../../../Engine/Content/EngineMaterials/Substrate/Glints2/dict_0006_0224.uasset" 10104
"../../../Engine/Content/EngineMaterials/Substrate/Glints2/dict_0006_0223.uasset" 10105
"../../../Engine/Content/EngineMaterials/Substrate/Glints2/dict_0006_0226.uasset" 10106
"../../../Engine/Content/EngineMaterials/Substrate/Glints2/dict_0006_0225.uasset" 10107
"../../../Engine/Content/EngineMaterials/Substrate/Glints2/dict_0006_0220.uasset" 10108
"../../../Engine/Content/EngineMaterials/Substrate/Glints2/dict_0006_0232.uasset" 10109
"../../../Engine/Content/EngineMaterials/Substrate/Glints2/dict_0006_0230.uasset" 10110
"/Engine/EngineMaterials/Substrate/Glints2/dict_0006_0219" 10111
"../../../Engine/Content/EngineMaterials/Substrate/Glints2/dict_0006_0227.uasset" 10112
"../../../Engine/Content/EngineMaterials/Substrate/Glints2/dict_0006_0233.uasset" 10113
"../../../Engine/Content/EngineMaterials/Substrate/Glints2/dict_0006_0234.uasset" 10114
"../../../Engine/Content/EngineMaterials/Substrate/Glints2/dict_0006_0235.uasset" 10115
"../../../Engine/Content/EngineMaterials/Substrate/Glints2/dict_0006_0231.uasset" 10116
"../../../Engine/Content/EngineMaterials/Substrate/Glints2/dict_0006_0228.uasset" 10117
"../../../Engine/Content/EngineMaterials/Substrate/Glints2/dict_0006_0229.uasset" 10118
"/Engine/EngineMaterials/Substrate/Glints2/dict_0006_0218" 10119
"/Engine/EngineMaterials/Substrate/Glints2/dict_0006_0217" 10120
"/Engine/EngineMaterials/Substrate/Glints2/dict_0006_0216" 10121
"/Engine/EngineMaterials/Substrate/Glints2/dict_0006_0215" 10122
"/Engine/EngineMaterials/Substrate/Glints2/dict_0006_0214" 10123
"/Engine/EngineMaterials/Substrate/Glints2/dict_0006_0213" 10124
"/Engine/EngineMaterials/Substrate/Glints2/dict_0006_0212" 10125
"/Engine/EngineMaterials/Substrate/Glints2/dict_0006_0211" 10126
"/Engine/EngineMaterials/Substrate/Glints2/dict_0006_0210" 10127
"/Engine/EngineMaterials/Substrate/Glints2/dict_0006_0209" 10128
"/Engine/EngineMaterials/Substrate/Glints2/dict_0006_0208" 10129
"/Engine/EngineMaterials/Substrate/Glints2/dict_0006_0207" 10130
"/Engine/EngineMaterials/Substrate/Glints2/dict_0006_0206" 10131
"/Engine/EngineMaterials/Substrate/Glints2/dict_0006_0205" 10132
"/Engine/EngineMaterials/Substrate/Glints2/dict_0006_0204" 10133
"../../../Engine/Content/EngineMaterials/Substrate/Glints2/dict_0006_0238.uasset" 10134
"../../../Engine/Content/EngineMaterials/Substrate/Glints2/dict_0006_0249.uasset" 10135
"../../../Engine/Content/EngineMaterials/Substrate/Glints2/dict_0006_0237.uasset" 10136
"../../../Engine/Content/EngineMaterials/Substrate/Glints2/dict_0006_0247.uasset" 10137
"../../../Engine/Content/EngineMaterials/Substrate/Glints2/dict_0006_0245.uasset" 10138
"../../../Engine/Content/EngineMaterials/Substrate/Glints2/dict_0006_0240.uasset" 10139
"/Engine/EngineMaterials/Substrate/Glints2/dict_0006_0235" 10140
"../../../Engine/Content/EngineMaterials/Substrate/Glints2/dict_0006_0246.uasset" 10141
"../../../Engine/Content/EngineMaterials/Substrate/Glints2/dict_0006_0241.uasset" 10142
"../../../Engine/Content/EngineMaterials/Substrate/Glints2/dict_0006_0236.uasset" 10143
"../../../Engine/Content/EngineMaterials/Substrate/Glints2/dict_0006_0251.uasset" 10144
"../../../Engine/Content/EngineMaterials/Substrate/Glints2/dict_0006_0243.uasset" 10145
"../../../Engine/Content/EngineMaterials/Substrate/Glints2/dict_0006_0244.uasset" 10146
"../../../Engine/Content/EngineMaterials/Substrate/Glints2/dict_0006_0248.uasset" 10147
"../../../Engine/Content/EngineMaterials/Substrate/Glints2/dict_0006_0242.uasset" 10148
"../../../Engine/Content/EngineMaterials/Substrate/Glints2/dict_0006_0250.uasset" 10149
"../../../Engine/Content/EngineMaterials/Substrate/Glints2/dict_0006_0239.uasset" 10150
"/Engine/EngineMaterials/Substrate/Glints2/dict_0006_0234" 10151
"/Engine/EngineMaterials/Substrate/Glints2/dict_0006_0233" 10152
"/Engine/EngineMaterials/Substrate/Glints2/dict_0006_0232" 10153
"/Engine/EngineMaterials/Substrate/Glints2/dict_0006_0231" 10154
"/Engine/EngineMaterials/Substrate/Glints2/dict_0006_0230" 10155
"/Engine/EngineMaterials/Substrate/Glints2/dict_0006_0229" 10156
"/Engine/EngineMaterials/Substrate/Glints2/dict_0006_0228" 10157
"/Engine/EngineMaterials/Substrate/Glints2/dict_0006_0227" 10158
"/Engine/EngineMaterials/Substrate/Glints2/dict_0006_0226" 10159
"/Engine/EngineMaterials/Substrate/Glints2/dict_0006_0225" 10160
"/Engine/EngineMaterials/Substrate/Glints2/dict_0006_0224" 10161
"/Engine/EngineMaterials/Substrate/Glints2/dict_0006_0223" 10162
"/Engine/EngineMaterials/Substrate/Glints2/dict_0006_0222" 10163
"/Engine/EngineMaterials/Substrate/Glints2/dict_0006_0221" 10164
"/Engine/EngineMaterials/Substrate/Glints2/dict_0006_0220" 10165
"../../../Engine/Content/EngineMaterials/Substrate/Glints2/dict_0006_0252.uasset" 10166
"../../../Engine/Content/EngineMaterials/Substrate/Glints2/dict_0006_0253.uasset" 10167
"../../../Engine/Content/EngineMaterials/Substrate/Glints2/dict_0007_0003.uasset" 10168
"../../../Engine/Content/EngineMaterials/Substrate/Glints2/dict_0006_0254.uasset" 10169
"../../../Engine/Content/EngineMaterials/Substrate/Glints2/dict_0007_0005.uasset" 10170
"../../../Engine/Content/EngineMaterials/Substrate/Glints2/dict_0007_0000.uasset" 10171
"../../../Engine/Content/EngineMaterials/Substrate/Glints2/dict_0007_0011.uasset" 10172
"../../../Engine/Content/EngineMaterials/Substrate/Glints2/dict_0007_0002.uasset" 10173
"../../../Engine/Content/EngineMaterials/Substrate/Glints2/dict_0007_0010.uasset" 10174
"../../../Engine/Content/EngineMaterials/Substrate/Glints2/dict_0007_0001.uasset" 10175
"../../../Engine/Content/EngineMaterials/Substrate/Glints2/dict_0007_0008.uasset" 10176
"../../../Engine/Content/EngineMaterials/Substrate/Glints2/dict_0007_0009.uasset" 10177
"../../../Engine/Content/EngineMaterials/Substrate/Glints2/dict_0007_0006.uasset" 10178
"../../../Engine/Content/EngineMaterials/Substrate/Glints2/dict_0006_0255.uasset" 10179
"../../../Engine/Content/EngineMaterials/Substrate/Glints2/dict_0007_0007.uasset" 10180
"/Engine/EngineMaterials/Substrate/Glints2/dict_0006_0251" 10181
"../../../Engine/Content/EngineMaterials/Substrate/Glints2/dict_0007_0004.uasset" 10182
"/Engine/EngineMaterials/Substrate/Glints2/dict_0006_0250" 10183
"/Engine/EngineMaterials/Substrate/Glints2/dict_0006_0249" 10184
"/Engine/EngineMaterials/Substrate/Glints2/dict_0006_0248" 10185
"/Engine/EngineMaterials/Substrate/Glints2/dict_0006_0247" 10186
"/Engine/EngineMaterials/Substrate/Glints2/dict_0006_0246" 10187
"/Engine/EngineMaterials/Substrate/Glints2/dict_0006_0245" 10188
"/Engine/EngineMaterials/Substrate/Glints2/dict_0006_0244" 10189
"/Engine/EngineMaterials/Substrate/Glints2/dict_0006_0243" 10190
"/Engine/EngineMaterials/Substrate/Glints2/dict_0006_0242" 10191
"/Engine/EngineMaterials/Substrate/Glints2/dict_0006_0241" 10192
"/Engine/EngineMaterials/Substrate/Glints2/dict_0006_0240" 10193
"/Engine/EngineMaterials/Substrate/Glints2/dict_0006_0239" 10194
"/Engine/EngineMaterials/Substrate/Glints2/dict_0006_0238" 10195
"/Engine/EngineMaterials/Substrate/Glints2/dict_0006_0237" 10196
"/Engine/EngineMaterials/Substrate/Glints2/dict_0006_0236" 10197
"../../../Engine/Content/EngineMaterials/Substrate/Glints2/dict_0007_0014.uasset" 10198
"../../../Engine/Content/EngineMaterials/Substrate/Glints2/dict_0007_0013.uasset" 10199
"../../../Engine/Content/EngineMaterials/Substrate/Glints2/dict_0007_0012.uasset" 10200
"../../../Engine/Content/EngineMaterials/Substrate/Glints2/dict_0007_0016.uasset" 10201
"../../../Engine/Content/EngineMaterials/Substrate/Glints2/dict_0007_0021.uasset" 10202
"../../../Engine/Content/EngineMaterials/Substrate/Glints2/dict_0007_0018.uasset" 10203
"../../../Engine/Content/EngineMaterials/Substrate/Glints2/dict_0007_0017.uasset" 10204
"../../../Engine/Content/EngineMaterials/Substrate/Glints2/dict_0007_0015.uasset" 10205
"../../../Engine/Content/EngineMaterials/Substrate/Glints2/dict_0007_0027.uasset" 10206
"../../../Engine/Content/EngineMaterials/Substrate/Glints2/dict_0007_0025.uasset" 10207
"../../../Engine/Content/EngineMaterials/Substrate/Glints2/dict_0007_0024.uasset" 10208
"../../../Engine/Content/EngineMaterials/Substrate/Glints2/dict_0007_0023.uasset" 10209
"../../../Engine/Content/EngineMaterials/Substrate/Glints2/dict_0007_0022.uasset" 10210
"../../../Engine/Content/EngineMaterials/Substrate/Glints2/dict_0007_0020.uasset" 10211
"../../../Engine/Content/EngineMaterials/Substrate/Glints2/dict_0007_0026.uasset" 10212
"/Engine/EngineMaterials/Substrate/Glints2/dict_0007_0011" 10213
"../../../Engine/Content/EngineMaterials/Substrate/Glints2/dict_0007_0019.uasset" 10214
"/Engine/EngineMaterials/Substrate/Glints2/dict_0007_0010" 10215
"/Engine/EngineMaterials/Substrate/Glints2/dict_0007_0009" 10216
"/Engine/EngineMaterials/Substrate/Glints2/dict_0007_0008" 10217
"/Engine/EngineMaterials/Substrate/Glints2/dict_0007_0007" 10218
"/Engine/EngineMaterials/Substrate/Glints2/dict_0007_0006" 10219
"/Engine/EngineMaterials/Substrate/Glints2/dict_0007_0005" 10220
"/Engine/EngineMaterials/Substrate/Glints2/dict_0007_0004" 10221
"/Engine/EngineMaterials/Substrate/Glints2/dict_0007_0003" 10222
"/Engine/EngineMaterials/Substrate/Glints2/dict_0007_0002" 10223
"/Engine/EngineMaterials/Substrate/Glints2/dict_0007_0001" 10224
"/Engine/EngineMaterials/Substrate/Glints2/dict_0007_0000" 10225
"/Engine/EngineMaterials/Substrate/Glints2/dict_0006_0255" 10226
"/Engine/EngineMaterials/Substrate/Glints2/dict_0006_0254" 10227
"/Engine/EngineMaterials/Substrate/Glints2/dict_0006_0253" 10228
"/Engine/EngineMaterials/Substrate/Glints2/dict_0006_0252" 10229
"../../../Engine/Content/EngineMaterials/Substrate/Glints2/dict_0007_0029.uasset" 10230
"../../../Engine/Content/EngineMaterials/Substrate/Glints2/dict_0007_0039.uasset" 10231
"../../../Engine/Content/EngineMaterials/Substrate/Glints2/dict_0007_0034.uasset" 10232
"../../../Engine/Content/EngineMaterials/Substrate/Glints2/dict_0007_0041.uasset" 10233
"../../../Engine/Content/EngineMaterials/Substrate/Glints2/dict_0007_0030.uasset" 10234
"../../../Engine/Content/EngineMaterials/Substrate/Glints2/dict_0007_0040.uasset" 10235
"/Engine/EngineMaterials/Substrate/Glints2/dict_0007_0027" 10236
"../../../Engine/Content/EngineMaterials/Substrate/Glints2/dict_0007_0028.uasset" 10237
"../../../Engine/Content/EngineMaterials/Substrate/Glints2/dict_0007_0036.uasset" 10238
"../../../Engine/Content/EngineMaterials/Substrate/Glints2/dict_0007_0042.uasset" 10239
"../../../Engine/Content/EngineMaterials/Substrate/Glints2/dict_0007_0033.uasset" 10240
"../../../Engine/Content/EngineMaterials/Substrate/Glints2/dict_0007_0037.uasset" 10241
"../../../Engine/Content/EngineMaterials/Substrate/Glints2/dict_0007_0032.uasset" 10242
"../../../Engine/Content/EngineMaterials/Substrate/Glints2/dict_0007_0031.uasset" 10243
"../../../Engine/Content/EngineMaterials/Substrate/Glints2/dict_0007_0043.uasset" 10244
"../../../Engine/Content/EngineMaterials/Substrate/Glints2/dict_0007_0035.uasset" 10245
"../../../Engine/Content/EngineMaterials/Substrate/Glints2/dict_0007_0038.uasset" 10246
"/Engine/EngineMaterials/Substrate/Glints2/dict_0007_0026" 10247
"/Engine/EngineMaterials/Substrate/Glints2/dict_0007_0025" 10248
"/Engine/EngineMaterials/Substrate/Glints2/dict_0007_0024" 10249
"/Engine/EngineMaterials/Substrate/Glints2/dict_0007_0023" 10250
"/Engine/EngineMaterials/Substrate/Glints2/dict_0007_0022" 10251
"/Engine/EngineMaterials/Substrate/Glints2/dict_0007_0021" 10252
"/Engine/EngineMaterials/Substrate/Glints2/dict_0007_0020" 10253
"/Engine/EngineMaterials/Substrate/Glints2/dict_0007_0019" 10254
"/Engine/EngineMaterials/Substrate/Glints2/dict_0007_0018" 10255
"/Engine/EngineMaterials/Substrate/Glints2/dict_0007_0017" 10256
"/Engine/EngineMaterials/Substrate/Glints2/dict_0007_0016" 10257
"/Engine/EngineMaterials/Substrate/Glints2/dict_0007_0015" 10258
"/Engine/EngineMaterials/Substrate/Glints2/dict_0007_0014" 10259
"/Engine/EngineMaterials/Substrate/Glints2/dict_0007_0013" 10260
"/Engine/EngineMaterials/Substrate/Glints2/dict_0007_0012" 10261
"../../../Engine/Content/EngineMaterials/Substrate/Glints2/dict_0007_0046.uasset" 10262
"../../../Engine/Content/EngineMaterials/Substrate/Glints2/dict_0007_0045.uasset" 10263
"../../../Engine/Content/EngineMaterials/Substrate/Glints2/dict_0007_0052.uasset" 10264
"../../../Engine/Content/EngineMaterials/Substrate/Glints2/dict_0007_0059.uasset" 10265
"../../../Engine/Content/EngineMaterials/Substrate/Glints2/dict_0007_0058.uasset" 10266
"../../../Engine/Content/EngineMaterials/Substrate/Glints2/dict_0007_0054.uasset" 10267
"../../../Engine/Content/EngineMaterials/Substrate/Glints2/dict_0007_0057.uasset" 10268
"/Engine/EngineMaterials/Substrate/Glints2/dict_0007_0043" 10269
"../../../Engine/Content/EngineMaterials/Substrate/Glints2/dict_0007_0050.uasset" 10270
"../../../Engine/Content/EngineMaterials/Substrate/Glints2/dict_0007_0055.uasset" 10271
"../../../Engine/Content/EngineMaterials/Substrate/Glints2/dict_0007_0047.uasset" 10272
"../../../Engine/Content/EngineMaterials/Substrate/Glints2/dict_0007_0056.uasset" 10273
"../../../Engine/Content/EngineMaterials/Substrate/Glints2/dict_0007_0049.uasset" 10274
"../../../Engine/Content/EngineMaterials/Substrate/Glints2/dict_0007_0048.uasset" 10275
"../../../Engine/Content/EngineMaterials/Substrate/Glints2/dict_0007_0053.uasset" 10276
"../../../Engine/Content/EngineMaterials/Substrate/Glints2/dict_0007_0044.uasset" 10277
"../../../Engine/Content/EngineMaterials/Substrate/Glints2/dict_0007_0051.uasset" 10278
"/Engine/EngineMaterials/Substrate/Glints2/dict_0007_0042" 10279
"/Engine/EngineMaterials/Substrate/Glints2/dict_0007_0041" 10280
"/Engine/EngineMaterials/Substrate/Glints2/dict_0007_0040" 10281
"/Engine/EngineMaterials/Substrate/Glints2/dict_0007_0039" 10282
"/Engine/EngineMaterials/Substrate/Glints2/dict_0007_0038" 10283
"/Engine/EngineMaterials/Substrate/Glints2/dict_0007_0037" 10284
"/Engine/EngineMaterials/Substrate/Glints2/dict_0007_0036" 10285
"/Engine/EngineMaterials/Substrate/Glints2/dict_0007_0035" 10286
"/Engine/EngineMaterials/Substrate/Glints2/dict_0007_0034" 10287
"/Engine/EngineMaterials/Substrate/Glints2/dict_0007_0033" 10288
"/Engine/EngineMaterials/Substrate/Glints2/dict_0007_0032" 10289
"/Engine/EngineMaterials/Substrate/Glints2/dict_0007_0031" 10290
"/Engine/EngineMaterials/Substrate/Glints2/dict_0007_0030" 10291
"/Engine/EngineMaterials/Substrate/Glints2/dict_0007_0029" 10292
"/Engine/EngineMaterials/Substrate/Glints2/dict_0007_0028" 10293
"../../../Engine/Content/EngineMaterials/Substrate/Glints2/dict_0007_0060.uasset" 10294
"../../../Engine/Content/EngineMaterials/Substrate/Glints2/dict_0007_0068.uasset" 10295
"../../../Engine/Content/EngineMaterials/Substrate/Glints2/dict_0007_0073.uasset" 10296
"../../../Engine/Content/EngineMaterials/Substrate/Glints2/dict_0007_0062.uasset" 10297
"../../../Engine/Content/EngineMaterials/Substrate/Glints2/dict_0007_0070.uasset" 10298
"../../../Engine/Content/EngineMaterials/Substrate/Glints2/dict_0007_0064.uasset" 10299
"../../../Engine/Content/EngineMaterials/Substrate/Glints2/dict_0007_0065.uasset" 10300
"/Engine/EngineMaterials/Substrate/Glints2/dict_0007_0059" 10301
"../../../Engine/Content/EngineMaterials/Substrate/Glints2/dict_0007_0069.uasset" 10302
"../../../Engine/Content/EngineMaterials/Substrate/Glints2/dict_0007_0067.uasset" 10303
"../../../Engine/Content/EngineMaterials/Substrate/Glints2/dict_0007_0071.uasset" 10304
"../../../Engine/Content/EngineMaterials/Substrate/Glints2/dict_0007_0066.uasset" 10305
"../../../Engine/Content/EngineMaterials/Substrate/Glints2/dict_0007_0072.uasset" 10306
"../../../Engine/Content/EngineMaterials/Substrate/Glints2/dict_0007_0063.uasset" 10307
"../../../Engine/Content/EngineMaterials/Substrate/Glints2/dict_0007_0074.uasset" 10308
"../../../Engine/Content/EngineMaterials/Substrate/Glints2/dict_0007_0075.uasset" 10309
"../../../Engine/Content/EngineMaterials/Substrate/Glints2/dict_0007_0061.uasset" 10310
"/Engine/EngineMaterials/Substrate/Glints2/dict_0007_0058" 10311
"/Engine/EngineMaterials/Substrate/Glints2/dict_0007_0057" 10312
"/Engine/EngineMaterials/Substrate/Glints2/dict_0007_0056" 10313
"/Engine/EngineMaterials/Substrate/Glints2/dict_0007_0055" 10314
"/Engine/EngineMaterials/Substrate/Glints2/dict_0007_0054" 10315
"/Engine/EngineMaterials/Substrate/Glints2/dict_0007_0053" 10316
"/Engine/EngineMaterials/Substrate/Glints2/dict_0007_0052" 10317
"/Engine/EngineMaterials/Substrate/Glints2/dict_0007_0051" 10318
"/Engine/EngineMaterials/Substrate/Glints2/dict_0007_0050" 10319
"/Engine/EngineMaterials/Substrate/Glints2/dict_0007_0049" 10320
"/Engine/EngineMaterials/Substrate/Glints2/dict_0007_0048" 10321
"/Engine/EngineMaterials/Substrate/Glints2/dict_0007_0047" 10322
"/Engine/EngineMaterials/Substrate/Glints2/dict_0007_0046" 10323
"/Engine/EngineMaterials/Substrate/Glints2/dict_0007_0045" 10324
"/Engine/EngineMaterials/Substrate/Glints2/dict_0007_0044" 10325
"../../../Engine/Content/EngineMaterials/Substrate/Glints2/dict_0007_0076.uasset" 10326
"../../../Engine/Content/EngineMaterials/Substrate/Glints2/dict_0007_0080.uasset" 10327
"../../../Engine/Content/EngineMaterials/Substrate/Glints2/dict_0007_0079.uasset" 10328
"../../../Engine/Content/EngineMaterials/Substrate/Glints2/dict_0007_0078.uasset" 10329
"../../../Engine/Content/EngineMaterials/Substrate/Glints2/dict_0007_0088.uasset" 10330
"../../../Engine/Content/EngineMaterials/Substrate/Glints2/dict_0007_0086.uasset" 10331
"../../../Engine/Content/EngineMaterials/Substrate/Glints2/dict_0007_0083.uasset" 10332
"../../../Engine/Content/EngineMaterials/Substrate/Glints2/dict_0007_0087.uasset" 10333
"../../../Engine/Content/EngineMaterials/Substrate/Glints2/dict_0007_0091.uasset" 10334
"../../../Engine/Content/EngineMaterials/Substrate/Glints2/dict_0007_0081.uasset" 10335
"../../../Engine/Content/EngineMaterials/Substrate/Glints2/dict_0007_0090.uasset" 10336
"../../../Engine/Content/EngineMaterials/Substrate/Glints2/dict_0007_0084.uasset" 10337
"../../../Engine/Content/EngineMaterials/Substrate/Glints2/dict_0007_0089.uasset" 10338
"../../../Engine/Content/EngineMaterials/Substrate/Glints2/dict_0007_0077.uasset" 10339
"../../../Engine/Content/EngineMaterials/Substrate/Glints2/dict_0007_0085.uasset" 10340
"/Engine/EngineMaterials/Substrate/Glints2/dict_0007_0075" 10341
"../../../Engine/Content/EngineMaterials/Substrate/Glints2/dict_0007_0082.uasset" 10342
"/Engine/EngineMaterials/Substrate/Glints2/dict_0007_0074" 10343
"/Engine/EngineMaterials/Substrate/Glints2/dict_0007_0073" 10344
"/Engine/EngineMaterials/Substrate/Glints2/dict_0007_0072" 10345
"/Engine/EngineMaterials/Substrate/Glints2/dict_0007_0071" 10346
"/Engine/EngineMaterials/Substrate/Glints2/dict_0007_0070" 10347
"/Engine/EngineMaterials/Substrate/Glints2/dict_0007_0069" 10348
"/Engine/EngineMaterials/Substrate/Glints2/dict_0007_0068" 10349
"/Engine/EngineMaterials/Substrate/Glints2/dict_0007_0067" 10350
"/Engine/EngineMaterials/Substrate/Glints2/dict_0007_0066" 10351
"/Engine/EngineMaterials/Substrate/Glints2/dict_0007_0065" 10352
"/Engine/EngineMaterials/Substrate/Glints2/dict_0007_0064" 10353
"/Engine/EngineMaterials/Substrate/Glints2/dict_0007_0063" 10354
"/Engine/EngineMaterials/Substrate/Glints2/dict_0007_0062" 10355
"/Engine/EngineMaterials/Substrate/Glints2/dict_0007_0061" 10356
"/Engine/EngineMaterials/Substrate/Glints2/dict_0007_0060" 10357
"../../../Engine/Content/EngineMaterials/Substrate/Glints2/dict_0007_0093.uasset" 10358
"../../../Engine/Content/EngineMaterials/Substrate/Glints2/dict_0007_0096.uasset" 10359
"../../../Engine/Content/EngineMaterials/Substrate/Glints2/dict_0007_0100.uasset" 10360
"../../../Engine/Content/EngineMaterials/Substrate/Glints2/dict_0007_0104.uasset" 10361
"../../../Engine/Content/EngineMaterials/Substrate/Glints2/dict_0007_0097.uasset" 10362
"../../../Engine/Content/EngineMaterials/Substrate/Glints2/dict_0007_0098.uasset" 10363
"../../../Engine/Content/EngineMaterials/Substrate/Glints2/dict_0007_0101.uasset" 10364
"../../../Engine/Content/EngineMaterials/Substrate/Glints2/dict_0007_0105.uasset" 10365
"../../../Engine/Content/EngineMaterials/Substrate/Glints2/dict_0007_0099.uasset" 10366
"../../../Engine/Content/EngineMaterials/Substrate/Glints2/dict_0007_0103.uasset" 10367
"../../../Engine/Content/EngineMaterials/Substrate/Glints2/dict_0007_0092.uasset" 10368
"../../../Engine/Content/EngineMaterials/Substrate/Glints2/dict_0007_0095.uasset" 10369
"../../../Engine/Content/EngineMaterials/Substrate/Glints2/dict_0007_0102.uasset" 10370
"../../../Engine/Content/EngineMaterials/Substrate/Glints2/dict_0007_0094.uasset" 10371
"../../../Engine/Content/EngineMaterials/Substrate/Glints2/dict_0007_0106.uasset" 10372
"/Engine/EngineMaterials/Substrate/Glints2/dict_0007_0091" 10373
"../../../Engine/Content/EngineMaterials/Substrate/Glints2/dict_0007_0107.uasset" 10374
"/Engine/EngineMaterials/Substrate/Glints2/dict_0007_0090" 10375
"/Engine/EngineMaterials/Substrate/Glints2/dict_0007_0089" 10376
"/Engine/EngineMaterials/Substrate/Glints2/dict_0007_0088" 10377
"/Engine/EngineMaterials/Substrate/Glints2/dict_0007_0087" 10378
"/Engine/EngineMaterials/Substrate/Glints2/dict_0007_0086" 10379
"/Engine/EngineMaterials/Substrate/Glints2/dict_0007_0085" 10380
"/Engine/EngineMaterials/Substrate/Glints2/dict_0007_0084" 10381
"/Engine/EngineMaterials/Substrate/Glints2/dict_0007_0083" 10382
"/Engine/EngineMaterials/Substrate/Glints2/dict_0007_0082" 10383
"/Engine/EngineMaterials/Substrate/Glints2/dict_0007_0081" 10384
"/Engine/EngineMaterials/Substrate/Glints2/dict_0007_0080" 10385
"/Engine/EngineMaterials/Substrate/Glints2/dict_0007_0079" 10386
"/Engine/EngineMaterials/Substrate/Glints2/dict_0007_0078" 10387
"/Engine/EngineMaterials/Substrate/Glints2/dict_0007_0077" 10388
"/Engine/EngineMaterials/Substrate/Glints2/dict_0007_0076" 10389
"../../../Engine/Content/EngineMaterials/Substrate/Glints2/dict_0007_0111.uasset" 10390
"../../../Engine/Content/EngineMaterials/Substrate/Glints2/dict_0007_0113.uasset" 10391
"../../../Engine/Content/EngineMaterials/Substrate/Glints2/dict_0007_0108.uasset" 10392
"../../../Engine/Content/EngineMaterials/Substrate/Glints2/dict_0007_0109.uasset" 10393
"../../../Engine/Content/EngineMaterials/Substrate/Glints2/dict_0007_0120.uasset" 10394
"/Engine/EngineMaterials/Substrate/Glints2/dict_0007_0107" 10395
"../../../Engine/Content/EngineMaterials/Substrate/Glints2/dict_0007_0114.uasset" 10396
"../../../Engine/Content/EngineMaterials/Substrate/Glints2/dict_0007_0121.uasset" 10397
"../../../Engine/Content/EngineMaterials/Substrate/Glints2/dict_0007_0122.uasset" 10398
"../../../Engine/Content/EngineMaterials/Substrate/Glints2/dict_0007_0116.uasset" 10399
"../../../Engine/Content/EngineMaterials/Substrate/Glints2/dict_0007_0110.uasset" 10400
"../../../Engine/Content/EngineMaterials/Substrate/Glints2/dict_0007_0112.uasset" 10401
"../../../Engine/Content/EngineMaterials/Substrate/Glints2/dict_0007_0123.uasset" 10402
"../../../Engine/Content/EngineMaterials/Substrate/Glints2/dict_0007_0118.uasset" 10403
"../../../Engine/Content/EngineMaterials/Substrate/Glints2/dict_0007_0115.uasset" 10404
"../../../Engine/Content/EngineMaterials/Substrate/Glints2/dict_0007_0119.uasset" 10405
"../../../Engine/Content/EngineMaterials/Substrate/Glints2/dict_0007_0117.uasset" 10406
"/Engine/EngineMaterials/Substrate/Glints2/dict_0007_0106" 10407
"/Engine/EngineMaterials/Substrate/Glints2/dict_0007_0105" 10408
"/Engine/EngineMaterials/Substrate/Glints2/dict_0007_0104" 10409
"/Engine/EngineMaterials/Substrate/Glints2/dict_0007_0103" 10410
"/Engine/EngineMaterials/Substrate/Glints2/dict_0007_0102" 10411
"/Engine/EngineMaterials/Substrate/Glints2/dict_0007_0101" 10412
"/Engine/EngineMaterials/Substrate/Glints2/dict_0007_0100" 10413
"/Engine/EngineMaterials/Substrate/Glints2/dict_0007_0099" 10414
"/Engine/EngineMaterials/Substrate/Glints2/dict_0007_0098" 10415
"/Engine/EngineMaterials/Substrate/Glints2/dict_0007_0097" 10416
"/Engine/EngineMaterials/Substrate/Glints2/dict_0007_0096" 10417
"/Engine/EngineMaterials/Substrate/Glints2/dict_0007_0095" 10418
"/Engine/EngineMaterials/Substrate/Glints2/dict_0007_0094" 10419
"/Engine/EngineMaterials/Substrate/Glints2/dict_0007_0093" 10420
"/Engine/EngineMaterials/Substrate/Glints2/dict_0007_0092" 10421
"../../../Engine/Content/EngineMaterials/Substrate/Glints2/dict_0007_0125.uasset" 10422
"../../../Engine/Content/EngineMaterials/Substrate/Glints2/dict_0007_0126.uasset" 10423
"../../../Engine/Content/EngineMaterials/Substrate/Glints2/dict_0007_0124.uasset" 10424
"../../../Engine/Content/EngineMaterials/Substrate/Glints2/dict_0007_0129.uasset" 10425
"../../../Engine/Content/EngineMaterials/Substrate/Glints2/dict_0007_0131.uasset" 10426
"../../../Engine/Content/EngineMaterials/Substrate/Glints2/dict_0007_0127.uasset" 10427
"../../../Engine/Content/EngineMaterials/Substrate/Glints2/dict_0007_0136.uasset" 10428
"../../../Engine/Content/EngineMaterials/Substrate/Glints2/dict_0007_0138.uasset" 10429
"/Engine/EngineMaterials/Substrate/Glints2/dict_0007_0123" 10430
"../../../Engine/Content/EngineMaterials/Substrate/Glints2/dict_0007_0132.uasset" 10431
"../../../Engine/Content/EngineMaterials/Substrate/Glints2/dict_0007_0128.uasset" 10432
"../../../Engine/Content/EngineMaterials/Substrate/Glints2/dict_0007_0130.uasset" 10433
"../../../Engine/Content/EngineMaterials/Substrate/Glints2/dict_0007_0135.uasset" 10434
"../../../Engine/Content/EngineMaterials/Substrate/Glints2/dict_0007_0137.uasset" 10435
"../../../Engine/Content/EngineMaterials/Substrate/Glints2/dict_0007_0139.uasset" 10436
"../../../Engine/Content/EngineMaterials/Substrate/Glints2/dict_0007_0133.uasset" 10437
"../../../Engine/Content/EngineMaterials/Substrate/Glints2/dict_0007_0134.uasset" 10438
"/Engine/EngineMaterials/Substrate/Glints2/dict_0007_0122" 10439
"/Engine/EngineMaterials/Substrate/Glints2/dict_0007_0121" 10440
"/Engine/EngineMaterials/Substrate/Glints2/dict_0007_0120" 10441
"/Engine/EngineMaterials/Substrate/Glints2/dict_0007_0119" 10442
"/Engine/EngineMaterials/Substrate/Glints2/dict_0007_0118" 10443
"/Engine/EngineMaterials/Substrate/Glints2/dict_0007_0117" 10444
"/Engine/EngineMaterials/Substrate/Glints2/dict_0007_0116" 10445
"/Engine/EngineMaterials/Substrate/Glints2/dict_0007_0115" 10446
"/Engine/EngineMaterials/Substrate/Glints2/dict_0007_0114" 10447
"/Engine/EngineMaterials/Substrate/Glints2/dict_0007_0113" 10448
"/Engine/EngineMaterials/Substrate/Glints2/dict_0007_0112" 10449
"/Engine/EngineMaterials/Substrate/Glints2/dict_0007_0111" 10450
"/Engine/EngineMaterials/Substrate/Glints2/dict_0007_0110" 10451
"/Engine/EngineMaterials/Substrate/Glints2/dict_0007_0109" 10452
"/Engine/EngineMaterials/Substrate/Glints2/dict_0007_0108" 10453
"../../../Engine/Content/EngineMaterials/Substrate/Glints2/dict_0007_0141.uasset" 10454
"../../../Engine/Content/EngineMaterials/Substrate/Glints2/dict_0007_0140.uasset" 10455
"../../../Engine/Content/EngineMaterials/Substrate/Glints2/dict_0007_0142.uasset" 10456
"../../../Engine/Content/EngineMaterials/Substrate/Glints2/dict_0007_0145.uasset" 10457
"../../../Engine/Content/EngineMaterials/Substrate/Glints2/dict_0007_0144.uasset" 10458
"../../../Engine/Content/EngineMaterials/Substrate/Glints2/dict_0007_0155.uasset" 10459
"../../../Engine/Content/EngineMaterials/Substrate/Glints2/dict_0007_0151.uasset" 10460
"../../../Engine/Content/EngineMaterials/Substrate/Glints2/dict_0007_0146.uasset" 10461
"../../../Engine/Content/EngineMaterials/Substrate/Glints2/dict_0007_0152.uasset" 10462
"../../../Engine/Content/EngineMaterials/Substrate/Glints2/dict_0007_0154.uasset" 10463
"../../../Engine/Content/EngineMaterials/Substrate/Glints2/dict_0007_0148.uasset" 10464
"../../../Engine/Content/EngineMaterials/Substrate/Glints2/dict_0007_0153.uasset" 10465
"../../../Engine/Content/EngineMaterials/Substrate/Glints2/dict_0007_0150.uasset" 10466
"/Engine/EngineMaterials/Substrate/Glints2/dict_0007_0139" 10467
"../../../Engine/Content/EngineMaterials/Substrate/Glints2/dict_0007_0149.uasset" 10468
"../../../Engine/Content/EngineMaterials/Substrate/Glints2/dict_0007_0143.uasset" 10469
"../../../Engine/Content/EngineMaterials/Substrate/Glints2/dict_0007_0147.uasset" 10470
"/Engine/EngineMaterials/Substrate/Glints2/dict_0007_0138" 10471
"/Engine/EngineMaterials/Substrate/Glints2/dict_0007_0137" 10472
"/Engine/EngineMaterials/Substrate/Glints2/dict_0007_0136" 10473
"/Engine/EngineMaterials/Substrate/Glints2/dict_0007_0135" 10474
"/Engine/EngineMaterials/Substrate/Glints2/dict_0007_0134" 10475
"/Engine/EngineMaterials/Substrate/Glints2/dict_0007_0133" 10476
"/Engine/EngineMaterials/Substrate/Glints2/dict_0007_0132" 10477
"/Engine/EngineMaterials/Substrate/Glints2/dict_0007_0131" 10478
"/Engine/EngineMaterials/Substrate/Glints2/dict_0007_0130" 10479
"/Engine/EngineMaterials/Substrate/Glints2/dict_0007_0129" 10480
"/Engine/EngineMaterials/Substrate/Glints2/dict_0007_0128" 10481
"/Engine/EngineMaterials/Substrate/Glints2/dict_0007_0127" 10482
"/Engine/EngineMaterials/Substrate/Glints2/dict_0007_0126" 10483
"/Engine/EngineMaterials/Substrate/Glints2/dict_0007_0125" 10484
"/Engine/EngineMaterials/Substrate/Glints2/dict_0007_0124" 10485
"../../../Engine/Content/EngineMaterials/Substrate/Glints2/dict_0007_0159.uasset" 10486
"../../../Engine/Content/EngineMaterials/Substrate/Glints2/dict_0007_0158.uasset" 10487
"../../../Engine/Content/EngineMaterials/Substrate/Glints2/dict_0007_0162.uasset" 10488
"../../../Engine/Content/EngineMaterials/Substrate/Glints2/dict_0007_0157.uasset" 10489
"../../../Engine/Content/EngineMaterials/Substrate/Glints2/dict_0007_0164.uasset" 10490
"../../../Engine/Content/EngineMaterials/Substrate/Glints2/dict_0007_0156.uasset" 10491
"../../../Engine/Content/EngineMaterials/Substrate/Glints2/dict_0007_0166.uasset" 10492
"/Engine/EngineMaterials/Substrate/Glints2/dict_0007_0155" 10493
"../../../Engine/Content/EngineMaterials/Substrate/Glints2/dict_0007_0160.uasset" 10494
"../../../Engine/Content/EngineMaterials/Substrate/Glints2/dict_0007_0165.uasset" 10495
"../../../Engine/Content/EngineMaterials/Substrate/Glints2/dict_0007_0168.uasset" 10496
"../../../Engine/Content/EngineMaterials/Substrate/Glints2/dict_0007_0163.uasset" 10497
"../../../Engine/Content/EngineMaterials/Substrate/Glints2/dict_0007_0170.uasset" 10498
"../../../Engine/Content/EngineMaterials/Substrate/Glints2/dict_0007_0167.uasset" 10499
"../../../Engine/Content/EngineMaterials/Substrate/Glints2/dict_0007_0169.uasset" 10500
"../../../Engine/Content/EngineMaterials/Substrate/Glints2/dict_0007_0161.uasset" 10501
"../../../Engine/Content/EngineMaterials/Substrate/Glints2/dict_0007_0171.uasset" 10502
"/Engine/EngineMaterials/Substrate/Glints2/dict_0007_0154" 10503
"/Engine/EngineMaterials/Substrate/Glints2/dict_0007_0153" 10504
"/Engine/EngineMaterials/Substrate/Glints2/dict_0007_0152" 10505
"/Engine/EngineMaterials/Substrate/Glints2/dict_0007_0151" 10506
"/Engine/EngineMaterials/Substrate/Glints2/dict_0007_0150" 10507
"/Engine/EngineMaterials/Substrate/Glints2/dict_0007_0149" 10508
"/Engine/EngineMaterials/Substrate/Glints2/dict_0007_0148" 10509
"/Engine/EngineMaterials/Substrate/Glints2/dict_0007_0147" 10510
"/Engine/EngineMaterials/Substrate/Glints2/dict_0007_0146" 10511
"/Engine/EngineMaterials/Substrate/Glints2/dict_0007_0145" 10512
"/Engine/EngineMaterials/Substrate/Glints2/dict_0007_0144" 10513
"/Engine/EngineMaterials/Substrate/Glints2/dict_0007_0143" 10514
"/Engine/EngineMaterials/Substrate/Glints2/dict_0007_0142" 10515
"/Engine/EngineMaterials/Substrate/Glints2/dict_0007_0141" 10516
"/Engine/EngineMaterials/Substrate/Glints2/dict_0007_0140" 10517
"../../../Engine/Content/EngineMaterials/Substrate/Glints2/dict_0007_0175.uasset" 10518
"../../../Engine/Content/EngineMaterials/Substrate/Glints2/dict_0007_0176.uasset" 10519
"../../../Engine/Content/EngineMaterials/Substrate/Glints2/dict_0007_0172.uasset" 10520
"../../../Engine/Content/EngineMaterials/Substrate/Glints2/dict_0007_0174.uasset" 10521
"../../../Engine/Content/EngineMaterials/Substrate/Glints2/dict_0007_0182.uasset" 10522
"../../../Engine/Content/EngineMaterials/Substrate/Glints2/dict_0007_0183.uasset" 10523
"../../../Engine/Content/EngineMaterials/Substrate/Glints2/dict_0007_0184.uasset" 10524
"../../../Engine/Content/EngineMaterials/Substrate/Glints2/dict_0007_0186.uasset" 10525
"../../../Engine/Content/EngineMaterials/Substrate/Glints2/dict_0007_0180.uasset" 10526
"../../../Engine/Content/EngineMaterials/Substrate/Glints2/dict_0007_0187.uasset" 10527
"../../../Engine/Content/EngineMaterials/Substrate/Glints2/dict_0007_0173.uasset" 10528
"../../../Engine/Content/EngineMaterials/Substrate/Glints2/dict_0007_0179.uasset" 10529
"/Engine/EngineMaterials/Substrate/Glints2/dict_0007_0171" 10530
"../../../Engine/Content/EngineMaterials/Substrate/Glints2/dict_0007_0181.uasset" 10531
"../../../Engine/Content/EngineMaterials/Substrate/Glints2/dict_0007_0185.uasset" 10532
"../../../Engine/Content/EngineMaterials/Substrate/Glints2/dict_0007_0177.uasset" 10533
"../../../Engine/Content/EngineMaterials/Substrate/Glints2/dict_0007_0178.uasset" 10534
"/Engine/EngineMaterials/Substrate/Glints2/dict_0007_0170" 10535
"/Engine/EngineMaterials/Substrate/Glints2/dict_0007_0169" 10536
"/Engine/EngineMaterials/Substrate/Glints2/dict_0007_0168" 10537
"/Engine/EngineMaterials/Substrate/Glints2/dict_0007_0167" 10538
"/Engine/EngineMaterials/Substrate/Glints2/dict_0007_0166" 10539
"/Engine/EngineMaterials/Substrate/Glints2/dict_0007_0165" 10540
"/Engine/EngineMaterials/Substrate/Glints2/dict_0007_0164" 10541
"/Engine/EngineMaterials/Substrate/Glints2/dict_0007_0163" 10542
"/Engine/EngineMaterials/Substrate/Glints2/dict_0007_0162" 10543
"/Engine/EngineMaterials/Substrate/Glints2/dict_0007_0161" 10544
"/Engine/EngineMaterials/Substrate/Glints2/dict_0007_0160" 10545
"/Engine/EngineMaterials/Substrate/Glints2/dict_0007_0159" 10546
"/Engine/EngineMaterials/Substrate/Glints2/dict_0007_0158" 10547
"/Engine/EngineMaterials/Substrate/Glints2/dict_0007_0157" 10548
"/Engine/EngineMaterials/Substrate/Glints2/dict_0007_0156" 10549
"/Engine/EngineMaterials/Substrate/Glints2/dict_0007_0176" 10550
"/Engine/EngineMaterials/Substrate/Glints2/dict_0007_0175" 10551
"/Engine/EngineMaterials/Substrate/Glints2/dict_0007_0174" 10552
"/Engine/EngineMaterials/Substrate/Glints2/dict_0007_0172" 10553
"../../../Engine/Content/EngineMaterials/Substrate/Glints2/dict_0007_0188.uasset" 10554
"../../../Engine/Content/EngineMaterials/Substrate/Glints2/dict_0007_0189.uasset" 10555
"../../../Engine/Content/EngineMaterials/Substrate/Glints2/dict_0007_0194.uasset" 10556
"../../../Engine/Content/EngineMaterials/Substrate/Glints2/dict_0007_0193.uasset" 10557
"/Engine/EngineMaterials/Substrate/Glints2/dict_0007_0187" 10558
"../../../Engine/Content/EngineMaterials/Substrate/Glints2/dict_0007_0197.uasset" 10559
"../../../Engine/Content/EngineMaterials/Substrate/Glints2/dict_0007_0202.uasset" 10560
"../../../Engine/Content/EngineMaterials/Substrate/Glints2/dict_0007_0191.uasset" 10561
"../../../Engine/Content/EngineMaterials/Substrate/Glints2/dict_0007_0192.uasset" 10562
"../../../Engine/Content/EngineMaterials/Substrate/Glints2/dict_0007_0204.uasset" 10563
"../../../Engine/Content/EngineMaterials/Substrate/Glints2/dict_0007_0207.uasset" 10564
"../../../Engine/Content/EngineMaterials/Substrate/Glints2/dict_0007_0201.uasset" 10565
"../../../Engine/Content/EngineMaterials/Substrate/Glints2/dict_0007_0198.uasset" 10566
"../../../Engine/Content/EngineMaterials/Substrate/Glints2/dict_0007_0190.uasset" 10567
"../../../Engine/Content/EngineMaterials/Substrate/Glints2/dict_0007_0200.uasset" 10568
"../../../Engine/Content/EngineMaterials/Substrate/Glints2/dict_0007_0195.uasset" 10569
"../../../Engine/Content/EngineMaterials/Substrate/Glints2/dict_0007_0205.uasset" 10570
"../../../Engine/Content/EngineMaterials/Substrate/Glints2/dict_0007_0199.uasset" 10571
"../../../Engine/Content/EngineMaterials/Substrate/Glints2/dict_0007_0203.uasset" 10572
"../../../Engine/Content/EngineMaterials/Substrate/Glints2/dict_0007_0196.uasset" 10573
"../../../Engine/Content/EngineMaterials/Substrate/Glints2/dict_0007_0206.uasset" 10574
"/Engine/EngineMaterials/Substrate/Glints2/dict_0007_0186" 10575
"/Engine/EngineMaterials/Substrate/Glints2/dict_0007_0185" 10576
"/Engine/EngineMaterials/Substrate/Glints2/dict_0007_0184" 10577
"/Engine/EngineMaterials/Substrate/Glints2/dict_0007_0183" 10578
"/Engine/EngineMaterials/Substrate/Glints2/dict_0007_0182" 10579
"/Engine/EngineMaterials/Substrate/Glints2/dict_0007_0181" 10580
"/Engine/EngineMaterials/Substrate/Glints2/dict_0007_0180" 10581
"/Engine/EngineMaterials/Substrate/Glints2/dict_0007_0179" 10582
"/Engine/EngineMaterials/Substrate/Glints2/dict_0007_0178" 10583
"/Engine/EngineMaterials/Substrate/Glints2/dict_0007_0177" 10584
"/Engine/EngineMaterials/Substrate/Glints2/dict_0007_0173" 10585
"../../../Engine/Content/EngineMaterials/Substrate/Glints2/dict_0007_0209.uasset" 10586
"../../../Engine/Content/EngineMaterials/Substrate/Glints2/dict_0007_0212.uasset" 10587
"../../../Engine/Content/EngineMaterials/Substrate/Glints2/dict_0007_0213.uasset" 10588
"../../../Engine/Content/EngineMaterials/Substrate/Glints2/dict_0007_0217.uasset" 10589
"../../../Engine/Content/EngineMaterials/Substrate/Glints2/dict_0007_0215.uasset" 10590
"../../../Engine/Content/EngineMaterials/Substrate/Glints2/dict_0007_0214.uasset" 10591
"/Engine/EngineMaterials/Substrate/Glints2/dict_0007_0207" 10592
"../../../Engine/Content/EngineMaterials/Substrate/Glints2/dict_0007_0210.uasset" 10593
"../../../Engine/Content/EngineMaterials/Substrate/Glints2/dict_0007_0216.uasset" 10594
"../../../Engine/Content/EngineMaterials/Substrate/Glints2/dict_0007_0211.uasset" 10595
"../../../Engine/Content/EngineMaterials/Substrate/Glints2/dict_0007_0208.uasset" 10596
"../../../Engine/Content/EngineMaterials/Substrate/Glints2/dict_0007_0219.uasset" 10597
"../../../Engine/Content/EngineMaterials/Substrate/Glints2/dict_0007_0218.uasset" 10598
"/Engine/EngineMaterials/Substrate/Glints2/dict_0007_0206" 10599
"/Engine/EngineMaterials/Substrate/Glints2/dict_0007_0205" 10600
"/Engine/EngineMaterials/Substrate/Glints2/dict_0007_0204" 10601
"/Engine/EngineMaterials/Substrate/Glints2/dict_0007_0203" 10602
"/Engine/EngineMaterials/Substrate/Glints2/dict_0007_0202" 10603
"/Engine/EngineMaterials/Substrate/Glints2/dict_0007_0201" 10604
"/Engine/EngineMaterials/Substrate/Glints2/dict_0007_0200" 10605
"/Engine/EngineMaterials/Substrate/Glints2/dict_0007_0199" 10606
"/Engine/EngineMaterials/Substrate/Glints2/dict_0007_0198" 10607
"/Engine/EngineMaterials/Substrate/Glints2/dict_0007_0197" 10608
"/Engine/EngineMaterials/Substrate/Glints2/dict_0007_0196" 10609
"/Engine/EngineMaterials/Substrate/Glints2/dict_0007_0195" 10610
"/Engine/EngineMaterials/Substrate/Glints2/dict_0007_0194" 10611
"/Engine/EngineMaterials/Substrate/Glints2/dict_0007_0193" 10612
"/Engine/EngineMaterials/Substrate/Glints2/dict_0007_0192" 10613
"/Engine/EngineMaterials/Substrate/Glints2/dict_0007_0191" 10614
"/Engine/EngineMaterials/Substrate/Glints2/dict_0007_0190" 10615
"/Engine/EngineMaterials/Substrate/Glints2/dict_0007_0189" 10616
"/Engine/EngineMaterials/Substrate/Glints2/dict_0007_0188" 10617
"../../../Engine/Content/EngineMaterials/Substrate/Glints2/dict_0007_0220.uasset" 10618
"../../../Engine/Content/EngineMaterials/Substrate/Glints2/dict_0007_0227.uasset" 10619
"../../../Engine/Content/EngineMaterials/Substrate/Glints2/dict_0007_0223.uasset" 10620
"../../../Engine/Content/EngineMaterials/Substrate/Glints2/dict_0007_0221.uasset" 10621
"../../../Engine/Content/EngineMaterials/Substrate/Glints2/dict_0007_0235.uasset" 10622
"../../../Engine/Content/EngineMaterials/Substrate/Glints2/dict_0007_0237.uasset" 10623
"../../../Engine/Content/EngineMaterials/Substrate/Glints2/dict_0007_0231.uasset" 10624
"../../../Engine/Content/EngineMaterials/Substrate/Glints2/dict_0007_0225.uasset" 10625
"../../../Engine/Content/EngineMaterials/Substrate/Glints2/dict_0007_0236.uasset" 10626
"/Engine/EngineMaterials/Substrate/Glints2/dict_0007_0219" 10627
"../../../Engine/Content/EngineMaterials/Substrate/Glints2/dict_0007_0232.uasset" 10628
"../../../Engine/Content/EngineMaterials/Substrate/Glints2/dict_0007_0234.uasset" 10629
"../../../Engine/Content/EngineMaterials/Substrate/Glints2/dict_0007_0238.uasset" 10630
"../../../Engine/Content/EngineMaterials/Substrate/Glints2/dict_0007_0239.uasset" 10631
"../../../Engine/Content/EngineMaterials/Substrate/Glints2/dict_0007_0230.uasset" 10632
"../../../Engine/Content/EngineMaterials/Substrate/Glints2/dict_0007_0222.uasset" 10633
"../../../Engine/Content/EngineMaterials/Substrate/Glints2/dict_0007_0226.uasset" 10634
"../../../Engine/Content/EngineMaterials/Substrate/Glints2/dict_0007_0228.uasset" 10635
"../../../Engine/Content/EngineMaterials/Substrate/Glints2/dict_0007_0224.uasset" 10636
"../../../Engine/Content/EngineMaterials/Substrate/Glints2/dict_0007_0229.uasset" 10637
"../../../Engine/Content/EngineMaterials/Substrate/Glints2/dict_0007_0233.uasset" 10638
"/Engine/EngineMaterials/Substrate/Glints2/dict_0007_0218" 10639
"/Engine/EngineMaterials/Substrate/Glints2/dict_0007_0217" 10640
"/Engine/EngineMaterials/Substrate/Glints2/dict_0007_0216" 10641
"/Engine/EngineMaterials/Substrate/Glints2/dict_0007_0215" 10642
"/Engine/EngineMaterials/Substrate/Glints2/dict_0007_0214" 10643
"/Engine/EngineMaterials/Substrate/Glints2/dict_0007_0213" 10644
"/Engine/EngineMaterials/Substrate/Glints2/dict_0007_0212" 10645
"/Engine/EngineMaterials/Substrate/Glints2/dict_0007_0211" 10646
"/Engine/EngineMaterials/Substrate/Glints2/dict_0007_0210" 10647
"/Engine/EngineMaterials/Substrate/Glints2/dict_0007_0209" 10648
"/Engine/EngineMaterials/Substrate/Glints2/dict_0007_0208" 10649
"../../../Engine/Content/EngineMaterials/Substrate/Glints2/dict_0007_0242.uasset" 10650
"../../../Engine/Content/EngineMaterials/Substrate/Glints2/dict_0007_0244.uasset" 10651
"../../../Engine/Content/EngineMaterials/Substrate/Glints2/dict_0007_0245.uasset" 10652
"../../../Engine/Content/EngineMaterials/Substrate/Glints2/dict_0007_0243.uasset" 10653
"../../../Engine/Content/EngineMaterials/Substrate/Glints2/dict_0007_0248.uasset" 10654
"../../../Engine/Content/EngineMaterials/Substrate/Glints2/dict_0007_0251.uasset" 10655
"/Engine/EngineMaterials/Substrate/Glints2/dict_0007_0239" 10656
"../../../Engine/Content/EngineMaterials/Substrate/Glints2/dict_0007_0241.uasset" 10657
"../../../Engine/Content/EngineMaterials/Substrate/Glints2/dict_0007_0247.uasset" 10658
"../../../Engine/Content/EngineMaterials/Substrate/Glints2/dict_0007_0249.uasset" 10659
"../../../Engine/Content/EngineMaterials/Substrate/Glints2/dict_0007_0240.uasset" 10660
"../../../Engine/Content/EngineMaterials/Substrate/Glints2/dict_0007_0250.uasset" 10661
"../../../Engine/Content/EngineMaterials/Substrate/Glints2/dict_0007_0246.uasset" 10662
"/Engine/EngineMaterials/Substrate/Glints2/dict_0007_0238" 10663
"/Engine/EngineMaterials/Substrate/Glints2/dict_0007_0237" 10664
"/Engine/EngineMaterials/Substrate/Glints2/dict_0007_0236" 10665
"/Engine/EngineMaterials/Substrate/Glints2/dict_0007_0235" 10666
"/Engine/EngineMaterials/Substrate/Glints2/dict_0007_0234" 10667
"/Engine/EngineMaterials/Substrate/Glints2/dict_0007_0233" 10668
"/Engine/EngineMaterials/Substrate/Glints2/dict_0007_0232" 10669
"/Engine/EngineMaterials/Substrate/Glints2/dict_0007_0231" 10670
"/Engine/EngineMaterials/Substrate/Glints2/dict_0007_0230" 10671
"/Engine/EngineMaterials/Substrate/Glints2/dict_0007_0229" 10672
"/Engine/EngineMaterials/Substrate/Glints2/dict_0007_0228" 10673
"/Engine/EngineMaterials/Substrate/Glints2/dict_0007_0227" 10674
"/Engine/EngineMaterials/Substrate/Glints2/dict_0007_0226" 10675
"/Engine/EngineMaterials/Substrate/Glints2/dict_0007_0225" 10676
"/Engine/EngineMaterials/Substrate/Glints2/dict_0007_0224" 10677
"/Engine/EngineMaterials/Substrate/Glints2/dict_0007_0223" 10678
"/Engine/EngineMaterials/Substrate/Glints2/dict_0007_0222" 10679
"/Engine/EngineMaterials/Substrate/Glints2/dict_0007_0221" 10680
"/Engine/EngineMaterials/Substrate/Glints2/dict_0007_0220" 10681
"../../../Engine/Content/EngineMaterials/Substrate/Glints2/AGlintTex2dArray2.uasset" 10682
"../../../Engine/Content/EngineMaterials/Substrate/Glints2/dict_0007_0255.uasset" 10683
"../../../Engine/Content/EngineMaterials/Substrate/Volume/SubstrateSimpleVolumeEnvLUT2D.uasset" 10684
"../../../Engine/Content/EngineMaterials/DefaultCalibrationGrayscale.uasset" 10685
"../../../Engine/Content/EngineMaterials/Substrate/Volume/SubstrateSimpleVolumeLUT2D.uasset" 10686
"../../../Engine/Content/EngineMaterials/Substrate/Glints2/dict_0007_0253.uasset" 10687
"../../../Engine/Content/EngineMaterials/Substrate/Glints2/dict_0007_0254.uasset" 10688
"../../../Engine/Content/EngineMaterials/Substrate/Volume/SubstrateSimpleVolumeEnvLUT3D.uasset" 10689
"../../../Engine/Plugins/Interchange/Assets/Content/Functions/MX_Surface.uasset" 10690
"/Engine/EngineMaterials/Substrate/Glints2/dict_0007_0251" 10691
"../../../Engine/Plugins/Interchange/Assets/Content/Functions/MX_Displacement.uasset" 10692
"../../../Engine/Content/EngineMaterials/Substrate/Volume/SubstrateSimpleVolumeLUT3D.uasset" 10693
"../../../Engine/Content/Functions/Engine_MaterialFunctions03/Procedurals/HeightToNormalSmooth.uasset" 10694
"../../../Engine/Content/EngineMaterials/Substrate/Glints2/dict_0007_0252.uasset" 10695
"../../../Engine/Content/EngineMaterials/PPM_DefaultCalibrationGrayscale.uasset" 10696
"../../../Engine/Content/Functions/MaterialLayerFunctions/MatLayerBlend_OverrideOpacity.uasset" 10697
"../../../Engine/Content/EngineMaterials/DefaultCalibrationColor.uasset" 10698
"../../../Engine/Content/EngineMaterials/PPM_DefaultCalibrationColor.uasset" 10699
"/Engine/EngineMaterials/Substrate/Glints2/dict_0007_0250" 10700
"/Engine/EngineMaterials/Substrate/Glints2/dict_0007_0249" 10701
"/Engine/EngineMaterials/Substrate/Glints2/dict_0007_0248" 10702
"/Engine/EngineMaterials/Substrate/Glints2/dict_0007_0247" 10703
"/Engine/EngineMaterials/Substrate/Glints2/dict_0007_0246" 10704
"/Engine/EngineMaterials/Substrate/Glints2/dict_0007_0245" 10705
"/Engine/EngineMaterials/Substrate/Glints2/dict_0007_0244" 10706
"/Engine/EngineMaterials/Substrate/Glints2/dict_0007_0243" 10707
"/Engine/EngineMaterials/Substrate/Glints2/dict_0007_0242" 10708
"/Engine/EngineMaterials/Substrate/Glints2/dict_0007_0241" 10709
"/Engine/EngineMaterials/Substrate/Glints2/dict_0007_0240" 10710
"/InterchangeAssets/Functions/MX_Displacement" 10711
"/InterchangeAssets/Functions/MX_Surface" 10712
"/Engine/EngineMaterials/PPM_DefaultCalibrationGrayscale" 10713
"/Engine/EngineMaterials/PPM_DefaultCalibrationColor" 10714
"/Engine/EngineMaterials/Substrate/Volume/SubstrateSimpleVolumeEnvLUT3D" 10715
"/Engine/EngineMaterials/Substrate/Volume/SubstrateSimpleVolumeLUT3D" 10716
"/Engine/EngineMaterials/Substrate/Glints2/AGlintTex2dArray2" 10717
"../../../Engine/Plugins/NNE/NNEDenoiser/Content/NNEDIM_ColorAlbedoNormal_Alpha.uasset" 10718
"../../../Engine/Plugins/NNE/NNEDenoiser/Content/NNEDT_Oidn2-3_Balanced.uasset" 10719
"../../../Engine/Plugins/NNE/NNEDenoiser/Content/NNEDIM_HighQuality_Alpha.uasset" 10720
"../../../Engine/Plugins/NNE/NNEDenoiser/Content/NNEDT_Oidn2-3_Balanced_Alpha.uasset" 10721
"../../../Engine/Plugins/NNE/NNEDenoiser/Content/NNEDTOM_Output_Default.uasset" 10722
"../../../Engine/Plugins/NNE/NNEDenoiser/Content/NNED_Oidn2-3_Fast.uasset" 10723
"../../../Engine/Plugins/NNE/NNEDenoiser/Content/NNEDIM_HighQuality_Default.uasset" 10724
"../../../Engine/Plugins/NNE/NNEDenoiser/Content/NNEDTIM_ColorAlbedoNormal_Alpha.uasset" 10725
"../../../Engine/Plugins/NNE/NNEDenoiser/Content/NNEDOM_Output_Alpha.uasset" 10726
"../../../Engine/Plugins/NNE/NNEDenoiser/Content/NNED_Oidn2-3_Balanced_Alpha.uasset" 10727
"../../../Engine/Plugins/NNE/NNEDenoiser/Content/NNEDTIM_ColorAlbedoNormal_Default.uasset" 10728
"../../../Engine/Plugins/NNE/NNEDenoiser/Content/NNED_Oidn2-3_Fast_Alpha.uasset" 10729
"../../../Engine/Plugins/NNE/NNEDenoiser/Content/NNEDTOM_Output_Alpha.uasset" 10730
"../../../Engine/Plugins/NNE/NNEDenoiser/Content/NNE_oidn2-3-0_rt_hdr_alb_nrm_small__dyn__fp16_opset11_DenoiseAlpha.uasset" 10731
"../../../Engine/Plugins/NNE/NNEDenoiser/Content/NNED_Oidn2-3_HighQuality.uasset" 10732
"../../../Engine/Plugins/NNE/NNEDenoiser/Content/NNED_Oidn2-3_HighQuality_Alpha.uasset" 10733
"../../../Engine/Plugins/NNE/NNEDenoiser/Content/NNE_oidn2-3-0_rt_hdr_alb_nrm__dyn__fp16_opset11_ForwardAlpha.uasset" 10734
"../../../Engine/Plugins/NNE/NNEDenoiser/Content/NNED_Oidn2-3_Balanced.uasset" 10735
"../../../Engine/Plugins/NNE/NNEDenoiser/Content/NNE_oidn2-3-0_rt_hdr_alb_nrm_small__dyn__fp16_opset11_ForwardAlpha.uasset" 10736
"../../../Engine/Plugins/NNE/NNEDenoiser/Content/NNE_oidn2-3-0_rt_hdr_calb_cnrm_large__dyn__fp16_opset11_ForwardAlpha.uasset" 10737
"../../../Engine/Plugins/NNE/NNEDenoiser/Content/NNE_oidn2-3-0_rt_hdr_alb_nrm__dyn__fp16_opset11_DenoiseAlpha.uasset" 10738
"../../../Engine/Plugins/NNE/NNEDenoiser/Content/NNEDOM_Output_Default.uasset" 10739
"../../../Engine/Plugins/NNE/NNEDenoiser/Content/NNEDIM_ColorAlbedoNormal_Default.uasset" 10740
"../../../Engine/Plugins/NNE/NNEDenoiser/Content/NNE_oidn2-3-0_rt_hdr_calb_cnrm_large__dyn__fp16_opset11_DenoiseAlpha.uasset" 10741
"/NNEDenoiser/NNED_Oidn2-3_HighQuality" 10742
"/NNEDenoiser/NNED_Oidn2-3_Fast_Alpha" 10743
"/NNEDenoiser/NNED_Oidn2-3_Fast" 10744
"/NNEDenoiser/NNED_Oidn2-3_Balanced_Alpha" 10745
"/NNEDenoiser/NNED_Oidn2-3_Balanced" 10746
"/NNEDenoiser/NNEDT_Oidn2-3_Balanced_Alpha" 10747
"/NNEDenoiser/NNEDT_Oidn2-3_Balanced" 10748
"/NNEDenoiser/NNE_oidn2-3-0_rt_hdr_calb_cnrm_large__dyn__fp16_opset11_ForwardAlpha" 10749
"/NNEDenoiser/NNEDTOM_Output_Default" 10750
"/NNEDenoiser/NNEDTOM_Output_Alpha" 10751
"/NNEDenoiser/NNE_oidn2-3-0_rt_hdr_calb_cnrm_large__dyn__fp16_opset11_DenoiseAlpha" 10752
"/NNEDenoiser/NNEDTIM_ColorAlbedoNormal_Default" 10753
"/NNEDenoiser/NNEDTIM_ColorAlbedoNormal_Alpha" 10754
"/NNEDenoiser/NNE_oidn2-3-0_rt_hdr_alb_nrm__dyn__fp16_opset11_ForwardAlpha" 10755
"/NNEDenoiser/NNEDOM_Output_Default" 10756
"/NNEDenoiser/NNE_oidn2-3-0_rt_hdr_alb_nrm__dyn__fp16_opset11_DenoiseAlpha" 10757
"/NNEDenoiser/NNE_oidn2-3-0_rt_hdr_alb_nrm_small__dyn__fp16_opset11_ForwardAlpha" 10758
"/NNEDenoiser/NNE_oidn2-3-0_rt_hdr_alb_nrm_small__dyn__fp16_opset11_DenoiseAlpha" 10759
"/NNEDenoiser/NNEDOM_Output_Alpha" 10760
"/NNEDenoiser/NNEDIM_HighQuality_Default" 10761
"/NNEDenoiser/NNEDIM_HighQuality_Alpha" 10762
"/NNEDenoiser/NNEDIM_ColorAlbedoNormal_Default" 10763
"/NNEDenoiser/NNED_Oidn2-3_HighQuality_Alpha" 10764
"/NNEDenoiser/NNEDIM_ColorAlbedoNormal_Alpha" 10765
"../../../Engine/Content/EngineMaterials/DefaultBloomKernel.uasset" 10766
"../../../Engine/Content/EngineResources/FilmGrains/Marcie_Grain_v3_128_M2_000.uasset" 10767
"../../../Engine/Content/EngineResources/Development/ZenLogo_64.uasset" 10768
"../../../Engine/Content/EditorResources/BSPVertex.uasset" 10769
"../../../Engine/Content/EngineMaterials/FastBlueNoise_scalar_128x128x8.uasset" 10770
"../../../Engine/Plugins/Interchange/Runtime/Content/Pipelines/DefaultGLTFAssetsPipeline.uasset" 10771
"../../../Engine/Content/EngineMaterials/EnergyConservation/Sheen_Energy.uasset" 10772
"../../../Engine/Plugins/Interchange/Runtime/Content/Pipelines/DefaultMaterialXPipeline.uasset" 10773
"../../../Engine/Content/EngineMaterials/LTC/Sheen_LTC.uasset" 10774
"../../../Engine/Plugins/Interchange/Runtime/Content/Pipelines/DefaultGLTFPipeline.uasset" 10775
"../../../Engine/Content/EngineMaterials/EnergyConservation/Diffuse_Energy.uasset" 10776
"../../../Engine/Plugins/Interchange/Runtime/Content/Pipelines/DefaultMaterialPipeline.uasset" 10777
"../../../Engine/Content/EngineSounds/Master.uasset" 10778
"/Engine/EngineMaterials/DefaultBloomKernel" 10779
"../../../Engine/Plugins/Interchange/Runtime/Content/Pipelines/DefaultSceneLevelPipeline.uasset" 10780
"../../../Engine/Content/EngineMaterials/FastBlueNoise_vec2_128x128x64.uasset" 10781
"../../../Engine/Plugins/Interchange/Runtime/Content/Pipelines/DefaultAssetsPipeline.uasset" 10782
"../../../Engine/Plugins/Interchange/Assets/Content/Functions/MX_SurfaceUnlit.uasset" 10783
"../../../Engine/Plugins/Interchange/Assets/Content/Functions/MX_UsdPreviewSurface.uasset" 10784
"../../../Engine/Content/EngineMaterials/FastBlueNoise_scalar_128x128x64.uasset" 10785
"../../../Engine/Plugins/Interchange/Assets/Content/Functions/MX_OrenNayarBSDF.uasset" 10786
"../../../Engine/Plugins/Interchange/Assets/Content/Functions/MX_TranslucentBSDF.uasset" 10787
"../../../Engine/Plugins/Interchange/Assets/Content/Functions/MX_DielectricBSDF.uasset" 10788
"../../../Engine/Plugins/Interchange/Assets/Content/Functions/MX_BurleyDiffuseBSDF.uasset" 10789
"../../../Engine/Plugins/Interchange/Assets/Content/Functions/MX_ConductorBSDF.uasset" 10790
"../../../Engine/Plugins/Interchange/Runtime/Content/Pipelines/DefaultSceneAssetsPipeline.uasset" 10791
"../../../Engine/Plugins/Interchange/Assets/Content/Functions/MX_GeneralizedSchlickBSDF.uasset" 10792
"../../../Engine/Plugins/Interchange/Assets/Content/Functions/MX_SubsurfaceBSDF.uasset" 10793
"../../../Engine/Plugins/Interchange/Runtime/Content/Pipelines/DefaultTexturePipeline.uasset" 10794
"../../../Engine/Plugins/Interchange/Runtime/Content/Pipelines/DefaultGLTFSceneAssetsPipeline.uasset" 10795
"../../../Engine/Content/EngineDebugMaterials/DebugEditorMaterial.uasset" 10796
"/InterchangeAssets/Functions/MX_GeneralizedSchlickBSDF" 10797
"/InterchangeAssets/Functions/MX_ConductorBSDF" 10798
"/InterchangeAssets/Functions/MX_DielectricBSDF" 10799
"/InterchangeAssets/Functions/MX_TranslucentBSDF" 10800
"/InterchangeAssets/Functions/MX_SubsurfaceBSDF" 10801
"/InterchangeAssets/Functions/MX_OrenNayarBSDF" 10802
"/InterchangeAssets/Functions/MX_UsdPreviewSurface" 10803
"/InterchangeAssets/Functions/MX_BurleyDiffuseBSDF" 10804
"/InterchangeAssets/Functions/MX_SurfaceUnlit" 10805
"/Interchange/Pipelines/DefaultGLTFSceneAssetsPipeline" 10806
"/Interchange/Pipelines/DefaultSceneLevelPipeline" 10807
"/Interchange/Pipelines/DefaultSceneAssetsPipeline" 10808
"/Interchange/Pipelines/DefaultTexturePipeline" 10809
"/Interchange/Pipelines/DefaultMaterialPipeline" 10810
"/Interchange/Pipelines/DefaultGLTFPipeline" 10811
"/Interchange/Pipelines/DefaultGLTFAssetsPipeline" 10812
"/Interchange/Pipelines/DefaultMaterialXPipeline" 10813
"/Interchange/Pipelines/DefaultAssetsPipeline" 10814
"/Engine/EngineSounds/Master" 10815
"/Engine/EngineMaterials/EnergyConservation/Diffuse_Energy" 10816
"/Engine/EngineMaterials/EnergyConservation/Sheen_Energy" 10817
"/Engine/EngineMaterials/LTC/Sheen_LTC" 10818
"/Engine/EngineMaterials/FastBlueNoise_vec2_128x128x64" 10819
"/Engine/EngineMaterials/FastBlueNoise_scalar_128x128x8" 10820
"/Engine/EngineMaterials/FastBlueNoise_scalar_128x128x64" 10821
"/Engine/EngineDebugMaterials/DebugEditorMaterial" 10822
"/Engine/EngineResources/Development/ZenLogo_64" 10823
"/Engine/EngineResources/FilmGrains/Marcie_Grain_v3_128_M2_000" 10824
"/Engine/EditorResources/BSPVertex" 10825
"../../../Engine/Plugins/Interchange/Assets/Content/Functions/MX_ThinFilmBSDF.uasset" 10826
"../../../Engine/Plugins/Animation/ControlRig/Content/Controls/ControlRigGizmoMaterial.uasset" 10827
"../../../Engine/Plugins/Interchange/Assets/Content/Functions/MX_ConicalEDF.uasset" 10828
"../../../Engine/Plugins/Interchange/Assets/Content/Functions/MX_MeasuredEDF.uasset" 10829
"../../../Engine/Plugins/Interchange/Assets/Content/Functions/MX_SheenBSDF.uasset" 10830
"../../../Engine/Plugins/Interchange/Assets/Content/Functions/MX_UniformEDF.uasset" 10831
"../../../Engine/Plugins/Interchange/Assets/Content/Functions/MX_AnisotropicVDF.uasset" 10832
"../../../Engine/Plugins/Interchange/Assets/Content/Functions/MX_AbsorptionVDF.uasset" 10833
"/ControlRig/Controls/ControlRigGizmoMaterial" 10834
"/InterchangeAssets/Functions/MX_AnisotropicVDF" 10835
"/InterchangeAssets/Functions/MX_AbsorptionVDF" 10836
"/InterchangeAssets/Functions/MX_MeasuredEDF" 10837
"/InterchangeAssets/Functions/MX_ConicalEDF" 10838
"/InterchangeAssets/Functions/MX_UniformEDF" 10839
"/InterchangeAssets/Functions/MX_ThinFilmBSDF" 10840
"/InterchangeAssets/Functions/MX_SheenBSDF" 10841
"C:/Users/rexge/Documents/Unreal Projects/TheBigHunt/Saved/Cooked/Android_ASTC/TheBigHunt/Metadata/CookedSettings.txt" 10842
