"../../../Engine/Plugins/2D/Paper2D/Content/PlaceholderTextures/DummySpriteTexture.ubulk" 0
"../../../Engine/Plugins/2D/Paper2D/Content/PlaceholderTextures/DummySpriteTexture.uasset" 1
"../../../Engine/Plugins/2D/Paper2D/Content/PlaceholderTextures/DummySpriteTexture.uexp" 2
"../../../Engine/Plugins/2D/Paper2D/Content/DummySprite.uasset" 3
"../../../Engine/Plugins/2D/Paper2D/Content/DummySprite.uexp" 4
"../../../Engine/Plugins/2D/Paper2D/Content/DefaultPaperTerrainMaterial.uasset" 5
"../../../Engine/Plugins/2D/Paper2D/Content/DefaultPaperTerrainMaterial.uexp" 6
"../../../Engine/Plugins/Experimental/Water/Content/Waves/GerstnerWaves_Ocean.uasset" 7
"../../../Engine/Plugins/Experimental/Water/Content/Waves/GerstnerWaves_Ocean.uexp" 8
"../../../Engine/Plugins/Experimental/Water/Content/Waves/GerstnerWaves_Lake.uasset" 9
"../../../Engine/Plugins/Experimental/Water/Content/Waves/GerstnerWaves_Lake.uexp" 10
"../../../Engine/Plugins/Animation/ControlRig/Content/Controls/DefaultGizmoLibraryNormalized.uasset" 11
"../../../Engine/Plugins/Animation/ControlRig/Content/Controls/DefaultGizmoLibraryNormalized.uexp" 12
"../../../Engine/Content/EngineSounds/Master.uasset" 13
"../../../Engine/Content/EngineSounds/Master.uexp" 14
"../../../Engine/Content/EngineMaterials/DefaultDestructiblePhysicalMaterial.uasset" 15
"../../../Engine/Content/EngineMaterials/DefaultDestructiblePhysicalMaterial.uexp" 16
"../../../Engine/Content/EngineFonts/Faces/DroidSansFallback.uexp" 17
"../../../Engine/Content/EngineFonts/Faces/DroidSansFallback.uasset" 18
"../../../Engine/Content/EngineFonts/Faces/DroidSansFallback.ufont" 19
"../../../Engine/Content/EngineFonts/Faces/RobotoBold.uexp" 20
"../../../Engine/Content/EngineFonts/Faces/RobotoBold.uasset" 21
"../../../Engine/Content/EngineFonts/Faces/RobotoBold.ufont" 22
"../../../Engine/Content/EngineFonts/Faces/RobotoBoldItalic.uexp" 23
"../../../Engine/Content/EngineFonts/Faces/RobotoBoldItalic.uasset" 24
"../../../Engine/Content/EngineFonts/Faces/RobotoBoldItalic.ufont" 25
"../../../Engine/Content/EngineFonts/Faces/RobotoItalic.uexp" 26
"../../../Engine/Content/EngineFonts/Faces/RobotoItalic.uasset" 27
"../../../Engine/Content/EngineFonts/Faces/RobotoItalic.ufont" 28
"../../../Engine/Content/EngineFonts/Faces/RobotoLight.uexp" 29
"../../../Engine/Content/EngineFonts/Faces/RobotoLight.uasset" 30
"../../../Engine/Content/EngineFonts/Faces/RobotoLight.ufont" 31
"../../../Engine/Content/EngineFonts/Faces/RobotoRegular.uexp" 32
"../../../Engine/Content/EngineFonts/Faces/RobotoRegular.uasset" 33
"../../../Engine/Content/EngineFonts/Faces/RobotoRegular.ufont" 34
"../../../Engine/Content/EngineFonts/Roboto.uasset" 35
"../../../Engine/Content/EngineFonts/Roboto.uexp" 36
"../../../Engine/Content/EngineFonts/Faces/DroidSansMono.uexp" 37
"../../../Engine/Content/EngineFonts/Faces/DroidSansMono.uasset" 38
"../../../Engine/Content/EngineFonts/Faces/DroidSansMono.ufont" 39
"../../../Engine/Content/EngineFonts/DroidSansMono.uasset" 40
"../../../Engine/Content/EngineFonts/DroidSansMono.uexp" 41
"../../../Engine/Content/EngineResources/GradientTexture0.uasset" 42
"../../../Engine/Content/EngineResources/GradientTexture0.uexp" 43
"../../../Engine/Content/EditorResources/S_Actor.ubulk" 44
"../../../Engine/Content/EditorResources/S_Actor.uasset" 45
"../../../Engine/Content/EditorResources/S_Actor.uexp" 46
"../../../Engine/Content/EditorResources/S_Trigger.ubulk" 47
"../../../Engine/Content/EditorResources/S_Trigger.uasset" 48
"../../../Engine/Content/EditorResources/S_Trigger.uexp" 49
"../../../Engine/Content/EngineMaterials/T_Default_Material_Grid_M.ubulk" 50
"../../../Engine/Content/EngineMaterials/T_Default_Material_Grid_M.uasset" 51
"../../../Engine/Content/EngineMaterials/T_Default_Material_Grid_M.uexp" 52
"../../../Engine/Content/Functions/Engine_MaterialFunctions01/Opacity/CameraDepthFade.uasset" 53
"../../../Engine/Content/Functions/Engine_MaterialFunctions01/Opacity/CameraDepthFade.uexp" 54
"../../../Engine/Content/EngineMaterials/T_Default_Material_Grid_N.ubulk" 55
"../../../Engine/Content/EngineMaterials/T_Default_Material_Grid_N.uasset" 56
"../../../Engine/Content/EngineMaterials/T_Default_Material_Grid_N.uexp" 57
"../../../Engine/Content/EngineMaterials/WorldGridMaterial.uasset" 58
"../../../Engine/Content/EngineMaterials/WorldGridMaterial.uexp" 59
"../../../Engine/Plugins/Media/MediaPlate/Content/SM_MediaPlateScreen.ubulk" 60
"../../../Engine/Plugins/Media/MediaPlate/Content/SM_MediaPlateScreen.uasset" 61
"../../../Engine/Plugins/Media/MediaPlate/Content/SM_MediaPlateScreen.uexp" 62
"../../../Engine/Content/Functions/Engine_MaterialFunctions02/WorldPositionOffset/CameraOffset.uasset" 63
"../../../Engine/Content/Functions/Engine_MaterialFunctions02/WorldPositionOffset/CameraOffset.uexp" 64
"../../../Engine/Plugins/Animation/ControlRig/Content/M_Manip.uasset" 65
"../../../Engine/Plugins/Animation/ControlRig/Content/M_Manip.uexp" 66
"../../../Engine/Content/BasicShapes/Plane.ubulk" 67
"../../../Engine/Content/BasicShapes/Plane.uasset" 68
"../../../Engine/Content/BasicShapes/Plane.uexp" 69
"../../../Engine/Content/BasicShapes/Cube.ubulk" 70
"../../../Engine/Content/BasicShapes/Cube.uasset" 71
"../../../Engine/Content/BasicShapes/Cube.uexp" 72
"../../../Engine/Content/EngineMaterials/DefaultMaterial.uasset" 73
"../../../Engine/Content/EngineMaterials/DefaultMaterial.uexp" 74
"../../../Engine/Content/BasicShapes/Cone.ubulk" 75
"../../../Engine/Content/BasicShapes/Cone.uasset" 76
"../../../Engine/Content/BasicShapes/Cone.uexp" 77
"../../../Engine/Content/EditorResources/S_BoxReflectionCapture.uasset" 78
"../../../Engine/Content/EditorResources/S_BoxReflectionCapture.uexp" 79
"../../../Engine/Content/Functions/Engine_MaterialFunctions02/Utility/CameraDirectionVector.uasset" 80
"../../../Engine/Content/Functions/Engine_MaterialFunctions02/Utility/CameraDirectionVector.uexp" 81
"../../../Engine/Content/EngineDebugMaterials/VolumeToRender.uasset" 82
"../../../Engine/Content/EngineDebugMaterials/VolumeToRender.uexp" 83
"../../../Engine/Content/EngineDebugMaterials/M_VolumeRenderSphereTracePP.uasset" 84
"../../../Engine/Content/EngineDebugMaterials/M_VolumeRenderSphereTracePP.uexp" 85
"../../../Engine/Content/EngineDebugMaterials/M_SimpleUnlitTranslucent.uasset" 86
"../../../Engine/Content/EngineDebugMaterials/M_SimpleUnlitTranslucent.uexp" 87
"../../../Engine/Content/EngineDebugMaterials/DebugMeshMaterial.uasset" 88
"../../../Engine/Content/EngineDebugMaterials/DebugMeshMaterial.uexp" 89
"../../../Engine/Content/EngineDebugMaterials/DebugEditorMaterial.uasset" 90
"../../../Engine/Content/EngineDebugMaterials/DebugEditorMaterial.uexp" 91
"../../../Engine/Content/EngineDamageTypes/DmgTypeBP_Environmental.uasset" 92
"../../../Engine/Content/EngineDamageTypes/DmgTypeBP_Environmental.uexp" 93
"../../../Engine/Content/EditorResources/S_TriggerSphere.uasset" 94
"../../../Engine/Content/EditorResources/S_TriggerSphere.uexp" 95
"../../../Engine/Content/EditorResources/S_TriggerCapsule.uasset" 96
"../../../Engine/Content/EditorResources/S_TriggerCapsule.uexp" 97
"../../../Engine/Content/EditorResources/S_TriggerBox.uasset" 98
"../../../Engine/Content/EditorResources/S_TriggerBox.uexp" 99
"../../../Engine/Content/EditorResources/S_Solver.ubulk" 100
"../../../Engine/Content/EditorResources/S_Solver.uasset" 101
"../../../Engine/Content/EditorResources/S_Solver.uexp" 102
"../../../Engine/Content/EditorResources/BSPVertex.uasset" 103
"../../../Engine/Content/EditorResources/BSPVertex.uexp" 104
"../../../Engine/Content/EditorMaterials/PreviewShadowIndicator.ubulk" 105
"../../../Engine/Content/EditorMaterials/PreviewShadowIndicator.uasset" 106
"../../../Engine/Content/EditorMaterials/PreviewShadowIndicator.uexp" 107
"../../../Engine/Content/EditorMaterials/PreviewShadowIndicatorMaterial.uasset" 108
"../../../Engine/Content/EditorMaterials/PreviewShadowIndicatorMaterial.uexp" 109
"../../../Engine/Content/EditorMaterials/PhAT_UnselectedMaterial.uasset" 110
"../../../Engine/Content/EditorMaterials/PhAT_UnselectedMaterial.uexp" 111
"../../../Engine/Content/EditorMaterials/PhAT_NoCollisionMaterial.uasset" 112
"../../../Engine/Content/EditorMaterials/PhAT_NoCollisionMaterial.uexp" 113
"../../../Engine/Content/EditorLandscapeResources/SplineEditorMeshMat.uasset" 114
"../../../Engine/Content/EditorLandscapeResources/SplineEditorMeshMat.uexp" 115
"../../../Engine/Content/EditorLandscapeResources/SplineEditorMesh.ubulk" 116
"../../../Engine/Content/EditorLandscapeResources/SplineEditorMesh.uasset" 117
"../../../Engine/Content/EditorLandscapeResources/SplineEditorMesh.uexp" 118
"../../../Engine/Content/EditorLandscapeResources/WhiteSquareTexture.uasset" 119
"../../../Engine/Content/EditorLandscapeResources/WhiteSquareTexture.uexp" 120
"../../../Engine/Content/EditorLandscapeResources/LayerVisMaterial.uasset" 121
"../../../Engine/Content/EditorLandscapeResources/LayerVisMaterial.uexp" 122
"../../../Engine/Content/Functions/Engine_MaterialFunctions02/Utility/BreakOutFloat2Components.uasset" 123
"../../../Engine/Content/Functions/Engine_MaterialFunctions02/Utility/BreakOutFloat2Components.uexp" 124
"../../../Engine/Content/Functions/Engine_MaterialFunctions01/Texturing/ScaleUVsByCenter.uasset" 125
"../../../Engine/Content/Functions/Engine_MaterialFunctions01/Texturing/ScaleUVsByCenter.uexp" 126
"../../../Engine/Content/Functions/Engine_MaterialFunctions02/WorldPositionOffset/LocalPosition.uasset" 127
"../../../Engine/Content/Functions/Engine_MaterialFunctions02/WorldPositionOffset/LocalPosition.uexp" 128
"../../../Engine/Content/EngineMaterials/DefaultDiffuse.ubulk" 129
"../../../Engine/Content/EngineMaterials/DefaultDiffuse.uasset" 130
"../../../Engine/Content/EngineMaterials/DefaultDiffuse.uexp" 131
"../../../Engine/Content/Functions/Engine_MaterialFunctions01/Texturing/TextureCropping.uasset" 132
"../../../Engine/Content/Functions/Engine_MaterialFunctions01/Texturing/TextureCropping.uexp" 133
"../../../Engine/Content/Functions/Engine_MaterialFunctions02/ExampleContent/DebugNumberStrip.uasset" 134
"../../../Engine/Content/Functions/Engine_MaterialFunctions02/ExampleContent/DebugNumberStrip.uexp" 135
"../../../Engine/Content/Functions/Engine_MaterialFunctions01/Debug/DebugIntValues.uasset" 136
"../../../Engine/Content/Functions/Engine_MaterialFunctions01/Debug/DebugIntValues.uexp" 137
"../../../Engine/Content/EditorLandscapeResources/LandscapeLayerUsageMaterial.uasset" 138
"../../../Engine/Content/EditorLandscapeResources/LandscapeLayerUsageMaterial.uexp" 139
"../../../Engine/Content/EditorLandscapeResources/DefaultAlphaTexture.uasset" 140
"../../../Engine/Content/EditorLandscapeResources/DefaultAlphaTexture.uexp" 141
"../../../Engine/Content/EditorLandscapeResources/LandscapeDirtyMaterial.uasset" 142
"../../../Engine/Content/EditorLandscapeResources/LandscapeDirtyMaterial.uexp" 143
"../../../Engine/Plugins/Runtime/HairStrands/Content/Materials/HairMeshesDefaultMaterial.uasset" 144
"../../../Engine/Plugins/Runtime/HairStrands/Content/Materials/HairMeshesDefaultMaterial.uexp" 145
"../../../Engine/Plugins/Runtime/HairStrands/Content/Materials/HairDefaultMaterial.uasset" 146
"../../../Engine/Plugins/Runtime/HairStrands/Content/Materials/HairDefaultMaterial.uexp" 147
"../../../Engine/Content/Functions/Engine_MaterialFunctions02/Utility/MakeFloat2.uasset" 148
"../../../Engine/Content/Functions/Engine_MaterialFunctions02/Utility/MakeFloat2.uexp" 149
"../../../Engine/Content/Functions/Engine_MaterialFunctions02/Utility/MakeFloat3.uasset" 150
"../../../Engine/Content/Functions/Engine_MaterialFunctions02/Utility/MakeFloat3.uexp" 151
"../../../Engine/Content/EngineMaterials/HairDebugColor.uasset" 152
"../../../Engine/Content/EngineMaterials/HairDebugColor.uexp" 153
"../../../Engine/Content/EngineMaterials/HairColorMap.uasset" 154
"../../../Engine/Content/EngineMaterials/HairColorMap.uexp" 155
"../../../Engine/Plugins/Runtime/HairStrands/Content/Materials/HairGroupColors.uasset" 156
"../../../Engine/Plugins/Runtime/HairStrands/Content/Materials/HairGroupColors.uexp" 157
"../../../Engine/Plugins/Runtime/HairStrands/Content/Materials/HairDebugMaterial.uasset" 158
"../../../Engine/Plugins/Runtime/HairStrands/Content/Materials/HairDebugMaterial.uexp" 159
"../../../Engine/Plugins/Runtime/HairStrands/Content/Materials/HairCardsDefaultMaterial.uasset" 160
"../../../Engine/Plugins/Runtime/HairStrands/Content/Materials/HairCardsDefaultMaterial.uexp" 161
"../../../Engine/Plugins/Runtime/AudioWidgets/Content/Resources/ScrubHandleDown_Clamped.uasset" 162
"../../../Engine/Plugins/Runtime/AudioWidgets/Content/Resources/ScrubHandleDown_Clamped.uexp" 163
"../../../Engine/Plugins/Interchange/Assets/Content/Functions/MX_UsdPreviewSurface.uasset" 164
"../../../Engine/Plugins/Interchange/Assets/Content/Functions/MX_UsdPreviewSurface.uexp" 165
"../../../Engine/Plugins/Interchange/Assets/Content/Functions/MX_UniformEDF.uasset" 166
"../../../Engine/Plugins/Interchange/Assets/Content/Functions/MX_UniformEDF.uexp" 167
"../../../Engine/Plugins/Interchange/Assets/Content/Functions/MX_TranslucentBSDF.uasset" 168
"../../../Engine/Plugins/Interchange/Assets/Content/Functions/MX_TranslucentBSDF.uexp" 169
"../../../Engine/Plugins/Interchange/Assets/Content/Functions/MX_ThinFilmBSDF.uasset" 170
"../../../Engine/Plugins/Interchange/Assets/Content/Functions/MX_ThinFilmBSDF.uexp" 171
"../../../Engine/Plugins/Interchange/Assets/Content/Functions/MX_SurfaceUnlit.uasset" 172
"../../../Engine/Plugins/Interchange/Assets/Content/Functions/MX_SurfaceUnlit.uexp" 173
"../../../Engine/Plugins/Interchange/Assets/Content/Functions/MX_Surface.uasset" 174
"../../../Engine/Plugins/Interchange/Assets/Content/Functions/MX_Surface.uexp" 175
"../../../Engine/Plugins/Interchange/Assets/Content/Functions/MX_SubsurfaceBSDF.uasset" 176
"../../../Engine/Plugins/Interchange/Assets/Content/Functions/MX_SubsurfaceBSDF.uexp" 177
"../../../Engine/Plugins/Interchange/Assets/Content/Functions/MX_SheenBSDF.uasset" 178
"../../../Engine/Plugins/Interchange/Assets/Content/Functions/MX_SheenBSDF.uexp" 179
"../../../Engine/Plugins/Interchange/Assets/Content/Functions/MX_OrenNayarBSDF.uasset" 180
"../../../Engine/Plugins/Interchange/Assets/Content/Functions/MX_OrenNayarBSDF.uexp" 181
"../../../Engine/Plugins/Interchange/Assets/Content/Functions/MF_IridescenceNoLUT.uasset" 182
"../../../Engine/Plugins/Interchange/Assets/Content/Functions/MF_IridescenceNoLUT.uexp" 183
"../../../Engine/Plugins/Interchange/Assets/Content/Functions/MX_StandardSurface.uasset" 184
"../../../Engine/Plugins/Interchange/Assets/Content/Functions/MX_StandardSurface.uexp" 185
"../../../Engine/Plugins/Interchange/Assets/Content/Functions/MX_TransmissionSurface.uasset" 186
"../../../Engine/Plugins/Interchange/Assets/Content/Functions/MX_TransmissionSurface.uexp" 187
"../../../Engine/Plugins/Interchange/Assets/Content/Functions/MX_OpenPBR_Translucent.uasset" 188
"../../../Engine/Plugins/Interchange/Assets/Content/Functions/MX_OpenPBR_Translucent.uexp" 189
"../../../Engine/Plugins/Interchange/Assets/Content/Functions/MX_OpenPBR_Opaque.uasset" 190
"../../../Engine/Plugins/Interchange/Assets/Content/Functions/MX_OpenPBR_Opaque.uexp" 191
"../../../Engine/Plugins/Interchange/Assets/Content/Functions/MX_MeasuredEDF.uasset" 192
"../../../Engine/Plugins/Interchange/Assets/Content/Functions/MX_MeasuredEDF.uexp" 193
"../../../Engine/Plugins/Interchange/Assets/Content/Functions/MX_GeneralizedSchlickBSDF.uasset" 194
"../../../Engine/Plugins/Interchange/Assets/Content/Functions/MX_GeneralizedSchlickBSDF.uexp" 195
"../../../Engine/Content/Functions/Engine_MaterialFunctions02/Utility/BlendAngleCorrectedNormals.uasset" 196
"../../../Engine/Content/Functions/Engine_MaterialFunctions02/Utility/BlendAngleCorrectedNormals.uexp" 197
"../../../Engine/Plugins/Interchange/Assets/Content/Functions/MX_Displacement.uasset" 198
"../../../Engine/Plugins/Interchange/Assets/Content/Functions/MX_Displacement.uexp" 199
"../../../Engine/Plugins/Interchange/Assets/Content/Functions/MX_DielectricBSDF.uasset" 200
"../../../Engine/Plugins/Interchange/Assets/Content/Functions/MX_DielectricBSDF.uexp" 201
"../../../Engine/Plugins/Interchange/Assets/Content/Functions/MX_ConicalEDF.uasset" 202
"../../../Engine/Plugins/Interchange/Assets/Content/Functions/MX_ConicalEDF.uexp" 203
"../../../Engine/Plugins/Interchange/Assets/Content/Functions/MX_ConductorBSDF.uasset" 204
"../../../Engine/Plugins/Interchange/Assets/Content/Functions/MX_ConductorBSDF.uexp" 205
"../../../Engine/Plugins/Interchange/Assets/Content/Functions/MX_BurleyDiffuseBSDF.uasset" 206
"../../../Engine/Plugins/Interchange/Assets/Content/Functions/MX_BurleyDiffuseBSDF.uexp" 207
"../../../Engine/Plugins/Interchange/Assets/Content/Functions/MX_AnisotropicVDF.uasset" 208
"../../../Engine/Plugins/Interchange/Assets/Content/Functions/MX_AnisotropicVDF.uexp" 209
"../../../Engine/Plugins/Interchange/Assets/Content/Functions/MX_AbsorptionVDF.uasset" 210
"../../../Engine/Plugins/Interchange/Assets/Content/Functions/MX_AbsorptionVDF.uexp" 211
"../../../Engine/Plugins/Experimental/Water/Content/Meshes/RiverMesh.ubulk" 212
"../../../Engine/Plugins/Experimental/Water/Content/Meshes/RiverMesh.uasset" 213
"../../../Engine/Plugins/Experimental/Water/Content/Meshes/RiverMesh.uexp" 214
"../../../Engine/Plugins/Experimental/Water/Content/Meshes/LakeMesh.ubulk" 215
"../../../Engine/Plugins/Experimental/Water/Content/Meshes/LakeMesh.uasset" 216
"../../../Engine/Plugins/Experimental/Water/Content/Meshes/LakeMesh.uexp" 217
"../../../Engine/Plugins/Experimental/Water/Content/Icons/WaterZoneActorSprite.ubulk" 218
"../../../Engine/Plugins/Experimental/Water/Content/Icons/WaterZoneActorSprite.uasset" 219
"../../../Engine/Plugins/Experimental/Water/Content/Icons/WaterZoneActorSprite.uexp" 220
"../../../Engine/Plugins/Experimental/Water/Content/Icons/WaterSprite.uasset" 221
"../../../Engine/Plugins/Experimental/Water/Content/Icons/WaterSprite.uexp" 222
"../../../Engine/Plugins/Experimental/Water/Content/Icons/WaterLandscapeBrushSprite.ubulk" 223
"../../../Engine/Plugins/Experimental/Water/Content/Icons/WaterLandscapeBrushSprite.uasset" 224
"../../../Engine/Plugins/Experimental/Water/Content/Icons/WaterLandscapeBrushSprite.uexp" 225
"../../../Engine/Plugins/Experimental/Water/Content/Icons/WaterErrorSprite.ubulk" 226
"../../../Engine/Plugins/Experimental/Water/Content/Icons/WaterErrorSprite.uasset" 227
"../../../Engine/Plugins/Experimental/Water/Content/Icons/WaterErrorSprite.uexp" 228
"../../../Engine/Plugins/Experimental/Water/Content/Icons/WaterBodyIslandSprite.uasset" 229
"../../../Engine/Plugins/Experimental/Water/Content/Icons/WaterBodyIslandSprite.uexp" 230
"../../../Engine/Plugins/Experimental/Water/Content/Icons/WaterBodyExclusionVolumeSprite.uasset" 231
"../../../Engine/Plugins/Experimental/Water/Content/Icons/WaterBodyExclusionVolumeSprite.uexp" 232
"../../../Engine/Plugins/Experimental/Water/Content/Curves/FloatCurve_WaterBodyIsland.uasset" 233
"../../../Engine/Plugins/Experimental/Water/Content/Curves/FloatCurve_WaterBodyIsland.uexp" 234
"../../../Engine/Plugins/Experimental/Water/Content/Curves/FloatCurve.uasset" 235
"../../../Engine/Plugins/Experimental/Water/Content/Curves/FloatCurve.uexp" 236
"../../../Engine/Plugins/VirtualProduction/CameraCalibrationCore/Content/Materials/M_DefaultOddSquare.uasset" 237
"../../../Engine/Plugins/VirtualProduction/CameraCalibrationCore/Content/Materials/M_DefaultOddSquare.uexp" 238
"../../../Engine/Plugins/VirtualProduction/CameraCalibrationCore/Content/Materials/M_DefaultEvenSquare.uasset" 239
"../../../Engine/Plugins/VirtualProduction/CameraCalibrationCore/Content/Materials/M_DefaultEvenSquare.uexp" 240
"../../../Engine/Content/Functions/Engine_MaterialFunctions02/Utility/BreakOutFloat3Components.uasset" 241
"../../../Engine/Content/Functions/Engine_MaterialFunctions02/Utility/BreakOutFloat3Components.uexp" 242
"../../../Engine/Content/Functions/Engine_MaterialFunctions02/Utility/VectorLength.uasset" 243
"../../../Engine/Content/Functions/Engine_MaterialFunctions02/Utility/VectorLength.uexp" 244
"../../../Engine/Content/Functions/Engine_MaterialFunctions02/WorldPositionOffset/ObjectScale.uasset" 245
"../../../Engine/Content/Functions/Engine_MaterialFunctions02/WorldPositionOffset/ObjectScale.uexp" 246
"../../../Engine/Content/Functions/Engine_MaterialFunctions02/SafeNormalize.uasset" 247
"../../../Engine/Content/Functions/Engine_MaterialFunctions02/SafeNormalize.uexp" 248
"../../../Engine/Plugins/Editor/SpeedTreeImporter/Content/SpeedTree9/UnpackInteger3.uasset" 249
"../../../Engine/Plugins/Editor/SpeedTreeImporter/Content/SpeedTree9/UnpackInteger3.uexp" 250
"../../../Engine/Plugins/Editor/SpeedTreeImporter/Content/SpeedTree9/UnpackDirection.uasset" 251
"../../../Engine/Plugins/Editor/SpeedTreeImporter/Content/SpeedTree9/UnpackDirection.uexp" 252
"../../../Engine/Plugins/Editor/SpeedTreeImporter/Content/SpeedTree9/game_wind_noise.ubulk" 253
"../../../Engine/Plugins/Editor/SpeedTreeImporter/Content/SpeedTree9/game_wind_noise.uasset" 254
"../../../Engine/Plugins/Editor/SpeedTreeImporter/Content/SpeedTree9/game_wind_noise.uexp" 255
"../../../Engine/Plugins/Editor/SpeedTreeImporter/Content/SpeedTree9/SpeedTreeWindMotion.uasset" 256
"../../../Engine/Plugins/Editor/SpeedTreeImporter/Content/SpeedTree9/SpeedTreeWindMotion.uexp" 257
"../../../Engine/Content/Functions/Engine_MaterialFunctions02/ObjectLocalBounds.uasset" 258
"../../../Engine/Content/Functions/Engine_MaterialFunctions02/ObjectLocalBounds.uexp" 259
"../../../Engine/Content/Functions/Engine_MaterialFunctions02/UVs/BoundingBoxBased_0-1_UVW.uasset" 260
"../../../Engine/Content/Functions/Engine_MaterialFunctions02/UVs/BoundingBoxBased_0-1_UVW.uexp" 261
"../../../Engine/Plugins/Editor/SpeedTreeImporter/Content/SpeedTree9/SpeedTreeBranchMotion.uasset" 262
"../../../Engine/Plugins/Editor/SpeedTreeImporter/Content/SpeedTree9/SpeedTreeBranchMotion.uexp" 263
"../../../Engine/Plugins/Editor/SpeedTreeImporter/Content/SpeedTree9/SpeedTreeWind.uasset" 264
"../../../Engine/Plugins/Editor/SpeedTreeImporter/Content/SpeedTree9/SpeedTreeWind.uexp" 265
"../../../Engine/Plugins/Editor/SpeedTreeImporter/Content/SpeedTree9/SpeedTreeCameraFacing.uasset" 266
"../../../Engine/Plugins/Editor/SpeedTreeImporter/Content/SpeedTree9/SpeedTreeCameraFacing.uexp" 267
"../../../Engine/Plugins/Editor/SpeedTreeImporter/Content/SpeedTree9/EmptyNormal.uasset" 268
"../../../Engine/Plugins/Editor/SpeedTreeImporter/Content/SpeedTree9/EmptyNormal.uexp" 269
"../../../Engine/Plugins/Editor/SpeedTreeImporter/Content/SpeedTree9/Empty.uasset" 270
"../../../Engine/Plugins/Editor/SpeedTreeImporter/Content/SpeedTree9/Empty.uexp" 271
"../../../Engine/Plugins/Editor/SpeedTreeImporter/Content/SpeedTree9/SpeedTreeMaster.uasset" 272
"../../../Engine/Plugins/Editor/SpeedTreeImporter/Content/SpeedTree9/SpeedTreeMaster.uexp" 273
"../../../Engine/Plugins/Editor/SpeedTreeImporter/Content/SpeedTree9/SpeedTreeBillboard.uasset" 274
"../../../Engine/Plugins/Editor/SpeedTreeImporter/Content/SpeedTree9/SpeedTreeBillboard.uexp" 275
"../../../Engine/Plugins/Editor/SpeedTreeImporter/Content/SpeedTree9/SpeedTreeBillboardMaster.uasset" 276
"../../../Engine/Plugins/Editor/SpeedTreeImporter/Content/SpeedTree9/SpeedTreeBillboardMaster.uexp" 277
"../../../Engine/Plugins/Animation/ControlRig/Content/Controls/ControlRig_Wedge_solid.ubulk" 278
"../../../Engine/Plugins/Animation/ControlRig/Content/Controls/ControlRig_Wedge_solid.uasset" 279
"../../../Engine/Plugins/Animation/ControlRig/Content/Controls/ControlRig_Wedge_solid.uexp" 280
"../../../Engine/Plugins/Animation/ControlRig/Content/Controls/ControlRig_Wedge_3mm.ubulk" 281
"../../../Engine/Plugins/Animation/ControlRig/Content/Controls/ControlRig_Wedge_3mm.uasset" 282
"../../../Engine/Plugins/Animation/ControlRig/Content/Controls/ControlRig_Wedge_3mm.uexp" 283
"../../../Engine/Plugins/Animation/ControlRig/Content/Controls/ControlRig_Wedge_1mm.ubulk" 284
"../../../Engine/Plugins/Animation/ControlRig/Content/Controls/ControlRig_Wedge_1mm.uasset" 285
"../../../Engine/Plugins/Animation/ControlRig/Content/Controls/ControlRig_Wedge_1mm.uexp" 286
"../../../Engine/Plugins/Animation/ControlRig/Content/Controls/ControlRig_Triangle_solid.ubulk" 287
"../../../Engine/Plugins/Animation/ControlRig/Content/Controls/ControlRig_Triangle_solid.uasset" 288
"../../../Engine/Plugins/Animation/ControlRig/Content/Controls/ControlRig_Triangle_solid.uexp" 289
"../../../Engine/Plugins/Animation/ControlRig/Content/Controls/ControlRig_Triangle_3mm.ubulk" 290
"../../../Engine/Plugins/Animation/ControlRig/Content/Controls/ControlRig_Triangle_3mm.uasset" 291
"../../../Engine/Plugins/Animation/ControlRig/Content/Controls/ControlRig_Triangle_3mm.uexp" 292
"../../../Engine/Plugins/Animation/ControlRig/Content/Controls/ControlRig_Triangle_1mm.ubulk" 293
"../../../Engine/Plugins/Animation/ControlRig/Content/Controls/ControlRig_Triangle_1mm.uasset" 294
"../../../Engine/Plugins/Animation/ControlRig/Content/Controls/ControlRig_Triangle_1mm.uexp" 295
"../../../Engine/Plugins/Animation/ControlRig/Content/Controls/ControlRig_Star4_solid.ubulk" 296
"../../../Engine/Plugins/Animation/ControlRig/Content/Controls/ControlRig_Star4_solid.uasset" 297
"../../../Engine/Plugins/Animation/ControlRig/Content/Controls/ControlRig_Star4_solid.uexp" 298
"../../../Engine/Plugins/Animation/ControlRig/Content/Controls/ControlRig_Star4_3mm.ubulk" 299
"../../../Engine/Plugins/Animation/ControlRig/Content/Controls/ControlRig_Star4_3mm.uasset" 300
"../../../Engine/Plugins/Animation/ControlRig/Content/Controls/ControlRig_Star4_3mm.uexp" 301
"../../../Engine/Plugins/Animation/ControlRig/Content/Controls/ControlRig_Star4_1mm.ubulk" 302
"../../../Engine/Plugins/Animation/ControlRig/Content/Controls/ControlRig_Star4_1mm.uasset" 303
"../../../Engine/Plugins/Animation/ControlRig/Content/Controls/ControlRig_Star4_1mm.uexp" 304
"../../../Engine/Plugins/Animation/ControlRig/Content/Controls/ControlRig_Square_solid.ubulk" 305
"../../../Engine/Plugins/Animation/ControlRig/Content/Controls/ControlRig_Square_solid.uasset" 306
"../../../Engine/Plugins/Animation/ControlRig/Content/Controls/ControlRig_Square_solid.uexp" 307
"../../../Engine/Plugins/Animation/ControlRig/Content/Controls/ControlRig_Square_3mm.ubulk" 308
"../../../Engine/Plugins/Animation/ControlRig/Content/Controls/ControlRig_Square_3mm.uasset" 309
"../../../Engine/Plugins/Animation/ControlRig/Content/Controls/ControlRig_Square_3mm.uexp" 310
"../../../Engine/Plugins/Animation/ControlRig/Content/Controls/ControlRig_Square_1mm.ubulk" 311
"../../../Engine/Plugins/Animation/ControlRig/Content/Controls/ControlRig_Square_1mm.uasset" 312
"../../../Engine/Plugins/Animation/ControlRig/Content/Controls/ControlRig_Square_1mm.uexp" 313
"../../../Engine/Plugins/Animation/ControlRig/Content/Controls/ControlRig_Sphere_solid.ubulk" 314
"../../../Engine/Plugins/Animation/ControlRig/Content/Controls/ControlRig_Sphere_solid.uasset" 315
"../../../Engine/Plugins/Animation/ControlRig/Content/Controls/ControlRig_Sphere_solid.uexp" 316
"../../../Engine/Plugins/Animation/ControlRig/Content/Controls/ControlRig_Sphere_3mm.ubulk" 317
"../../../Engine/Plugins/Animation/ControlRig/Content/Controls/ControlRig_Sphere_3mm.uasset" 318
"../../../Engine/Plugins/Animation/ControlRig/Content/Controls/ControlRig_Sphere_3mm.uexp" 319
"../../../Engine/Plugins/Animation/ControlRig/Content/Controls/ControlRig_Sphere_1mm.ubulk" 320
"../../../Engine/Plugins/Animation/ControlRig/Content/Controls/ControlRig_Sphere_1mm.uasset" 321
"../../../Engine/Plugins/Animation/ControlRig/Content/Controls/ControlRig_Sphere_1mm.uexp" 322
"../../../Engine/Plugins/Animation/ControlRig/Content/Controls/ControlRig_RoundedTriangle_solid.ubulk" 323
"../../../Engine/Plugins/Animation/ControlRig/Content/Controls/ControlRig_RoundedTriangle_solid.uasset" 324
"../../../Engine/Plugins/Animation/ControlRig/Content/Controls/ControlRig_RoundedTriangle_solid.uexp" 325
"../../../Engine/Plugins/Animation/ControlRig/Content/Controls/ControlRig_RoundedTriangle_3mm.ubulk" 326
"../../../Engine/Plugins/Animation/ControlRig/Content/Controls/ControlRig_RoundedTriangle_3mm.uasset" 327
"../../../Engine/Plugins/Animation/ControlRig/Content/Controls/ControlRig_RoundedTriangle_3mm.uexp" 328
"../../../Engine/Plugins/Animation/ControlRig/Content/Controls/ControlRig_RoundedTriangle_1mm.ubulk" 329
"../../../Engine/Plugins/Animation/ControlRig/Content/Controls/ControlRig_RoundedTriangle_1mm.uasset" 330
"../../../Engine/Plugins/Animation/ControlRig/Content/Controls/ControlRig_RoundedTriangle_1mm.uexp" 331
"../../../Engine/Plugins/Animation/ControlRig/Content/Controls/ControlRig_RoundedSquare_solid.ubulk" 332
"../../../Engine/Plugins/Animation/ControlRig/Content/Controls/ControlRig_RoundedSquare_solid.uasset" 333
"../../../Engine/Plugins/Animation/ControlRig/Content/Controls/ControlRig_RoundedSquare_solid.uexp" 334
"../../../Engine/Plugins/Animation/ControlRig/Content/Controls/ControlRig_RoundedSquare_3mm.ubulk" 335
"../../../Engine/Plugins/Animation/ControlRig/Content/Controls/ControlRig_RoundedSquare_3mm.uasset" 336
"../../../Engine/Plugins/Animation/ControlRig/Content/Controls/ControlRig_RoundedSquare_3mm.uexp" 337
"../../../Engine/Plugins/Animation/ControlRig/Content/Controls/ControlRig_RoundedSquare_1mm.ubulk" 338
"../../../Engine/Plugins/Animation/ControlRig/Content/Controls/ControlRig_RoundedSquare_1mm.uasset" 339
"../../../Engine/Plugins/Animation/ControlRig/Content/Controls/ControlRig_RoundedSquare_1mm.uexp" 340
"../../../Engine/Plugins/Animation/ControlRig/Content/Controls/ControlRig_QuarterCircle_solid.ubulk" 341
"../../../Engine/Plugins/Animation/ControlRig/Content/Controls/ControlRig_QuarterCircle_solid.uasset" 342
"../../../Engine/Plugins/Animation/ControlRig/Content/Controls/ControlRig_QuarterCircle_solid.uexp" 343
"../../../Engine/Plugins/Animation/ControlRig/Content/Controls/ControlRig_QuarterCircle_3mm.ubulk" 344
"../../../Engine/Plugins/Animation/ControlRig/Content/Controls/ControlRig_QuarterCircle_3mm.uasset" 345
"../../../Engine/Plugins/Animation/ControlRig/Content/Controls/ControlRig_QuarterCircle_3mm.uexp" 346
"../../../Engine/Plugins/Animation/ControlRig/Content/Controls/ControlRig_QuarterCircle_1mm.ubulk" 347
"../../../Engine/Plugins/Animation/ControlRig/Content/Controls/ControlRig_QuarterCircle_1mm.uasset" 348
"../../../Engine/Plugins/Animation/ControlRig/Content/Controls/ControlRig_QuarterCircle_1mm.uexp" 349
"../../../Engine/Plugins/Animation/ControlRig/Content/Controls/ControlRig_Pyramid_solid.ubulk" 350
"../../../Engine/Plugins/Animation/ControlRig/Content/Controls/ControlRig_Pyramid_solid.uasset" 351
"../../../Engine/Plugins/Animation/ControlRig/Content/Controls/ControlRig_Pyramid_solid.uexp" 352
"../../../Engine/Plugins/Animation/ControlRig/Content/Controls/ControlRig_Pyramid_3mm.ubulk" 353
"../../../Engine/Plugins/Animation/ControlRig/Content/Controls/ControlRig_Pyramid_3mm.uasset" 354
"../../../Engine/Plugins/Animation/ControlRig/Content/Controls/ControlRig_Pyramid_3mm.uexp" 355
"../../../Engine/Plugins/Animation/ControlRig/Content/Controls/ControlRig_Pyramid_1mm.ubulk" 356
"../../../Engine/Plugins/Animation/ControlRig/Content/Controls/ControlRig_Pyramid_1mm.uasset" 357
"../../../Engine/Plugins/Animation/ControlRig/Content/Controls/ControlRig_Pyramid_1mm.uexp" 358
"../../../Engine/Plugins/Animation/ControlRig/Content/Controls/ControlRig_Octagon_solid.ubulk" 359
"../../../Engine/Plugins/Animation/ControlRig/Content/Controls/ControlRig_Octagon_solid.uasset" 360
"../../../Engine/Plugins/Animation/ControlRig/Content/Controls/ControlRig_Octagon_solid.uexp" 361
"../../../Engine/Plugins/Animation/ControlRig/Content/Controls/ControlRig_Octagon_3mm.ubulk" 362
"../../../Engine/Plugins/Animation/ControlRig/Content/Controls/ControlRig_Octagon_3mm.uasset" 363
"../../../Engine/Plugins/Animation/ControlRig/Content/Controls/ControlRig_Octagon_3mm.uexp" 364
"../../../Engine/Plugins/Animation/ControlRig/Content/Controls/ControlRig_Octagon_1mm.ubulk" 365
"../../../Engine/Plugins/Animation/ControlRig/Content/Controls/ControlRig_Octagon_1mm.uasset" 366
"../../../Engine/Plugins/Animation/ControlRig/Content/Controls/ControlRig_Octagon_1mm.uexp" 367
"../../../Engine/Plugins/Animation/ControlRig/Content/Controls/ControlRig_Hexagon_solid.ubulk" 368
"../../../Engine/Plugins/Animation/ControlRig/Content/Controls/ControlRig_Hexagon_solid.uasset" 369
"../../../Engine/Plugins/Animation/ControlRig/Content/Controls/ControlRig_Hexagon_solid.uexp" 370
"../../../Engine/Plugins/Animation/ControlRig/Content/Controls/ControlRig_Hexagon_3mm.ubulk" 371
"../../../Engine/Plugins/Animation/ControlRig/Content/Controls/ControlRig_Hexagon_3mm.uasset" 372
"../../../Engine/Plugins/Animation/ControlRig/Content/Controls/ControlRig_Hexagon_3mm.uexp" 373
"../../../Engine/Plugins/Animation/ControlRig/Content/Controls/ControlRig_Hexagon_1mm.ubulk" 374
"../../../Engine/Plugins/Animation/ControlRig/Content/Controls/ControlRig_Hexagon_1mm.uasset" 375
"../../../Engine/Plugins/Animation/ControlRig/Content/Controls/ControlRig_Hexagon_1mm.uexp" 376
"../../../Engine/Plugins/Animation/ControlRig/Content/Controls/ControlRig_HalfCircle_solid.ubulk" 377
"../../../Engine/Plugins/Animation/ControlRig/Content/Controls/ControlRig_HalfCircle_solid.uasset" 378
"../../../Engine/Plugins/Animation/ControlRig/Content/Controls/ControlRig_HalfCircle_solid.uexp" 379
"../../../Engine/Plugins/Animation/ControlRig/Content/Controls/ControlRig_HalfCircle_3mm.ubulk" 380
"../../../Engine/Plugins/Animation/ControlRig/Content/Controls/ControlRig_HalfCircle_3mm.uasset" 381
"../../../Engine/Plugins/Animation/ControlRig/Content/Controls/ControlRig_HalfCircle_3mm.uexp" 382
"../../../Engine/Plugins/Animation/ControlRig/Content/Controls/ControlRig_HalfCircle_1mm.ubulk" 383
"../../../Engine/Plugins/Animation/ControlRig/Content/Controls/ControlRig_HalfCircle_1mm.uasset" 384
"../../../Engine/Plugins/Animation/ControlRig/Content/Controls/ControlRig_HalfCircle_1mm.uexp" 385
"../../../Engine/Plugins/Animation/ControlRig/Content/Controls/ControlRig_Diamond_solid.ubulk" 386
"../../../Engine/Plugins/Animation/ControlRig/Content/Controls/ControlRig_Diamond_solid.uasset" 387
"../../../Engine/Plugins/Animation/ControlRig/Content/Controls/ControlRig_Diamond_solid.uexp" 388
"../../../Engine/Plugins/Animation/ControlRig/Content/Controls/ControlRig_Diamond_3mm.ubulk" 389
"../../../Engine/Plugins/Animation/ControlRig/Content/Controls/ControlRig_Diamond_3mm.uasset" 390
"../../../Engine/Plugins/Animation/ControlRig/Content/Controls/ControlRig_Diamond_3mm.uexp" 391
"../../../Engine/Plugins/Animation/ControlRig/Content/Controls/ControlRig_Diamond_1mm.ubulk" 392
"../../../Engine/Plugins/Animation/ControlRig/Content/Controls/ControlRig_Diamond_1mm.uasset" 393
"../../../Engine/Plugins/Animation/ControlRig/Content/Controls/ControlRig_Diamond_1mm.uexp" 394
"../../../Engine/Plugins/Animation/ControlRig/Content/Controls/ControlRig_Circle_solid.ubulk" 395
"../../../Engine/Plugins/Animation/ControlRig/Content/Controls/ControlRig_Circle_solid.uasset" 396
"../../../Engine/Plugins/Animation/ControlRig/Content/Controls/ControlRig_Circle_solid.uexp" 397
"../../../Engine/Plugins/Animation/ControlRig/Content/Controls/ControlRig_Circle_3mm.ubulk" 398
"../../../Engine/Plugins/Animation/ControlRig/Content/Controls/ControlRig_Circle_3mm.uasset" 399
"../../../Engine/Plugins/Animation/ControlRig/Content/Controls/ControlRig_Circle_3mm.uexp" 400
"../../../Engine/Plugins/Animation/ControlRig/Content/Controls/ControlRig_Circle_1mm.ubulk" 401
"../../../Engine/Plugins/Animation/ControlRig/Content/Controls/ControlRig_Circle_1mm.uasset" 402
"../../../Engine/Plugins/Animation/ControlRig/Content/Controls/ControlRig_Circle_1mm.uexp" 403
"../../../Engine/Plugins/Animation/ControlRig/Content/Controls/ControlRig_Box_solid.ubulk" 404
"../../../Engine/Plugins/Animation/ControlRig/Content/Controls/ControlRig_Box_solid.uasset" 405
"../../../Engine/Plugins/Animation/ControlRig/Content/Controls/ControlRig_Box_solid.uexp" 406
"../../../Engine/Plugins/Animation/ControlRig/Content/Controls/ControlRig_Box_3mm.ubulk" 407
"../../../Engine/Plugins/Animation/ControlRig/Content/Controls/ControlRig_Box_3mm.uasset" 408
"../../../Engine/Plugins/Animation/ControlRig/Content/Controls/ControlRig_Box_3mm.uexp" 409
"../../../Engine/Plugins/Animation/ControlRig/Content/Controls/ControlRig_Box_1mm.ubulk" 410
"../../../Engine/Plugins/Animation/ControlRig/Content/Controls/ControlRig_Box_1mm.uasset" 411
"../../../Engine/Plugins/Animation/ControlRig/Content/Controls/ControlRig_Box_1mm.uexp" 412
"../../../Engine/Plugins/Animation/ControlRig/Content/Controls/ControlRig_Arrow_solid.ubulk" 413
"../../../Engine/Plugins/Animation/ControlRig/Content/Controls/ControlRig_Arrow_solid.uasset" 414
"../../../Engine/Plugins/Animation/ControlRig/Content/Controls/ControlRig_Arrow_solid.uexp" 415
"../../../Engine/Plugins/Animation/ControlRig/Content/Controls/ControlRig_Arrow_3mm.ubulk" 416
"../../../Engine/Plugins/Animation/ControlRig/Content/Controls/ControlRig_Arrow_3mm.uasset" 417
"../../../Engine/Plugins/Animation/ControlRig/Content/Controls/ControlRig_Arrow_3mm.uexp" 418
"../../../Engine/Plugins/Animation/ControlRig/Content/Controls/ControlRig_Arrow_1mm.ubulk" 419
"../../../Engine/Plugins/Animation/ControlRig/Content/Controls/ControlRig_Arrow_1mm.uasset" 420
"../../../Engine/Plugins/Animation/ControlRig/Content/Controls/ControlRig_Arrow_1mm.uexp" 421
"../../../Engine/Plugins/Animation/ControlRig/Content/Controls/ControlRig_Arrow4_solid.ubulk" 422
"../../../Engine/Plugins/Animation/ControlRig/Content/Controls/ControlRig_Arrow4_solid.uasset" 423
"../../../Engine/Plugins/Animation/ControlRig/Content/Controls/ControlRig_Arrow4_solid.uexp" 424
"../../../Engine/Plugins/Animation/ControlRig/Content/Controls/ControlRig_Arrow4_3mm.ubulk" 425
"../../../Engine/Plugins/Animation/ControlRig/Content/Controls/ControlRig_Arrow4_3mm.uasset" 426
"../../../Engine/Plugins/Animation/ControlRig/Content/Controls/ControlRig_Arrow4_3mm.uexp" 427
"../../../Engine/Plugins/Animation/ControlRig/Content/Controls/ControlRig_Arrow4_1mm.ubulk" 428
"../../../Engine/Plugins/Animation/ControlRig/Content/Controls/ControlRig_Arrow4_1mm.uasset" 429
"../../../Engine/Plugins/Animation/ControlRig/Content/Controls/ControlRig_Arrow4_1mm.uexp" 430
"../../../Engine/Plugins/Animation/ControlRig/Content/Controls/ControlRig_Arrow2_solid.ubulk" 431
"../../../Engine/Plugins/Animation/ControlRig/Content/Controls/ControlRig_Arrow2_solid.uasset" 432
"../../../Engine/Plugins/Animation/ControlRig/Content/Controls/ControlRig_Arrow2_solid.uexp" 433
"../../../Engine/Plugins/Animation/ControlRig/Content/Controls/ControlRig_Arrow2_3mm.ubulk" 434
"../../../Engine/Plugins/Animation/ControlRig/Content/Controls/ControlRig_Arrow2_3mm.uasset" 435
"../../../Engine/Plugins/Animation/ControlRig/Content/Controls/ControlRig_Arrow2_3mm.uexp" 436
"../../../Engine/Plugins/Animation/ControlRig/Content/Controls/ControlRig_Arrow2_1mm.ubulk" 437
"../../../Engine/Plugins/Animation/ControlRig/Content/Controls/ControlRig_Arrow2_1mm.uasset" 438
"../../../Engine/Plugins/Animation/ControlRig/Content/Controls/ControlRig_Arrow2_1mm.uexp" 439
"../../../Engine/Plugins/Animation/ControlRig/Content/Controls/ControlRigXRayMaterial.uasset" 440
"../../../Engine/Plugins/Animation/ControlRig/Content/Controls/ControlRigXRayMaterial.uexp" 441
"../../../Engine/Plugins/Animation/ControlRig/Content/Controls/ControlRigGizmoMaterial.uasset" 442
"../../../Engine/Plugins/Animation/ControlRig/Content/Controls/ControlRigGizmoMaterial.uexp" 443
"../../../Engine/Content/EngineMeshes/Sphere.ubulk" 444
"../../../Engine/Content/EngineMeshes/Sphere.uasset" 445
"../../../Engine/Content/EngineMeshes/Sphere.uexp" 446
"../../../Engine/Content/EngineMaterials/RemoveSurfaceMaterial.uasset" 447
"../../../Engine/Content/EngineMaterials/RemoveSurfaceMaterial.uexp" 448
"../../../Engine/Content/EngineMaterials/PreintegratedSkinBRDF.uasset" 449
"../../../Engine/Content/EngineMaterials/PreintegratedSkinBRDF.uexp" 450
"../../../Engine/Content/EngineMaterials/DefaultCalibrationGrayscale.uasset" 451
"../../../Engine/Content/EngineMaterials/DefaultCalibrationGrayscale.uexp" 452
"../../../Engine/Content/EngineMaterials/PPM_DefaultCalibrationGrayscale.uasset" 453
"../../../Engine/Content/EngineMaterials/PPM_DefaultCalibrationGrayscale.uexp" 454
"../../../Engine/Content/EngineMaterials/DefaultCalibrationColor.uasset" 455
"../../../Engine/Content/EngineMaterials/DefaultCalibrationColor.uexp" 456
"../../../Engine/Content/EngineMaterials/PPM_DefaultCalibrationColor.uasset" 457
"../../../Engine/Content/EngineMaterials/PPM_DefaultCalibrationColor.uexp" 458
"../../../Engine/Content/EngineMaterials/PhAT_JointLimitMaterial.uasset" 459
"../../../Engine/Content/EngineMaterials/PhAT_JointLimitMaterial.uexp" 460
"../../../Engine/Content/EngineMaterials/NaniteHiddenSectionMaterial.uasset" 461
"../../../Engine/Content/EngineMaterials/NaniteHiddenSectionMaterial.uexp" 462
"../../../Engine/Content/EngineMaterials/InvalidLightmapSettings.ubulk" 463
"../../../Engine/Content/EngineMaterials/InvalidLightmapSettings.uasset" 464
"../../../Engine/Content/EngineMaterials/InvalidLightmapSettings.uexp" 465
"../../../Engine/Content/EngineMaterials/M_InvalidLightmapSettings.uasset" 466
"../../../Engine/Content/EngineMaterials/M_InvalidLightmapSettings.uexp" 467
"../../../Engine/Content/EngineMaterials/MiniFont.uasset" 468
"../../../Engine/Content/EngineMaterials/MiniFont.uexp" 469
"../../../Engine/Content/EngineMaterials/GizmoMaterial.uasset" 470
"../../../Engine/Content/EngineMaterials/GizmoMaterial.uexp" 471
"../../../Engine/Content/EngineMaterials/BaseFlattenDiffuseMap_VT.uasset" 472
"../../../Engine/Content/EngineMaterials/BaseFlattenDiffuseMap_VT.uexp" 473
"../../../Engine/Content/EngineMaterials/BaseFlattenEmissiveMap_VT.uasset" 474
"../../../Engine/Content/EngineMaterials/BaseFlattenEmissiveMap_VT.uexp" 475
"../../../Engine/Content/EngineMaterials/BaseFlattenGrayscaleMap_VT.uasset" 476
"../../../Engine/Content/EngineMaterials/BaseFlattenGrayscaleMap_VT.uexp" 477
"../../../Engine/Content/EngineMaterials/BaseFlattenLinearColor_VT.uasset" 478
"../../../Engine/Content/EngineMaterials/BaseFlattenLinearColor_VT.uexp" 479
"../../../Engine/Content/EngineMaterials/BaseFlattenNormalMap_VT.uasset" 480
"../../../Engine/Content/EngineMaterials/BaseFlattenNormalMap_VT.uexp" 481
"../../../Engine/Content/EngineMaterials/Black_1x1_EXR_Texture_VT.uasset" 482
"../../../Engine/Content/EngineMaterials/Black_1x1_EXR_Texture_VT.uexp" 483
"../../../Engine/Content/EngineMaterials/FlattenMaterial_WS_Normal_VT.uasset" 484
"../../../Engine/Content/EngineMaterials/FlattenMaterial_WS_Normal_VT.uexp" 485
"../../../Engine/Content/EngineMaterials/FlattenMaterial_VT.uasset" 486
"../../../Engine/Content/EngineMaterials/FlattenMaterial_VT.uexp" 487
"../../../Engine/Content/EngineMaterials/BaseFlattenNormalMap.uasset" 488
"../../../Engine/Content/EngineMaterials/BaseFlattenNormalMap.uexp" 489
"../../../Engine/Content/EngineMaterials/BaseFlattenDiffuseMap.uasset" 490
"../../../Engine/Content/EngineMaterials/BaseFlattenDiffuseMap.uexp" 491
"../../../Engine/Content/EngineMaterials/BaseFlattenEmissiveMap.uasset" 492
"../../../Engine/Content/EngineMaterials/BaseFlattenEmissiveMap.uexp" 493
"../../../Engine/Content/EngineMaterials/BaseFlattenGrayscaleMap.uasset" 494
"../../../Engine/Content/EngineMaterials/BaseFlattenGrayscaleMap.uexp" 495
"../../../Engine/Content/EngineMaterials/BaseFlattenLinearColor.uasset" 496
"../../../Engine/Content/EngineMaterials/BaseFlattenLinearColor.uexp" 497
"../../../Engine/Content/Functions/Engine_MaterialFunctions02/PivotPainter2/Black_1x1_EXR_Texture.uasset" 498
"../../../Engine/Content/Functions/Engine_MaterialFunctions02/PivotPainter2/Black_1x1_EXR_Texture.uexp" 499
"../../../Engine/Content/EngineMaterials/FlattenMaterial.uasset" 500
"../../../Engine/Content/EngineMaterials/FlattenMaterial.uexp" 501
"../../../Engine/Content/EngineMaterials/FastBlueNoise_vec2_128x128x64.uasset" 502
"../../../Engine/Content/EngineMaterials/FastBlueNoise_vec2_128x128x64.uexp" 503
"../../../Engine/Content/EngineMaterials/FastBlueNoise_scalar_128x128x8.uasset" 504
"../../../Engine/Content/EngineMaterials/FastBlueNoise_scalar_128x128x8.uexp" 505
"../../../Engine/Content/EngineMaterials/FastBlueNoise_scalar_128x128x64.uasset" 506
"../../../Engine/Content/EngineMaterials/FastBlueNoise_scalar_128x128x64.uexp" 507
"../../../Engine/Content/EngineMaterials/DefaultWhiteGrid_Low.uasset" 508
"../../../Engine/Content/EngineMaterials/DefaultWhiteGrid_Low.uexp" 509
"../../../Engine/Content/EngineMaterials/EmissiveMeshMaterial.uasset" 510
"../../../Engine/Content/EngineMaterials/EmissiveMeshMaterial.uexp" 511
"../../../Engine/Content/EngineMaterials/DefaultWhiteGrid.ubulk" 512
"../../../Engine/Content/EngineMaterials/DefaultWhiteGrid.uasset" 513
"../../../Engine/Content/EngineMaterials/DefaultWhiteGrid.uexp" 514
"../../../Engine/Content/EngineFonts/RobotoDistanceField.uasset" 515
"../../../Engine/Content/EngineFonts/RobotoDistanceField.uexp" 516
"../../../Engine/Content/EngineMaterials/DefaultTextMaterialOpaque.uasset" 517
"../../../Engine/Content/EngineMaterials/DefaultTextMaterialOpaque.uexp" 518
"../../../Engine/Content/EngineMaterials/DefaultPostProcessMaterial.uasset" 519
"../../../Engine/Content/EngineMaterials/DefaultPostProcessMaterial.uexp" 520
"../../../Engine/Content/EngineMaterials/DefaultLightFunctionMaterial.uasset" 521
"../../../Engine/Content/EngineMaterials/DefaultLightFunctionMaterial.uexp" 522
"../../../Engine/Content/EngineMaterials/DefaultDeferredDecalMaterial.uasset" 523
"../../../Engine/Content/EngineMaterials/DefaultDeferredDecalMaterial.uexp" 524
"../../../Engine/Content/EngineMaterials/DefaultBokeh.uasset" 525
"../../../Engine/Content/EngineMaterials/DefaultBokeh.uexp" 526
"../../../Engine/Content/EngineMaterials/DefaultBloomKernel.uasset" 527
"../../../Engine/Content/EngineMaterials/DefaultBloomKernel.uexp" 528
"../../../Engine/Content/EditorMaterials/Camera/CineMat.uasset" 529
"../../../Engine/Content/EditorMaterials/Camera/CineMat.uexp" 530
"../../../Engine/Content/EditorMaterials/Camera/MI_CineMat_Rig.uasset" 531
"../../../Engine/Content/EditorMaterials/Camera/MI_CineMat_Rig.uexp" 532
"../../../Engine/Content/EditorMeshes/Camera/SM_RailRig_Track.ubulk" 533
"../../../Engine/Content/EditorMeshes/Camera/SM_RailRig_Track.uasset" 534
"../../../Engine/Content/EditorMeshes/Camera/SM_RailRig_Track.uexp" 535
"../../../Engine/Content/EditorMeshes/Camera/SM_RailRig_Mount.ubulk" 536
"../../../Engine/Content/EditorMeshes/Camera/SM_RailRig_Mount.uasset" 537
"../../../Engine/Content/EditorMeshes/Camera/SM_RailRig_Mount.uexp" 538
"../../../Engine/Content/EditorMeshes/Camera/SM_CraneRig_Mount.ubulk" 539
"../../../Engine/Content/EditorMeshes/Camera/SM_CraneRig_Mount.uasset" 540
"../../../Engine/Content/EditorMeshes/Camera/SM_CraneRig_Mount.uexp" 541
"../../../Engine/Content/EditorMeshes/Camera/SM_CraneRig_Body.ubulk" 542
"../../../Engine/Content/EditorMeshes/Camera/SM_CraneRig_Body.uasset" 543
"../../../Engine/Content/EditorMeshes/Camera/SM_CraneRig_Body.uexp" 544
"../../../Engine/Content/EditorMeshes/Camera/SM_CraneRig_Base.ubulk" 545
"../../../Engine/Content/EditorMeshes/Camera/SM_CraneRig_Base.uasset" 546
"../../../Engine/Content/EditorMeshes/Camera/SM_CraneRig_Base.uexp" 547
"../../../Engine/Content/EditorMeshes/Camera/SM_CraneRig_Arm.ubulk" 548
"../../../Engine/Content/EditorMeshes/Camera/SM_CraneRig_Arm.uasset" 549
"../../../Engine/Content/EditorMeshes/Camera/SM_CraneRig_Arm.uexp" 550
"../../../Engine/Content/EditorMaterials/ParticleSystems/PSysThumbnail_OOD.ubulk" 551
"../../../Engine/Content/EditorMaterials/ParticleSystems/PSysThumbnail_OOD.uasset" 552
"../../../Engine/Content/EditorMaterials/ParticleSystems/PSysThumbnail_OOD.uexp" 553
"../../../Engine/Content/EditorMaterials/ParticleSystems/PSysThumbnail_NoImage.ubulk" 554
"../../../Engine/Content/EditorMaterials/ParticleSystems/PSysThumbnail_NoImage.uasset" 555
"../../../Engine/Content/EditorMaterials/ParticleSystems/PSysThumbnail_NoImage.uexp" 556
"../../../Engine/Content/EditorMaterials/Dataflow/DataflowVertexMaterial.uasset" 557
"../../../Engine/Content/EditorMaterials/Dataflow/DataflowVertexMaterial.uexp" 558
"../../../Engine/Content/EditorMaterials/Dataflow/DataflowTwoSidedVertexMaterial.uasset" 559
"../../../Engine/Content/EditorMaterials/Dataflow/DataflowTwoSidedVertexMaterial.uexp" 560
"../../../Engine/Content/EngineResources/FilmGrains/Marcie_Grain_v3_128_M2_000.uasset" 561
"../../../Engine/Content/EngineResources/FilmGrains/Marcie_Grain_v3_128_M2_000.uexp" 562
"../../../Engine/Content/EngineResources/Development/ZenLogo_64.uasset" 563
"../../../Engine/Content/EngineResources/Development/ZenLogo_64.uexp" 564
"../../../Engine/Content/EngineMaterials/LTC/Sheen_LTC.uasset" 565
"../../../Engine/Content/EngineMaterials/LTC/Sheen_LTC.uexp" 566
"../../../Engine/Content/EngineMaterials/LTC/GGX_LTCMat.uasset" 567
"../../../Engine/Content/EngineMaterials/LTC/GGX_LTCMat.uexp" 568
"../../../Engine/Content/EngineMaterials/LTC/GGX_LTCAmp.uasset" 569
"../../../Engine/Content/EngineMaterials/LTC/GGX_LTCAmp.uexp" 570
"../../../Engine/Content/EngineMaterials/EnergyConservation/Sheen_Energy.uasset" 571
"../../../Engine/Content/EngineMaterials/EnergyConservation/Sheen_Energy.uexp" 572
"../../../Engine/Content/EngineMaterials/EnergyConservation/SheenLegacy_Energy.uasset" 573
"../../../Engine/Content/EngineMaterials/EnergyConservation/SheenLegacy_Energy.uexp" 574
"../../../Engine/Content/EngineMaterials/EnergyConservation/GGX_TransmissionEnergyArray.uasset" 575
"../../../Engine/Content/EngineMaterials/EnergyConservation/GGX_TransmissionEnergyArray.uexp" 576
"../../../Engine/Content/EngineMaterials/EnergyConservation/GGX_ReflectionEnergy.uasset" 577
"../../../Engine/Content/EngineMaterials/EnergyConservation/GGX_ReflectionEnergy.uexp" 578
"../../../Engine/Content/EngineMaterials/EnergyConservation/Diffuse_Energy.uasset" 579
"../../../Engine/Content/EngineMaterials/EnergyConservation/Diffuse_Energy.uexp" 580
"../../../Engine/Content/EditorResources/SequenceRecorder/RecordingIndicator.uasset" 581
"../../../Engine/Content/EditorResources/SequenceRecorder/RecordingIndicator.uexp" 582
"../../../Engine/Content/EditorResources/SequenceRecorder/Countdown.uasset" 583
"../../../Engine/Content/EditorResources/SequenceRecorder/Countdown.uexp" 584
"../../../Engine/Content/EngineResources/Black.uasset" 585
"../../../Engine/Content/EngineResources/Black.uexp" 586
"../../../Engine/Plugins/Runtime/OpenXR/Content/Devices/M_XRController.uasset" 587
"../../../Engine/Plugins/Runtime/OpenXR/Content/Devices/M_XRController.uexp" 588
"../../../Engine/Plugins/Runtime/OpenXR/Content/Devices/OculusGo/BaseTexture.ubulk" 589
"../../../Engine/Plugins/Runtime/OpenXR/Content/Devices/OculusGo/BaseTexture.uasset" 590
"../../../Engine/Plugins/Runtime/OpenXR/Content/Devices/OculusGo/BaseTexture.uexp" 591
"../../../Engine/Plugins/Runtime/OpenXR/Content/Devices/OculusGo/MI_OculusGo.uasset" 592
"../../../Engine/Plugins/Runtime/OpenXR/Content/Devices/OculusGo/MI_OculusGo.uexp" 593
"../../../Engine/Plugins/Runtime/OpenXR/Content/Devices/OculusGo/OculusGoController.ubulk" 594
"../../../Engine/Plugins/Runtime/OpenXR/Content/Devices/OculusGo/OculusGoController.uasset" 595
"../../../Engine/Plugins/Runtime/OpenXR/Content/Devices/OculusGo/OculusGoController.uexp" 596
"../../../Engine/Plugins/Runtime/OpenXR/Content/Devices/HTCVive/BaseTexture.ubulk" 597
"../../../Engine/Plugins/Runtime/OpenXR/Content/Devices/HTCVive/BaseTexture.uasset" 598
"../../../Engine/Plugins/Runtime/OpenXR/Content/Devices/HTCVive/BaseTexture.uexp" 599
"../../../Engine/Plugins/Runtime/OpenXR/Content/Devices/HTCVive/MI_HTCVive.uasset" 600
"../../../Engine/Plugins/Runtime/OpenXR/Content/Devices/HTCVive/MI_HTCVive.uexp" 601
"../../../Engine/Plugins/Runtime/OpenXR/Content/Devices/HTCVive/HTCViveController.ubulk" 602
"../../../Engine/Plugins/Runtime/OpenXR/Content/Devices/HTCVive/HTCViveController.uasset" 603
"../../../Engine/Plugins/Runtime/OpenXR/Content/Devices/HTCVive/HTCViveController.uexp" 604
"../../../Engine/Plugins/Experimental/Landmass/Content/Landscape/Meshes/S_SpritePlane.ubulk" 605
"../../../Engine/Plugins/Experimental/Landmass/Content/Landscape/Meshes/S_SpritePlane.uasset" 606
"../../../Engine/Plugins/Experimental/Landmass/Content/Landscape/Meshes/S_SpritePlane.uexp" 607
"../../../Engine/Content/VREditor/TransformGizmo/Xray.uasset" 608
"../../../Engine/Content/VREditor/TransformGizmo/Xray.uexp" 609
"../../../Engine/Content/VREditor/TransformGizmo/Main.uasset" 610
"../../../Engine/Content/VREditor/TransformGizmo/Main.uexp" 611
"../../../Engine/Content/VREditor/TransformGizmo/SM_Sequencer_Node.ubulk" 612
"../../../Engine/Content/VREditor/TransformGizmo/SM_Sequencer_Node.uasset" 613
"../../../Engine/Content/VREditor/TransformGizmo/SM_Sequencer_Node.uexp" 614
"../../../Engine/Content/VREditor/LaserPointer/VR_LaserPower_01.ubulk" 615
"../../../Engine/Content/VREditor/LaserPointer/VR_LaserPower_01.uasset" 616
"../../../Engine/Content/VREditor/LaserPointer/VR_LaserPower_01.uexp" 617
"../../../Engine/Content/VREditor/TransformGizmo/TransformGizmoMaterial.uasset" 618
"../../../Engine/Content/VREditor/TransformGizmo/TransformGizmoMaterial.uexp" 619
"../../../Engine/Content/VREditor/TransformGizmo/TranslucentTransformGizmoMaterial.uasset" 620
"../../../Engine/Content/VREditor/TransformGizmo/TranslucentTransformGizmoMaterial.uexp" 621
"../../../Engine/Content/VREditor/TransformGizmo/BoundingBoxEdge.ubulk" 622
"../../../Engine/Content/VREditor/TransformGizmo/BoundingBoxEdge.uasset" 623
"../../../Engine/Content/VREditor/TransformGizmo/BoundingBoxEdge.uexp" 624
"../../../Engine/Content/VREditor/TransformGizmo/BoundingBoxCorner.ubulk" 625
"../../../Engine/Content/VREditor/TransformGizmo/BoundingBoxCorner.uasset" 626
"../../../Engine/Content/VREditor/TransformGizmo/BoundingBoxCorner.uexp" 627
"../../../Engine/Content/ArtTools/RenderToTexture/Meshes/S_1_Unit_Plane.ubulk" 628
"../../../Engine/Content/ArtTools/RenderToTexture/Meshes/S_1_Unit_Plane.uasset" 629
"../../../Engine/Content/ArtTools/RenderToTexture/Meshes/S_1_Unit_Plane.uexp" 630
"../../../Engine/Plugins/Runtime/OpenXR/Content/Devices/ValveIndex/MRTexture.ubulk" 631
"../../../Engine/Plugins/Runtime/OpenXR/Content/Devices/ValveIndex/MRTexture.uasset" 632
"../../../Engine/Plugins/Runtime/OpenXR/Content/Devices/ValveIndex/MRTexture.uexp" 633
"../../../Engine/Plugins/Runtime/OpenXR/Content/Devices/ValveIndex/BaseTexture.ubulk" 634
"../../../Engine/Plugins/Runtime/OpenXR/Content/Devices/ValveIndex/BaseTexture.uasset" 635
"../../../Engine/Plugins/Runtime/OpenXR/Content/Devices/ValveIndex/BaseTexture.uexp" 636
"../../../Engine/Plugins/Runtime/OpenXR/Content/Devices/ValveIndex/Right/MI_right_ValveIndex.uasset" 637
"../../../Engine/Plugins/Runtime/OpenXR/Content/Devices/ValveIndex/Right/MI_right_ValveIndex.uexp" 638
"../../../Engine/Plugins/Runtime/OpenXR/Content/Devices/ValveIndex/Right/right_ValveIndexController.ubulk" 639
"../../../Engine/Plugins/Runtime/OpenXR/Content/Devices/ValveIndex/Right/right_ValveIndexController.uasset" 640
"../../../Engine/Plugins/Runtime/OpenXR/Content/Devices/ValveIndex/Right/right_ValveIndexController.uexp" 641
"../../../Engine/Plugins/Runtime/OpenXR/Content/Devices/ValveIndex/Left/MI_left_ValveIndex.uasset" 642
"../../../Engine/Plugins/Runtime/OpenXR/Content/Devices/ValveIndex/Left/MI_left_ValveIndex.uexp" 643
"../../../Engine/Plugins/Runtime/OpenXR/Content/Devices/ValveIndex/Left/left_ValveIndexController.ubulk" 644
"../../../Engine/Plugins/Runtime/OpenXR/Content/Devices/ValveIndex/Left/left_ValveIndexController.uasset" 645
"../../../Engine/Plugins/Runtime/OpenXR/Content/Devices/ValveIndex/Left/left_ValveIndexController.uexp" 646
"../../../Engine/Plugins/Runtime/OpenXR/Content/Devices/OculusTouch_v3/MRTexture.ubulk" 647
"../../../Engine/Plugins/Runtime/OpenXR/Content/Devices/OculusTouch_v3/MRTexture.uasset" 648
"../../../Engine/Plugins/Runtime/OpenXR/Content/Devices/OculusTouch_v3/MRTexture.uexp" 649
"../../../Engine/Plugins/Runtime/OpenXR/Content/Devices/OculusTouch_v3/BaseTexture.ubulk" 650
"../../../Engine/Plugins/Runtime/OpenXR/Content/Devices/OculusTouch_v3/BaseTexture.uasset" 651
"../../../Engine/Plugins/Runtime/OpenXR/Content/Devices/OculusTouch_v3/BaseTexture.uexp" 652
"../../../Engine/Plugins/Runtime/OpenXR/Content/Devices/OculusTouch_v3/MI_OculusTouch_v3.uasset" 653
"../../../Engine/Plugins/Runtime/OpenXR/Content/Devices/OculusTouch_v3/MI_OculusTouch_v3.uexp" 654
"../../../Engine/Plugins/Runtime/OpenXR/Content/Devices/OculusTouch_v3/Right/right_OculusTouch_v3Controller.ubulk" 655
"../../../Engine/Plugins/Runtime/OpenXR/Content/Devices/OculusTouch_v3/Right/right_OculusTouch_v3Controller.uasset" 656
"../../../Engine/Plugins/Runtime/OpenXR/Content/Devices/OculusTouch_v3/Right/right_OculusTouch_v3Controller.uexp" 657
"../../../Engine/Plugins/Runtime/OpenXR/Content/Devices/OculusTouch_v3/Left/left_OculusTouch_v3Controller.ubulk" 658
"../../../Engine/Plugins/Runtime/OpenXR/Content/Devices/OculusTouch_v3/Left/left_OculusTouch_v3Controller.uasset" 659
"../../../Engine/Plugins/Runtime/OpenXR/Content/Devices/OculusTouch_v3/Left/left_OculusTouch_v3Controller.uexp" 660
"../../../Engine/Plugins/Runtime/OpenXR/Content/Devices/OculusTouch_v2/MRTexture.ubulk" 661
"../../../Engine/Plugins/Runtime/OpenXR/Content/Devices/OculusTouch_v2/MRTexture.uasset" 662
"../../../Engine/Plugins/Runtime/OpenXR/Content/Devices/OculusTouch_v2/MRTexture.uexp" 663
"../../../Engine/Plugins/Runtime/OpenXR/Content/Devices/OculusTouch_v2/BaseTexture.ubulk" 664
"../../../Engine/Plugins/Runtime/OpenXR/Content/Devices/OculusTouch_v2/BaseTexture.uasset" 665
"../../../Engine/Plugins/Runtime/OpenXR/Content/Devices/OculusTouch_v2/BaseTexture.uexp" 666
"../../../Engine/Plugins/Runtime/OpenXR/Content/Devices/OculusTouch_v2/MI_OculusTouch_v2.uasset" 667
"../../../Engine/Plugins/Runtime/OpenXR/Content/Devices/OculusTouch_v2/MI_OculusTouch_v2.uexp" 668
"../../../Engine/Plugins/Runtime/OpenXR/Content/Devices/OculusTouch_v2/Right/right_OculusTouch_v2Controller.ubulk" 669
"../../../Engine/Plugins/Runtime/OpenXR/Content/Devices/OculusTouch_v2/Right/right_OculusTouch_v2Controller.uasset" 670
"../../../Engine/Plugins/Runtime/OpenXR/Content/Devices/OculusTouch_v2/Right/right_OculusTouch_v2Controller.uexp" 671
"../../../Engine/Plugins/Runtime/OpenXR/Content/Devices/OculusTouch_v2/Left/left_OculusTouch_v2Controller.ubulk" 672
"../../../Engine/Plugins/Runtime/OpenXR/Content/Devices/OculusTouch_v2/Left/left_OculusTouch_v2Controller.uasset" 673
"../../../Engine/Plugins/Runtime/OpenXR/Content/Devices/OculusTouch_v2/Left/left_OculusTouch_v2Controller.uexp" 674
"../../../Engine/Plugins/Runtime/OpenXR/Content/Devices/OculusTouch/MRTexture.ubulk" 675
"../../../Engine/Plugins/Runtime/OpenXR/Content/Devices/OculusTouch/MRTexture.uasset" 676
"../../../Engine/Plugins/Runtime/OpenXR/Content/Devices/OculusTouch/MRTexture.uexp" 677
"../../../Engine/Plugins/Runtime/OpenXR/Content/Devices/OculusTouch/BaseTexture.ubulk" 678
"../../../Engine/Plugins/Runtime/OpenXR/Content/Devices/OculusTouch/BaseTexture.uasset" 679
"../../../Engine/Plugins/Runtime/OpenXR/Content/Devices/OculusTouch/BaseTexture.uexp" 680
"../../../Engine/Plugins/Runtime/OpenXR/Content/Devices/OculusTouch/MI_OculusTouch.uasset" 681
"../../../Engine/Plugins/Runtime/OpenXR/Content/Devices/OculusTouch/MI_OculusTouch.uexp" 682
"../../../Engine/Plugins/Runtime/OpenXR/Content/Devices/OculusTouch/Right/right_OculusTouchController.ubulk" 683
"../../../Engine/Plugins/Runtime/OpenXR/Content/Devices/OculusTouch/Right/right_OculusTouchController.uasset" 684
"../../../Engine/Plugins/Runtime/OpenXR/Content/Devices/OculusTouch/Right/right_OculusTouchController.uexp" 685
"../../../Engine/Plugins/Runtime/OpenXR/Content/Devices/OculusTouch/Left/left_OculusTouchController.ubulk" 686
"../../../Engine/Plugins/Runtime/OpenXR/Content/Devices/OculusTouch/Left/left_OculusTouchController.uasset" 687
"../../../Engine/Plugins/Runtime/OpenXR/Content/Devices/OculusTouch/Left/left_OculusTouchController.uexp" 688
"../../../Engine/Plugins/Runtime/OpenXR/Content/Devices/MicrosoftMixedReality/NormalTexture.ubulk" 689
"../../../Engine/Plugins/Runtime/OpenXR/Content/Devices/MicrosoftMixedReality/NormalTexture.uasset" 690
"../../../Engine/Plugins/Runtime/OpenXR/Content/Devices/MicrosoftMixedReality/NormalTexture.uexp" 691
"../../../Engine/Plugins/Runtime/OpenXR/Content/Devices/MicrosoftMixedReality/MRTexture.ubulk" 692
"../../../Engine/Plugins/Runtime/OpenXR/Content/Devices/MicrosoftMixedReality/MRTexture.uasset" 693
"../../../Engine/Plugins/Runtime/OpenXR/Content/Devices/MicrosoftMixedReality/MRTexture.uexp" 694
"../../../Engine/Plugins/Runtime/OpenXR/Content/Devices/MicrosoftMixedReality/EmissiveTexture.ubulk" 695
"../../../Engine/Plugins/Runtime/OpenXR/Content/Devices/MicrosoftMixedReality/EmissiveTexture.uasset" 696
"../../../Engine/Plugins/Runtime/OpenXR/Content/Devices/MicrosoftMixedReality/EmissiveTexture.uexp" 697
"../../../Engine/Plugins/Runtime/OpenXR/Content/Devices/MicrosoftMixedReality/BaseTexture.ubulk" 698
"../../../Engine/Plugins/Runtime/OpenXR/Content/Devices/MicrosoftMixedReality/BaseTexture.uasset" 699
"../../../Engine/Plugins/Runtime/OpenXR/Content/Devices/MicrosoftMixedReality/BaseTexture.uexp" 700
"../../../Engine/Plugins/Runtime/OpenXR/Content/Devices/MicrosoftMixedReality/MI_MicrosoftMixedReality.uasset" 701
"../../../Engine/Plugins/Runtime/OpenXR/Content/Devices/MicrosoftMixedReality/MI_MicrosoftMixedReality.uexp" 702
"../../../Engine/Plugins/Runtime/OpenXR/Content/Devices/MicrosoftMixedReality/Right/right_MicrosoftMixedRealityController.ubulk" 703
"../../../Engine/Plugins/Runtime/OpenXR/Content/Devices/MicrosoftMixedReality/Right/right_MicrosoftMixedRealityController.uasset" 704
"../../../Engine/Plugins/Runtime/OpenXR/Content/Devices/MicrosoftMixedReality/Right/right_MicrosoftMixedRealityController.uexp" 705
"../../../Engine/Plugins/Runtime/OpenXR/Content/Devices/MicrosoftMixedReality/Left/left_MicrosoftMixedRealityController.ubulk" 706
"../../../Engine/Plugins/Runtime/OpenXR/Content/Devices/MicrosoftMixedReality/Left/left_MicrosoftMixedRealityController.uasset" 707
"../../../Engine/Plugins/Runtime/OpenXR/Content/Devices/MicrosoftMixedReality/Left/left_MicrosoftMixedRealityController.uexp" 708
"../../../Engine/Content/Functions/Engine_MaterialFunctions01/Shading/PowerToRoughness.uasset" 709
"../../../Engine/Content/Functions/Engine_MaterialFunctions01/Shading/PowerToRoughness.uexp" 710
"../../../Engine/Content/Functions/Engine_MaterialFunctions01/Shading/ConvertFromDiffSpec.uasset" 711
"../../../Engine/Content/Functions/Engine_MaterialFunctions01/Shading/ConvertFromDiffSpec.uexp" 712
"../../../Engine/Content/EngineMaterials/Substrate/Glints2/AGlintTex2dArray2.uasset" 713
"../../../Engine/Content/EngineMaterials/Substrate/Glints2/AGlintTex2dArray2.uexp" 714
"../../../Engine/Content/EngineResources/DefaultTextureCube.uasset" 715
"../../../Engine/Content/EngineResources/DefaultTextureCube.uexp" 716
"../../../Engine/Content/EngineMaterials/Substrate/GLints/AGlintTex2dArray.uasset" 717
"../../../Engine/Content/EngineMaterials/Substrate/GLints/AGlintTex2dArray.uexp" 718
"../../../Engine/Content/EngineResources/DefaultVolumeTexture2D.uasset" 719
"../../../Engine/Content/EngineResources/DefaultVolumeTexture2D.uexp" 720
"../../../Engine/Content/EngineResources/DefaultVolumeTexture.uasset" 721
"../../../Engine/Content/EngineResources/DefaultVolumeTexture.uexp" 722
"../../../Engine/Content/Functions/Engine_MaterialFunctions02/WorldPositionOffset/ComponentPivotLocation.uasset" 723
"../../../Engine/Content/Functions/Engine_MaterialFunctions02/WorldPositionOffset/ComponentPivotLocation.uexp" 724
"../../../Engine/Content/Functions/Engine_MaterialFunctions02/WorldPositionOffset/V2/ObjectScale.uasset" 725
"../../../Engine/Content/Functions/Engine_MaterialFunctions02/WorldPositionOffset/V2/ObjectScale.uexp" 726
"../../../Engine/Content/EditorResources/S_Terrain.ubulk" 727
"../../../Engine/Content/EditorResources/S_Terrain.uasset" 728
"../../../Engine/Content/EditorResources/S_Terrain.uexp" 729
"../../../Engine/Content/Functions/Engine_MaterialFunctions02/WorldPositionOffset/Sprite.uasset" 730
"../../../Engine/Content/Functions/Engine_MaterialFunctions02/WorldPositionOffset/Sprite.uexp" 731
"../../../Engine/Plugins/Experimental/Landmass/Content/Landscape/BlueprintBrushes/Materials/Sprite/M_BrushSprite_01.uasset" 732
"../../../Engine/Plugins/Experimental/Landmass/Content/Landscape/BlueprintBrushes/Materials/Sprite/M_BrushSprite_01.uexp" 733
"../../../Engine/Content/EditorMaterials/TilingAALineIntegral.uasset" 734
"../../../Engine/Content/EditorMaterials/TilingAALineIntegral.uexp" 735
"../../../Engine/Content/EditorMaterials/TilingAALineBoxFiltered.uasset" 736
"../../../Engine/Content/EditorMaterials/TilingAALineBoxFiltered.uexp" 737
"../../../Engine/Content/EngineMaterials/BlendFunc_DefBlend.uasset" 738
"../../../Engine/Content/EngineMaterials/BlendFunc_DefBlend.uexp" 739
"../../../Engine/Content/EngineMaterials/BlendFunc_DefBase.uasset" 740
"../../../Engine/Content/EngineMaterials/BlendFunc_DefBase.uexp" 741
"../../../Engine/Content/Functions/Engine_MaterialFunctions03/Blends/Blend_Screen.uasset" 742
"../../../Engine/Content/Functions/Engine_MaterialFunctions03/Blends/Blend_Screen.uexp" 743
"../../../Engine/Content/Functions/Engine_MaterialFunctions03/Procedurals/ComputeFilterWidth.uasset" 744
"../../../Engine/Content/Functions/Engine_MaterialFunctions03/Procedurals/ComputeFilterWidth.uexp" 745
"../../../Engine/Content/EditorMaterials/TilingAAGrid.uasset" 746
"../../../Engine/Content/EditorMaterials/TilingAAGrid.uexp" 747
"../../../Engine/Content/EngineResources/Black_Low.uasset" 748
"../../../Engine/Content/EngineResources/Black_Low.uexp" 749
"../../../Engine/Plugins/Experimental/Landmass/Content/Landscape/BlueprintBrushes/MPC/MPC_Landscape.uasset" 750
"../../../Engine/Plugins/Experimental/Landmass/Content/Landscape/BlueprintBrushes/MPC/MPC_Landscape.uexp" 751
"../../../Engine/Plugins/Experimental/Landmass/Content/Landscape/BlueprintBrushes/MF/PointSampleLandscapeUVs.uasset" 752
"../../../Engine/Plugins/Experimental/Landmass/Content/Landscape/BlueprintBrushes/MF/PointSampleLandscapeUVs.uexp" 753
"../../../Engine/Content/Functions/Engine_MaterialFunctions01/ImageAdjustment/SCurve.uasset" 754
"../../../Engine/Content/Functions/Engine_MaterialFunctions01/ImageAdjustment/SCurve.uexp" 755
"../../../Engine/Content/ArtTools/RenderToTexture/Textures/T_EV_BlankWhite_01.uasset" 756
"../../../Engine/Content/ArtTools/RenderToTexture/Textures/T_EV_BlankWhite_01.uexp" 757
"../../../Engine/Plugins/Experimental/Landmass/Content/Landscape/OldPrototype_BP/Mats/MF/UnpackRG8Height.uasset" 758
"../../../Engine/Plugins/Experimental/Landmass/Content/Landscape/OldPrototype_BP/Mats/MF/UnpackRG8Height.uexp" 759
"../../../Engine/Plugins/Experimental/Landmass/Content/Landscape/BlueprintBrushes/MF/LandmassBrush_UVs.uasset" 760
"../../../Engine/Plugins/Experimental/Landmass/Content/Landscape/BlueprintBrushes/MF/LandmassBrush_UVs.uexp" 761
"../../../Engine/Plugins/Experimental/Landmass/Content/Landscape/BlueprintBrushes/MF/Landmass_BrushTilt.uasset" 762
"../../../Engine/Plugins/Experimental/Landmass/Content/Landscape/BlueprintBrushes/MF/Landmass_BrushTilt.uexp" 763
"../../../Engine/Plugins/Experimental/Landmass/Content/Landscape/BlueprintBrushes/MF/LandmassBrush_EdgeFalloff.uasset" 764
"../../../Engine/Plugins/Experimental/Landmass/Content/Landscape/BlueprintBrushes/MF/LandmassBrush_EdgeFalloff.uexp" 765
"../../../Engine/Plugins/Experimental/Landmass/Content/Landscape/BlueprintBrushes/MF/LandmassBrush_Noise.uasset" 766
"../../../Engine/Plugins/Experimental/Landmass/Content/Landscape/BlueprintBrushes/MF/LandmassBrush_Noise.uexp" 767
"../../../Engine/Plugins/Experimental/Landmass/Content/Landscape/BlueprintBrushes/Materials/BrushMaterials/BasicFunctions/LandmassBrush_ShapeMask.uasset" 768
"../../../Engine/Plugins/Experimental/Landmass/Content/Landscape/BlueprintBrushes/Materials/BrushMaterials/BasicFunctions/LandmassBrush_ShapeMask.uexp" 769
"../../../Engine/Plugins/Experimental/Landmass/Content/Landscape/BlueprintBrushes/Materials/Internal/BrushBounds.uasset" 770
"../../../Engine/Plugins/Experimental/Landmass/Content/Landscape/BlueprintBrushes/Materials/Internal/BrushBounds.uexp" 771
"../../../Engine/Content/EngineMaterials/Substrate/Volume/SubstrateSimpleVolumeEnvLUT3D.uasset" 772
"../../../Engine/Content/EngineMaterials/Substrate/Volume/SubstrateSimpleVolumeEnvLUT3D.uexp" 773
"../../../Engine/Content/EngineMaterials/Substrate/Volume/SubstrateSimpleVolumeLUT3D.uasset" 774
"../../../Engine/Content/EngineMaterials/Substrate/Volume/SubstrateSimpleVolumeLUT3D.uexp" 775
"../../../Engine/Content/Functions/Engine_MaterialFunctions02/Math/Transform3x3Matrix.uasset" 776
"../../../Engine/Content/Functions/Engine_MaterialFunctions02/Math/Transform3x3Matrix.uexp" 777
"../../../Engine/Content/Functions/Engine_MaterialFunctions01/Texturing/FlattenNormal.uasset" 778
"../../../Engine/Content/Functions/Engine_MaterialFunctions01/Texturing/FlattenNormal.uexp" 779
"../../../Engine/Plugins/Interchange/Assets/Content/Utilities/New_LUT.uasset" 780
"../../../Engine/Plugins/Interchange/Assets/Content/Utilities/New_LUT.uexp" 781
"../../../Engine/Content/Functions/Engine_MaterialFunctions03/Math/RemapValueRange.uasset" 782
"../../../Engine/Content/Functions/Engine_MaterialFunctions03/Math/RemapValueRange.uexp" 783
"../../../Engine/Plugins/Interchange/Assets/Content/Functions/MF_Iridescence.uasset" 784
"../../../Engine/Plugins/Interchange/Assets/Content/Functions/MF_Iridescence.uexp" 785
"../../../Engine/Plugins/Interchange/Assets/Content/gltf/Textures/T_White_srgb.uasset" 786
"../../../Engine/Plugins/Interchange/Assets/Content/gltf/Textures/T_White_srgb.uexp" 787
"../../../Engine/Plugins/Interchange/Assets/Content/gltf/MaterialFunctions/MF_BaseColor.uasset" 788
"../../../Engine/Plugins/Interchange/Assets/Content/gltf/MaterialFunctions/MF_BaseColor.uexp" 789
"../../../Engine/Plugins/Interchange/Assets/Content/gltf/MaterialFunctions/MF_RotateV2.uasset" 790
"../../../Engine/Plugins/Interchange/Assets/Content/gltf/MaterialFunctions/MF_RotateV2.uexp" 791
"../../../Engine/Plugins/Interchange/Assets/Content/gltf/MaterialFunctions/MF_TransformUVs.uasset" 792
"../../../Engine/Plugins/Interchange/Assets/Content/gltf/MaterialFunctions/MF_TransformUVs.uexp" 793
"../../../Engine/Plugins/Interchange/Assets/Content/gltf/MaterialFunctions/MF_IOR.uasset" 794
"../../../Engine/Plugins/Interchange/Assets/Content/gltf/MaterialFunctions/MF_IOR.uexp" 795
"../../../Engine/Plugins/Interchange/Assets/Content/gltf/MaterialFunctions/MF_Iridescence.uasset" 796
"../../../Engine/Plugins/Interchange/Assets/Content/gltf/MaterialFunctions/MF_Iridescence.uexp" 797
"../../../Engine/Plugins/Interchange/Assets/Content/gltf/Textures/T_White_Linear.uasset" 798
"../../../Engine/Plugins/Interchange/Assets/Content/gltf/Textures/T_White_Linear.uexp" 799
"../../../Engine/Plugins/Interchange/Assets/Content/gltf/MaterialFunctions/MF_MetallicRoughness.uasset" 800
"../../../Engine/Plugins/Interchange/Assets/Content/gltf/MaterialFunctions/MF_MetallicRoughness.uexp" 801
"../../../Engine/Plugins/Interchange/Assets/Content/gltf/MaterialFunctions/MF_RotateNormals_TS.uasset" 802
"../../../Engine/Plugins/Interchange/Assets/Content/gltf/MaterialFunctions/MF_RotateNormals_TS.uexp" 803
"../../../Engine/Plugins/Interchange/Assets/Content/gltf/MaterialFunctions/MF_ScaleNormal.uasset" 804
"../../../Engine/Plugins/Interchange/Assets/Content/gltf/MaterialFunctions/MF_ScaleNormal.uexp" 805
"../../../Engine/Plugins/Interchange/Assets/Content/gltf/Textures/T_Generic_N.uasset" 806
"../../../Engine/Plugins/Interchange/Assets/Content/gltf/Textures/T_Generic_N.uexp" 807
"../../../Engine/Plugins/Interchange/Assets/Content/gltf/MaterialFunctions/MF_Normals.uasset" 808
"../../../Engine/Plugins/Interchange/Assets/Content/gltf/MaterialFunctions/MF_Normals.uexp" 809
"../../../Engine/Plugins/Interchange/Assets/Content/gltf/MaterialFunctions/MF_Occlusion.uasset" 810
"../../../Engine/Plugins/Interchange/Assets/Content/gltf/MaterialFunctions/MF_Occlusion.uexp" 811
"../../../Engine/Plugins/Interchange/Assets/Content/gltf/MaterialFunctions/MF_Specular.uasset" 812
"../../../Engine/Plugins/Interchange/Assets/Content/gltf/MaterialFunctions/MF_Specular.uexp" 813
"../../../Engine/Plugins/Interchange/Assets/Content/gltf/Textures/T_Anisotropy_Direction_Linear.uasset" 814
"../../../Engine/Plugins/Interchange/Assets/Content/gltf/Textures/T_Anisotropy_Direction_Linear.uexp" 815
"../../../Engine/Plugins/Interchange/Assets/Content/gltf/MaterialFunctions/MF_SpecularAnisotropy.uasset" 816
"../../../Engine/Plugins/Interchange/Assets/Content/gltf/MaterialFunctions/MF_SpecularAnisotropy.uexp" 817
"../../../Engine/Plugins/Interchange/Assets/Content/gltf/MaterialFunctions/MF_Emissive.uasset" 818
"../../../Engine/Plugins/Interchange/Assets/Content/gltf/MaterialFunctions/MF_Emissive.uexp" 819
"../../../Engine/Plugins/Interchange/Assets/Content/gltf/MaterialFunctions/MF_Clearcoat.uasset" 820
"../../../Engine/Plugins/Interchange/Assets/Content/gltf/MaterialFunctions/MF_Clearcoat.uexp" 821
"../../../Engine/Plugins/Interchange/Assets/Content/gltf/MaterialBodies/MF_ClearCoat_Body.uasset" 822
"../../../Engine/Plugins/Interchange/Assets/Content/gltf/MaterialBodies/MF_ClearCoat_Body.uexp" 823
"../../../Engine/Plugins/Interchange/Assets/Content/gltf/M_ClearCoat.uasset" 824
"../../../Engine/Plugins/Interchange/Assets/Content/gltf/M_ClearCoat.uexp" 825
"../../../Engine/Plugins/Interchange/Assets/Content/gltf/MaterialInstances/MI_ClearCoat_Blend.uasset" 826
"../../../Engine/Plugins/Interchange/Assets/Content/gltf/MaterialInstances/MI_ClearCoat_Blend.uexp" 827
"../../../Engine/Plugins/Interchange/Assets/Content/gltf/MaterialInstances/MI_ClearCoat_Blend_DS.uasset" 828
"../../../Engine/Plugins/Interchange/Assets/Content/gltf/MaterialInstances/MI_ClearCoat_Blend_DS.uexp" 829
"../../../Engine/Plugins/Interchange/Assets/Content/gltf/MaterialInstances/MI_ClearCoat_Mask.uasset" 830
"../../../Engine/Plugins/Interchange/Assets/Content/gltf/MaterialInstances/MI_ClearCoat_Mask.uexp" 831
"../../../Engine/Plugins/Interchange/Assets/Content/gltf/MaterialInstances/MI_ClearCoat_Mask_DS.uasset" 832
"../../../Engine/Plugins/Interchange/Assets/Content/gltf/MaterialInstances/MI_ClearCoat_Mask_DS.uexp" 833
"../../../Engine/Plugins/Interchange/Assets/Content/gltf/MaterialInstances/MI_ClearCoat_Opaque.uasset" 834
"../../../Engine/Plugins/Interchange/Assets/Content/gltf/MaterialInstances/MI_ClearCoat_Opaque.uexp" 835
"../../../Engine/Plugins/Interchange/Assets/Content/gltf/MaterialInstances/MI_ClearCoat_Opaque_DS.uasset" 836
"../../../Engine/Plugins/Interchange/Assets/Content/gltf/MaterialInstances/MI_ClearCoat_Opaque_DS.uexp" 837
"../../../Engine/Plugins/Interchange/Assets/Content/gltf/MaterialBodies/MF_Default_Body.uasset" 838
"../../../Engine/Plugins/Interchange/Assets/Content/gltf/MaterialBodies/MF_Default_Body.uexp" 839
"../../../Engine/Plugins/Interchange/Assets/Content/gltf/M_Default.uasset" 840
"../../../Engine/Plugins/Interchange/Assets/Content/gltf/M_Default.uexp" 841
"../../../Engine/Plugins/Interchange/Assets/Content/gltf/MaterialInstances/MI_Default_Blend.uasset" 842
"../../../Engine/Plugins/Interchange/Assets/Content/gltf/MaterialInstances/MI_Default_Blend.uexp" 843
"../../../Engine/Plugins/Interchange/Assets/Content/gltf/MaterialInstances/MI_Default_Blend_DS.uasset" 844
"../../../Engine/Plugins/Interchange/Assets/Content/gltf/MaterialInstances/MI_Default_Blend_DS.uexp" 845
"../../../Engine/Plugins/Interchange/Assets/Content/gltf/MaterialInstances/MI_Default_Mask.uasset" 846
"../../../Engine/Plugins/Interchange/Assets/Content/gltf/MaterialInstances/MI_Default_Mask.uexp" 847
"../../../Engine/Plugins/Interchange/Assets/Content/gltf/MaterialInstances/MI_Default_Mask_DS.uasset" 848
"../../../Engine/Plugins/Interchange/Assets/Content/gltf/MaterialInstances/MI_Default_Mask_DS.uexp" 849
"../../../Engine/Plugins/Interchange/Assets/Content/gltf/MaterialInstances/MI_Default_Opaque.uasset" 850
"../../../Engine/Plugins/Interchange/Assets/Content/gltf/MaterialInstances/MI_Default_Opaque.uexp" 851
"../../../Engine/Plugins/Interchange/Assets/Content/gltf/MaterialFunctions/MF_Sheen.uasset" 852
"../../../Engine/Plugins/Interchange/Assets/Content/gltf/MaterialFunctions/MF_Sheen.uexp" 853
"../../../Engine/Plugins/Interchange/Assets/Content/gltf/MaterialBodies/MF_Sheen_Body.uasset" 854
"../../../Engine/Plugins/Interchange/Assets/Content/gltf/MaterialBodies/MF_Sheen_Body.uexp" 855
"../../../Engine/Plugins/Interchange/Assets/Content/gltf/M_Sheen.uasset" 856
"../../../Engine/Plugins/Interchange/Assets/Content/gltf/M_Sheen.uexp" 857
"../../../Engine/Plugins/Interchange/Assets/Content/gltf/MaterialInstances/MI_Sheen_Blend.uasset" 858
"../../../Engine/Plugins/Interchange/Assets/Content/gltf/MaterialInstances/MI_Sheen_Blend.uexp" 859
"../../../Engine/Plugins/Interchange/Assets/Content/gltf/MaterialInstances/MI_Sheen_Blend_DS.uasset" 860
"../../../Engine/Plugins/Interchange/Assets/Content/gltf/MaterialInstances/MI_Sheen_Blend_DS.uexp" 861
"../../../Engine/Plugins/Interchange/Assets/Content/gltf/MaterialInstances/MI_Sheen_Mask.uasset" 862
"../../../Engine/Plugins/Interchange/Assets/Content/gltf/MaterialInstances/MI_Sheen_Mask.uexp" 863
"../../../Engine/Plugins/Interchange/Assets/Content/gltf/MaterialInstances/MI_Sheen_Mask_DS.uasset" 864
"../../../Engine/Plugins/Interchange/Assets/Content/gltf/MaterialInstances/MI_Sheen_Mask_DS.uexp" 865
"../../../Engine/Plugins/Interchange/Assets/Content/gltf/MaterialInstances/MI_Sheen_Opaque.uasset" 866
"../../../Engine/Plugins/Interchange/Assets/Content/gltf/MaterialInstances/MI_Sheen_Opaque.uexp" 867
"../../../Engine/Plugins/Interchange/Assets/Content/gltf/MaterialInstances/MI_Sheen_Opaque_DS.uasset" 868
"../../../Engine/Plugins/Interchange/Assets/Content/gltf/MaterialInstances/MI_Sheen_Opaque_DS.uexp" 869
"../../../Engine/Content/Functions/Engine_MaterialFunctions02/Math/AddComponents.uasset" 870
"../../../Engine/Content/Functions/Engine_MaterialFunctions02/Math/AddComponents.uexp" 871
"../../../Engine/Plugins/Interchange/Assets/Content/gltf/MaterialFunctions/MF_DiffuseSpecGloss.uasset" 872
"../../../Engine/Plugins/Interchange/Assets/Content/gltf/MaterialFunctions/MF_DiffuseSpecGloss.uexp" 873
"../../../Engine/Plugins/Interchange/Assets/Content/gltf/MaterialFunctions/MF_MaxComponentValue.uasset" 874
"../../../Engine/Plugins/Interchange/Assets/Content/gltf/MaterialFunctions/MF_MaxComponentValue.uexp" 875
"../../../Engine/Plugins/Interchange/Assets/Content/gltf/MaterialFunctions/MF_PerceivedBrightness.uasset" 876
"../../../Engine/Plugins/Interchange/Assets/Content/gltf/MaterialFunctions/MF_PerceivedBrightness.uexp" 877
"../../../Engine/Plugins/Interchange/Assets/Content/gltf/MaterialFunctions/MF_SpecGlossToMetalRoughness.uasset" 878
"../../../Engine/Plugins/Interchange/Assets/Content/gltf/MaterialFunctions/MF_SpecGlossToMetalRoughness.uexp" 879
"../../../Engine/Plugins/Interchange/Assets/Content/gltf/MaterialBodies/MF_SpecularGlossiness_Body.uasset" 880
"../../../Engine/Plugins/Interchange/Assets/Content/gltf/MaterialBodies/MF_SpecularGlossiness_Body.uexp" 881
"../../../Engine/Plugins/Interchange/Assets/Content/gltf/M_SpecularGlossiness.uasset" 882
"../../../Engine/Plugins/Interchange/Assets/Content/gltf/M_SpecularGlossiness.uexp" 883
"../../../Engine/Plugins/Interchange/Assets/Content/gltf/MaterialInstances/MI_SpecularGlossiness_Blend.uasset" 884
"../../../Engine/Plugins/Interchange/Assets/Content/gltf/MaterialInstances/MI_SpecularGlossiness_Blend.uexp" 885
"../../../Engine/Plugins/Interchange/Assets/Content/gltf/MaterialInstances/MI_SpecularGlossiness_Blend_DS.uasset" 886
"../../../Engine/Plugins/Interchange/Assets/Content/gltf/MaterialInstances/MI_SpecularGlossiness_Blend_DS.uexp" 887
"../../../Engine/Plugins/Interchange/Assets/Content/gltf/MaterialInstances/MI_SpecularGlossiness_Mask.uasset" 888
"../../../Engine/Plugins/Interchange/Assets/Content/gltf/MaterialInstances/MI_SpecularGlossiness_Mask.uexp" 889
"../../../Engine/Plugins/Interchange/Assets/Content/gltf/MaterialInstances/MI_SpecularGlossiness_Mask_DS.uasset" 890
"../../../Engine/Plugins/Interchange/Assets/Content/gltf/MaterialInstances/MI_SpecularGlossiness_Mask_DS.uexp" 891
"../../../Engine/Plugins/Interchange/Assets/Content/gltf/MaterialInstances/MI_SpecularGlossiness_Opaque.uasset" 892
"../../../Engine/Plugins/Interchange/Assets/Content/gltf/MaterialInstances/MI_SpecularGlossiness_Opaque.uexp" 893
"../../../Engine/Plugins/Interchange/Assets/Content/gltf/MaterialInstances/MI_SpecularGlossiness_Opaque_DS.uasset" 894
"../../../Engine/Plugins/Interchange/Assets/Content/gltf/MaterialInstances/MI_SpecularGlossiness_Opaque_DS.uexp" 895
"../../../Engine/Content/EngineMaterials/Good64x64TilingNoiseHighFreq.uasset" 896
"../../../Engine/Content/EngineMaterials/Good64x64TilingNoiseHighFreq.uexp" 897
"../../../Engine/Content/Functions/Engine_MaterialFunctions02/Texturing/ScreenAlignedPixelToPixelUVs.uasset" 898
"../../../Engine/Content/Functions/Engine_MaterialFunctions02/Texturing/ScreenAlignedPixelToPixelUVs.uexp" 899
"../../../Engine/Plugins/Interchange/Assets/Content/gltf/MaterialFunctions/MF_Fresnel_DS.uasset" 900
"../../../Engine/Plugins/Interchange/Assets/Content/gltf/MaterialFunctions/MF_Fresnel_DS.uexp" 901
"../../../Engine/Plugins/Interchange/Assets/Content/gltf/MaterialFunctions/MF_Temporal_Blur.uasset" 902
"../../../Engine/Plugins/Interchange/Assets/Content/gltf/MaterialFunctions/MF_Temporal_Blur.uexp" 903
"../../../Engine/Plugins/Interchange/Assets/Content/gltf/MaterialFunctions/MF_Transmission.uasset" 904
"../../../Engine/Plugins/Interchange/Assets/Content/gltf/MaterialFunctions/MF_Transmission.uexp" 905
"../../../Engine/Plugins/Interchange/Assets/Content/gltf/MaterialBodies/MF_Transmission_Body.uasset" 906
"../../../Engine/Plugins/Interchange/Assets/Content/gltf/MaterialBodies/MF_Transmission_Body.uexp" 907
"../../../Engine/Plugins/Interchange/Assets/Content/gltf/M_Transmission.uasset" 908
"../../../Engine/Plugins/Interchange/Assets/Content/gltf/M_Transmission.uexp" 909
"../../../Engine/Plugins/Interchange/Assets/Content/gltf/MaterialInstances/MI_Transmission.uasset" 910
"../../../Engine/Plugins/Interchange/Assets/Content/gltf/MaterialInstances/MI_Transmission.uexp" 911
"../../../Engine/Plugins/Interchange/Assets/Content/gltf/MaterialInstances/MI_Transmission_DS.uasset" 912
"../../../Engine/Plugins/Interchange/Assets/Content/gltf/MaterialInstances/MI_Transmission_DS.uexp" 913
"../../../Engine/Plugins/Interchange/Assets/Content/gltf/MaterialBodies/MF_Unlit_Body.uasset" 914
"../../../Engine/Plugins/Interchange/Assets/Content/gltf/MaterialBodies/MF_Unlit_Body.uexp" 915
"../../../Engine/Plugins/Interchange/Assets/Content/gltf/M_Unlit.uasset" 916
"../../../Engine/Plugins/Interchange/Assets/Content/gltf/M_Unlit.uexp" 917
"../../../Engine/Plugins/Interchange/Assets/Content/gltf/MaterialInstances/MI_Unlit_Blend.uasset" 918
"../../../Engine/Plugins/Interchange/Assets/Content/gltf/MaterialInstances/MI_Unlit_Blend.uexp" 919
"../../../Engine/Plugins/Interchange/Assets/Content/gltf/MaterialInstances/MI_Unlit_Blend_DS.uasset" 920
"../../../Engine/Plugins/Interchange/Assets/Content/gltf/MaterialInstances/MI_Unlit_Blend_DS.uexp" 921
"../../../Engine/Plugins/Interchange/Assets/Content/gltf/MaterialInstances/MI_Unlit_Mask.uasset" 922
"../../../Engine/Plugins/Interchange/Assets/Content/gltf/MaterialInstances/MI_Unlit_Mask.uexp" 923
"../../../Engine/Plugins/Interchange/Assets/Content/gltf/MaterialInstances/MI_Unlit_Mask_DS.uasset" 924
"../../../Engine/Plugins/Interchange/Assets/Content/gltf/MaterialInstances/MI_Unlit_Mask_DS.uexp" 925
"../../../Engine/Plugins/Interchange/Assets/Content/gltf/MaterialInstances/MI_Unlit_Opaque.uasset" 926
"../../../Engine/Plugins/Interchange/Assets/Content/gltf/MaterialInstances/MI_Unlit_Opaque.uexp" 927
"../../../Engine/Plugins/Interchange/Assets/Content/gltf/MaterialInstances/MI_Unlit_Opaque_DS.uasset" 928
"../../../Engine/Plugins/Interchange/Assets/Content/gltf/MaterialInstances/MI_Unlit_Opaque_DS.uexp" 929
"../../../Engine/Content/EngineResources/WhiteSquareTexture.uasset" 930
"../../../Engine/Content/EngineResources/WhiteSquareTexture.uexp" 931
"../../../Engine/Content/EngineMaterials/Widget3DPassThrough.uasset" 932
"../../../Engine/Content/EngineMaterials/Widget3DPassThrough.uexp" 933
"../../../Engine/Content/EngineMaterials/Widget3DPassThrough_Masked.uasset" 934
"../../../Engine/Content/EngineMaterials/Widget3DPassThrough_Masked.uexp" 935
"../../../Engine/Content/EngineMaterials/Widget3DPassThrough_Opaque.uasset" 936
"../../../Engine/Content/EngineMaterials/Widget3DPassThrough_Opaque.uexp" 937
"../../../Engine/Content/EngineMaterials/Widget3DPassThrough_Masked_OneSided.uasset" 938
"../../../Engine/Content/EngineMaterials/Widget3DPassThrough_Masked_OneSided.uexp" 939
"../../../Engine/Content/EngineMaterials/Widget3DPassThrough_Opaque_OneSided.uasset" 940
"../../../Engine/Content/EngineMaterials/Widget3DPassThrough_Opaque_OneSided.uexp" 941
"../../../Engine/Content/EngineMaterials/Widget3DPassThrough_Translucent.uasset" 942
"../../../Engine/Content/EngineMaterials/Widget3DPassThrough_Translucent.uexp" 943
"../../../Engine/Content/EngineMaterials/Widget3DPassThrough_Translucent_OneSided.uasset" 944
"../../../Engine/Content/EngineMaterials/Widget3DPassThrough_Translucent_OneSided.uexp" 945
"../../../Engine/Content/EditorLandscapeResources/ColorMaskBrushMaterial.uasset" 946
"../../../Engine/Content/EditorLandscapeResources/ColorMaskBrushMaterial.uexp" 947
"../../../Engine/Content/EditorLandscapeResources/ColorMaskBrushMaterial_MaskedRegion.uasset" 948
"../../../Engine/Content/EditorLandscapeResources/ColorMaskBrushMaterial_MaskedRegion.uexp" 949
"../../../Engine/Content/Functions/Engine_MaterialFunctions03/Math/WithinRangeFloat2.uasset" 950
"../../../Engine/Content/Functions/Engine_MaterialFunctions03/Math/WithinRangeFloat2.uexp" 951
"../../../Engine/Content/EditorLandscapeResources/MaskBrushMaterial.uasset" 952
"../../../Engine/Content/EditorLandscapeResources/MaskBrushMaterial.uexp" 953
"../../../Engine/Content/EditorLandscapeResources/MaskBrushMaterial_MaskedRegion.uasset" 954
"../../../Engine/Content/EditorLandscapeResources/MaskBrushMaterial_MaskedRegion.uexp" 955
"../../../Engine/Content/EditorLandscapeResources/SelectBrushMaterial.uasset" 956
"../../../Engine/Content/EditorLandscapeResources/SelectBrushMaterial.uexp" 957
"../../../Engine/Content/EditorLandscapeResources/SelectBrushMaterial_Selected.uasset" 958
"../../../Engine/Content/EditorLandscapeResources/SelectBrushMaterial_Selected.uexp" 959
"../../../Engine/Content/EditorLandscapeResources/SelectBrushMaterial_SelectedRegion.uasset" 960
"../../../Engine/Content/EditorLandscapeResources/SelectBrushMaterial_SelectedRegion.uexp" 961
"../../../Engine/Plugins/2D/Paper2D/Content/DefaultSpriteMaterial.uasset" 962
"../../../Engine/Plugins/2D/Paper2D/Content/DefaultSpriteMaterial.uexp" 963
"../../../Engine/Plugins/2D/Paper2D/Content/MaskedUnlitSpriteMaterial.uasset" 964
"../../../Engine/Plugins/2D/Paper2D/Content/MaskedUnlitSpriteMaterial.uexp" 965
"../../../Engine/Plugins/2D/Paper2D/Content/OpaqueUnlitSpriteMaterial.uasset" 966
"../../../Engine/Plugins/2D/Paper2D/Content/OpaqueUnlitSpriteMaterial.uexp" 967
"../../../Engine/Content/EngineResources/LandscapeVisibilityLayerInfo.uasset" 968
"../../../Engine/Content/EngineResources/LandscapeVisibilityLayerInfo.uexp" 969
"../../../Engine/Content/VREditor/Sounds/UI/Drop_Item_From_ContentBrowser.ubulk" 970
"../../../Engine/Content/VREditor/Sounds/UI/Drop_Item_From_ContentBrowser.uasset" 971
"../../../Engine/Content/VREditor/Sounds/UI/Drop_Item_From_ContentBrowser.uexp" 972
"../../../Engine/Content/VREditor/TransformGizmo/TransformGizmoMaterial_Inst.uasset" 973
"../../../Engine/Content/VREditor/TransformGizmo/TransformGizmoMaterial_Inst.uexp" 974
"../../../Engine/Content/VREditor/TransformGizmo/TranslucentTransformGizmoMaterial_Inst.uasset" 975
"../../../Engine/Content/VREditor/TransformGizmo/TranslucentTransformGizmoMaterial_Inst.uexp" 976
"../../../Engine/Content/Functions/Engine_MaterialFunctions02/SplitComponents.uasset" 977
"../../../Engine/Content/Functions/Engine_MaterialFunctions02/SplitComponents.uexp" 978
"../../../Engine/Content/VREditor/SnapGrid/SnapGridMaterial.uasset" 979
"../../../Engine/Content/VREditor/SnapGrid/SnapGridMaterial.uexp" 980
"../../../Engine/Content/VREditor/SnapGrid/SnapGridPlaneMesh.ubulk" 981
"../../../Engine/Content/VREditor/SnapGrid/SnapGridPlaneMesh.uasset" 982
"../../../Engine/Content/VREditor/SnapGrid/SnapGridPlaneMesh.uexp" 983
"../../../Engine/Content/VREditor/Sounds/UI/Gizmo_Handle_Clicked.ubulk" 984
"../../../Engine/Content/VREditor/Sounds/UI/Gizmo_Handle_Clicked.uasset" 985
"../../../Engine/Content/VREditor/Sounds/UI/Gizmo_Handle_Clicked.uexp" 986
"../../../Engine/Content/VREditor/Sounds/UI/Object_PickUp.ubulk" 987
"../../../Engine/Content/VREditor/Sounds/UI/Object_PickUp.uasset" 988
"../../../Engine/Content/VREditor/Sounds/UI/Object_PickUp.uexp" 989
"../../../Engine/Content/VREditor/Sounds/UI/Object_Snaps_To_Another_Actor.ubulk" 990
"../../../Engine/Content/VREditor/Sounds/UI/Object_Snaps_To_Another_Actor.uasset" 991
"../../../Engine/Content/VREditor/Sounds/UI/Object_Snaps_To_Another_Actor.uexp" 992
"../../../Engine/Content/VREditor/Sounds/UI/Object_Snaps_To_Grid.ubulk" 993
"../../../Engine/Content/VREditor/Sounds/UI/Object_Snaps_To_Grid.uasset" 994
"../../../Engine/Content/VREditor/Sounds/UI/Object_Snaps_To_Grid.uexp" 995
"../../../Engine/Content/VREditor/Sounds/UI/Scaling_Down.ubulk" 996
"../../../Engine/Content/VREditor/Sounds/UI/Scaling_Down.uasset" 997
"../../../Engine/Content/VREditor/Sounds/UI/Scaling_Down.uexp" 998
"../../../Engine/Content/VREditor/Sounds/UI/Scaling_Up.ubulk" 999
"../../../Engine/Content/VREditor/Sounds/UI/Scaling_Up.uasset" 1000
"../../../Engine/Content/VREditor/Sounds/UI/Scaling_Up.uexp" 1001
"../../../Engine/Content/VREditor/Sounds/UI/Selection_Changes.ubulk" 1002
"../../../Engine/Content/VREditor/Sounds/UI/Selection_Changes.uasset" 1003
"../../../Engine/Content/VREditor/Sounds/UI/Selection_Changes.uexp" 1004
"../../../Engine/Content/VREditor/TransformGizmo/PlaneTranslationHandle.ubulk" 1005
"../../../Engine/Content/VREditor/TransformGizmo/PlaneTranslationHandle.uasset" 1006
"../../../Engine/Content/VREditor/TransformGizmo/PlaneTranslationHandle.uexp" 1007
"../../../Engine/Content/VREditor/TransformGizmo/RotationHandleFull.ubulk" 1008
"../../../Engine/Content/VREditor/TransformGizmo/RotationHandleFull.uasset" 1009
"../../../Engine/Content/VREditor/TransformGizmo/RotationHandleFull.uexp" 1010
"../../../Engine/Content/VREditor/TransformGizmo/RotationHandleIndicator.ubulk" 1011
"../../../Engine/Content/VREditor/TransformGizmo/RotationHandleIndicator.uasset" 1012
"../../../Engine/Content/VREditor/TransformGizmo/RotationHandleIndicator.uexp" 1013
"../../../Engine/Content/VREditor/TransformGizmo/RotationHandleQuarter.ubulk" 1014
"../../../Engine/Content/VREditor/TransformGizmo/RotationHandleQuarter.uasset" 1015
"../../../Engine/Content/VREditor/TransformGizmo/RotationHandleQuarter.uexp" 1016
"../../../Engine/Content/VREditor/TransformGizmo/StartRotationHandleIndicator.ubulk" 1017
"../../../Engine/Content/VREditor/TransformGizmo/StartRotationHandleIndicator.uasset" 1018
"../../../Engine/Content/VREditor/TransformGizmo/StartRotationHandleIndicator.uexp" 1019
"../../../Engine/Content/VREditor/TransformGizmo/TransformGizmoFreeRotation.ubulk" 1020
"../../../Engine/Content/VREditor/TransformGizmo/TransformGizmoFreeRotation.uasset" 1021
"../../../Engine/Content/VREditor/TransformGizmo/TransformGizmoFreeRotation.uexp" 1022
"../../../Engine/Content/VREditor/TransformGizmo/TranslateArrowHandle.ubulk" 1023
"../../../Engine/Content/VREditor/TransformGizmo/TranslateArrowHandle.uasset" 1024
"../../../Engine/Content/VREditor/TransformGizmo/TranslateArrowHandle.uexp" 1025
"../../../Engine/Content/VREditor/TransformGizmo/UniformScaleHandle.ubulk" 1026
"../../../Engine/Content/VREditor/TransformGizmo/UniformScaleHandle.uasset" 1027
"../../../Engine/Content/VREditor/TransformGizmo/UniformScaleHandle.uexp" 1028
"../../../Engine/Plugins/Animation/DeformerGraph/Content/DeformerFunctions/DG_Function_LinearBlendSkin_Morph_Cloth.uasset" 1029
"../../../Engine/Plugins/Animation/DeformerGraph/Content/DeformerFunctions/DG_Function_LinearBlendSkin_Morph_Cloth.uexp" 1030
"../../../Engine/Plugins/Animation/DeformerGraph/Content/Deformers/DG_LinearBlendSkin_Morph_Cloth.uasset" 1031
"../../../Engine/Plugins/Animation/DeformerGraph/Content/Deformers/DG_LinearBlendSkin_Morph_Cloth.uexp" 1032
"../../../Engine/Plugins/Animation/DeformerGraph/Content/DeformerFunctions/DG_Function_LinearBlendSkin_Morph_Cloth_PositionOnly.uasset" 1033
"../../../Engine/Plugins/Animation/DeformerGraph/Content/DeformerFunctions/DG_Function_LinearBlendSkin_Morph_Cloth_PositionOnly.uexp" 1034
"../../../Engine/Plugins/Animation/DeformerGraph/Content/DeformerFunctions/DG_Function_ComputeNormalsTangents.uasset" 1035
"../../../Engine/Plugins/Animation/DeformerGraph/Content/DeformerFunctions/DG_Function_ComputeNormalsTangents.uexp" 1036
"../../../Engine/Plugins/Animation/DeformerGraph/Content/Deformers/DG_LinearBlendSkin_Morph_Cloth_RecomputeNormals.uasset" 1037
"../../../Engine/Plugins/Animation/DeformerGraph/Content/Deformers/DG_LinearBlendSkin_Morph_Cloth_RecomputeNormals.uexp" 1038
"../../../Engine/Content/Maps/Entry_BuiltData.uasset" 1039
"../../../Engine/Content/Maps/Entry_BuiltData.uexp" 1040
"../../../Engine/Content/Maps/Entry.uexp" 1041
"../../../Engine/Content/Maps/Entry.umap" 1042
"../../../Engine/Content/EditorBlueprintResources/StandardMacros.uasset" 1043
"../../../Engine/Content/EditorBlueprintResources/StandardMacros.uexp" 1044
"../../../Engine/Content/EngineSky/T_Sky_Blue.ubulk" 1045
"../../../Engine/Content/EngineSky/T_Sky_Blue.uasset" 1046
"../../../Engine/Content/EngineSky/T_Sky_Blue.uexp" 1047
"../../../Engine/Content/EngineSky/T_Sky_Clouds_M.ubulk" 1048
"../../../Engine/Content/EngineSky/T_Sky_Clouds_M.uasset" 1049
"../../../Engine/Content/EngineSky/T_Sky_Clouds_M.uexp" 1050
"../../../Engine/Content/EngineSky/T_Sky_Stars.ubulk" 1051
"../../../Engine/Content/EngineSky/T_Sky_Stars.uasset" 1052
"../../../Engine/Content/EngineSky/T_Sky_Stars.uexp" 1053
"../../../Engine/Content/EngineSky/M_Sky_Panning_Clouds2.uasset" 1054
"../../../Engine/Content/EngineSky/M_Sky_Panning_Clouds2.uexp" 1055
"../../../Engine/Content/EngineSky/SM_SkySphere.ubulk" 1056
"../../../Engine/Content/EngineSky/SM_SkySphere.uasset" 1057
"../../../Engine/Content/EngineSky/SM_SkySphere.uexp" 1058
"../../../Engine/Content/EngineSky/C_Sky_Zenith_Color.uasset" 1059
"../../../Engine/Content/EngineSky/C_Sky_Zenith_Color.uexp" 1060
"../../../Engine/Content/EngineSky/C_Sky_Horizon_Color.uasset" 1061
"../../../Engine/Content/EngineSky/C_Sky_Horizon_Color.uexp" 1062
"../../../Engine/Content/EngineSky/C_Sky_Cloud_Color.uasset" 1063
"../../../Engine/Content/EngineSky/C_Sky_Cloud_Color.uexp" 1064
"../../../Engine/Content/EngineSky/BP_Sky_Sphere.uasset" 1065
"../../../Engine/Content/EngineSky/BP_Sky_Sphere.uexp" 1066
"../../../Engine/Content/EngineMaterials/DefaultPhysicalMaterial.uasset" 1067
"../../../Engine/Content/EngineMaterials/DefaultPhysicalMaterial.uexp" 1068
"../../../Engine/Content/EngineResources/DefaultTexture.ubulk" 1069
"../../../Engine/Content/EngineResources/DefaultTexture.uasset" 1070
"../../../Engine/Content/EngineResources/DefaultTexture.uexp" 1071
"../../../Engine/Content/Functions/Engine_MaterialFunctions02/Utility/LinearSine.uasset" 1072
"../../../Engine/Content/Functions/Engine_MaterialFunctions02/Utility/LinearSine.uexp" 1073
"../../../Engine/Content/Functions/Engine_MaterialFunctions02/Math/MakeVectorsOrthogonal.uasset" 1074
"../../../Engine/Content/Functions/Engine_MaterialFunctions02/Math/MakeVectorsOrthogonal.uexp" 1075
"../../../Engine/Plugins/Experimental/Water/Content/Textures/BlackTexture2DArray.uasset" 1076
"../../../Engine/Plugins/Experimental/Water/Content/Textures/BlackTexture2DArray.uexp" 1077
"../../../Engine/Content/EngineMaterials/DefaultNormal.ubulk" 1078
"../../../Engine/Content/EngineMaterials/DefaultNormal.uasset" 1079
"../../../Engine/Content/EngineMaterials/DefaultNormal.uexp" 1080
"../../../Engine/Content/Functions/Engine_MaterialFunctions03/Procedurals/NormalFromHeightmap.uasset" 1081
"../../../Engine/Content/Functions/Engine_MaterialFunctions03/Procedurals/NormalFromHeightmap.uexp" 1082
"../../../Engine/Content/Functions/Engine_MaterialFunctions01/Texturing/ComputeMipLevel.uasset" 1083
"../../../Engine/Content/Functions/Engine_MaterialFunctions01/Texturing/ComputeMipLevel.uexp" 1084
"../../../Engine/Content/Functions/Engine_MaterialFunctions01/Gradient/LinearGradient.uasset" 1085
"../../../Engine/Content/Functions/Engine_MaterialFunctions01/Gradient/LinearGradient.uexp" 1086
"../../../Engine/Content/Functions/Engine_MaterialFunctions01/ImageAdjustment/CheapContrast.uasset" 1087
"../../../Engine/Content/Functions/Engine_MaterialFunctions01/ImageAdjustment/CheapContrast.uexp" 1088
"../../../Engine/Content/Functions/Engine_MaterialFunctions02/Math/TimeWithSpeedVariable.uasset" 1089
"../../../Engine/Content/Functions/Engine_MaterialFunctions02/Math/TimeWithSpeedVariable.uexp" 1090
"../../../Engine/Content/EngineSky/VolumetricClouds/T_VolumeNoiseShape128.uasset" 1091
"../../../Engine/Content/EngineSky/VolumetricClouds/T_VolumeNoiseShape128.uexp" 1092
"../../../Engine/Content/Functions/Engine_MaterialFunctions01/Opacity/AlphaOffset.uasset" 1093
"../../../Engine/Content/Functions/Engine_MaterialFunctions01/Opacity/AlphaOffset.uexp" 1094
"../../../Engine/Plugins/Experimental/Water/Content/Textures/Normals/T_Water_TilingNormal_With_Height_02_Softened.ubulk" 1095
"../../../Engine/Plugins/Experimental/Water/Content/Textures/Normals/T_Water_TilingNormal_With_Height_02_Softened.uasset" 1096
"../../../Engine/Plugins/Experimental/Water/Content/Textures/Normals/T_Water_TilingNormal_With_Height_02_Softened.uexp" 1097
"../../../Engine/Plugins/Experimental/Water/Content/Textures/Foam/T_WaterFlow_01_Foam_Tiled_N.ubulk" 1098
"../../../Engine/Plugins/Experimental/Water/Content/Textures/Foam/T_WaterFlow_01_Foam_Tiled_N.uasset" 1099
"../../../Engine/Plugins/Experimental/Water/Content/Textures/Foam/T_WaterFlow_01_Foam_Tiled_N.uexp" 1100
"../../../Engine/Plugins/Experimental/Water/Content/Textures/Foam/T_WaterFlow_01_Foam_Tiled.ubulk" 1101
"../../../Engine/Plugins/Experimental/Water/Content/Textures/Foam/T_WaterFlow_01_Foam_Tiled.uasset" 1102
"../../../Engine/Plugins/Experimental/Water/Content/Textures/Foam/T_WaterFlow_01_Foam_Tiled.uexp" 1103
"../../../Engine/Plugins/Experimental/Water/Content/Textures/Flowmaps/RiverFlowmap_Normal.ubulk" 1104
"../../../Engine/Plugins/Experimental/Water/Content/Textures/Flowmaps/RiverFlowmap_Normal.uasset" 1105
"../../../Engine/Plugins/Experimental/Water/Content/Textures/Flowmaps/RiverFlowmap_Normal.uexp" 1106
"../../../Engine/Plugins/Experimental/Water/Content/Textures/Flowmaps/RiverFlowmap_Diffuse.ubulk" 1107
"../../../Engine/Plugins/Experimental/Water/Content/Textures/Flowmaps/RiverFlowmap_Diffuse.uasset" 1108
"../../../Engine/Plugins/Experimental/Water/Content/Textures/Flowmaps/RiverFlowmap_Diffuse.uexp" 1109
"../../../Engine/Plugins/Experimental/Water/Content/Materials/MPC/MPC_Water.uasset" 1110
"../../../Engine/Plugins/Experimental/Water/Content/Materials/MPC/MPC_Water.uexp" 1111
"../../../Engine/Plugins/Experimental/Water/Content/Materials/Layers/WaterAttributes.uasset" 1112
"../../../Engine/Plugins/Experimental/Water/Content/Materials/Layers/WaterAttributes.uexp" 1113
"../../../Engine/Plugins/Experimental/Water/Content/Materials/Functions/WorldPositionBehindWater.uasset" 1114
"../../../Engine/Plugins/Experimental/Water/Content/Materials/Functions/WorldPositionBehindWater.uexp" 1115
"../../../Engine/Plugins/Experimental/Water/Content/Materials/Functions/WorldNormalBehindWater.uasset" 1116
"../../../Engine/Plugins/Experimental/Water/Content/Materials/Functions/WorldNormalBehindWater.uexp" 1117
"../../../Engine/Plugins/Experimental/Water/Content/Materials/Functions/HighQualityTextureFiltering.uasset" 1118
"../../../Engine/Plugins/Experimental/Water/Content/Materials/Functions/HighQualityTextureFiltering.uexp" 1119
"../../../Engine/Plugins/Experimental/Water/Content/Materials/Functions/WaterZoneData.uasset" 1120
"../../../Engine/Plugins/Experimental/Water/Content/Materials/Functions/WaterZoneData.uexp" 1121
"../../../Engine/Plugins/Experimental/Water/Content/Materials/Functions/SampleBakedFluidSimulation.uasset" 1122
"../../../Engine/Plugins/Experimental/Water/Content/Materials/Functions/SampleBakedFluidSimulation.uexp" 1123
"../../../Engine/Plugins/Experimental/Water/Content/Materials/Functions/WaterBodyData.uasset" 1124
"../../../Engine/Plugins/Experimental/Water/Content/Materials/Functions/WaterBodyData.uexp" 1125
"../../../Engine/Plugins/Experimental/Water/Content/Materials/Functions/ComputeWavesAttenuationFactor.uasset" 1126
"../../../Engine/Plugins/Experimental/Water/Content/Materials/Functions/ComputeWavesAttenuationFactor.uexp" 1127
"../../../Engine/Plugins/Experimental/Water/Content/Materials/Functions/WaveDepthFalloff_Overrides.uasset" 1128
"../../../Engine/Plugins/Experimental/Water/Content/Materials/Functions/WaveDepthFalloff_Overrides.uexp" 1129
"../../../Engine/Plugins/Experimental/Water/Content/Materials/Functions/WaterTextureWaves.uasset" 1130
"../../../Engine/Plugins/Experimental/Water/Content/Materials/Functions/WaterTextureWaves.uexp" 1131
"../../../Engine/Plugins/Experimental/Water/Content/Materials/Functions/WaterTextureSurface.uasset" 1132
"../../../Engine/Plugins/Experimental/Water/Content/Materials/Functions/WaterTextureSurface.uexp" 1133
"../../../Engine/Plugins/Experimental/Water/Content/Caustics/Materials/Functions/GetDistortionUV.uasset" 1134
"../../../Engine/Plugins/Experimental/Water/Content/Caustics/Materials/Functions/GetDistortionUV.uexp" 1135
"../../../Engine/Plugins/Experimental/Water/Content/Materials/Functions/ComputeGerstnerWaves.uasset" 1136
"../../../Engine/Plugins/Experimental/Water/Content/Materials/Functions/ComputeGerstnerWaves.uexp" 1137
"../../../Engine/Plugins/Experimental/Water/Content/Materials/Functions/GetWaterTime.uasset" 1138
"../../../Engine/Plugins/Experimental/Water/Content/Materials/Functions/GetWaterTime.uexp" 1139
"../../../Engine/Plugins/Experimental/Water/Content/Caustics/Materials/Functions/WaterCaustics_GerstnerWaves.uasset" 1140
"../../../Engine/Plugins/Experimental/Water/Content/Caustics/Materials/Functions/WaterCaustics_GerstnerWaves.uexp" 1141
"../../../Engine/Content/Functions/Engine_MaterialFunctions02/ExampleContent/Textures/LowResBlurredNoise.uasset" 1142
"../../../Engine/Content/Functions/Engine_MaterialFunctions02/ExampleContent/Textures/LowResBlurredNoise.uexp" 1143
"../../../Engine/Plugins/Experimental/Water/Content/FluidSimulation/WaveFoam/FoamRT.uasset" 1144
"../../../Engine/Plugins/Experimental/Water/Content/FluidSimulation/WaveFoam/FoamRT.uexp" 1145
"../../../Engine/Plugins/Experimental/Water/Content/FluidSimulation/WaveFoam/WaterDistanceField.uasset" 1146
"../../../Engine/Plugins/Experimental/Water/Content/FluidSimulation/WaveFoam/WaterDistanceField.uexp" 1147
"../../../Engine/Content/Functions/Engine_MaterialFunctions01/Gradient/BoxMask-2D.uasset" 1148
"../../../Engine/Content/Functions/Engine_MaterialFunctions01/Gradient/BoxMask-2D.uexp" 1149
"../../../Engine/Content/Functions/Engine_MaterialFunctions02/Texturing/HeightLerp.uasset" 1150
"../../../Engine/Content/Functions/Engine_MaterialFunctions02/Texturing/HeightLerp.uexp" 1151
"../../../Engine/Plugins/Experimental/Water/Content/Materials/Layers/BeachFoam.uasset" 1152
"../../../Engine/Plugins/Experimental/Water/Content/Materials/Layers/BeachFoam.uexp" 1153
"../../../Engine/Plugins/Experimental/Water/Content/Materials/Functions/WaveVelocityMask.uasset" 1154
"../../../Engine/Plugins/Experimental/Water/Content/Materials/Functions/WaveVelocityMask.uexp" 1155
"../../../Engine/Plugins/Experimental/Water/Content/Materials/Functions/Water_Underside.uasset" 1156
"../../../Engine/Plugins/Experimental/Water/Content/Materials/Functions/Water_Underside.uexp" 1157
"../../../Engine/Content/Functions/Engine_MaterialFunctions01/Coordinates/WorldPosition-XY.uasset" 1158
"../../../Engine/Content/Functions/Engine_MaterialFunctions01/Coordinates/WorldPosition-XY.uexp" 1159
"../../../Engine/Content/Functions/Engine_MaterialFunctions02/Texturing/Flowmaps.uasset" 1160
"../../../Engine/Content/Functions/Engine_MaterialFunctions02/Texturing/Flowmaps.uexp" 1161
"../../../Engine/Plugins/Experimental/Water/Content/Materials/Functions/WaterRiverFlowmaps.uasset" 1162
"../../../Engine/Plugins/Experimental/Water/Content/Materials/Functions/WaterRiverFlowmaps.uexp" 1163
"../../../Engine/Plugins/Experimental/Water/Content/Materials/Functions/WaterOpacityMaskFromDepth.uasset" 1164
"../../../Engine/Plugins/Experimental/Water/Content/Materials/Functions/WaterOpacityMaskFromDepth.uexp" 1165
"../../../Engine/Plugins/Experimental/Water/Content/Materials/Functions/WaterHeightMappingVS.uasset" 1166
"../../../Engine/Plugins/Experimental/Water/Content/Materials/Functions/WaterHeightMappingVS.uexp" 1167
"../../../Engine/Plugins/Experimental/Water/Content/Materials/Functions/WaterCoefficientMask.uasset" 1168
"../../../Engine/Plugins/Experimental/Water/Content/Materials/Functions/WaterCoefficientMask.uexp" 1169
"../../../Engine/Plugins/Experimental/Water/Content/Materials/Functions/ClipDynamicBounds.uasset" 1170
"../../../Engine/Plugins/Experimental/Water/Content/Materials/Functions/ClipDynamicBounds.uexp" 1171
"../../../Engine/Plugins/Experimental/Water/Content/FluidSimulation/Materials/Functions/Fluidsim_WorldPosition_to_UV.uasset" 1172
"../../../Engine/Plugins/Experimental/Water/Content/FluidSimulation/Materials/Functions/Fluidsim_WorldPosition_to_UV.uexp" 1173
"../../../Engine/Plugins/Experimental/Water/Content/Materials/Functions/SampleFluidSimulation.uasset" 1174
"../../../Engine/Plugins/Experimental/Water/Content/Materials/Functions/SampleFluidSimulation.uexp" 1175
"../../../Engine/Plugins/Experimental/Water/Content/Materials/Functions/SetWaveAttributes.uasset" 1176
"../../../Engine/Plugins/Experimental/Water/Content/Materials/Functions/SetWaveAttributes.uexp" 1177
"../../../Engine/Plugins/Experimental/Water/Content/Materials/WaterSurface/Water_Material.uasset" 1178
"../../../Engine/Plugins/Experimental/Water/Content/Materials/WaterSurface/Water_Material.uexp" 1179
"../../../Engine/Plugins/Experimental/Water/Content/Materials/WaterSurface/Water_FarMesh.uasset" 1180
"../../../Engine/Plugins/Experimental/Water/Content/Materials/WaterSurface/Water_FarMesh.uexp" 1181
"../../../Engine/Plugins/Experimental/Water/Content/Materials/HLOD/HLODWater.uasset" 1182
"../../../Engine/Plugins/Experimental/Water/Content/Materials/HLOD/HLODWater.uexp" 1183
"../../../Engine/Plugins/Experimental/Water/Content/Materials/WaterSurface/Water_Material_CustomMesh.uasset" 1184
"../../../Engine/Plugins/Experimental/Water/Content/Materials/WaterSurface/Water_Material_CustomMesh.uexp" 1185
"../../../Engine/Plugins/Experimental/Water/Content/Meshes/S_WaterPlane_256.ubulk" 1186
"../../../Engine/Plugins/Experimental/Water/Content/Meshes/S_WaterPlane_256.uasset" 1187
"../../../Engine/Plugins/Experimental/Water/Content/Meshes/S_WaterPlane_256.uexp" 1188
"../../../Engine/Plugins/Experimental/Water/Content/Materials/WaterInfo/DrawWaterInfo.uasset" 1189
"../../../Engine/Plugins/Experimental/Water/Content/Materials/WaterInfo/DrawWaterInfo.uexp" 1190
"../../../Engine/Content/Functions/Engine_MaterialFunctions02/ExampleContent/Textures/DebugNumberPeriod.uasset" 1191
"../../../Engine/Content/Functions/Engine_MaterialFunctions02/ExampleContent/Textures/DebugNumberPeriod.uexp" 1192
"../../../Engine/Content/Functions/Engine_MaterialFunctions02/Utility/DebugScalarValues.uasset" 1193
"../../../Engine/Content/Functions/Engine_MaterialFunctions02/Utility/DebugScalarValues.uexp" 1194
"../../../Engine/Content/Functions/Engine_MaterialFunctions01/Volumetrics/SchlickPhase.uasset" 1195
"../../../Engine/Content/Functions/Engine_MaterialFunctions01/Volumetrics/SchlickPhase.uexp" 1196
"../../../Engine/Plugins/Experimental/Water/Content/Materials/PostProcessing/M_UnderWater_PostProcess_Volume.uasset" 1197
"../../../Engine/Plugins/Experimental/Water/Content/Materials/PostProcessing/M_UnderWater_PostProcess_Volume.uexp" 1198
"../../../Engine/Plugins/Experimental/Water/Content/Materials/PostProcessing/MI_UnderWater_PostProcess_Volume_Custom.uasset" 1199
"../../../Engine/Plugins/Experimental/Water/Content/Materials/PostProcessing/MI_UnderWater_PostProcess_Volume_Custom.uexp" 1200
"C:/Users/rexge/Documents/Unreal Projects/TheBigHunt/Content/song_thrush_bird_melodic_song-2_u9b.ubulk" 1201
"C:/Users/rexge/Documents/Unreal Projects/TheBigHunt/Content/song_thrush_bird_melodic_song-2_u9b.uasset" 1202
"C:/Users/rexge/Documents/Unreal Projects/TheBigHunt/Content/song_thrush_bird_melodic_song-2_u9b.uexp" 1203
"C:/Users/rexge/Documents/Unreal Projects/TheBigHunt/Content/BP_Waypoint.uasset" 1204
"C:/Users/rexge/Documents/Unreal Projects/TheBigHunt/Content/BP_Waypoint.uexp" 1205
"C:/Users/rexge/Documents/Unreal Projects/TheBigHunt/Content/Blueprints/BP_Scorekeeper.uasset" 1206
"C:/Users/rexge/Documents/Unreal Projects/TheBigHunt/Content/Blueprints/BP_Scorekeeper.uexp" 1207
"../../../Engine/Content/BasicShapes/Cylinder.ubulk" 1208
"../../../Engine/Content/BasicShapes/Cylinder.uasset" 1209
"../../../Engine/Content/BasicShapes/Cylinder.uexp" 1210
"C:/Users/rexge/Documents/Unreal Projects/TheBigHunt/Content/VRTemplate/Materials/M_Projectile.uasset" 1211
"C:/Users/rexge/Documents/Unreal Projects/TheBigHunt/Content/VRTemplate/Materials/M_Projectile.uexp" 1212
"C:/Users/rexge/Documents/Unreal Projects/TheBigHunt/Content/VRTemplate/Materials/MI_Projectile.uasset" 1213
"C:/Users/rexge/Documents/Unreal Projects/TheBigHunt/Content/VRTemplate/Materials/MI_Projectile.uexp" 1214
"C:/Users/rexge/Documents/Unreal Projects/TheBigHunt/Content/Blueprints/Weapons/BP_Bullet.uasset" 1215
"C:/Users/rexge/Documents/Unreal Projects/TheBigHunt/Content/Blueprints/Weapons/BP_Bullet.uexp" 1216
"C:/Users/rexge/Documents/Unreal Projects/TheBigHunt/Content/AfricanAnimalsPack/Elephant/Meshes/SK_Elephant_Skeleton.uasset" 1217
"C:/Users/rexge/Documents/Unreal Projects/TheBigHunt/Content/AfricanAnimalsPack/Elephant/Meshes/SK_Elephant_Skeleton.uexp" 1218
"C:/Users/rexge/Documents/Unreal Projects/TheBigHunt/Content/AfricanAnimalsPack/Elephant/Meshes/SK_Elephant_PhysicsAsset.uasset" 1219
"C:/Users/rexge/Documents/Unreal Projects/TheBigHunt/Content/AfricanAnimalsPack/Elephant/Meshes/SK_Elephant_PhysicsAsset.uexp" 1220
"C:/Users/rexge/Documents/Unreal Projects/TheBigHunt/Content/AfricanAnimalsPack/Elephant/Textures/T_Elephant_Specular.uasset" 1221
"C:/Users/rexge/Documents/Unreal Projects/TheBigHunt/Content/AfricanAnimalsPack/Elephant/Textures/T_Elephant_Specular.uexp" 1222
"C:/Users/rexge/Documents/Unreal Projects/TheBigHunt/Content/AfricanAnimalsPack/Elephant/Textures/T_Elephant_OcclusionRoughnessMetallic.ubulk" 1223
"C:/Users/rexge/Documents/Unreal Projects/TheBigHunt/Content/AfricanAnimalsPack/Elephant/Textures/T_Elephant_OcclusionRoughnessMetallic.uasset" 1224
"C:/Users/rexge/Documents/Unreal Projects/TheBigHunt/Content/AfricanAnimalsPack/Elephant/Textures/T_Elephant_OcclusionRoughnessMetallic.uexp" 1225
"C:/Users/rexge/Documents/Unreal Projects/TheBigHunt/Content/AfricanAnimalsPack/Elephant/Textures/T_Elephant_Nml.ubulk" 1226
"C:/Users/rexge/Documents/Unreal Projects/TheBigHunt/Content/AfricanAnimalsPack/Elephant/Textures/T_Elephant_Nml.uasset" 1227
"C:/Users/rexge/Documents/Unreal Projects/TheBigHunt/Content/AfricanAnimalsPack/Elephant/Textures/T_Elephant_Nml.uexp" 1228
"C:/Users/rexge/Documents/Unreal Projects/TheBigHunt/Content/AfricanAnimalsPack/Elephant/Textures/T_Elephant_BaseColor.ubulk" 1229
"C:/Users/rexge/Documents/Unreal Projects/TheBigHunt/Content/AfricanAnimalsPack/Elephant/Textures/T_Elephant_BaseColor.uasset" 1230
"C:/Users/rexge/Documents/Unreal Projects/TheBigHunt/Content/AfricanAnimalsPack/Elephant/Textures/T_Elephant_BaseColor.uexp" 1231
"C:/Users/rexge/Documents/Unreal Projects/TheBigHunt/Content/AfricanAnimalsPack/Elephant/Materials/M_Elephant.uasset" 1232
"C:/Users/rexge/Documents/Unreal Projects/TheBigHunt/Content/AfricanAnimalsPack/Elephant/Materials/M_Elephant.uexp" 1233
"C:/Users/rexge/Documents/Unreal Projects/TheBigHunt/Content/AfricanAnimalsPack/Elephant/Meshes/SK_Elephant.uasset" 1234
"C:/Users/rexge/Documents/Unreal Projects/TheBigHunt/Content/AfricanAnimalsPack/Elephant/Meshes/SK_Elephant.uexp" 1235
"C:/Users/rexge/Documents/Unreal Projects/TheBigHunt/Content/Blueprints/Animals/BP_Animal.uasset" 1236
"C:/Users/rexge/Documents/Unreal Projects/TheBigHunt/Content/Blueprints/Animals/BP_Animal.uexp" 1237
"C:/Users/rexge/Documents/Unreal Projects/TheBigHunt/Content/VRTemplate/Textures/T_Grid.ubulk" 1238
"C:/Users/rexge/Documents/Unreal Projects/TheBigHunt/Content/VRTemplate/Textures/T_Grid.uasset" 1239
"C:/Users/rexge/Documents/Unreal Projects/TheBigHunt/Content/VRTemplate/Textures/T_Grid.uexp" 1240
"../../../Engine/Content/Functions/Engine_MaterialFunctions02/Utility/AppendMany.uasset" 1241
"../../../Engine/Content/Functions/Engine_MaterialFunctions02/Utility/AppendMany.uexp" 1242
"../../../Engine/Content/Functions/Engine_MaterialFunctions01/Texturing/WorldAlignedTexture.uasset" 1243
"../../../Engine/Content/Functions/Engine_MaterialFunctions01/Texturing/WorldAlignedTexture.uexp" 1244
"C:/Users/rexge/Documents/Unreal Projects/TheBigHunt/Content/VRTemplate/Materials/M_GridRotation.uasset" 1245
"C:/Users/rexge/Documents/Unreal Projects/TheBigHunt/Content/VRTemplate/Materials/M_GridRotation.uexp" 1246
"C:/Users/rexge/Documents/Unreal Projects/TheBigHunt/Content/VRTemplate/Materials/MI_Grid_Default.uasset" 1247
"C:/Users/rexge/Documents/Unreal Projects/TheBigHunt/Content/VRTemplate/Materials/MI_Grid_Default.uexp" 1248
"C:/Users/rexge/Documents/Unreal Projects/TheBigHunt/Content/VRTemplate/Maps/VRTemplateMap_BuiltData.ubulk" 1249
"C:/Users/rexge/Documents/Unreal Projects/TheBigHunt/Content/VRTemplate/Maps/VRTemplateMap_BuiltData.uasset" 1250
"C:/Users/rexge/Documents/Unreal Projects/TheBigHunt/Content/VRTemplate/Maps/VRTemplateMap_BuiltData.uexp" 1251
"C:/Users/rexge/Documents/Unreal Projects/TheBigHunt/Content/VRTemplate/Haptics/GrabHapticEffect.uasset" 1252
"C:/Users/rexge/Documents/Unreal Projects/TheBigHunt/Content/VRTemplate/Haptics/GrabHapticEffect.uexp" 1253
"C:/Users/rexge/Documents/Unreal Projects/TheBigHunt/Content/VRTemplate/Blueprints/GrabType.uasset" 1254
"C:/Users/rexge/Documents/Unreal Projects/TheBigHunt/Content/VRTemplate/Blueprints/GrabType.uexp" 1255
"C:/Users/rexge/Documents/Unreal Projects/TheBigHunt/Content/VRTemplate/Blueprints/GrabComponent.uasset" 1256
"C:/Users/rexge/Documents/Unreal Projects/TheBigHunt/Content/VRTemplate/Blueprints/GrabComponent.uexp" 1257
"../../../Engine/Content/VREditor/Devices/Generic/GenericHMDMaterial.uasset" 1258
"../../../Engine/Content/VREditor/Devices/Generic/GenericHMDMaterial.uexp" 1259
"../../../Engine/Content/VREditor/Devices/Generic/GenericHMD.ubulk" 1260
"../../../Engine/Content/VREditor/Devices/Generic/GenericHMD.uasset" 1261
"../../../Engine/Content/VREditor/Devices/Generic/GenericHMD.uexp" 1262
"C:/Users/rexge/Documents/Unreal Projects/TheBigHunt/Content/VRTemplate/VFX/NPC_VRTemplate.uasset" 1263
"C:/Users/rexge/Documents/Unreal Projects/TheBigHunt/Content/VRTemplate/VFX/NPC_VRTemplate.uexp" 1264
"C:/Users/rexge/Documents/Unreal Projects/TheBigHunt/Content/VRTemplate/Materials/DefaultRibbonMaterial_NoGradient.uasset" 1265
"C:/Users/rexge/Documents/Unreal Projects/TheBigHunt/Content/VRTemplate/Materials/DefaultRibbonMaterial_NoGradient.uexp" 1266
"C:/Users/rexge/Documents/Unreal Projects/TheBigHunt/Content/VRTemplate/VFX/NS_TeleportTrace.uasset" 1267
"C:/Users/rexge/Documents/Unreal Projects/TheBigHunt/Content/VRTemplate/VFX/NS_TeleportTrace.uexp" 1268
"C:/Users/rexge/Documents/Unreal Projects/TheBigHunt/Content/VRTemplate/Input/Actions/Hands/IA_Hand_Grasp_Left.uasset" 1269
"C:/Users/rexge/Documents/Unreal Projects/TheBigHunt/Content/VRTemplate/Input/Actions/Hands/IA_Hand_Grasp_Left.uexp" 1270
"C:/Users/rexge/Documents/Unreal Projects/TheBigHunt/Content/VRTemplate/Input/Actions/Hands/IA_Hand_Grasp_Right.uasset" 1271
"C:/Users/rexge/Documents/Unreal Projects/TheBigHunt/Content/VRTemplate/Input/Actions/Hands/IA_Hand_Grasp_Right.uexp" 1272
"C:/Users/rexge/Documents/Unreal Projects/TheBigHunt/Content/VRTemplate/Input/Actions/Hands/IA_Hand_IndexCurl_Left.uasset" 1273
"C:/Users/rexge/Documents/Unreal Projects/TheBigHunt/Content/VRTemplate/Input/Actions/Hands/IA_Hand_IndexCurl_Left.uexp" 1274
"C:/Users/rexge/Documents/Unreal Projects/TheBigHunt/Content/VRTemplate/Input/Actions/Hands/IA_Hand_IndexCurl_Right.uasset" 1275
"C:/Users/rexge/Documents/Unreal Projects/TheBigHunt/Content/VRTemplate/Input/Actions/Hands/IA_Hand_IndexCurl_Right.uexp" 1276
"C:/Users/rexge/Documents/Unreal Projects/TheBigHunt/Content/VRTemplate/Input/Actions/Hands/IA_Hand_Point_Left.uasset" 1277
"C:/Users/rexge/Documents/Unreal Projects/TheBigHunt/Content/VRTemplate/Input/Actions/Hands/IA_Hand_Point_Left.uexp" 1278
"C:/Users/rexge/Documents/Unreal Projects/TheBigHunt/Content/VRTemplate/Input/Actions/Hands/IA_Hand_Point_Right.uasset" 1279
"C:/Users/rexge/Documents/Unreal Projects/TheBigHunt/Content/VRTemplate/Input/Actions/Hands/IA_Hand_Point_Right.uexp" 1280
"C:/Users/rexge/Documents/Unreal Projects/TheBigHunt/Content/VRTemplate/Input/Actions/Hands/IA_Hand_ThumbUp_Left.uasset" 1281
"C:/Users/rexge/Documents/Unreal Projects/TheBigHunt/Content/VRTemplate/Input/Actions/Hands/IA_Hand_ThumbUp_Left.uexp" 1282
"C:/Users/rexge/Documents/Unreal Projects/TheBigHunt/Content/VRTemplate/Input/Actions/Hands/IA_Hand_ThumbUp_Right.uasset" 1283
"C:/Users/rexge/Documents/Unreal Projects/TheBigHunt/Content/VRTemplate/Input/Actions/Hands/IA_Hand_ThumbUp_Right.uexp" 1284
"C:/Users/rexge/Documents/Unreal Projects/TheBigHunt/Content/VRTemplate/Input/IMC_Hands.uasset" 1285
"C:/Users/rexge/Documents/Unreal Projects/TheBigHunt/Content/VRTemplate/Input/IMC_Hands.uexp" 1286
"C:/Users/rexge/Documents/Unreal Projects/TheBigHunt/Content/VRTemplate/Input/Actions/IA_Grab_Left_Pressed.uasset" 1287
"C:/Users/rexge/Documents/Unreal Projects/TheBigHunt/Content/VRTemplate/Input/Actions/IA_Grab_Left_Pressed.uexp" 1288
"C:/Users/rexge/Documents/Unreal Projects/TheBigHunt/Content/VRTemplate/Input/Actions/IA_Grab_Left_Released.uasset" 1289
"C:/Users/rexge/Documents/Unreal Projects/TheBigHunt/Content/VRTemplate/Input/Actions/IA_Grab_Left_Released.uexp" 1290
"C:/Users/rexge/Documents/Unreal Projects/TheBigHunt/Content/VRTemplate/Input/Actions/IA_Grab_Right_Pressed.uasset" 1291
"C:/Users/rexge/Documents/Unreal Projects/TheBigHunt/Content/VRTemplate/Input/Actions/IA_Grab_Right_Pressed.uexp" 1292
"C:/Users/rexge/Documents/Unreal Projects/TheBigHunt/Content/VRTemplate/Input/Actions/IA_Grab_Right_Released.uasset" 1293
"C:/Users/rexge/Documents/Unreal Projects/TheBigHunt/Content/VRTemplate/Input/Actions/IA_Grab_Right_Released.uexp" 1294
"C:/Users/rexge/Documents/Unreal Projects/TheBigHunt/Content/VRTemplate/Input/Actions/IA_Menu_Toggle_Left.uasset" 1295
"C:/Users/rexge/Documents/Unreal Projects/TheBigHunt/Content/VRTemplate/Input/Actions/IA_Menu_Toggle_Left.uexp" 1296
"C:/Users/rexge/Documents/Unreal Projects/TheBigHunt/Content/VRTemplate/Input/Actions/IA_Menu_Toggle_Right.uasset" 1297
"C:/Users/rexge/Documents/Unreal Projects/TheBigHunt/Content/VRTemplate/Input/Actions/IA_Menu_Toggle_Right.uexp" 1298
"C:/Users/rexge/Documents/Unreal Projects/TheBigHunt/Content/VRTemplate/Input/B_InputModifier_XAxisPositiveOnly.uasset" 1299
"C:/Users/rexge/Documents/Unreal Projects/TheBigHunt/Content/VRTemplate/Input/B_InputModifier_XAxisPositiveOnly.uexp" 1300
"C:/Users/rexge/Documents/Unreal Projects/TheBigHunt/Content/VRTemplate/Input/Actions/IA_Move.uasset" 1301
"C:/Users/rexge/Documents/Unreal Projects/TheBigHunt/Content/VRTemplate/Input/Actions/IA_Move.uexp" 1302
"C:/Users/rexge/Documents/Unreal Projects/TheBigHunt/Content/VRTemplate/Input/Actions/IA_Turn.uasset" 1303
"C:/Users/rexge/Documents/Unreal Projects/TheBigHunt/Content/VRTemplate/Input/Actions/IA_Turn.uexp" 1304
"C:/Users/rexge/Documents/Unreal Projects/TheBigHunt/Content/VRTemplate/Input/Actions/IA_Start.uasset" 1305
"C:/Users/rexge/Documents/Unreal Projects/TheBigHunt/Content/VRTemplate/Input/Actions/IA_Start.uexp" 1306
"C:/Users/rexge/Documents/Unreal Projects/TheBigHunt/Content/VRTemplate/Input/IMC_Default.uasset" 1307
"C:/Users/rexge/Documents/Unreal Projects/TheBigHunt/Content/VRTemplate/Input/IMC_Default.uexp" 1308
"C:/Users/rexge/Documents/Unreal Projects/TheBigHunt/Content/VRTemplate/Input/Actions/IA_Look_DEBUG.uasset" 1309
"C:/Users/rexge/Documents/Unreal Projects/TheBigHunt/Content/VRTemplate/Input/Actions/IA_Look_DEBUG.uexp" 1310
"C:/Users/rexge/Documents/Unreal Projects/TheBigHunt/Content/VRTemplate/Input/IMC_DEBUG.uasset" 1311
"C:/Users/rexge/Documents/Unreal Projects/TheBigHunt/Content/VRTemplate/Input/IMC_DEBUG.uexp" 1312
"../../../Engine/Content/Functions/Engine_MaterialFunctions02/Utility/DepthFromWorldPosition.uasset" 1313
"../../../Engine/Content/Functions/Engine_MaterialFunctions02/Utility/DepthFromWorldPosition.uexp" 1314
"C:/Users/rexge/Documents/Unreal Projects/TheBigHunt/Content/VRTemplate/Materials/Functions/MF_OccludedPixels.uasset" 1315
"C:/Users/rexge/Documents/Unreal Projects/TheBigHunt/Content/VRTemplate/Materials/Functions/MF_OccludedPixels.uexp" 1316
"C:/Users/rexge/Documents/Unreal Projects/TheBigHunt/Content/VRTemplate/Materials/M_TeleportNoise.uasset" 1317
"C:/Users/rexge/Documents/Unreal Projects/TheBigHunt/Content/VRTemplate/Materials/M_TeleportNoise.uexp" 1318
"C:/Users/rexge/Documents/Unreal Projects/TheBigHunt/Content/VRTemplate/Materials/M_TeleportCylinder.uasset" 1319
"C:/Users/rexge/Documents/Unreal Projects/TheBigHunt/Content/VRTemplate/Materials/M_TeleportCylinder.uexp" 1320
"C:/Users/rexge/Documents/Unreal Projects/TheBigHunt/Content/VRTemplate/VFX/NS_TeleportRing.uasset" 1321
"C:/Users/rexge/Documents/Unreal Projects/TheBigHunt/Content/VRTemplate/VFX/NS_TeleportRing.uexp" 1322
"C:/Users/rexge/Documents/Unreal Projects/TheBigHunt/Content/VRTemplate/VFX/NS_PlayAreaBounds.uasset" 1323
"C:/Users/rexge/Documents/Unreal Projects/TheBigHunt/Content/VRTemplate/VFX/NS_PlayAreaBounds.uexp" 1324
"C:/Users/rexge/Documents/Unreal Projects/TheBigHunt/Content/VRTemplate/Blueprints/VRTeleportVisualizer.uasset" 1325
"C:/Users/rexge/Documents/Unreal Projects/TheBigHunt/Content/VRTemplate/Blueprints/VRTeleportVisualizer.uexp" 1326
"C:/Users/rexge/Documents/Unreal Projects/TheBigHunt/Content/VRTemplate/Blueprints/BPI_PawnAnim.uasset" 1327
"C:/Users/rexge/Documents/Unreal Projects/TheBigHunt/Content/VRTemplate/Blueprints/BPI_PawnAnim.uexp" 1328
"../../../Engine/Content/BasicShapes/Sphere.ubulk" 1329
"../../../Engine/Content/BasicShapes/Sphere.uasset" 1330
"../../../Engine/Content/BasicShapes/Sphere.uexp" 1331
"C:/Users/rexge/Documents/Unreal Projects/TheBigHunt/Content/VRTemplate/VFX/NS_MenuLaser.uasset" 1332
"C:/Users/rexge/Documents/Unreal Projects/TheBigHunt/Content/VRTemplate/VFX/NS_MenuLaser.uexp" 1333
"C:/Users/rexge/Documents/Unreal Projects/TheBigHunt/Content/VRTemplate/Materials/M_VRCursor.uasset" 1334
"C:/Users/rexge/Documents/Unreal Projects/TheBigHunt/Content/VRTemplate/Materials/M_VRCursor.uexp" 1335
"C:/Users/rexge/Documents/Unreal Projects/TheBigHunt/Content/VRTemplate/Input/Actions/IA_Menu_Cursor_Left.uasset" 1336
"C:/Users/rexge/Documents/Unreal Projects/TheBigHunt/Content/VRTemplate/Input/Actions/IA_Menu_Cursor_Left.uexp" 1337
"C:/Users/rexge/Documents/Unreal Projects/TheBigHunt/Content/VRTemplate/Input/Actions/IA_Menu_Cursor_Right.uasset" 1338
"C:/Users/rexge/Documents/Unreal Projects/TheBigHunt/Content/VRTemplate/Input/Actions/IA_Menu_Cursor_Right.uexp" 1339
"C:/Users/rexge/Documents/Unreal Projects/TheBigHunt/Content/VRTemplate/Input/Actions/IA_Menu_Interact_Left_Pressed.uasset" 1340
"C:/Users/rexge/Documents/Unreal Projects/TheBigHunt/Content/VRTemplate/Input/Actions/IA_Menu_Interact_Left_Pressed.uexp" 1341
"C:/Users/rexge/Documents/Unreal Projects/TheBigHunt/Content/VRTemplate/Input/Actions/IA_Menu_Interact_Right_Pressed.uasset" 1342
"C:/Users/rexge/Documents/Unreal Projects/TheBigHunt/Content/VRTemplate/Input/Actions/IA_Menu_Interact_Right_Pressed.uexp" 1343
"C:/Users/rexge/Documents/Unreal Projects/TheBigHunt/Content/VRTemplate/Input/IMC_Menu.uasset" 1344
"C:/Users/rexge/Documents/Unreal Projects/TheBigHunt/Content/VRTemplate/Input/IMC_Menu.uexp" 1345
"../../../Engine/Content/EditorResources/AI/S_NavLink.uasset" 1346
"../../../Engine/Content/EditorResources/AI/S_NavLink.uexp" 1347
"C:/Users/rexge/Documents/Unreal Projects/TheBigHunt/Content/VRTemplate/Blueprints/WidgetMenu.uasset" 1348
"C:/Users/rexge/Documents/Unreal Projects/TheBigHunt/Content/VRTemplate/Blueprints/WidgetMenu.uexp" 1349
"C:/Users/rexge/Documents/Unreal Projects/TheBigHunt/Content/VRTemplate/Blueprints/Menu.uasset" 1350
"C:/Users/rexge/Documents/Unreal Projects/TheBigHunt/Content/VRTemplate/Blueprints/Menu.uexp" 1351
"C:/Users/rexge/Documents/Unreal Projects/TheBigHunt/Content/Characters/MannequinsXR/Meshes/SK_MannequinsXR.uasset" 1352
"C:/Users/rexge/Documents/Unreal Projects/TheBigHunt/Content/Characters/MannequinsXR/Meshes/SK_MannequinsXR.uexp" 1353
"C:/Users/rexge/Documents/Unreal Projects/TheBigHunt/Content/Characters/MannequinsXR/Animations/MDT_MannequinsXR.uasset" 1354
"C:/Users/rexge/Documents/Unreal Projects/TheBigHunt/Content/Characters/MannequinsXR/Animations/MDT_MannequinsXR.uexp" 1355
"../../../Engine/Content/Animation/DefaultRecorderBoneCompression.uasset" 1356
"../../../Engine/Content/Animation/DefaultRecorderBoneCompression.uexp" 1357
"../../../Engine/Content/Animation/DefaultAnimCurveCompressionSettings.uasset" 1358
"../../../Engine/Content/Animation/DefaultAnimCurveCompressionSettings.uexp" 1359
"C:/Users/rexge/Documents/Unreal Projects/TheBigHunt/Content/Characters/MannequinsXR/Animations/A_MannequinsXR_ThumbUp_Right.uasset" 1360
"C:/Users/rexge/Documents/Unreal Projects/TheBigHunt/Content/Characters/MannequinsXR/Animations/A_MannequinsXR_ThumbUp_Right.m.ubulk" 1361
"C:/Users/rexge/Documents/Unreal Projects/TheBigHunt/Content/Characters/MannequinsXR/Animations/A_MannequinsXR_ThumbUp_Right.uexp" 1362
"C:/Users/rexge/Documents/Unreal Projects/TheBigHunt/Content/Characters/MannequinsXR/Animations/A_MannequinsXR_Point_Right.uasset" 1363
"C:/Users/rexge/Documents/Unreal Projects/TheBigHunt/Content/Characters/MannequinsXR/Animations/A_MannequinsXR_Point_Right.m.ubulk" 1364
"C:/Users/rexge/Documents/Unreal Projects/TheBigHunt/Content/Characters/MannequinsXR/Animations/A_MannequinsXR_Point_Right.uexp" 1365
"C:/Users/rexge/Documents/Unreal Projects/TheBigHunt/Content/Characters/MannequinsXR/Animations/A_MannequinsXR_IndexCurl_Right.uasset" 1366
"C:/Users/rexge/Documents/Unreal Projects/TheBigHunt/Content/Characters/MannequinsXR/Animations/A_MannequinsXR_IndexCurl_Right.m.ubulk" 1367
"C:/Users/rexge/Documents/Unreal Projects/TheBigHunt/Content/Characters/MannequinsXR/Animations/A_MannequinsXR_IndexCurl_Right.uexp" 1368
"C:/Users/rexge/Documents/Unreal Projects/TheBigHunt/Content/Characters/MannequinsXR/Animations/A_MannequinsXR_Idle_Right.uasset" 1369
"C:/Users/rexge/Documents/Unreal Projects/TheBigHunt/Content/Characters/MannequinsXR/Animations/A_MannequinsXR_Idle_Right.m.ubulk" 1370
"C:/Users/rexge/Documents/Unreal Projects/TheBigHunt/Content/Characters/MannequinsXR/Animations/A_MannequinsXR_Idle_Right.uexp" 1371
"C:/Users/rexge/Documents/Unreal Projects/TheBigHunt/Content/Characters/MannequinsXR/Animations/A_MannequinsXR_Grasp_Right.uasset" 1372
"C:/Users/rexge/Documents/Unreal Projects/TheBigHunt/Content/Characters/MannequinsXR/Animations/A_MannequinsXR_Grasp_Right.m.ubulk" 1373
"C:/Users/rexge/Documents/Unreal Projects/TheBigHunt/Content/Characters/MannequinsXR/Animations/A_MannequinsXR_Grasp_Right.uexp" 1374
"C:/Users/rexge/Documents/Unreal Projects/TheBigHunt/Content/Characters/MannequinsXR/Meshes/ABP_MannequinsXR.uasset" 1375
"C:/Users/rexge/Documents/Unreal Projects/TheBigHunt/Content/Characters/MannequinsXR/Meshes/ABP_MannequinsXR.uexp" 1376
"C:/Users/rexge/Documents/Unreal Projects/TheBigHunt/Content/Characters/MannequinsXR/Textures/Manny/T_Manny_02_Tan.ubulk" 1377
"C:/Users/rexge/Documents/Unreal Projects/TheBigHunt/Content/Characters/MannequinsXR/Textures/Manny/T_Manny_02_Tan.uasset" 1378
"C:/Users/rexge/Documents/Unreal Projects/TheBigHunt/Content/Characters/MannequinsXR/Textures/Manny/T_Manny_02_Tan.uexp" 1379
"C:/Users/rexge/Documents/Unreal Projects/TheBigHunt/Content/Characters/MannequinsXR/Textures/Manny/T_Manny_02_N.ubulk" 1380
"C:/Users/rexge/Documents/Unreal Projects/TheBigHunt/Content/Characters/MannequinsXR/Textures/Manny/T_Manny_02_N.uasset" 1381
"C:/Users/rexge/Documents/Unreal Projects/TheBigHunt/Content/Characters/MannequinsXR/Textures/Manny/T_Manny_02_N.uexp" 1382
"C:/Users/rexge/Documents/Unreal Projects/TheBigHunt/Content/Characters/MannequinsXR/Textures/Manny/T_Manny_02_MSR_MSK.ubulk" 1383
"C:/Users/rexge/Documents/Unreal Projects/TheBigHunt/Content/Characters/MannequinsXR/Textures/Manny/T_Manny_02_MSR_MSK.uasset" 1384
"C:/Users/rexge/Documents/Unreal Projects/TheBigHunt/Content/Characters/MannequinsXR/Textures/Manny/T_Manny_02_MSR_MSK.uexp" 1385
"C:/Users/rexge/Documents/Unreal Projects/TheBigHunt/Content/Characters/MannequinsXR/Textures/Manny/T_Manny_02_D.ubulk" 1386
"C:/Users/rexge/Documents/Unreal Projects/TheBigHunt/Content/Characters/MannequinsXR/Textures/Manny/T_Manny_02_D.uasset" 1387
"C:/Users/rexge/Documents/Unreal Projects/TheBigHunt/Content/Characters/MannequinsXR/Textures/Manny/T_Manny_02_D.uexp" 1388
"C:/Users/rexge/Documents/Unreal Projects/TheBigHunt/Content/Characters/MannequinsXR/Textures/Manny/T_Manny_02_CCRCCPlastic_MSK.ubulk" 1389
"C:/Users/rexge/Documents/Unreal Projects/TheBigHunt/Content/Characters/MannequinsXR/Textures/Manny/T_Manny_02_CCRCCPlastic_MSK.uasset" 1390
"C:/Users/rexge/Documents/Unreal Projects/TheBigHunt/Content/Characters/MannequinsXR/Textures/Manny/T_Manny_02_CCRCCPlastic_MSK.uexp" 1391
"C:/Users/rexge/Documents/Unreal Projects/TheBigHunt/Content/Characters/MannequinsXR/Textures/Manny/T_Manny_02_BN.ubulk" 1392
"C:/Users/rexge/Documents/Unreal Projects/TheBigHunt/Content/Characters/MannequinsXR/Textures/Manny/T_Manny_02_BN.uasset" 1393
"C:/Users/rexge/Documents/Unreal Projects/TheBigHunt/Content/Characters/MannequinsXR/Textures/Manny/T_Manny_02_BN.uexp" 1394
"C:/Users/rexge/Documents/Unreal Projects/TheBigHunt/Content/Characters/MannequinsXR/Textures/Manny/T_Manny_02_ASAOPMASK_MSK.ubulk" 1395
"C:/Users/rexge/Documents/Unreal Projects/TheBigHunt/Content/Characters/MannequinsXR/Textures/Manny/T_Manny_02_ASAOPMASK_MSK.uasset" 1396
"C:/Users/rexge/Documents/Unreal Projects/TheBigHunt/Content/Characters/MannequinsXR/Textures/Manny/T_Manny_02_ASAOPMASK_MSK.uexp" 1397
"C:/Users/rexge/Documents/Unreal Projects/TheBigHunt/Content/Characters/MannequinsXR/Textures/Manny/T_Manny_01_Tan.ubulk" 1398
"C:/Users/rexge/Documents/Unreal Projects/TheBigHunt/Content/Characters/MannequinsXR/Textures/Manny/T_Manny_01_Tan.uasset" 1399
"C:/Users/rexge/Documents/Unreal Projects/TheBigHunt/Content/Characters/MannequinsXR/Textures/Manny/T_Manny_01_Tan.uexp" 1400
"C:/Users/rexge/Documents/Unreal Projects/TheBigHunt/Content/Characters/MannequinsXR/Textures/Manny/T_Manny_01_N.ubulk" 1401
"C:/Users/rexge/Documents/Unreal Projects/TheBigHunt/Content/Characters/MannequinsXR/Textures/Manny/T_Manny_01_N.uasset" 1402
"C:/Users/rexge/Documents/Unreal Projects/TheBigHunt/Content/Characters/MannequinsXR/Textures/Manny/T_Manny_01_N.uexp" 1403
"C:/Users/rexge/Documents/Unreal Projects/TheBigHunt/Content/Characters/MannequinsXR/Textures/Manny/T_Manny_01_MSR_MSK.ubulk" 1404
"C:/Users/rexge/Documents/Unreal Projects/TheBigHunt/Content/Characters/MannequinsXR/Textures/Manny/T_Manny_01_MSR_MSK.uasset" 1405
"C:/Users/rexge/Documents/Unreal Projects/TheBigHunt/Content/Characters/MannequinsXR/Textures/Manny/T_Manny_01_MSR_MSK.uexp" 1406
"C:/Users/rexge/Documents/Unreal Projects/TheBigHunt/Content/Characters/MannequinsXR/Textures/Manny/T_Manny_01_D.ubulk" 1407
"C:/Users/rexge/Documents/Unreal Projects/TheBigHunt/Content/Characters/MannequinsXR/Textures/Manny/T_Manny_01_D.uasset" 1408
"C:/Users/rexge/Documents/Unreal Projects/TheBigHunt/Content/Characters/MannequinsXR/Textures/Manny/T_Manny_01_D.uexp" 1409
"C:/Users/rexge/Documents/Unreal Projects/TheBigHunt/Content/Characters/MannequinsXR/Textures/Manny/T_Manny_01_CCRCCPlastic_MSK.ubulk" 1410
"C:/Users/rexge/Documents/Unreal Projects/TheBigHunt/Content/Characters/MannequinsXR/Textures/Manny/T_Manny_01_CCRCCPlastic_MSK.uasset" 1411
"C:/Users/rexge/Documents/Unreal Projects/TheBigHunt/Content/Characters/MannequinsXR/Textures/Manny/T_Manny_01_CCRCCPlastic_MSK.uexp" 1412
"C:/Users/rexge/Documents/Unreal Projects/TheBigHunt/Content/Characters/MannequinsXR/Textures/Manny/T_Manny_01_BN.ubulk" 1413
"C:/Users/rexge/Documents/Unreal Projects/TheBigHunt/Content/Characters/MannequinsXR/Textures/Manny/T_Manny_01_BN.uasset" 1414
"C:/Users/rexge/Documents/Unreal Projects/TheBigHunt/Content/Characters/MannequinsXR/Textures/Manny/T_Manny_01_BN.uexp" 1415
"C:/Users/rexge/Documents/Unreal Projects/TheBigHunt/Content/Characters/MannequinsXR/Textures/Manny/T_Manny_01_ASAOPMASK_MSK.ubulk" 1416
"C:/Users/rexge/Documents/Unreal Projects/TheBigHunt/Content/Characters/MannequinsXR/Textures/Manny/T_Manny_01_ASAOPMASK_MSK.uasset" 1417
"C:/Users/rexge/Documents/Unreal Projects/TheBigHunt/Content/Characters/MannequinsXR/Textures/Manny/T_Manny_01_ASAOPMASK_MSK.uexp" 1418
"C:/Users/rexge/Documents/Unreal Projects/TheBigHunt/Content/Characters/MannequinsXR/Materials/Functions/ML_BaseColorFallOff.uasset" 1419
"C:/Users/rexge/Documents/Unreal Projects/TheBigHunt/Content/Characters/MannequinsXR/Materials/Functions/ML_BaseColorFallOff.uexp" 1420
"C:/Users/rexge/Documents/Unreal Projects/TheBigHunt/Content/Characters/MannequinsXR/Textures/Shared/T_UE_Logo_M.uasset" 1421
"C:/Users/rexge/Documents/Unreal Projects/TheBigHunt/Content/Characters/MannequinsXR/Textures/Shared/T_UE_Logo_M.uexp" 1422
"C:/Users/rexge/Documents/Unreal Projects/TheBigHunt/Content/Characters/MannequinsXR/Materials/Functions/MF_logo3layers.uasset" 1423
"C:/Users/rexge/Documents/Unreal Projects/TheBigHunt/Content/Characters/MannequinsXR/Materials/Functions/MF_logo3layers.uexp" 1424
"C:/Users/rexge/Documents/Unreal Projects/TheBigHunt/Content/Characters/MannequinsXR/Materials/Functions/ChromaticCurve.uasset" 1425
"C:/Users/rexge/Documents/Unreal Projects/TheBigHunt/Content/Characters/MannequinsXR/Materials/Functions/ChromaticCurve.uexp" 1426
"C:/Users/rexge/Documents/Unreal Projects/TheBigHunt/Content/Characters/MannequinsXR/Materials/Functions/CA_Mannequin.uasset" 1427
"C:/Users/rexge/Documents/Unreal Projects/TheBigHunt/Content/Characters/MannequinsXR/Materials/Functions/CA_Mannequin.uexp" 1428
"C:/Users/rexge/Documents/Unreal Projects/TheBigHunt/Content/Characters/MannequinsXR/Materials/Functions/MF_Diffraction.uasset" 1429
"C:/Users/rexge/Documents/Unreal Projects/TheBigHunt/Content/Characters/MannequinsXR/Materials/Functions/MF_Diffraction.uexp" 1430
"C:/Users/rexge/Documents/Unreal Projects/TheBigHunt/Content/Characters/MannequinsXR/Materials/M_Mannequin.uasset" 1431
"C:/Users/rexge/Documents/Unreal Projects/TheBigHunt/Content/Characters/MannequinsXR/Materials/M_Mannequin.uexp" 1432
"C:/Users/rexge/Documents/Unreal Projects/TheBigHunt/Content/Characters/MannequinsXR/Materials/Instances/Manny/MI_Manny_01.uasset" 1433
"C:/Users/rexge/Documents/Unreal Projects/TheBigHunt/Content/Characters/MannequinsXR/Materials/Instances/Manny/MI_Manny_01.uexp" 1434
"C:/Users/rexge/Documents/Unreal Projects/TheBigHunt/Content/Characters/MannequinsXR/Materials/Instances/Manny/MI_Manny_02.uasset" 1435
"C:/Users/rexge/Documents/Unreal Projects/TheBigHunt/Content/Characters/MannequinsXR/Materials/Instances/Manny/MI_Manny_02.uexp" 1436
"C:/Users/rexge/Documents/Unreal Projects/TheBigHunt/Content/Characters/MannequinsXR/Meshes/SKM_MannyXR_left.uasset" 1437
"C:/Users/rexge/Documents/Unreal Projects/TheBigHunt/Content/Characters/MannequinsXR/Meshes/SKM_MannyXR_left.uexp" 1438
"C:/Users/rexge/Documents/Unreal Projects/TheBigHunt/Content/Characters/MannequinsXR/B_MannequinsXR.uasset" 1439
"C:/Users/rexge/Documents/Unreal Projects/TheBigHunt/Content/Characters/MannequinsXR/B_MannequinsXR.uexp" 1440
"C:/Users/rexge/Documents/Unreal Projects/TheBigHunt/Content/Characters/MannequinsXR/Meshes/SKM_MannyXR_right.uasset" 1441
"C:/Users/rexge/Documents/Unreal Projects/TheBigHunt/Content/Characters/MannequinsXR/Meshes/SKM_MannyXR_right.uexp" 1442
"C:/Users/rexge/Documents/Unreal Projects/TheBigHunt/Content/VRTemplate/Blueprints/VRPawn.uasset" 1443
"C:/Users/rexge/Documents/Unreal Projects/TheBigHunt/Content/VRTemplate/Blueprints/VRPawn.uexp" 1444
"C:/Users/rexge/Documents/Unreal Projects/TheBigHunt/Content/VRTemplate/Blueprints/VRGameMode.uasset" 1445
"C:/Users/rexge/Documents/Unreal Projects/TheBigHunt/Content/VRTemplate/Blueprints/VRGameMode.uexp" 1446
"../../../Engine/Content/Engine_MI_Shaders/T_Normal.uasset" 1447
"../../../Engine/Content/Engine_MI_Shaders/T_Normal.uexp" 1448
"../../../Engine/Content/MaterialTemplates/LayerBlends/T_DefaultMaskTexture.uasset" 1449
"../../../Engine/Content/MaterialTemplates/LayerBlends/T_DefaultMaskTexture.uexp" 1450
"C:/Users/rexge/Documents/Unreal Projects/TheBigHunt/Content/Weapons/Rifle/Materials/M_Weapon.uasset" 1451
"C:/Users/rexge/Documents/Unreal Projects/TheBigHunt/Content/Weapons/Rifle/Materials/M_Weapon.uexp" 1452
"C:/Users/rexge/Documents/Unreal Projects/TheBigHunt/Content/Weapons/Pistol/Textures/T_Pistol_N.ubulk" 1453
"C:/Users/rexge/Documents/Unreal Projects/TheBigHunt/Content/Weapons/Pistol/Textures/T_Pistol_N.uasset" 1454
"C:/Users/rexge/Documents/Unreal Projects/TheBigHunt/Content/Weapons/Pistol/Textures/T_Pistol_N.uexp" 1455
"C:/Users/rexge/Documents/Unreal Projects/TheBigHunt/Content/Weapons/Pistol/Textures/T_Pistol_Masks.ubulk" 1456
"C:/Users/rexge/Documents/Unreal Projects/TheBigHunt/Content/Weapons/Pistol/Textures/T_Pistol_Masks.uasset" 1457
"C:/Users/rexge/Documents/Unreal Projects/TheBigHunt/Content/Weapons/Pistol/Textures/T_Pistol_Masks.uexp" 1458
"C:/Users/rexge/Documents/Unreal Projects/TheBigHunt/Content/Weapons/Pistol/Textures/T_Pistol_D.ubulk" 1459
"C:/Users/rexge/Documents/Unreal Projects/TheBigHunt/Content/Weapons/Pistol/Textures/T_Pistol_D.uasset" 1460
"C:/Users/rexge/Documents/Unreal Projects/TheBigHunt/Content/Weapons/Pistol/Textures/T_Pistol_D.uexp" 1461
"C:/Users/rexge/Documents/Unreal Projects/TheBigHunt/Content/Weapons/Pistol/Textures/T_Pistol_AORM.ubulk" 1462
"C:/Users/rexge/Documents/Unreal Projects/TheBigHunt/Content/Weapons/Pistol/Textures/T_Pistol_AORM.uasset" 1463
"C:/Users/rexge/Documents/Unreal Projects/TheBigHunt/Content/Weapons/Pistol/Textures/T_Pistol_AORM.uexp" 1464
"C:/Users/rexge/Documents/Unreal Projects/TheBigHunt/Content/Weapons/Pistol/Materials/MI_Weapon_Pistol.uasset" 1465
"C:/Users/rexge/Documents/Unreal Projects/TheBigHunt/Content/Weapons/Pistol/Materials/MI_Weapon_Pistol.uexp" 1466
"C:/Users/rexge/Documents/Unreal Projects/TheBigHunt/Content/Weapons/Pistol/Meshes/SM_Pistol.ubulk" 1467
"C:/Users/rexge/Documents/Unreal Projects/TheBigHunt/Content/Weapons/Pistol/Meshes/SM_Pistol.uasset" 1468
"C:/Users/rexge/Documents/Unreal Projects/TheBigHunt/Content/Weapons/Pistol/Meshes/SM_Pistol.uexp" 1469
"C:/Users/rexge/Documents/Unreal Projects/TheBigHunt/Content/VRTemplate/Input/Actions/IA_Shoot_Right.uasset" 1470
"C:/Users/rexge/Documents/Unreal Projects/TheBigHunt/Content/VRTemplate/Input/Actions/IA_Shoot_Right.uexp" 1471
"C:/Users/rexge/Documents/Unreal Projects/TheBigHunt/Content/VRTemplate/Input/IMC_Weapon_Right.uasset" 1472
"C:/Users/rexge/Documents/Unreal Projects/TheBigHunt/Content/VRTemplate/Input/IMC_Weapon_Right.uexp" 1473
"C:/Users/rexge/Documents/Unreal Projects/TheBigHunt/Content/VRTemplate/Input/Actions/IA_Shoot_Left.uasset" 1474
"C:/Users/rexge/Documents/Unreal Projects/TheBigHunt/Content/VRTemplate/Input/Actions/IA_Shoot_Left.uexp" 1475
"C:/Users/rexge/Documents/Unreal Projects/TheBigHunt/Content/VRTemplate/Input/IMC_Weapon_Left.uasset" 1476
"C:/Users/rexge/Documents/Unreal Projects/TheBigHunt/Content/VRTemplate/Input/IMC_Weapon_Left.uexp" 1477
"C:/Users/rexge/Documents/Unreal Projects/TheBigHunt/Content/VRTemplate/Haptics/PistolFireHapticEffect.uasset" 1478
"C:/Users/rexge/Documents/Unreal Projects/TheBigHunt/Content/VRTemplate/Haptics/PistolFireHapticEffect.uexp" 1479
"C:/Users/rexge/Documents/Unreal Projects/TheBigHunt/Content/VRTemplate/Blueprints/Projectile.uasset" 1480
"C:/Users/rexge/Documents/Unreal Projects/TheBigHunt/Content/VRTemplate/Blueprints/Projectile.uexp" 1481
"C:/Users/rexge/Documents/Unreal Projects/TheBigHunt/Content/VRTemplate/Blueprints/Pistol.uasset" 1482
"C:/Users/rexge/Documents/Unreal Projects/TheBigHunt/Content/VRTemplate/Blueprints/Pistol.uexp" 1483
"C:/Users/rexge/Documents/Unreal Projects/TheBigHunt/Content/LevelPrototyping/Materials/M_FlatCol.uasset" 1484
"C:/Users/rexge/Documents/Unreal Projects/TheBigHunt/Content/LevelPrototyping/Materials/M_FlatCol.uexp" 1485
"C:/Users/rexge/Documents/Unreal Projects/TheBigHunt/Content/LevelPrototyping/Materials/MI_DefaultColorway.uasset" 1486
"C:/Users/rexge/Documents/Unreal Projects/TheBigHunt/Content/LevelPrototyping/Materials/MI_DefaultColorway.uexp" 1487
"C:/Users/rexge/Documents/Unreal Projects/TheBigHunt/Content/VRTemplate/Materials/MI_VRColorway.uasset" 1488
"C:/Users/rexge/Documents/Unreal Projects/TheBigHunt/Content/VRTemplate/Materials/MI_VRColorway.uexp" 1489
"C:/Users/rexge/Documents/Unreal Projects/TheBigHunt/Content/LevelPrototyping/Meshes/SM_ChamferCube.ubulk" 1490
"C:/Users/rexge/Documents/Unreal Projects/TheBigHunt/Content/LevelPrototyping/Meshes/SM_ChamferCube.uasset" 1491
"C:/Users/rexge/Documents/Unreal Projects/TheBigHunt/Content/LevelPrototyping/Meshes/SM_ChamferCube.uexp" 1492
"C:/Users/rexge/Documents/Unreal Projects/TheBigHunt/Content/VRTemplate/Blueprints/Grabbable_SmallCube.uasset" 1493
"C:/Users/rexge/Documents/Unreal Projects/TheBigHunt/Content/VRTemplate/Blueprints/Grabbable_SmallCube.uexp" 1494
"../../../Engine/Content/EditorResources/MatineeCam_D.uasset" 1495
"../../../Engine/Content/EditorResources/MatineeCam_D.uexp" 1496
"../../../Engine/Content/EditorMaterials/MatineeCam_mat.uasset" 1497
"../../../Engine/Content/EditorMaterials/MatineeCam_mat.uexp" 1498
"../../../Engine/Content/EditorMeshes/MatineeCam_SM.ubulk" 1499
"../../../Engine/Content/EditorMeshes/MatineeCam_SM.uasset" 1500
"../../../Engine/Content/EditorMeshes/MatineeCam_SM.uexp" 1501
"C:/Users/rexge/Documents/Unreal Projects/TheBigHunt/Content/VRSpectator/RT_VRSpectator.uasset" 1502
"C:/Users/rexge/Documents/Unreal Projects/TheBigHunt/Content/VRSpectator/RT_VRSpectator.uexp" 1503
"C:/Users/rexge/Documents/Unreal Projects/TheBigHunt/Content/VRSpectator/EVRSpectatorMode.uasset" 1504
"C:/Users/rexge/Documents/Unreal Projects/TheBigHunt/Content/VRSpectator/EVRSpectatorMode.uexp" 1505
"C:/Users/rexge/Documents/Unreal Projects/TheBigHunt/Content/VRSpectator/Input/Actions/IA_VRSpectator_FadeInOut.uasset" 1506
"C:/Users/rexge/Documents/Unreal Projects/TheBigHunt/Content/VRSpectator/Input/Actions/IA_VRSpectator_FadeInOut.uexp" 1507
"C:/Users/rexge/Documents/Unreal Projects/TheBigHunt/Content/VRSpectator/Input/Actions/IA_VRSpectator_FOV.uasset" 1508
"C:/Users/rexge/Documents/Unreal Projects/TheBigHunt/Content/VRSpectator/Input/Actions/IA_VRSpectator_FOV.uexp" 1509
"C:/Users/rexge/Documents/Unreal Projects/TheBigHunt/Content/VRSpectator/Input/Actions/IA_VRSpectator_FOV_Reset.uasset" 1510
"C:/Users/rexge/Documents/Unreal Projects/TheBigHunt/Content/VRSpectator/Input/Actions/IA_VRSpectator_FOV_Reset.uexp" 1511
"C:/Users/rexge/Documents/Unreal Projects/TheBigHunt/Content/VRSpectator/Input/Actions/IA_VRSpectator_Look.uasset" 1512
"C:/Users/rexge/Documents/Unreal Projects/TheBigHunt/Content/VRSpectator/Input/Actions/IA_VRSpectator_Look.uexp" 1513
"C:/Users/rexge/Documents/Unreal Projects/TheBigHunt/Content/VRSpectator/Input/Actions/IA_VRSpectator_Move.uasset" 1514
"C:/Users/rexge/Documents/Unreal Projects/TheBigHunt/Content/VRSpectator/Input/Actions/IA_VRSpectator_Move.uexp" 1515
"C:/Users/rexge/Documents/Unreal Projects/TheBigHunt/Content/VRSpectator/Input/Actions/IA_VRSpectator_ResetRotation.uasset" 1516
"C:/Users/rexge/Documents/Unreal Projects/TheBigHunt/Content/VRSpectator/Input/Actions/IA_VRSpectator_ResetRotation.uexp" 1517
"C:/Users/rexge/Documents/Unreal Projects/TheBigHunt/Content/VRSpectator/Input/Actions/IA_VRSpectator_Toggle.uasset" 1518
"C:/Users/rexge/Documents/Unreal Projects/TheBigHunt/Content/VRSpectator/Input/Actions/IA_VRSpectator_Toggle.uexp" 1519
"C:/Users/rexge/Documents/Unreal Projects/TheBigHunt/Content/VRSpectator/Input/IMC_VRSpectator.uasset" 1520
"C:/Users/rexge/Documents/Unreal Projects/TheBigHunt/Content/VRSpectator/Input/IMC_VRSpectator.uexp" 1521
"C:/Users/rexge/Documents/Unreal Projects/TheBigHunt/Content/VRSpectator/VRSpectator.uasset" 1522
"C:/Users/rexge/Documents/Unreal Projects/TheBigHunt/Content/VRSpectator/VRSpectator.uexp" 1523
"../../../Engine/Content/EngineMaterials/WeightMapPlaceholderTexture.uasset" 1524
"../../../Engine/Content/EngineMaterials/WeightMapPlaceholderTexture.uexp" 1525
"../../../Engine/Content/EngineMaterials/WeightMapArrayPlaceholderTexture.uasset" 1526
"../../../Engine/Content/EngineMaterials/WeightMapArrayPlaceholderTexture.uexp" 1527
"C:/Users/rexge/Documents/Unreal Projects/TheBigHunt/Content/Fab/Megascans/Surfaces/Dried_Grass_xbrgaba/Medium/xbrgaba_tier_2/Textures/T_xbrgaba_2K_B.ubulk" 1528
"C:/Users/rexge/Documents/Unreal Projects/TheBigHunt/Content/Fab/Megascans/Surfaces/Dried_Grass_xbrgaba/Medium/xbrgaba_tier_2/Textures/T_xbrgaba_2K_B.uasset" 1529
"C:/Users/rexge/Documents/Unreal Projects/TheBigHunt/Content/Fab/Megascans/Surfaces/Dried_Grass_xbrgaba/Medium/xbrgaba_tier_2/Textures/T_xbrgaba_2K_B.uexp" 1530
"C:/Users/rexge/Documents/Unreal Projects/TheBigHunt/Content/Fab/Megascans/Surfaces/Dried_Grass_xbrgaba/Medium/xbrgaba_tier_2/Textures/T_xbrgaba_2K_N.ubulk" 1531
"C:/Users/rexge/Documents/Unreal Projects/TheBigHunt/Content/Fab/Megascans/Surfaces/Dried_Grass_xbrgaba/Medium/xbrgaba_tier_2/Textures/T_xbrgaba_2K_N.uasset" 1532
"C:/Users/rexge/Documents/Unreal Projects/TheBigHunt/Content/Fab/Megascans/Surfaces/Dried_Grass_xbrgaba/Medium/xbrgaba_tier_2/Textures/T_xbrgaba_2K_N.uexp" 1533
"C:/Users/rexge/Documents/Unreal Projects/TheBigHunt/Content/Fab/Megascans/Surfaces/Dry_Cracked_Mud_xccibi1/Raw/xccibi1_tier_0/Textures/T_xccibi1_8K_B.uexp" 1534
"C:/Users/rexge/Documents/Unreal Projects/TheBigHunt/Content/Fab/Megascans/Surfaces/Dry_Cracked_Mud_xccibi1/Raw/xccibi1_tier_0/Textures/T_xccibi1_8K_B.ubulk" 1535
"C:/Users/rexge/Documents/Unreal Projects/TheBigHunt/Content/Fab/Megascans/Surfaces/Dry_Cracked_Mud_xccibi1/Raw/xccibi1_tier_0/Textures/T_xccibi1_8K_B.uasset" 1536
"C:/Users/rexge/Documents/Unreal Projects/TheBigHunt/Content/Fab/Megascans/Surfaces/Dry_Cracked_Mud_xccibi1/Raw/xccibi1_tier_0/Textures/T_xccibi1_8K_B.uptnl" 1537
"C:/Users/rexge/Documents/Unreal Projects/TheBigHunt/Content/Fab/Megascans/Surfaces/Dry_Cracked_Mud_xccibi1/Raw/xccibi1_tier_0/Textures/T_xccibi1_8K_N.uexp" 1538
"C:/Users/rexge/Documents/Unreal Projects/TheBigHunt/Content/Fab/Megascans/Surfaces/Dry_Cracked_Mud_xccibi1/Raw/xccibi1_tier_0/Textures/T_xccibi1_8K_N.ubulk" 1539
"C:/Users/rexge/Documents/Unreal Projects/TheBigHunt/Content/Fab/Megascans/Surfaces/Dry_Cracked_Mud_xccibi1/Raw/xccibi1_tier_0/Textures/T_xccibi1_8K_N.uasset" 1540
"C:/Users/rexge/Documents/Unreal Projects/TheBigHunt/Content/Fab/Megascans/Surfaces/Dry_Cracked_Mud_xccibi1/Raw/xccibi1_tier_0/Textures/T_xccibi1_8K_N.uptnl" 1541
"C:/Users/rexge/Documents/Unreal Projects/TheBigHunt/Content/Fab/Megascans/Surfaces/Wild_Grass_sfknaeoa/Low/sfknaeoa_tier_3/Textures/T_sfknaeoa_1K_B.ubulk" 1542
"C:/Users/rexge/Documents/Unreal Projects/TheBigHunt/Content/Fab/Megascans/Surfaces/Wild_Grass_sfknaeoa/Low/sfknaeoa_tier_3/Textures/T_sfknaeoa_1K_B.uasset" 1543
"C:/Users/rexge/Documents/Unreal Projects/TheBigHunt/Content/Fab/Megascans/Surfaces/Wild_Grass_sfknaeoa/Low/sfknaeoa_tier_3/Textures/T_sfknaeoa_1K_B.uexp" 1544
"C:/Users/rexge/Documents/Unreal Projects/TheBigHunt/Content/Fab/Megascans/Surfaces/Wild_Grass_sfknaeoa/Low/sfknaeoa_tier_3/Textures/T_sfknaeoa_1K_N.ubulk" 1545
"C:/Users/rexge/Documents/Unreal Projects/TheBigHunt/Content/Fab/Megascans/Surfaces/Wild_Grass_sfknaeoa/Low/sfknaeoa_tier_3/Textures/T_sfknaeoa_1K_N.uasset" 1546
"C:/Users/rexge/Documents/Unreal Projects/TheBigHunt/Content/Fab/Megascans/Surfaces/Wild_Grass_sfknaeoa/Low/sfknaeoa_tier_3/Textures/T_sfknaeoa_1K_N.uexp" 1547
"C:/Users/rexge/Documents/Unreal Projects/TheBigHunt/Content/TerrainData/Terrain.uasset" 1548
"C:/Users/rexge/Documents/Unreal Projects/TheBigHunt/Content/TerrainData/Terrain.uexp" 1549
"C:/Users/rexge/Documents/Unreal Projects/TheBigHunt/Content/TerrainData/Rock_LayerInfo.uasset" 1550
"C:/Users/rexge/Documents/Unreal Projects/TheBigHunt/Content/TerrainData/Rock_LayerInfo.uexp" 1551
"C:/Users/rexge/Documents/Unreal Projects/TheBigHunt/Content/TerrainData/Mud_LayerInfo.uasset" 1552
"C:/Users/rexge/Documents/Unreal Projects/TheBigHunt/Content/TerrainData/Mud_LayerInfo.uexp" 1553
"C:/Users/rexge/Documents/Unreal Projects/TheBigHunt/Content/TerrainData/Forest_Grass_LayerInfo.uasset" 1554
"C:/Users/rexge/Documents/Unreal Projects/TheBigHunt/Content/TerrainData/Forest_Grass_LayerInfo.uexp" 1555
"C:/Users/rexge/Documents/Unreal Projects/TheBigHunt/Content/TerrainData/Dried_Grass_LayerInfo.uasset" 1556
"C:/Users/rexge/Documents/Unreal Projects/TheBigHunt/Content/TerrainData/Dried_Grass_LayerInfo.uexp" 1557
"C:/Users/rexge/Documents/Unreal Projects/TheBigHunt/Content/RocksPackDEMO/Textures/Rocks/T_RockPack_Cliff_07_RMA.ubulk" 1558
"C:/Users/rexge/Documents/Unreal Projects/TheBigHunt/Content/RocksPackDEMO/Textures/Rocks/T_RockPack_Cliff_07_RMA.uasset" 1559
"C:/Users/rexge/Documents/Unreal Projects/TheBigHunt/Content/RocksPackDEMO/Textures/Rocks/T_RockPack_Cliff_07_RMA.uexp" 1560
"C:/Users/rexge/Documents/Unreal Projects/TheBigHunt/Content/RocksPackDEMO/Textures/Rocks/T_RockPack_Cliff_07_N.ubulk" 1561
"C:/Users/rexge/Documents/Unreal Projects/TheBigHunt/Content/RocksPackDEMO/Textures/Rocks/T_RockPack_Cliff_07_N.uasset" 1562
"C:/Users/rexge/Documents/Unreal Projects/TheBigHunt/Content/RocksPackDEMO/Textures/Rocks/T_RockPack_Cliff_07_N.uexp" 1563
"C:/Users/rexge/Documents/Unreal Projects/TheBigHunt/Content/RocksPackDEMO/Textures/Rocks/T_RockPack_Cliff_07_BC.ubulk" 1564
"C:/Users/rexge/Documents/Unreal Projects/TheBigHunt/Content/RocksPackDEMO/Textures/Rocks/T_RockPack_Cliff_07_BC.uasset" 1565
"C:/Users/rexge/Documents/Unreal Projects/TheBigHunt/Content/RocksPackDEMO/Textures/Rocks/T_RockPack_Cliff_07_BC.uexp" 1566
"../../../Engine/Content/Functions/Engine_MaterialFunctions03/Blends/Blend_Overlay.uasset" 1567
"../../../Engine/Content/Functions/Engine_MaterialFunctions03/Blends/Blend_Overlay.uexp" 1568
"../../../Engine/Content/Functions/Engine_MaterialFunctions01/AlphaBlend/WorldAlignedBlend.uasset" 1569
"../../../Engine/Content/Functions/Engine_MaterialFunctions01/AlphaBlend/WorldAlignedBlend.uexp" 1570
"C:/Users/rexge/Documents/Unreal Projects/TheBigHunt/Content/RocksPackDEMO/Textures/Landscape/T_Mountains_01_N.ubulk" 1571
"C:/Users/rexge/Documents/Unreal Projects/TheBigHunt/Content/RocksPackDEMO/Textures/Landscape/T_Mountains_01_N.uasset" 1572
"C:/Users/rexge/Documents/Unreal Projects/TheBigHunt/Content/RocksPackDEMO/Textures/Landscape/T_Mountains_01_N.uexp" 1573
"C:/Users/rexge/Documents/Unreal Projects/TheBigHunt/Content/RocksPackDEMO/Textures/Landscape/T_Mountains_01_BC.ubulk" 1574
"C:/Users/rexge/Documents/Unreal Projects/TheBigHunt/Content/RocksPackDEMO/Textures/Landscape/T_Mountains_01_BC.uasset" 1575
"C:/Users/rexge/Documents/Unreal Projects/TheBigHunt/Content/RocksPackDEMO/Textures/Landscape/T_Mountains_01_BC.uexp" 1576
"C:/Users/rexge/Documents/Unreal Projects/TheBigHunt/Content/RocksPackDEMO/Collection/Textures/T_Rock_MicroNoise.ubulk" 1577
"C:/Users/rexge/Documents/Unreal Projects/TheBigHunt/Content/RocksPackDEMO/Collection/Textures/T_Rock_MicroNoise.uasset" 1578
"C:/Users/rexge/Documents/Unreal Projects/TheBigHunt/Content/RocksPackDEMO/Collection/Textures/T_Rock_MicroNoise.uexp" 1579
"C:/Users/rexge/Documents/Unreal Projects/TheBigHunt/Content/RocksPackDEMO/Collection/Textures/T_RMA_Flat.ubulk" 1580
"C:/Users/rexge/Documents/Unreal Projects/TheBigHunt/Content/RocksPackDEMO/Collection/Textures/T_RMA_Flat.uasset" 1581
"C:/Users/rexge/Documents/Unreal Projects/TheBigHunt/Content/RocksPackDEMO/Collection/Textures/T_RMA_Flat.uexp" 1582
"C:/Users/rexge/Documents/Unreal Projects/TheBigHunt/Content/RocksPackDEMO/Collection/Textures/T_Normal_Flat.ubulk" 1583
"C:/Users/rexge/Documents/Unreal Projects/TheBigHunt/Content/RocksPackDEMO/Collection/Textures/T_Normal_Flat.uasset" 1584
"C:/Users/rexge/Documents/Unreal Projects/TheBigHunt/Content/RocksPackDEMO/Collection/Textures/T_Normal_Flat.uexp" 1585
"C:/Users/rexge/Documents/Unreal Projects/TheBigHunt/Content/RocksPackDEMO/Collection/Textures/T_BaseColor_Flat.ubulk" 1586
"C:/Users/rexge/Documents/Unreal Projects/TheBigHunt/Content/RocksPackDEMO/Collection/Textures/T_BaseColor_Flat.uasset" 1587
"C:/Users/rexge/Documents/Unreal Projects/TheBigHunt/Content/RocksPackDEMO/Collection/Textures/T_BaseColor_Flat.uexp" 1588
"C:/Users/rexge/Documents/Unreal Projects/TheBigHunt/Content/RocksPackDEMO/Collection/MaterialFunctions/MF_CoverageLayer.uasset" 1589
"C:/Users/rexge/Documents/Unreal Projects/TheBigHunt/Content/RocksPackDEMO/Collection/MaterialFunctions/MF_CoverageLayer.uexp" 1590
"C:/Users/rexge/Documents/Unreal Projects/TheBigHunt/Content/RocksPackDEMO/Collection/ParentMaterials/MM_CliffsDEMO.uasset" 1591
"C:/Users/rexge/Documents/Unreal Projects/TheBigHunt/Content/RocksPackDEMO/Collection/ParentMaterials/MM_CliffsDEMO.uexp" 1592
"C:/Users/rexge/Documents/Unreal Projects/TheBigHunt/Content/RocksPackDEMO/Materials/Rocks/M_RockPack_Cliff_07.uasset" 1593
"C:/Users/rexge/Documents/Unreal Projects/TheBigHunt/Content/RocksPackDEMO/Materials/Rocks/M_RockPack_Cliff_07.uexp" 1594
"C:/Users/rexge/Documents/Unreal Projects/TheBigHunt/Content/RocksPackDEMO/Environment/Rocks/SM_RockPack_Cliff_07_B.ubulk" 1595
"C:/Users/rexge/Documents/Unreal Projects/TheBigHunt/Content/RocksPackDEMO/Environment/Rocks/SM_RockPack_Cliff_07_B.uasset" 1596
"C:/Users/rexge/Documents/Unreal Projects/TheBigHunt/Content/RocksPackDEMO/Environment/Rocks/SM_RockPack_Cliff_07_B.uexp" 1597
"C:/Users/rexge/Documents/Unreal Projects/TheBigHunt/Content/RocksPackDEMO/Environment/Rocks/SM_RockPack_Cliff_07_D.ubulk" 1598
"C:/Users/rexge/Documents/Unreal Projects/TheBigHunt/Content/RocksPackDEMO/Environment/Rocks/SM_RockPack_Cliff_07_D.uasset" 1599
"C:/Users/rexge/Documents/Unreal Projects/TheBigHunt/Content/RocksPackDEMO/Environment/Rocks/SM_RockPack_Cliff_07_D.uexp" 1600
"C:/Users/rexge/Documents/Unreal Projects/TheBigHunt/Content/RocksPackDEMO/Textures/Rocks/T_RockPack_Rocks_01_RMA.ubulk" 1601
"C:/Users/rexge/Documents/Unreal Projects/TheBigHunt/Content/RocksPackDEMO/Textures/Rocks/T_RockPack_Rocks_01_RMA.uasset" 1602
"C:/Users/rexge/Documents/Unreal Projects/TheBigHunt/Content/RocksPackDEMO/Textures/Rocks/T_RockPack_Rocks_01_RMA.uexp" 1603
"C:/Users/rexge/Documents/Unreal Projects/TheBigHunt/Content/RocksPackDEMO/Textures/Rocks/T_RockPack_Rocks_01_N.ubulk" 1604
"C:/Users/rexge/Documents/Unreal Projects/TheBigHunt/Content/RocksPackDEMO/Textures/Rocks/T_RockPack_Rocks_01_N.uasset" 1605
"C:/Users/rexge/Documents/Unreal Projects/TheBigHunt/Content/RocksPackDEMO/Textures/Rocks/T_RockPack_Rocks_01_N.uexp" 1606
"C:/Users/rexge/Documents/Unreal Projects/TheBigHunt/Content/RocksPackDEMO/Textures/Rocks/T_RockPack_Rocks_01_BC.ubulk" 1607
"C:/Users/rexge/Documents/Unreal Projects/TheBigHunt/Content/RocksPackDEMO/Textures/Rocks/T_RockPack_Rocks_01_BC.uasset" 1608
"C:/Users/rexge/Documents/Unreal Projects/TheBigHunt/Content/RocksPackDEMO/Textures/Rocks/T_RockPack_Rocks_01_BC.uexp" 1609
"C:/Users/rexge/Documents/Unreal Projects/TheBigHunt/Content/RocksPackDEMO/Materials/Rocks/M_RockPack_Rocks_01.uasset" 1610
"C:/Users/rexge/Documents/Unreal Projects/TheBigHunt/Content/RocksPackDEMO/Materials/Rocks/M_RockPack_Rocks_01.uexp" 1611
"C:/Users/rexge/Documents/Unreal Projects/TheBigHunt/Content/RocksPackDEMO/Environment/Rocks/SM_RockPack_Rock_02.ubulk" 1612
"C:/Users/rexge/Documents/Unreal Projects/TheBigHunt/Content/RocksPackDEMO/Environment/Rocks/SM_RockPack_Rock_02.uasset" 1613
"C:/Users/rexge/Documents/Unreal Projects/TheBigHunt/Content/RocksPackDEMO/Environment/Rocks/SM_RockPack_Rock_02.uexp" 1614
"C:/Users/rexge/Documents/Unreal Projects/TheBigHunt/Content/RocksPackDEMO/Environment/Rocks/SM_RockPack_Rock_04.ubulk" 1615
"C:/Users/rexge/Documents/Unreal Projects/TheBigHunt/Content/RocksPackDEMO/Environment/Rocks/SM_RockPack_Rock_04.uasset" 1616
"C:/Users/rexge/Documents/Unreal Projects/TheBigHunt/Content/RocksPackDEMO/Environment/Rocks/SM_RockPack_Rock_04.uexp" 1617
"C:/Users/rexge/Documents/Unreal Projects/TheBigHunt/Content/RocksPackDEMO/Environment/Rocks/SM_RockPack_Rock_07.ubulk" 1618
"C:/Users/rexge/Documents/Unreal Projects/TheBigHunt/Content/RocksPackDEMO/Environment/Rocks/SM_RockPack_Rock_07.uasset" 1619
"C:/Users/rexge/Documents/Unreal Projects/TheBigHunt/Content/RocksPackDEMO/Environment/Rocks/SM_RockPack_Rock_07.uexp" 1620
"C:/Users/rexge/Documents/Unreal Projects/TheBigHunt/Content/RocksPackDEMO/Textures/Rocks/T_RockPack_RockGroups_01_RMA.ubulk" 1621
"C:/Users/rexge/Documents/Unreal Projects/TheBigHunt/Content/RocksPackDEMO/Textures/Rocks/T_RockPack_RockGroups_01_RMA.uasset" 1622
"C:/Users/rexge/Documents/Unreal Projects/TheBigHunt/Content/RocksPackDEMO/Textures/Rocks/T_RockPack_RockGroups_01_RMA.uexp" 1623
"C:/Users/rexge/Documents/Unreal Projects/TheBigHunt/Content/RocksPackDEMO/Textures/Rocks/T_RockPack_RockGroups_01_N.ubulk" 1624
"C:/Users/rexge/Documents/Unreal Projects/TheBigHunt/Content/RocksPackDEMO/Textures/Rocks/T_RockPack_RockGroups_01_N.uasset" 1625
"C:/Users/rexge/Documents/Unreal Projects/TheBigHunt/Content/RocksPackDEMO/Textures/Rocks/T_RockPack_RockGroups_01_N.uexp" 1626
"C:/Users/rexge/Documents/Unreal Projects/TheBigHunt/Content/RocksPackDEMO/Textures/Rocks/T_RockPack_RockGroups_01_BC.ubulk" 1627
"C:/Users/rexge/Documents/Unreal Projects/TheBigHunt/Content/RocksPackDEMO/Textures/Rocks/T_RockPack_RockGroups_01_BC.uasset" 1628
"C:/Users/rexge/Documents/Unreal Projects/TheBigHunt/Content/RocksPackDEMO/Textures/Rocks/T_RockPack_RockGroups_01_BC.uexp" 1629
"C:/Users/rexge/Documents/Unreal Projects/TheBigHunt/Content/RocksPackDEMO/Materials/Rocks/M_RockPack_RockGroups_01.uasset" 1630
"C:/Users/rexge/Documents/Unreal Projects/TheBigHunt/Content/RocksPackDEMO/Materials/Rocks/M_RockPack_RockGroups_01.uexp" 1631
"C:/Users/rexge/Documents/Unreal Projects/TheBigHunt/Content/RocksPackDEMO/Environment/Rocks/SM_RockPack_RockGroups_01_A.ubulk" 1632
"C:/Users/rexge/Documents/Unreal Projects/TheBigHunt/Content/RocksPackDEMO/Environment/Rocks/SM_RockPack_RockGroups_01_A.uasset" 1633
"C:/Users/rexge/Documents/Unreal Projects/TheBigHunt/Content/RocksPackDEMO/Environment/Rocks/SM_RockPack_RockGroups_01_A.uexp" 1634
"C:/Users/rexge/Documents/Unreal Projects/TheBigHunt/Content/RocksPackDEMO/Textures/Rocks/T_RockPack_RockGroups_02_RMA.ubulk" 1635
"C:/Users/rexge/Documents/Unreal Projects/TheBigHunt/Content/RocksPackDEMO/Textures/Rocks/T_RockPack_RockGroups_02_RMA.uasset" 1636
"C:/Users/rexge/Documents/Unreal Projects/TheBigHunt/Content/RocksPackDEMO/Textures/Rocks/T_RockPack_RockGroups_02_RMA.uexp" 1637
"C:/Users/rexge/Documents/Unreal Projects/TheBigHunt/Content/RocksPackDEMO/Textures/Rocks/T_RockPack_RockGroups_02_N.ubulk" 1638
"C:/Users/rexge/Documents/Unreal Projects/TheBigHunt/Content/RocksPackDEMO/Textures/Rocks/T_RockPack_RockGroups_02_N.uasset" 1639
"C:/Users/rexge/Documents/Unreal Projects/TheBigHunt/Content/RocksPackDEMO/Textures/Rocks/T_RockPack_RockGroups_02_N.uexp" 1640
"C:/Users/rexge/Documents/Unreal Projects/TheBigHunt/Content/RocksPackDEMO/Textures/Rocks/T_RockPack_RockGroups_02_BC.ubulk" 1641
"C:/Users/rexge/Documents/Unreal Projects/TheBigHunt/Content/RocksPackDEMO/Textures/Rocks/T_RockPack_RockGroups_02_BC.uasset" 1642
"C:/Users/rexge/Documents/Unreal Projects/TheBigHunt/Content/RocksPackDEMO/Textures/Rocks/T_RockPack_RockGroups_02_BC.uexp" 1643
"C:/Users/rexge/Documents/Unreal Projects/TheBigHunt/Content/RocksPackDEMO/Materials/Rocks/M_RockPack_RockGroups_02.uasset" 1644
"C:/Users/rexge/Documents/Unreal Projects/TheBigHunt/Content/RocksPackDEMO/Materials/Rocks/M_RockPack_RockGroups_02.uexp" 1645
"C:/Users/rexge/Documents/Unreal Projects/TheBigHunt/Content/RocksPackDEMO/Environment/Rocks/SM_RockPack_RockGroups_02_B.ubulk" 1646
"C:/Users/rexge/Documents/Unreal Projects/TheBigHunt/Content/RocksPackDEMO/Environment/Rocks/SM_RockPack_RockGroups_02_B.uasset" 1647
"C:/Users/rexge/Documents/Unreal Projects/TheBigHunt/Content/RocksPackDEMO/Environment/Rocks/SM_RockPack_RockGroups_02_B.uexp" 1648
"C:/Users/rexge/Documents/Unreal Projects/TheBigHunt/Content/LevelPrototyping/Textures/T_GridChecker_A.ubulk" 1649
"C:/Users/rexge/Documents/Unreal Projects/TheBigHunt/Content/LevelPrototyping/Textures/T_GridChecker_A.uasset" 1650
"C:/Users/rexge/Documents/Unreal Projects/TheBigHunt/Content/LevelPrototyping/Textures/T_GridChecker_A.uexp" 1651
"C:/Users/rexge/Documents/Unreal Projects/TheBigHunt/Content/LevelPrototyping/Materials/MF_ProcGrid.uasset" 1652
"C:/Users/rexge/Documents/Unreal Projects/TheBigHunt/Content/LevelPrototyping/Materials/MF_ProcGrid.uexp" 1653
"C:/Users/rexge/Documents/Unreal Projects/TheBigHunt/Content/LevelPrototyping/Materials/M_PrototypeGrid.uasset" 1654
"C:/Users/rexge/Documents/Unreal Projects/TheBigHunt/Content/LevelPrototyping/Materials/M_PrototypeGrid.uexp" 1655
"C:/Users/rexge/Documents/Unreal Projects/TheBigHunt/Content/LevelPrototyping/Materials/MI_PrototypeGrid_Gray.uasset" 1656
"C:/Users/rexge/Documents/Unreal Projects/TheBigHunt/Content/LevelPrototyping/Materials/MI_PrototypeGrid_Gray.uexp" 1657
"C:/Users/rexge/Documents/Unreal Projects/TheBigHunt/Content/LevelPrototyping/Meshes/SM_Cube.ubulk" 1658
"C:/Users/rexge/Documents/Unreal Projects/TheBigHunt/Content/LevelPrototyping/Meshes/SM_Cube.uasset" 1659
"C:/Users/rexge/Documents/Unreal Projects/TheBigHunt/Content/LevelPrototyping/Meshes/SM_Cube.uexp" 1660
"C:/Users/rexge/Documents/Unreal Projects/TheBigHunt/Content/AfricanAnimalsPack/Zebra/Meshes/SK_Zebra_Skeleton.uasset" 1661
"C:/Users/rexge/Documents/Unreal Projects/TheBigHunt/Content/AfricanAnimalsPack/Zebra/Meshes/SK_Zebra_Skeleton.uexp" 1662
"C:/Users/rexge/Documents/Unreal Projects/TheBigHunt/Content/AfricanAnimalsPack/Zebra/Meshes/SK_Zebra_PhysicsAsset.uasset" 1663
"C:/Users/rexge/Documents/Unreal Projects/TheBigHunt/Content/AfricanAnimalsPack/Zebra/Meshes/SK_Zebra_PhysicsAsset.uexp" 1664
"C:/Users/rexge/Documents/Unreal Projects/TheBigHunt/Content/AfricanAnimalsPack/Zebra/Textures/T_Zebra_Transparency.ubulk" 1665
"C:/Users/rexge/Documents/Unreal Projects/TheBigHunt/Content/AfricanAnimalsPack/Zebra/Textures/T_Zebra_Transparency.uasset" 1666
"C:/Users/rexge/Documents/Unreal Projects/TheBigHunt/Content/AfricanAnimalsPack/Zebra/Textures/T_Zebra_Transparency.uexp" 1667
"C:/Users/rexge/Documents/Unreal Projects/TheBigHunt/Content/AfricanAnimalsPack/Zebra/Textures/T_Zebra_Specular.uasset" 1668
"C:/Users/rexge/Documents/Unreal Projects/TheBigHunt/Content/AfricanAnimalsPack/Zebra/Textures/T_Zebra_Specular.uexp" 1669
"C:/Users/rexge/Documents/Unreal Projects/TheBigHunt/Content/AfricanAnimalsPack/Zebra/Textures/T_Zebra_OcclusionRoughnessMetallic.ubulk" 1670
"C:/Users/rexge/Documents/Unreal Projects/TheBigHunt/Content/AfricanAnimalsPack/Zebra/Textures/T_Zebra_OcclusionRoughnessMetallic.uasset" 1671
"C:/Users/rexge/Documents/Unreal Projects/TheBigHunt/Content/AfricanAnimalsPack/Zebra/Textures/T_Zebra_OcclusionRoughnessMetallic.uexp" 1672
"C:/Users/rexge/Documents/Unreal Projects/TheBigHunt/Content/AfricanAnimalsPack/Zebra/Textures/T_Zebra_Nml.ubulk" 1673
"C:/Users/rexge/Documents/Unreal Projects/TheBigHunt/Content/AfricanAnimalsPack/Zebra/Textures/T_Zebra_Nml.uasset" 1674
"C:/Users/rexge/Documents/Unreal Projects/TheBigHunt/Content/AfricanAnimalsPack/Zebra/Textures/T_Zebra_Nml.uexp" 1675
"C:/Users/rexge/Documents/Unreal Projects/TheBigHunt/Content/AfricanAnimalsPack/Zebra/Textures/T_Zebra_BaseColor.ubulk" 1676
"C:/Users/rexge/Documents/Unreal Projects/TheBigHunt/Content/AfricanAnimalsPack/Zebra/Textures/T_Zebra_BaseColor.uasset" 1677
"C:/Users/rexge/Documents/Unreal Projects/TheBigHunt/Content/AfricanAnimalsPack/Zebra/Textures/T_Zebra_BaseColor.uexp" 1678
"C:/Users/rexge/Documents/Unreal Projects/TheBigHunt/Content/AfricanAnimalsPack/Zebra/Materials/M_Zebra.uasset" 1679
"C:/Users/rexge/Documents/Unreal Projects/TheBigHunt/Content/AfricanAnimalsPack/Zebra/Materials/M_Zebra.uexp" 1680
"C:/Users/rexge/Documents/Unreal Projects/TheBigHunt/Content/AfricanAnimalsPack/Zebra/Meshes/SK_Zebra.uasset" 1681
"C:/Users/rexge/Documents/Unreal Projects/TheBigHunt/Content/AfricanAnimalsPack/Zebra/Meshes/SK_Zebra.uexp" 1682
"C:/Users/rexge/Documents/Unreal Projects/TheBigHunt/Content/AfricanAnimalsPack/Zebra/Animations/ANIM_Zebra_IdleLookAround.uasset" 1683
"C:/Users/rexge/Documents/Unreal Projects/TheBigHunt/Content/AfricanAnimalsPack/Zebra/Animations/ANIM_Zebra_IdleLookAround.m.ubulk" 1684
"C:/Users/rexge/Documents/Unreal Projects/TheBigHunt/Content/AfricanAnimalsPack/Zebra/Animations/ANIM_Zebra_IdleLookAround.uexp" 1685
"C:/Users/rexge/Documents/Unreal Projects/TheBigHunt/Content/AfricanAnimalsPack/Zebra/Animations/ANIM_Zebra_Death.uasset" 1686
"C:/Users/rexge/Documents/Unreal Projects/TheBigHunt/Content/AfricanAnimalsPack/Zebra/Animations/ANIM_Zebra_Death.m.ubulk" 1687
"C:/Users/rexge/Documents/Unreal Projects/TheBigHunt/Content/AfricanAnimalsPack/Zebra/Animations/ANIM_Zebra_Death.uexp" 1688
"C:/Users/rexge/Documents/Unreal Projects/TheBigHunt/Content/AfricanAnimalsPack/Zebra/Animations/ANIM_Zebra_IdleBreathe.uasset" 1689
"C:/Users/rexge/Documents/Unreal Projects/TheBigHunt/Content/AfricanAnimalsPack/Zebra/Animations/ANIM_Zebra_IdleBreathe.m.ubulk" 1690
"C:/Users/rexge/Documents/Unreal Projects/TheBigHunt/Content/AfricanAnimalsPack/Zebra/Animations/ANIM_Zebra_IdleBreathe.uexp" 1691
"C:/Users/rexge/Documents/Unreal Projects/TheBigHunt/Content/AfricanAnimalsPack/Zebra/Animations/ANIM_Zebra_IdleChew.uasset" 1692
"C:/Users/rexge/Documents/Unreal Projects/TheBigHunt/Content/AfricanAnimalsPack/Zebra/Animations/ANIM_Zebra_IdleChew.m.ubulk" 1693
"C:/Users/rexge/Documents/Unreal Projects/TheBigHunt/Content/AfricanAnimalsPack/Zebra/Animations/ANIM_Zebra_IdleChew.uexp" 1694
"C:/Users/rexge/Documents/Unreal Projects/TheBigHunt/Content/Blueprints/Animals/BP_Zebra.uasset" 1695
"C:/Users/rexge/Documents/Unreal Projects/TheBigHunt/Content/Blueprints/Animals/BP_Zebra.uexp" 1696
"C:/Users/rexge/Documents/Unreal Projects/TheBigHunt/Content/AfricanAnimalsPack/Rhinoceros/Meshes/SK_Rhinoceros_Skeleton.uasset" 1697
"C:/Users/rexge/Documents/Unreal Projects/TheBigHunt/Content/AfricanAnimalsPack/Rhinoceros/Meshes/SK_Rhinoceros_Skeleton.uexp" 1698
"C:/Users/rexge/Documents/Unreal Projects/TheBigHunt/Content/AfricanAnimalsPack/Rhinoceros/Meshes/SK_Rhinoceros_PhysicsAsset.uasset" 1699
"C:/Users/rexge/Documents/Unreal Projects/TheBigHunt/Content/AfricanAnimalsPack/Rhinoceros/Meshes/SK_Rhinoceros_PhysicsAsset.uexp" 1700
"C:/Users/rexge/Documents/Unreal Projects/TheBigHunt/Content/AfricanAnimalsPack/Rhinoceros/Textures/T_Rhinoceros_Specular.uasset" 1701
"C:/Users/rexge/Documents/Unreal Projects/TheBigHunt/Content/AfricanAnimalsPack/Rhinoceros/Textures/T_Rhinoceros_Specular.uexp" 1702
"C:/Users/rexge/Documents/Unreal Projects/TheBigHunt/Content/AfricanAnimalsPack/Rhinoceros/Textures/t_Rhinoceros_OcclusionRoughnessMetallic.ubulk" 1703
"C:/Users/rexge/Documents/Unreal Projects/TheBigHunt/Content/AfricanAnimalsPack/Rhinoceros/Textures/t_Rhinoceros_OcclusionRoughnessMetallic.uasset" 1704
"C:/Users/rexge/Documents/Unreal Projects/TheBigHunt/Content/AfricanAnimalsPack/Rhinoceros/Textures/t_Rhinoceros_OcclusionRoughnessMetallic.uexp" 1705
"C:/Users/rexge/Documents/Unreal Projects/TheBigHunt/Content/AfricanAnimalsPack/Rhinoceros/Textures/T_Rhinoceros_Nml.ubulk" 1706
"C:/Users/rexge/Documents/Unreal Projects/TheBigHunt/Content/AfricanAnimalsPack/Rhinoceros/Textures/T_Rhinoceros_Nml.uasset" 1707
"C:/Users/rexge/Documents/Unreal Projects/TheBigHunt/Content/AfricanAnimalsPack/Rhinoceros/Textures/T_Rhinoceros_Nml.uexp" 1708
"C:/Users/rexge/Documents/Unreal Projects/TheBigHunt/Content/AfricanAnimalsPack/Rhinoceros/Textures/T_Rhinoceros_BaseColor.ubulk" 1709
"C:/Users/rexge/Documents/Unreal Projects/TheBigHunt/Content/AfricanAnimalsPack/Rhinoceros/Textures/T_Rhinoceros_BaseColor.uasset" 1710
"C:/Users/rexge/Documents/Unreal Projects/TheBigHunt/Content/AfricanAnimalsPack/Rhinoceros/Textures/T_Rhinoceros_BaseColor.uexp" 1711
"C:/Users/rexge/Documents/Unreal Projects/TheBigHunt/Content/AfricanAnimalsPack/Rhinoceros/Materials/M_Rhinoceros.uasset" 1712
"C:/Users/rexge/Documents/Unreal Projects/TheBigHunt/Content/AfricanAnimalsPack/Rhinoceros/Materials/M_Rhinoceros.uexp" 1713
"C:/Users/rexge/Documents/Unreal Projects/TheBigHunt/Content/AfricanAnimalsPack/Rhinoceros/Meshes/SK_Rhinoceros.uasset" 1714
"C:/Users/rexge/Documents/Unreal Projects/TheBigHunt/Content/AfricanAnimalsPack/Rhinoceros/Meshes/SK_Rhinoceros.uexp" 1715
"C:/Users/rexge/Documents/Unreal Projects/TheBigHunt/Content/AfricanAnimalsPack/Hippopotamus/Meshes/SK_Hippopotamus_Skeleton.uasset" 1716
"C:/Users/rexge/Documents/Unreal Projects/TheBigHunt/Content/AfricanAnimalsPack/Hippopotamus/Meshes/SK_Hippopotamus_Skeleton.uexp" 1717
"C:/Users/rexge/Documents/Unreal Projects/TheBigHunt/Content/AfricanAnimalsPack/Hippopotamus/Animations/ANIM_Hippopotamus_IdleChew.uasset" 1718
"C:/Users/rexge/Documents/Unreal Projects/TheBigHunt/Content/AfricanAnimalsPack/Hippopotamus/Animations/ANIM_Hippopotamus_IdleChew.m.ubulk" 1719
"C:/Users/rexge/Documents/Unreal Projects/TheBigHunt/Content/AfricanAnimalsPack/Hippopotamus/Animations/ANIM_Hippopotamus_IdleChew.uexp" 1720
"C:/Users/rexge/Documents/Unreal Projects/TheBigHunt/Content/AfricanAnimalsPack/Rhinoceros/Animations/ANIM_Rhinoceros_Death.uasset" 1721
"C:/Users/rexge/Documents/Unreal Projects/TheBigHunt/Content/AfricanAnimalsPack/Rhinoceros/Animations/ANIM_Rhinoceros_Death.m.ubulk" 1722
"C:/Users/rexge/Documents/Unreal Projects/TheBigHunt/Content/AfricanAnimalsPack/Rhinoceros/Animations/ANIM_Rhinoceros_Death.uexp" 1723
"C:/Users/rexge/Documents/Unreal Projects/TheBigHunt/Content/AfricanAnimalsPack/Rhinoceros/Animations/ANIM_Rhinoceros_IdleBreathe.uasset" 1724
"C:/Users/rexge/Documents/Unreal Projects/TheBigHunt/Content/AfricanAnimalsPack/Rhinoceros/Animations/ANIM_Rhinoceros_IdleBreathe.m.ubulk" 1725
"C:/Users/rexge/Documents/Unreal Projects/TheBigHunt/Content/AfricanAnimalsPack/Rhinoceros/Animations/ANIM_Rhinoceros_IdleBreathe.uexp" 1726
"C:/Users/rexge/Documents/Unreal Projects/TheBigHunt/Content/AfricanAnimalsPack/Rhinoceros/Animations/ANIM_Rhinoceros_IdleLookForFood.uasset" 1727
"C:/Users/rexge/Documents/Unreal Projects/TheBigHunt/Content/AfricanAnimalsPack/Rhinoceros/Animations/ANIM_Rhinoceros_IdleLookForFood.m.ubulk" 1728
"C:/Users/rexge/Documents/Unreal Projects/TheBigHunt/Content/AfricanAnimalsPack/Rhinoceros/Animations/ANIM_Rhinoceros_IdleLookForFood.uexp" 1729
"C:/Users/rexge/Documents/Unreal Projects/TheBigHunt/Content/Blueprints/Animals/BP_Rhino.uasset" 1730
"C:/Users/rexge/Documents/Unreal Projects/TheBigHunt/Content/Blueprints/Animals/BP_Rhino.uexp" 1731
"../../../Engine/Plugins/Animation/ACLPlugin/Content/ACLAnimCurveCompressionSettings.uasset" 1732
"../../../Engine/Plugins/Animation/ACLPlugin/Content/ACLAnimCurveCompressionSettings.uexp" 1733
"../../../Engine/Plugins/Animation/ACLPlugin/Content/ACLAnimBoneCompressionSettings.uasset" 1734
"../../../Engine/Plugins/Animation/ACLPlugin/Content/ACLAnimBoneCompressionSettings.uexp" 1735
"../../../Engine/Content/Animation/DefaultVariableFrameStrippingSettings.uasset" 1736
"../../../Engine/Content/Animation/DefaultVariableFrameStrippingSettings.uexp" 1737
"C:/Users/rexge/Documents/Unreal Projects/TheBigHunt/Content/AfricanAnimalsPack/LionAndLioness/Meshes/SK_Lion_LOD0_Skeleton.uasset" 1738
"C:/Users/rexge/Documents/Unreal Projects/TheBigHunt/Content/AfricanAnimalsPack/LionAndLioness/Meshes/SK_Lion_LOD0_Skeleton.uexp" 1739
"C:/Users/rexge/Documents/Unreal Projects/TheBigHunt/Content/AfricanAnimalsPack/LionAndLioness/Animations/ANIM_Lion_Death.uasset" 1740
"C:/Users/rexge/Documents/Unreal Projects/TheBigHunt/Content/AfricanAnimalsPack/LionAndLioness/Animations/ANIM_Lion_Death.m.ubulk" 1741
"C:/Users/rexge/Documents/Unreal Projects/TheBigHunt/Content/AfricanAnimalsPack/LionAndLioness/Animations/ANIM_Lion_Death.uexp" 1742
"C:/Users/rexge/Documents/Unreal Projects/TheBigHunt/Content/AfricanAnimalsPack/LionAndLioness/Animations/ANIM_Lion_IdleBreathe.uasset" 1743
"C:/Users/rexge/Documents/Unreal Projects/TheBigHunt/Content/AfricanAnimalsPack/LionAndLioness/Animations/ANIM_Lion_IdleBreathe.m.ubulk" 1744
"C:/Users/rexge/Documents/Unreal Projects/TheBigHunt/Content/AfricanAnimalsPack/LionAndLioness/Animations/ANIM_Lion_IdleBreathe.uexp" 1745
"C:/Users/rexge/Documents/Unreal Projects/TheBigHunt/Content/AfricanAnimalsPack/LionAndLioness/Meshes/SK_Lion_LOD0_PhysicsAsset.uasset" 1746
"C:/Users/rexge/Documents/Unreal Projects/TheBigHunt/Content/AfricanAnimalsPack/LionAndLioness/Meshes/SK_Lion_LOD0_PhysicsAsset.uexp" 1747
"C:/Users/rexge/Documents/Unreal Projects/TheBigHunt/Content/AfricanAnimalsPack/LionAndLioness/Textures/T_Lion_Specular.uasset" 1748
"C:/Users/rexge/Documents/Unreal Projects/TheBigHunt/Content/AfricanAnimalsPack/LionAndLioness/Textures/T_Lion_Specular.uexp" 1749
"C:/Users/rexge/Documents/Unreal Projects/TheBigHunt/Content/AfricanAnimalsPack/LionAndLioness/Textures/T_Lioness_OcclusionRoughnessMetallic.ubulk" 1750
"C:/Users/rexge/Documents/Unreal Projects/TheBigHunt/Content/AfricanAnimalsPack/LionAndLioness/Textures/T_Lioness_OcclusionRoughnessMetallic.uasset" 1751
"C:/Users/rexge/Documents/Unreal Projects/TheBigHunt/Content/AfricanAnimalsPack/LionAndLioness/Textures/T_Lioness_OcclusionRoughnessMetallic.uexp" 1752
"C:/Users/rexge/Documents/Unreal Projects/TheBigHunt/Content/AfricanAnimalsPack/LionAndLioness/Textures/T_Lioness_Nml.ubulk" 1753
"C:/Users/rexge/Documents/Unreal Projects/TheBigHunt/Content/AfricanAnimalsPack/LionAndLioness/Textures/T_Lioness_Nml.uasset" 1754
"C:/Users/rexge/Documents/Unreal Projects/TheBigHunt/Content/AfricanAnimalsPack/LionAndLioness/Textures/T_Lioness_Nml.uexp" 1755
"C:/Users/rexge/Documents/Unreal Projects/TheBigHunt/Content/AfricanAnimalsPack/LionAndLioness/Textures/T_Lioness_BaseColor.ubulk" 1756
"C:/Users/rexge/Documents/Unreal Projects/TheBigHunt/Content/AfricanAnimalsPack/LionAndLioness/Textures/T_Lioness_BaseColor.uasset" 1757
"C:/Users/rexge/Documents/Unreal Projects/TheBigHunt/Content/AfricanAnimalsPack/LionAndLioness/Textures/T_Lioness_BaseColor.uexp" 1758
"C:/Users/rexge/Documents/Unreal Projects/TheBigHunt/Content/AfricanAnimalsPack/LionAndLioness/Materials/M_Lioness.uasset" 1759
"C:/Users/rexge/Documents/Unreal Projects/TheBigHunt/Content/AfricanAnimalsPack/LionAndLioness/Materials/M_Lioness.uexp" 1760
"C:/Users/rexge/Documents/Unreal Projects/TheBigHunt/Content/AfricanAnimalsPack/LionAndLioness/Materials/M_LionessFur.uasset" 1761
"C:/Users/rexge/Documents/Unreal Projects/TheBigHunt/Content/AfricanAnimalsPack/LionAndLioness/Materials/M_LionessFur.uexp" 1762
"C:/Users/rexge/Documents/Unreal Projects/TheBigHunt/Content/AfricanAnimalsPack/LionAndLioness/Meshes/SK_Lioness_LOD0.uasset" 1763
"C:/Users/rexge/Documents/Unreal Projects/TheBigHunt/Content/AfricanAnimalsPack/LionAndLioness/Meshes/SK_Lioness_LOD0.uexp" 1764
"C:/Users/rexge/Documents/Unreal Projects/TheBigHunt/Content/Blueprints/Animals/BP_Lionness.uasset" 1765
"C:/Users/rexge/Documents/Unreal Projects/TheBigHunt/Content/Blueprints/Animals/BP_Lionness.uexp" 1766
"C:/Users/rexge/Documents/Unreal Projects/TheBigHunt/Content/AfricanAnimalsPack/LionAndLioness/Textures/T_Lion_OcclusionRoughnessMetallic.ubulk" 1767
"C:/Users/rexge/Documents/Unreal Projects/TheBigHunt/Content/AfricanAnimalsPack/LionAndLioness/Textures/T_Lion_OcclusionRoughnessMetallic.uasset" 1768
"C:/Users/rexge/Documents/Unreal Projects/TheBigHunt/Content/AfricanAnimalsPack/LionAndLioness/Textures/T_Lion_OcclusionRoughnessMetallic.uexp" 1769
"C:/Users/rexge/Documents/Unreal Projects/TheBigHunt/Content/AfricanAnimalsPack/LionAndLioness/Textures/T_Lion_Nml.ubulk" 1770
"C:/Users/rexge/Documents/Unreal Projects/TheBigHunt/Content/AfricanAnimalsPack/LionAndLioness/Textures/T_Lion_Nml.uasset" 1771
"C:/Users/rexge/Documents/Unreal Projects/TheBigHunt/Content/AfricanAnimalsPack/LionAndLioness/Textures/T_Lion_Nml.uexp" 1772
"C:/Users/rexge/Documents/Unreal Projects/TheBigHunt/Content/AfricanAnimalsPack/LionAndLioness/Textures/T_Lion_BaseColor.ubulk" 1773
"C:/Users/rexge/Documents/Unreal Projects/TheBigHunt/Content/AfricanAnimalsPack/LionAndLioness/Textures/T_Lion_BaseColor.uasset" 1774
"C:/Users/rexge/Documents/Unreal Projects/TheBigHunt/Content/AfricanAnimalsPack/LionAndLioness/Textures/T_Lion_BaseColor.uexp" 1775
"C:/Users/rexge/Documents/Unreal Projects/TheBigHunt/Content/AfricanAnimalsPack/LionAndLioness/Materials/M_LionFur.uasset" 1776
"C:/Users/rexge/Documents/Unreal Projects/TheBigHunt/Content/AfricanAnimalsPack/LionAndLioness/Materials/M_LionFur.uexp" 1777
"C:/Users/rexge/Documents/Unreal Projects/TheBigHunt/Content/AfricanAnimalsPack/LionAndLioness/Materials/M_Lion.uasset" 1778
"C:/Users/rexge/Documents/Unreal Projects/TheBigHunt/Content/AfricanAnimalsPack/LionAndLioness/Materials/M_Lion.uexp" 1779
"C:/Users/rexge/Documents/Unreal Projects/TheBigHunt/Content/AfricanAnimalsPack/LionAndLioness/Meshes/SK_Lion_LOD0.uasset" 1780
"C:/Users/rexge/Documents/Unreal Projects/TheBigHunt/Content/AfricanAnimalsPack/LionAndLioness/Meshes/SK_Lion_LOD0.uexp" 1781
"C:/Users/rexge/Documents/Unreal Projects/TheBigHunt/Content/Blueprints/Animals/BP_Lion.uasset" 1782
"C:/Users/rexge/Documents/Unreal Projects/TheBigHunt/Content/Blueprints/Animals/BP_Lion.uexp" 1783
"C:/Users/rexge/Documents/Unreal Projects/TheBigHunt/Content/AfricanAnimalsPack/Hippopotamus/Meshes/SK_Hippopotamus_PhysicsAsset.uasset" 1784
"C:/Users/rexge/Documents/Unreal Projects/TheBigHunt/Content/AfricanAnimalsPack/Hippopotamus/Meshes/SK_Hippopotamus_PhysicsAsset.uexp" 1785
"C:/Users/rexge/Documents/Unreal Projects/TheBigHunt/Content/AfricanAnimalsPack/Hippopotamus/Textures/T_Hippopotamus_Specular.uasset" 1786
"C:/Users/rexge/Documents/Unreal Projects/TheBigHunt/Content/AfricanAnimalsPack/Hippopotamus/Textures/T_Hippopotamus_Specular.uexp" 1787
"C:/Users/rexge/Documents/Unreal Projects/TheBigHunt/Content/AfricanAnimalsPack/Hippopotamus/Textures/T_Hippopotamus_OcclusionRoughnessMetallic.ubulk" 1788
"C:/Users/rexge/Documents/Unreal Projects/TheBigHunt/Content/AfricanAnimalsPack/Hippopotamus/Textures/T_Hippopotamus_OcclusionRoughnessMetallic.uasset" 1789
"C:/Users/rexge/Documents/Unreal Projects/TheBigHunt/Content/AfricanAnimalsPack/Hippopotamus/Textures/T_Hippopotamus_OcclusionRoughnessMetallic.uexp" 1790
"C:/Users/rexge/Documents/Unreal Projects/TheBigHunt/Content/AfricanAnimalsPack/Hippopotamus/Textures/T_Hippopotamus_Nml.ubulk" 1791
"C:/Users/rexge/Documents/Unreal Projects/TheBigHunt/Content/AfricanAnimalsPack/Hippopotamus/Textures/T_Hippopotamus_Nml.uasset" 1792
"C:/Users/rexge/Documents/Unreal Projects/TheBigHunt/Content/AfricanAnimalsPack/Hippopotamus/Textures/T_Hippopotamus_Nml.uexp" 1793
"C:/Users/rexge/Documents/Unreal Projects/TheBigHunt/Content/AfricanAnimalsPack/Hippopotamus/Textures/T_Hippopotamus_BaseColor.ubulk" 1794
"C:/Users/rexge/Documents/Unreal Projects/TheBigHunt/Content/AfricanAnimalsPack/Hippopotamus/Textures/T_Hippopotamus_BaseColor.uasset" 1795
"C:/Users/rexge/Documents/Unreal Projects/TheBigHunt/Content/AfricanAnimalsPack/Hippopotamus/Textures/T_Hippopotamus_BaseColor.uexp" 1796
"C:/Users/rexge/Documents/Unreal Projects/TheBigHunt/Content/AfricanAnimalsPack/Hippopotamus/Materials/M_Hippopotamus.uasset" 1797
"C:/Users/rexge/Documents/Unreal Projects/TheBigHunt/Content/AfricanAnimalsPack/Hippopotamus/Materials/M_Hippopotamus.uexp" 1798
"C:/Users/rexge/Documents/Unreal Projects/TheBigHunt/Content/AfricanAnimalsPack/Hippopotamus/Meshes/SK_Hippopotamus.uasset" 1799
"C:/Users/rexge/Documents/Unreal Projects/TheBigHunt/Content/AfricanAnimalsPack/Hippopotamus/Meshes/SK_Hippopotamus.uexp" 1800
"C:/Users/rexge/Documents/Unreal Projects/TheBigHunt/Content/AfricanAnimalsPack/Hippopotamus/Animations/ANIM_Hippopotamus_Death.uasset" 1801
"C:/Users/rexge/Documents/Unreal Projects/TheBigHunt/Content/AfricanAnimalsPack/Hippopotamus/Animations/ANIM_Hippopotamus_Death.m.ubulk" 1802
"C:/Users/rexge/Documents/Unreal Projects/TheBigHunt/Content/AfricanAnimalsPack/Hippopotamus/Animations/ANIM_Hippopotamus_Death.uexp" 1803
"C:/Users/rexge/Documents/Unreal Projects/TheBigHunt/Content/AfricanAnimalsPack/Hippopotamus/Animations/ANIM_Hippopotamus_IdleBreathe.uasset" 1804
"C:/Users/rexge/Documents/Unreal Projects/TheBigHunt/Content/AfricanAnimalsPack/Hippopotamus/Animations/ANIM_Hippopotamus_IdleBreathe.m.ubulk" 1805
"C:/Users/rexge/Documents/Unreal Projects/TheBigHunt/Content/AfricanAnimalsPack/Hippopotamus/Animations/ANIM_Hippopotamus_IdleBreathe.uexp" 1806
"C:/Users/rexge/Documents/Unreal Projects/TheBigHunt/Content/AfricanAnimalsPack/Hippopotamus/Animations/ANIM_Hippopotamus_IdleLookAroundAndEat.uasset" 1807
"C:/Users/rexge/Documents/Unreal Projects/TheBigHunt/Content/AfricanAnimalsPack/Hippopotamus/Animations/ANIM_Hippopotamus_IdleLookAroundAndEat.m.ubulk" 1808
"C:/Users/rexge/Documents/Unreal Projects/TheBigHunt/Content/AfricanAnimalsPack/Hippopotamus/Animations/ANIM_Hippopotamus_IdleLookAroundAndEat.uexp" 1809
"C:/Users/rexge/Documents/Unreal Projects/TheBigHunt/Content/Blueprints/Animals/BP_Hippo.uasset" 1810
"C:/Users/rexge/Documents/Unreal Projects/TheBigHunt/Content/Blueprints/Animals/BP_Hippo.uexp" 1811
"C:/Users/rexge/Documents/Unreal Projects/TheBigHunt/Content/AfricanAnimalsPack/Elephant/Animations/ANIM_Elephant_Death.uasset" 1812
"C:/Users/rexge/Documents/Unreal Projects/TheBigHunt/Content/AfricanAnimalsPack/Elephant/Animations/ANIM_Elephant_Death.m.ubulk" 1813
"C:/Users/rexge/Documents/Unreal Projects/TheBigHunt/Content/AfricanAnimalsPack/Elephant/Animations/ANIM_Elephant_Death.uexp" 1814
"C:/Users/rexge/Documents/Unreal Projects/TheBigHunt/Content/AfricanAnimalsPack/Elephant/Animations/ANIM_Elephant_IdleBreathe.uasset" 1815
"C:/Users/rexge/Documents/Unreal Projects/TheBigHunt/Content/AfricanAnimalsPack/Elephant/Animations/ANIM_Elephant_IdleBreathe.m.ubulk" 1816
"C:/Users/rexge/Documents/Unreal Projects/TheBigHunt/Content/AfricanAnimalsPack/Elephant/Animations/ANIM_Elephant_IdleBreathe.uexp" 1817
"C:/Users/rexge/Documents/Unreal Projects/TheBigHunt/Content/AfricanAnimalsPack/Elephant/Animations/ANIM_Elephant_IdleChew.uasset" 1818
"C:/Users/rexge/Documents/Unreal Projects/TheBigHunt/Content/AfricanAnimalsPack/Elephant/Animations/ANIM_Elephant_IdleChew.m.ubulk" 1819
"C:/Users/rexge/Documents/Unreal Projects/TheBigHunt/Content/AfricanAnimalsPack/Elephant/Animations/ANIM_Elephant_IdleChew.uexp" 1820
"C:/Users/rexge/Documents/Unreal Projects/TheBigHunt/Content/AfricanAnimalsPack/Elephant/Animations/ANIM_Elephant_IdleLookAround.uasset" 1821
"C:/Users/rexge/Documents/Unreal Projects/TheBigHunt/Content/AfricanAnimalsPack/Elephant/Animations/ANIM_Elephant_IdleLookAround.m.ubulk" 1822
"C:/Users/rexge/Documents/Unreal Projects/TheBigHunt/Content/AfricanAnimalsPack/Elephant/Animations/ANIM_Elephant_IdleLookAround.uexp" 1823
"C:/Users/rexge/Documents/Unreal Projects/TheBigHunt/Content/AfricanAnimalsPack/Elephant/Animations/ANIM_Elephant_IdleLookAroundEat.uasset" 1824
"C:/Users/rexge/Documents/Unreal Projects/TheBigHunt/Content/AfricanAnimalsPack/Elephant/Animations/ANIM_Elephant_IdleLookAroundEat.m.ubulk" 1825
"C:/Users/rexge/Documents/Unreal Projects/TheBigHunt/Content/AfricanAnimalsPack/Elephant/Animations/ANIM_Elephant_IdleLookAroundEat.uexp" 1826
"C:/Users/rexge/Documents/Unreal Projects/TheBigHunt/Content/AfricanAnimalsPack/Elephant/Animations/ANIM_Elephant_Walk.uasset" 1827
"C:/Users/rexge/Documents/Unreal Projects/TheBigHunt/Content/AfricanAnimalsPack/Elephant/Animations/ANIM_Elephant_Walk.m.ubulk" 1828
"C:/Users/rexge/Documents/Unreal Projects/TheBigHunt/Content/AfricanAnimalsPack/Elephant/Animations/ANIM_Elephant_Walk.uexp" 1829
"C:/Users/rexge/Documents/Unreal Projects/TheBigHunt/Content/Blueprints/Animals/BP_Elephant.uasset" 1830
"C:/Users/rexge/Documents/Unreal Projects/TheBigHunt/Content/Blueprints/Animals/BP_Elephant.uexp" 1831
"C:/Users/rexge/Documents/Unreal Projects/TheBigHunt/Content/AfricanAnimalsPack/Crocodile/Meshes/SK_Crocodile_Skeleton.uasset" 1832
"C:/Users/rexge/Documents/Unreal Projects/TheBigHunt/Content/AfricanAnimalsPack/Crocodile/Meshes/SK_Crocodile_Skeleton.uexp" 1833
"C:/Users/rexge/Documents/Unreal Projects/TheBigHunt/Content/AfricanAnimalsPack/Crocodile/Animations/ANIM_Crocodile_Death.uasset" 1834
"C:/Users/rexge/Documents/Unreal Projects/TheBigHunt/Content/AfricanAnimalsPack/Crocodile/Animations/ANIM_Crocodile_Death.m.ubulk" 1835
"C:/Users/rexge/Documents/Unreal Projects/TheBigHunt/Content/AfricanAnimalsPack/Crocodile/Animations/ANIM_Crocodile_Death.uexp" 1836
"C:/Users/rexge/Documents/Unreal Projects/TheBigHunt/Content/AfricanAnimalsPack/Crocodile/Animations/ANIM_Crocodile_Idle.uasset" 1837
"C:/Users/rexge/Documents/Unreal Projects/TheBigHunt/Content/AfricanAnimalsPack/Crocodile/Animations/ANIM_Crocodile_Idle.m.ubulk" 1838
"C:/Users/rexge/Documents/Unreal Projects/TheBigHunt/Content/AfricanAnimalsPack/Crocodile/Animations/ANIM_Crocodile_Idle.uexp" 1839
"C:/Users/rexge/Documents/Unreal Projects/TheBigHunt/Content/AfricanAnimalsPack/Crocodile/Animations/ANIM_Crocodile_Walk.uasset" 1840
"C:/Users/rexge/Documents/Unreal Projects/TheBigHunt/Content/AfricanAnimalsPack/Crocodile/Animations/ANIM_Crocodile_Walk.m.ubulk" 1841
"C:/Users/rexge/Documents/Unreal Projects/TheBigHunt/Content/AfricanAnimalsPack/Crocodile/Animations/ANIM_Crocodile_Walk.uexp" 1842
"C:/Users/rexge/Documents/Unreal Projects/TheBigHunt/Content/AfricanAnimalsPack/Crocodile/Meshes/SK_Crocodile_PhysicsAsset.uasset" 1843
"C:/Users/rexge/Documents/Unreal Projects/TheBigHunt/Content/AfricanAnimalsPack/Crocodile/Meshes/SK_Crocodile_PhysicsAsset.uexp" 1844
"C:/Users/rexge/Documents/Unreal Projects/TheBigHunt/Content/AfricanAnimalsPack/Crocodile/Textures/T_Crocodile_Specular.uasset" 1845
"C:/Users/rexge/Documents/Unreal Projects/TheBigHunt/Content/AfricanAnimalsPack/Crocodile/Textures/T_Crocodile_Specular.uexp" 1846
"C:/Users/rexge/Documents/Unreal Projects/TheBigHunt/Content/AfricanAnimalsPack/Crocodile/Textures/T_Crocodile_OcclusionRoughnessMetallic.ubulk" 1847
"C:/Users/rexge/Documents/Unreal Projects/TheBigHunt/Content/AfricanAnimalsPack/Crocodile/Textures/T_Crocodile_OcclusionRoughnessMetallic.uasset" 1848
"C:/Users/rexge/Documents/Unreal Projects/TheBigHunt/Content/AfricanAnimalsPack/Crocodile/Textures/T_Crocodile_OcclusionRoughnessMetallic.uexp" 1849
"C:/Users/rexge/Documents/Unreal Projects/TheBigHunt/Content/AfricanAnimalsPack/Crocodile/Textures/T_Crocodile_Nml.ubulk" 1850
"C:/Users/rexge/Documents/Unreal Projects/TheBigHunt/Content/AfricanAnimalsPack/Crocodile/Textures/T_Crocodile_Nml.uasset" 1851
"C:/Users/rexge/Documents/Unreal Projects/TheBigHunt/Content/AfricanAnimalsPack/Crocodile/Textures/T_Crocodile_Nml.uexp" 1852
"C:/Users/rexge/Documents/Unreal Projects/TheBigHunt/Content/AfricanAnimalsPack/Crocodile/Textures/T_Crocodile_BaseColor.ubulk" 1853
"C:/Users/rexge/Documents/Unreal Projects/TheBigHunt/Content/AfricanAnimalsPack/Crocodile/Textures/T_Crocodile_BaseColor.uasset" 1854
"C:/Users/rexge/Documents/Unreal Projects/TheBigHunt/Content/AfricanAnimalsPack/Crocodile/Textures/T_Crocodile_BaseColor.uexp" 1855
"C:/Users/rexge/Documents/Unreal Projects/TheBigHunt/Content/AfricanAnimalsPack/Crocodile/Materials/M_Crocodile.uasset" 1856
"C:/Users/rexge/Documents/Unreal Projects/TheBigHunt/Content/AfricanAnimalsPack/Crocodile/Materials/M_Crocodile.uexp" 1857
"C:/Users/rexge/Documents/Unreal Projects/TheBigHunt/Content/AfricanAnimalsPack/Crocodile/Meshes/SK_Crocodile.uasset" 1858
"C:/Users/rexge/Documents/Unreal Projects/TheBigHunt/Content/AfricanAnimalsPack/Crocodile/Meshes/SK_Crocodile.uexp" 1859
"C:/Users/rexge/Documents/Unreal Projects/TheBigHunt/Content/Blueprints/Animals/BP_Crocodile.uasset" 1860
"C:/Users/rexge/Documents/Unreal Projects/TheBigHunt/Content/Blueprints/Animals/BP_Crocodile.uexp" 1861
"../../../Engine/Content/BasicShapes/BasicShapeMaterial.uasset" 1862
"../../../Engine/Content/BasicShapes/BasicShapeMaterial.uexp" 1863
"C:/Users/rexge/Documents/Unreal Projects/TheBigHunt/Content/Blueprints/Vehicle/BP_SplineDrivePath.uasset" 1864
"C:/Users/rexge/Documents/Unreal Projects/TheBigHunt/Content/Blueprints/Vehicle/BP_SplineDrivePath.uexp" 1865
"C:/Users/rexge/Documents/Unreal Projects/TheBigHunt/Content/Blueprints/Vehicle/BP_Vehicle.uasset" 1866
"C:/Users/rexge/Documents/Unreal Projects/TheBigHunt/Content/Blueprints/Vehicle/BP_Vehicle.uexp" 1867
"../../../Engine/Plugins/Interchange/Assets/Content/Functions/MF_PhongToMetalRoughness.uasset" 1868
"../../../Engine/Plugins/Interchange/Assets/Content/Functions/MF_PhongToMetalRoughness.uexp" 1869
"C:/Users/rexge/Documents/Unreal Projects/TheBigHunt/Content/Fab/Magazine/AKS74U_magazine_Roughness.ubulk" 1870
"C:/Users/rexge/Documents/Unreal Projects/TheBigHunt/Content/Fab/Magazine/AKS74U_magazine_Roughness.uasset" 1871
"C:/Users/rexge/Documents/Unreal Projects/TheBigHunt/Content/Fab/Magazine/AKS74U_magazine_Roughness.uexp" 1872
"C:/Users/rexge/Documents/Unreal Projects/TheBigHunt/Content/Fab/Magazine/AKS74U_magazine_BaseColor.ubulk" 1873
"C:/Users/rexge/Documents/Unreal Projects/TheBigHunt/Content/Fab/Magazine/AKS74U_magazine_BaseColor.uasset" 1874
"C:/Users/rexge/Documents/Unreal Projects/TheBigHunt/Content/Fab/Magazine/AKS74U_magazine_BaseColor.uexp" 1875
"C:/Users/rexge/Documents/Unreal Projects/TheBigHunt/Content/Fab/Magazine/magazine.uasset" 1876
"C:/Users/rexge/Documents/Unreal Projects/TheBigHunt/Content/Fab/Magazine/magazine.uexp" 1877
"C:/Users/rexge/Documents/Unreal Projects/TheBigHunt/Content/Fab/Magazine/AKS74U_bullet_Roughness.ubulk" 1878
"C:/Users/rexge/Documents/Unreal Projects/TheBigHunt/Content/Fab/Magazine/AKS74U_bullet_Roughness.uasset" 1879
"C:/Users/rexge/Documents/Unreal Projects/TheBigHunt/Content/Fab/Magazine/AKS74U_bullet_Roughness.uexp" 1880
"C:/Users/rexge/Documents/Unreal Projects/TheBigHunt/Content/Fab/Magazine/AKS74U_bullet_BaseColor.ubulk" 1881
"C:/Users/rexge/Documents/Unreal Projects/TheBigHunt/Content/Fab/Magazine/AKS74U_bullet_BaseColor.uasset" 1882
"C:/Users/rexge/Documents/Unreal Projects/TheBigHunt/Content/Fab/Magazine/AKS74U_bullet_BaseColor.uexp" 1883
"C:/Users/rexge/Documents/Unreal Projects/TheBigHunt/Content/Fab/Magazine/bullet.uasset" 1884
"C:/Users/rexge/Documents/Unreal Projects/TheBigHunt/Content/Fab/Magazine/bullet.uexp" 1885
"C:/Users/rexge/Documents/Unreal Projects/TheBigHunt/Content/Fab/Magazine/magazine1.ubulk" 1886
"C:/Users/rexge/Documents/Unreal Projects/TheBigHunt/Content/Fab/Magazine/magazine1.uasset" 1887
"C:/Users/rexge/Documents/Unreal Projects/TheBigHunt/Content/Fab/Magazine/magazine1.uexp" 1888
"C:/Users/rexge/Documents/Unreal Projects/TheBigHunt/Content/Blueprints/Weapons/BP_Generic_Ammo.uasset" 1889
"C:/Users/rexge/Documents/Unreal Projects/TheBigHunt/Content/Blueprints/Weapons/BP_Generic_Ammo.uexp" 1890
"C:/Users/rexge/Documents/Unreal Projects/TheBigHunt/Content/Blueprints/Weapons/BP_Rifle_Ammo.uasset" 1891
"C:/Users/rexge/Documents/Unreal Projects/TheBigHunt/Content/Blueprints/Weapons/BP_Rifle_Ammo.uexp" 1892
"../../../Engine/Plugins/Interchange/Assets/Content/gltf/MaterialInstances/MI_Default_Opaque_DS.uasset" 1893
"../../../Engine/Plugins/Interchange/Assets/Content/gltf/MaterialInstances/MI_Default_Opaque_DS.uexp" 1894
"C:/Users/rexge/Documents/Unreal Projects/TheBigHunt/Content/Fab/Old_Sks___Weapon_Model/old_sks_weapon_model/Textures/old_sks_weapon_model_texture_0.ubulk" 1895
"C:/Users/rexge/Documents/Unreal Projects/TheBigHunt/Content/Fab/Old_Sks___Weapon_Model/old_sks_weapon_model/Textures/old_sks_weapon_model_texture_0.uasset" 1896
"C:/Users/rexge/Documents/Unreal Projects/TheBigHunt/Content/Fab/Old_Sks___Weapon_Model/old_sks_weapon_model/Textures/old_sks_weapon_model_texture_0.uexp" 1897
"C:/Users/rexge/Documents/Unreal Projects/TheBigHunt/Content/Fab/Old_Sks___Weapon_Model/old_sks_weapon_model/Textures/old_sks_weapon_model_texture_1.ubulk" 1898
"C:/Users/rexge/Documents/Unreal Projects/TheBigHunt/Content/Fab/Old_Sks___Weapon_Model/old_sks_weapon_model/Textures/old_sks_weapon_model_texture_1.uasset" 1899
"C:/Users/rexge/Documents/Unreal Projects/TheBigHunt/Content/Fab/Old_Sks___Weapon_Model/old_sks_weapon_model/Textures/old_sks_weapon_model_texture_1.uexp" 1900
"C:/Users/rexge/Documents/Unreal Projects/TheBigHunt/Content/Fab/Old_Sks___Weapon_Model/old_sks_weapon_model/Textures/old_sks_weapon_model_texture_2.ubulk" 1901
"C:/Users/rexge/Documents/Unreal Projects/TheBigHunt/Content/Fab/Old_Sks___Weapon_Model/old_sks_weapon_model/Textures/old_sks_weapon_model_texture_2.uasset" 1902
"C:/Users/rexge/Documents/Unreal Projects/TheBigHunt/Content/Fab/Old_Sks___Weapon_Model/old_sks_weapon_model/Textures/old_sks_weapon_model_texture_2.uexp" 1903
"C:/Users/rexge/Documents/Unreal Projects/TheBigHunt/Content/Fab/Old_Sks___Weapon_Model/old_sks_weapon_model/Materials/material.uasset" 1904
"C:/Users/rexge/Documents/Unreal Projects/TheBigHunt/Content/Fab/Old_Sks___Weapon_Model/old_sks_weapon_model/Materials/material.uexp" 1905
"C:/Users/rexge/Documents/Unreal Projects/TheBigHunt/Content/Fab/Old_Sks___Weapon_Model/old_sks_weapon_model/Textures/old_sks_weapon_model_texture_3.ubulk" 1906
"C:/Users/rexge/Documents/Unreal Projects/TheBigHunt/Content/Fab/Old_Sks___Weapon_Model/old_sks_weapon_model/Textures/old_sks_weapon_model_texture_3.uasset" 1907
"C:/Users/rexge/Documents/Unreal Projects/TheBigHunt/Content/Fab/Old_Sks___Weapon_Model/old_sks_weapon_model/Textures/old_sks_weapon_model_texture_3.uexp" 1908
"C:/Users/rexge/Documents/Unreal Projects/TheBigHunt/Content/Fab/Old_Sks___Weapon_Model/old_sks_weapon_model/Textures/old_sks_weapon_model_texture_4.ubulk" 1909
"C:/Users/rexge/Documents/Unreal Projects/TheBigHunt/Content/Fab/Old_Sks___Weapon_Model/old_sks_weapon_model/Textures/old_sks_weapon_model_texture_4.uasset" 1910
"C:/Users/rexge/Documents/Unreal Projects/TheBigHunt/Content/Fab/Old_Sks___Weapon_Model/old_sks_weapon_model/Textures/old_sks_weapon_model_texture_4.uexp" 1911
"C:/Users/rexge/Documents/Unreal Projects/TheBigHunt/Content/Fab/Old_Sks___Weapon_Model/old_sks_weapon_model/Textures/old_sks_weapon_model_texture_5.ubulk" 1912
"C:/Users/rexge/Documents/Unreal Projects/TheBigHunt/Content/Fab/Old_Sks___Weapon_Model/old_sks_weapon_model/Textures/old_sks_weapon_model_texture_5.uasset" 1913
"C:/Users/rexge/Documents/Unreal Projects/TheBigHunt/Content/Fab/Old_Sks___Weapon_Model/old_sks_weapon_model/Textures/old_sks_weapon_model_texture_5.uexp" 1914
"C:/Users/rexge/Documents/Unreal Projects/TheBigHunt/Content/Fab/Old_Sks___Weapon_Model/old_sks_weapon_model/Materials/7_62Bullet.uasset" 1915
"C:/Users/rexge/Documents/Unreal Projects/TheBigHunt/Content/Fab/Old_Sks___Weapon_Model/old_sks_weapon_model/Materials/7_62Bullet.uexp" 1916
"C:/Users/rexge/Documents/Unreal Projects/TheBigHunt/Content/Fab/Old_Sks___Weapon_Model/old_sks_weapon_model/StaticMeshes/shotgun_only.ubulk" 1917
"C:/Users/rexge/Documents/Unreal Projects/TheBigHunt/Content/Fab/Old_Sks___Weapon_Model/old_sks_weapon_model/StaticMeshes/shotgun_only.uasset" 1918
"C:/Users/rexge/Documents/Unreal Projects/TheBigHunt/Content/Fab/Old_Sks___Weapon_Model/old_sks_weapon_model/StaticMeshes/shotgun_only.uexp" 1919
"../../../Engine/Content/EditorResources/FieldNodes/_Resources/DefaultTextMaterialOpaque.uasset" 1920
"../../../Engine/Content/EditorResources/FieldNodes/_Resources/DefaultTextMaterialOpaque.uexp" 1921
"C:/Users/rexge/Documents/Unreal Projects/TheBigHunt/Content/Blueprints/Weapons/BP_Generic_Gun.uasset" 1922
"C:/Users/rexge/Documents/Unreal Projects/TheBigHunt/Content/Blueprints/Weapons/BP_Generic_Gun.uexp" 1923
"C:/Users/rexge/Documents/Unreal Projects/TheBigHunt/Content/Blueprints/Weapons/BP_Rifle.uasset" 1924
"C:/Users/rexge/Documents/Unreal Projects/TheBigHunt/Content/Blueprints/Weapons/BP_Rifle.uexp" 1925
"C:/Users/rexge/Documents/Unreal Projects/TheBigHunt/Content/Jeep2/textures/TireRoughness.ubulk" 1926
"C:/Users/rexge/Documents/Unreal Projects/TheBigHunt/Content/Jeep2/textures/TireRoughness.uasset" 1927
"C:/Users/rexge/Documents/Unreal Projects/TheBigHunt/Content/Jeep2/textures/TireRoughness.uexp" 1928
"C:/Users/rexge/Documents/Unreal Projects/TheBigHunt/Content/Jeep2/textures/TireNormal.ubulk" 1929
"C:/Users/rexge/Documents/Unreal Projects/TheBigHunt/Content/Jeep2/textures/TireNormal.uasset" 1930
"C:/Users/rexge/Documents/Unreal Projects/TheBigHunt/Content/Jeep2/textures/TireNormal.uexp" 1931
"C:/Users/rexge/Documents/Unreal Projects/TheBigHunt/Content/Jeep2/textures/TireMetallic.ubulk" 1932
"C:/Users/rexge/Documents/Unreal Projects/TheBigHunt/Content/Jeep2/textures/TireMetallic.uasset" 1933
"C:/Users/rexge/Documents/Unreal Projects/TheBigHunt/Content/Jeep2/textures/TireMetallic.uexp" 1934
"C:/Users/rexge/Documents/Unreal Projects/TheBigHunt/Content/Jeep2/textures/TireColor.ubulk" 1935
"C:/Users/rexge/Documents/Unreal Projects/TheBigHunt/Content/Jeep2/textures/TireColor.uasset" 1936
"C:/Users/rexge/Documents/Unreal Projects/TheBigHunt/Content/Jeep2/textures/TireColor.uexp" 1937
"C:/Users/rexge/Documents/Unreal Projects/TheBigHunt/Content/Jeep2/tires.uasset" 1938
"C:/Users/rexge/Documents/Unreal Projects/TheBigHunt/Content/Jeep2/tires.uexp" 1939
"C:/Users/rexge/Documents/Unreal Projects/TheBigHunt/Content/Jeep2/tireFrontRight.ubulk" 1940
"C:/Users/rexge/Documents/Unreal Projects/TheBigHunt/Content/Jeep2/tireFrontRight.uasset" 1941
"C:/Users/rexge/Documents/Unreal Projects/TheBigHunt/Content/Jeep2/tireFrontRight.uexp" 1942
"C:/Users/rexge/Documents/Unreal Projects/TheBigHunt/Content/Jeep2/tireFrontLeft.ubulk" 1943
"C:/Users/rexge/Documents/Unreal Projects/TheBigHunt/Content/Jeep2/tireFrontLeft.uasset" 1944
"C:/Users/rexge/Documents/Unreal Projects/TheBigHunt/Content/Jeep2/tireFrontLeft.uexp" 1945
"C:/Users/rexge/Documents/Unreal Projects/TheBigHunt/Content/Jeep2/tireBackRight.ubulk" 1946
"C:/Users/rexge/Documents/Unreal Projects/TheBigHunt/Content/Jeep2/tireBackRight.uasset" 1947
"C:/Users/rexge/Documents/Unreal Projects/TheBigHunt/Content/Jeep2/tireBackRight.uexp" 1948
"C:/Users/rexge/Documents/Unreal Projects/TheBigHunt/Content/Jeep2/tireBackLeft.ubulk" 1949
"C:/Users/rexge/Documents/Unreal Projects/TheBigHunt/Content/Jeep2/tireBackLeft.uasset" 1950
"C:/Users/rexge/Documents/Unreal Projects/TheBigHunt/Content/Jeep2/tireBackLeft.uexp" 1951
"C:/Users/rexge/Documents/Unreal Projects/TheBigHunt/Content/Jeep2/textures/JeepRoughness.ubulk" 1952
"C:/Users/rexge/Documents/Unreal Projects/TheBigHunt/Content/Jeep2/textures/JeepRoughness.uasset" 1953
"C:/Users/rexge/Documents/Unreal Projects/TheBigHunt/Content/Jeep2/textures/JeepRoughness.uexp" 1954
"C:/Users/rexge/Documents/Unreal Projects/TheBigHunt/Content/Jeep2/textures/JeepNormal.ubulk" 1955
"C:/Users/rexge/Documents/Unreal Projects/TheBigHunt/Content/Jeep2/textures/JeepNormal.uasset" 1956
"C:/Users/rexge/Documents/Unreal Projects/TheBigHunt/Content/Jeep2/textures/JeepNormal.uexp" 1957
"C:/Users/rexge/Documents/Unreal Projects/TheBigHunt/Content/Jeep2/textures/JeepMetallic.ubulk" 1958
"C:/Users/rexge/Documents/Unreal Projects/TheBigHunt/Content/Jeep2/textures/JeepMetallic.uasset" 1959
"C:/Users/rexge/Documents/Unreal Projects/TheBigHunt/Content/Jeep2/textures/JeepMetallic.uexp" 1960
"C:/Users/rexge/Documents/Unreal Projects/TheBigHunt/Content/Jeep2/textures/JeepColor.ubulk" 1961
"C:/Users/rexge/Documents/Unreal Projects/TheBigHunt/Content/Jeep2/textures/JeepColor.uasset" 1962
"C:/Users/rexge/Documents/Unreal Projects/TheBigHunt/Content/Jeep2/textures/JeepColor.uexp" 1963
"C:/Users/rexge/Documents/Unreal Projects/TheBigHunt/Content/Jeep2/textures/JeepAO.ubulk" 1964
"C:/Users/rexge/Documents/Unreal Projects/TheBigHunt/Content/Jeep2/textures/JeepAO.uasset" 1965
"C:/Users/rexge/Documents/Unreal Projects/TheBigHunt/Content/Jeep2/textures/JeepAO.uexp" 1966
"C:/Users/rexge/Documents/Unreal Projects/TheBigHunt/Content/Jeep2/jeep1.uasset" 1967
"C:/Users/rexge/Documents/Unreal Projects/TheBigHunt/Content/Jeep2/jeep1.uexp" 1968
"C:/Users/rexge/Documents/Unreal Projects/TheBigHunt/Content/Jeep2/steeringwheel.ubulk" 1969
"C:/Users/rexge/Documents/Unreal Projects/TheBigHunt/Content/Jeep2/steeringwheel.uasset" 1970
"C:/Users/rexge/Documents/Unreal Projects/TheBigHunt/Content/Jeep2/steeringwheel.uexp" 1971
"C:/Users/rexge/Documents/Unreal Projects/TheBigHunt/Content/Jeep2/poke.ubulk" 1972
"C:/Users/rexge/Documents/Unreal Projects/TheBigHunt/Content/Jeep2/poke.uasset" 1973
"C:/Users/rexge/Documents/Unreal Projects/TheBigHunt/Content/Jeep2/poke.uexp" 1974
"C:/Users/rexge/Documents/Unreal Projects/TheBigHunt/Content/Jeep2/textures/GlassRoughness.ubulk" 1975
"C:/Users/rexge/Documents/Unreal Projects/TheBigHunt/Content/Jeep2/textures/GlassRoughness.uasset" 1976
"C:/Users/rexge/Documents/Unreal Projects/TheBigHunt/Content/Jeep2/textures/GlassRoughness.uexp" 1977
"C:/Users/rexge/Documents/Unreal Projects/TheBigHunt/Content/Jeep2/textures/GlassMetallic.ubulk" 1978
"C:/Users/rexge/Documents/Unreal Projects/TheBigHunt/Content/Jeep2/textures/GlassMetallic.uasset" 1979
"C:/Users/rexge/Documents/Unreal Projects/TheBigHunt/Content/Jeep2/textures/GlassMetallic.uexp" 1980
"C:/Users/rexge/Documents/Unreal Projects/TheBigHunt/Content/Jeep2/textures/glassColor.ubulk" 1981
"C:/Users/rexge/Documents/Unreal Projects/TheBigHunt/Content/Jeep2/textures/glassColor.uasset" 1982
"C:/Users/rexge/Documents/Unreal Projects/TheBigHunt/Content/Jeep2/textures/glassColor.uexp" 1983
"C:/Users/rexge/Documents/Unreal Projects/TheBigHunt/Content/Jeep2/jeepwindows.uasset" 1984
"C:/Users/rexge/Documents/Unreal Projects/TheBigHunt/Content/Jeep2/jeepwindows.uexp" 1985
"C:/Users/rexge/Documents/Unreal Projects/TheBigHunt/Content/Jeep2/glass.ubulk" 1986
"C:/Users/rexge/Documents/Unreal Projects/TheBigHunt/Content/Jeep2/glass.uasset" 1987
"C:/Users/rexge/Documents/Unreal Projects/TheBigHunt/Content/Jeep2/glass.uexp" 1988
"C:/Users/rexge/Documents/Unreal Projects/TheBigHunt/Content/Jeep2/body.ubulk" 1989
"C:/Users/rexge/Documents/Unreal Projects/TheBigHunt/Content/Jeep2/body.uasset" 1990
"C:/Users/rexge/Documents/Unreal Projects/TheBigHunt/Content/Jeep2/body.uexp" 1991
"C:/Users/rexge/Documents/Unreal Projects/TheBigHunt/Content/Jeep2/axleFrontRight.ubulk" 1992
"C:/Users/rexge/Documents/Unreal Projects/TheBigHunt/Content/Jeep2/axleFrontRight.uasset" 1993
"C:/Users/rexge/Documents/Unreal Projects/TheBigHunt/Content/Jeep2/axleFrontRight.uexp" 1994
"C:/Users/rexge/Documents/Unreal Projects/TheBigHunt/Content/Jeep2/axleFrontLeft.ubulk" 1995
"C:/Users/rexge/Documents/Unreal Projects/TheBigHunt/Content/Jeep2/axleFrontLeft.uasset" 1996
"C:/Users/rexge/Documents/Unreal Projects/TheBigHunt/Content/Jeep2/axleFrontLeft.uexp" 1997
"C:/Users/rexge/Documents/Unreal Projects/TheBigHunt/Content/Jeep2/axleBackRight.ubulk" 1998
"C:/Users/rexge/Documents/Unreal Projects/TheBigHunt/Content/Jeep2/axleBackRight.uasset" 1999
"C:/Users/rexge/Documents/Unreal Projects/TheBigHunt/Content/Jeep2/axleBackRight.uexp" 2000
"C:/Users/rexge/Documents/Unreal Projects/TheBigHunt/Content/Jeep2/axleBackLeft.ubulk" 2001
"C:/Users/rexge/Documents/Unreal Projects/TheBigHunt/Content/Jeep2/axleBackLeft.uasset" 2002
"C:/Users/rexge/Documents/Unreal Projects/TheBigHunt/Content/Jeep2/axleBackLeft.uexp" 2003
"C:/Users/rexge/Documents/Unreal Projects/TheBigHunt/Content/Jeep2/FbxScene_jeep.uasset" 2004
"C:/Users/rexge/Documents/Unreal Projects/TheBigHunt/Content/Jeep2/FbxScene_jeep.uexp" 2005
"../../../Engine/Plugins/Fab/Content/MaterialParameterCollection/QMPC_GlobalFoliageActor.uasset" 2006
"../../../Engine/Plugins/Fab/Content/MaterialParameterCollection/QMPC_GlobalFoliageActor.uexp" 2007
"../../../Engine/Content/Functions/Engine_MaterialFunctions02/Lerp_3Color.uasset" 2008
"../../../Engine/Content/Functions/Engine_MaterialFunctions02/Lerp_3Color.uexp" 2009
"../../../Engine/Plugins/Fab/Content/MaterialFunctions/QMF_PerInstanceActorRandom.uasset" 2010
"../../../Engine/Plugins/Fab/Content/MaterialFunctions/QMF_PerInstanceActorRandom.uexp" 2011
"../../../Engine/Plugins/Fab/Content/MaterialFunctions/QMF_GenerateBranchMask_Plants.uasset" 2012
"../../../Engine/Plugins/Fab/Content/MaterialFunctions/QMF_GenerateBranchMask_Plants.uexp" 2013
"../../../Engine/Plugins/Fab/Content/MaterialFunctions/QMF_WorldspaceColorVariation.uasset" 2014
"../../../Engine/Plugins/Fab/Content/MaterialFunctions/QMF_WorldspaceColorVariation.uexp" 2015
"../../../Engine/Content/Functions/Engine_MaterialFunctions02/Texturing/CustomRotator.uasset" 2016
"../../../Engine/Content/Functions/Engine_MaterialFunctions02/Texturing/CustomRotator.uexp" 2017
"../../../Engine/Plugins/Fab/Content/Textures/Standard/T_Default_WindNoise.uasset" 2018
"../../../Engine/Plugins/Fab/Content/Textures/Standard/T_Default_WindNoise.uexp" 2019
"../../../Engine/Content/Functions/Engine_MaterialFunctions01/ImageAdjustment/3ColorBlend.uasset" 2020
"../../../Engine/Content/Functions/Engine_MaterialFunctions01/ImageAdjustment/3ColorBlend.uexp" 2021
"../../../Engine/Plugins/Fab/Content/MaterialFunctions/QMF_WindGust.uasset" 2022
"../../../Engine/Plugins/Fab/Content/MaterialFunctions/QMF_WindGust.uexp" 2023
"../../../Engine/Content/Functions/Engine_MaterialFunctions01/WorldPositionOffset/SimpleGrassWind.uasset" 2024
"../../../Engine/Content/Functions/Engine_MaterialFunctions01/WorldPositionOffset/SimpleGrassWind.uexp" 2025
"../../../Engine/Content/Functions/Engine_MaterialFunctions02/WorldPositionOffset/ObjectPivotPoint.uasset" 2026
"../../../Engine/Content/Functions/Engine_MaterialFunctions02/WorldPositionOffset/ObjectPivotPoint.uexp" 2027
"../../../Engine/Plugins/Fab/Content/MaterialFunctions/QMF_DistanceBasedGradient.uasset" 2028
"../../../Engine/Plugins/Fab/Content/MaterialFunctions/QMF_DistanceBasedGradient.uexp" 2029
"../../../Engine/Plugins/Fab/Content/MaterialFunctions/QMF_WindAnimation.uasset" 2030
"../../../Engine/Plugins/Fab/Content/MaterialFunctions/QMF_WindAnimation.uexp" 2031
"../../../Engine/Plugins/Fab/Content/MaterialFunctions/QMF_TwoSidedRoughness.uasset" 2032
"../../../Engine/Plugins/Fab/Content/MaterialFunctions/QMF_TwoSidedRoughness.uexp" 2033
"../../../Engine/Content/Functions/Engine_MaterialFunctions03/Blends/Blend_ColorBurn.uasset" 2034
"../../../Engine/Content/Functions/Engine_MaterialFunctions03/Blends/Blend_ColorBurn.uexp" 2035
"../../../Engine/Content/Functions/Engine_MaterialFunctions03/Blends/Blend_LinearDodge.uasset" 2036
"../../../Engine/Content/Functions/Engine_MaterialFunctions03/Blends/Blend_LinearDodge.uexp" 2037
"../../../Engine/Plugins/Fab/Content/MaterialFunctions/QMF_HealthSeason.uasset" 2038
"../../../Engine/Plugins/Fab/Content/MaterialFunctions/QMF_HealthSeason.uexp" 2039
"../../../Engine/Plugins/Fab/Content/MaterialFunctions/QMF_GrowthEffect.uasset" 2040
"../../../Engine/Plugins/Fab/Content/MaterialFunctions/QMF_GrowthEffect.uexp" 2041
"../../../Engine/Plugins/Fab/Content/MaterialFunctions/QMF_GenerateTwoSidedSpecular.uasset" 2042
"../../../Engine/Plugins/Fab/Content/MaterialFunctions/QMF_GenerateTwoSidedSpecular.uexp" 2043
"../../../Engine/Plugins/Fab/Content/MaterialFunctions/QMF_GenerateTranslucency.uasset" 2044
"../../../Engine/Plugins/Fab/Content/MaterialFunctions/QMF_GenerateTranslucency.uexp" 2045
"../../../Engine/Plugins/Fab/Content/MaterialFunctions/QMF_AdjustTwoSidedNormal.uasset" 2046
"../../../Engine/Plugins/Fab/Content/MaterialFunctions/QMF_AdjustTwoSidedNormal.uexp" 2047
"../../../Engine/Plugins/Fab/Content/MaterialFunctions/QMF_AdjustTwoSidedBaseColor.uasset" 2048
"../../../Engine/Plugins/Fab/Content/MaterialFunctions/QMF_AdjustTwoSidedBaseColor.uexp" 2049
"../../../Engine/Content/Functions/Engine_MaterialFunctions02/Utility/VectorToRadialValue.uasset" 2050
"../../../Engine/Content/Functions/Engine_MaterialFunctions02/Utility/VectorToRadialValue.uexp" 2051
"../../../Engine/Plugins/Fab/Content/Textures/Standard/T_DefaultNormal.uasset" 2052
"../../../Engine/Plugins/Fab/Content/Textures/Standard/T_DefaultNormal.uexp" 2053
"../../../Engine/Plugins/Fab/Content/Textures/Standard/T_DefaultColor.uasset" 2054
"../../../Engine/Plugins/Fab/Content/Textures/Standard/T_DefaultColor.uexp" 2055
"../../../Engine/Content/ArtTools/RenderToTexture/MaterialFunctions/FoliageZRotation.uasset" 2056
"../../../Engine/Content/ArtTools/RenderToTexture/MaterialFunctions/FoliageZRotation.uexp" 2057
"../../../Engine/Plugins/Fab/Content/Materials/Standard/M_MS_Billboard.uasset" 2058
"../../../Engine/Plugins/Fab/Content/Materials/Standard/M_MS_Billboard.uexp" 2059
"C:/Users/rexge/Documents/Unreal Projects/TheBigHunt/Content/Fab/Megascans/Plants/Wild_Grass_vlkhcbxia/Low/vlkhcbxia_tier_3/Textures/T_vlkhcbxia_1K_Billboard_N-T.ubulk" 2060
"C:/Users/rexge/Documents/Unreal Projects/TheBigHunt/Content/Fab/Megascans/Plants/Wild_Grass_vlkhcbxia/Low/vlkhcbxia_tier_3/Textures/T_vlkhcbxia_1K_Billboard_N-T.uasset" 2061
"C:/Users/rexge/Documents/Unreal Projects/TheBigHunt/Content/Fab/Megascans/Plants/Wild_Grass_vlkhcbxia/Low/vlkhcbxia_tier_3/Textures/T_vlkhcbxia_1K_Billboard_N-T.uexp" 2062
"C:/Users/rexge/Documents/Unreal Projects/TheBigHunt/Content/Fab/Megascans/Plants/Wild_Grass_vlkhcbxia/Low/vlkhcbxia_tier_3/Textures/T_vlkhcbxia_1K_Billboard_B-O.ubulk" 2063
"C:/Users/rexge/Documents/Unreal Projects/TheBigHunt/Content/Fab/Megascans/Plants/Wild_Grass_vlkhcbxia/Low/vlkhcbxia_tier_3/Textures/T_vlkhcbxia_1K_Billboard_B-O.uasset" 2064
"C:/Users/rexge/Documents/Unreal Projects/TheBigHunt/Content/Fab/Megascans/Plants/Wild_Grass_vlkhcbxia/Low/vlkhcbxia_tier_3/Textures/T_vlkhcbxia_1K_Billboard_B-O.uexp" 2065
"C:/Users/rexge/Documents/Unreal Projects/TheBigHunt/Content/Fab/Megascans/Plants/Wild_Grass_vlkhcbxia/Low/vlkhcbxia_tier_3/Materials/MI_vlkhcbxia_Billboard.uasset" 2066
"C:/Users/rexge/Documents/Unreal Projects/TheBigHunt/Content/Fab/Megascans/Plants/Wild_Grass_vlkhcbxia/Low/vlkhcbxia_tier_3/Materials/MI_vlkhcbxia_Billboard.uexp" 2067
"../../../Engine/Plugins/Fab/Content/MaterialFunctions/QMF_DistanceBasedOpacity.uasset" 2068
"../../../Engine/Plugins/Fab/Content/MaterialFunctions/QMF_DistanceBasedOpacity.uexp" 2069
"../../../Engine/Plugins/Fab/Content/Textures/Standard/T_DefaultMasks.uasset" 2070
"../../../Engine/Plugins/Fab/Content/Textures/Standard/T_DefaultMasks.uexp" 2071
"../../../Engine/Plugins/Fab/Content/Materials/Standard/M_MS_Foliage.uasset" 2072
"../../../Engine/Plugins/Fab/Content/Materials/Standard/M_MS_Foliage.uexp" 2073
"C:/Users/rexge/Documents/Unreal Projects/TheBigHunt/Content/Fab/Megascans/Plants/Wild_Grass_vlkhcbxia/Low/vlkhcbxia_tier_3/Textures/T_vlkhcbxia_1K_ORT.ubulk" 2074
"C:/Users/rexge/Documents/Unreal Projects/TheBigHunt/Content/Fab/Megascans/Plants/Wild_Grass_vlkhcbxia/Low/vlkhcbxia_tier_3/Textures/T_vlkhcbxia_1K_ORT.uasset" 2075
"C:/Users/rexge/Documents/Unreal Projects/TheBigHunt/Content/Fab/Megascans/Plants/Wild_Grass_vlkhcbxia/Low/vlkhcbxia_tier_3/Textures/T_vlkhcbxia_1K_ORT.uexp" 2076
"C:/Users/rexge/Documents/Unreal Projects/TheBigHunt/Content/Fab/Megascans/Plants/Wild_Grass_vlkhcbxia/Low/vlkhcbxia_tier_3/Textures/T_vlkhcbxia_1K_N.ubulk" 2077
"C:/Users/rexge/Documents/Unreal Projects/TheBigHunt/Content/Fab/Megascans/Plants/Wild_Grass_vlkhcbxia/Low/vlkhcbxia_tier_3/Textures/T_vlkhcbxia_1K_N.uasset" 2078
"C:/Users/rexge/Documents/Unreal Projects/TheBigHunt/Content/Fab/Megascans/Plants/Wild_Grass_vlkhcbxia/Low/vlkhcbxia_tier_3/Textures/T_vlkhcbxia_1K_N.uexp" 2079
"C:/Users/rexge/Documents/Unreal Projects/TheBigHunt/Content/Fab/Megascans/Plants/Wild_Grass_vlkhcbxia/Low/vlkhcbxia_tier_3/Textures/T_vlkhcbxia_1K_B.ubulk" 2080
"C:/Users/rexge/Documents/Unreal Projects/TheBigHunt/Content/Fab/Megascans/Plants/Wild_Grass_vlkhcbxia/Low/vlkhcbxia_tier_3/Textures/T_vlkhcbxia_1K_B.uasset" 2081
"C:/Users/rexge/Documents/Unreal Projects/TheBigHunt/Content/Fab/Megascans/Plants/Wild_Grass_vlkhcbxia/Low/vlkhcbxia_tier_3/Textures/T_vlkhcbxia_1K_B.uexp" 2082
"C:/Users/rexge/Documents/Unreal Projects/TheBigHunt/Content/Fab/Megascans/Plants/Wild_Grass_vlkhcbxia/Low/vlkhcbxia_tier_3/Materials/MI_vlkhcbxia.uasset" 2083
"C:/Users/rexge/Documents/Unreal Projects/TheBigHunt/Content/Fab/Megascans/Plants/Wild_Grass_vlkhcbxia/Low/vlkhcbxia_tier_3/Materials/MI_vlkhcbxia.uexp" 2084
"C:/Users/rexge/Documents/Unreal Projects/TheBigHunt/Content/Fab/Megascans/Plants/Wild_Grass_vlkhcbxia/Low/vlkhcbxia_tier_3/StaticMeshes/SM_vlkhcbxia_VarG.ubulk" 2085
"C:/Users/rexge/Documents/Unreal Projects/TheBigHunt/Content/Fab/Megascans/Plants/Wild_Grass_vlkhcbxia/Low/vlkhcbxia_tier_3/StaticMeshes/SM_vlkhcbxia_VarG.uasset" 2086
"C:/Users/rexge/Documents/Unreal Projects/TheBigHunt/Content/Fab/Megascans/Plants/Wild_Grass_vlkhcbxia/Low/vlkhcbxia_tier_3/StaticMeshes/SM_vlkhcbxia_VarG.uexp" 2087
"C:/Users/rexge/Documents/Unreal Projects/TheBigHunt/Content/Fab/Megascans/Plants/Wild_Grass_vlkhcbxia/Low/vlkhcbxia_tier_3/StaticMeshes/SM_vlkhcbxia_VarD.ubulk" 2088
"C:/Users/rexge/Documents/Unreal Projects/TheBigHunt/Content/Fab/Megascans/Plants/Wild_Grass_vlkhcbxia/Low/vlkhcbxia_tier_3/StaticMeshes/SM_vlkhcbxia_VarD.uasset" 2089
"C:/Users/rexge/Documents/Unreal Projects/TheBigHunt/Content/Fab/Megascans/Plants/Wild_Grass_vlkhcbxia/Low/vlkhcbxia_tier_3/StaticMeshes/SM_vlkhcbxia_VarD.uexp" 2090
"C:/Users/rexge/Documents/Unreal Projects/TheBigHunt/Content/Fab/Megascans/Plants/Wild_Grass_vlkhcbxia/Low/vlkhcbxia_tier_3/StaticMeshes/SM_vlkhcbxia_VarC.ubulk" 2091
"C:/Users/rexge/Documents/Unreal Projects/TheBigHunt/Content/Fab/Megascans/Plants/Wild_Grass_vlkhcbxia/Low/vlkhcbxia_tier_3/StaticMeshes/SM_vlkhcbxia_VarC.uasset" 2092
"C:/Users/rexge/Documents/Unreal Projects/TheBigHunt/Content/Fab/Megascans/Plants/Wild_Grass_vlkhcbxia/Low/vlkhcbxia_tier_3/StaticMeshes/SM_vlkhcbxia_VarC.uexp" 2093
"C:/Users/rexge/Documents/Unreal Projects/TheBigHunt/Content/Fab/Megascans/Plants/Wild_Grass_vlkhcbxia/Low/vlkhcbxia_tier_3/StaticMeshes/SM_vlkhcbxia_VarA.ubulk" 2094
"C:/Users/rexge/Documents/Unreal Projects/TheBigHunt/Content/Fab/Megascans/Plants/Wild_Grass_vlkhcbxia/Low/vlkhcbxia_tier_3/StaticMeshes/SM_vlkhcbxia_VarA.uasset" 2095
"C:/Users/rexge/Documents/Unreal Projects/TheBigHunt/Content/Fab/Megascans/Plants/Wild_Grass_vlkhcbxia/Low/vlkhcbxia_tier_3/StaticMeshes/SM_vlkhcbxia_VarA.uexp" 2096
"C:/Users/rexge/Documents/Unreal Projects/TheBigHunt/Content/Fab/Megascans/Plants/Wild_Grass_vlkhcbxia/Low/FoliageTypes/FT_vlkhcbxia_VarG.uasset" 2097
"C:/Users/rexge/Documents/Unreal Projects/TheBigHunt/Content/Fab/Megascans/Plants/Wild_Grass_vlkhcbxia/Low/FoliageTypes/FT_vlkhcbxia_VarG.uexp" 2098
"C:/Users/rexge/Documents/Unreal Projects/TheBigHunt/Content/Fab/Megascans/Plants/Wild_Grass_vlkhcbxia/Low/FoliageTypes/FT_vlkhcbxia_VarD.uasset" 2099
"C:/Users/rexge/Documents/Unreal Projects/TheBigHunt/Content/Fab/Megascans/Plants/Wild_Grass_vlkhcbxia/Low/FoliageTypes/FT_vlkhcbxia_VarD.uexp" 2100
"C:/Users/rexge/Documents/Unreal Projects/TheBigHunt/Content/Fab/Megascans/Plants/Wild_Grass_vlkhcbxia/Low/FoliageTypes/FT_vlkhcbxia_VarC.uasset" 2101
"C:/Users/rexge/Documents/Unreal Projects/TheBigHunt/Content/Fab/Megascans/Plants/Wild_Grass_vlkhcbxia/Low/FoliageTypes/FT_vlkhcbxia_VarC.uexp" 2102
"C:/Users/rexge/Documents/Unreal Projects/TheBigHunt/Content/Fab/Megascans/Plants/Wild_Grass_vlkhcbxia/Low/FoliageTypes/FT_vlkhcbxia_VarA.uasset" 2103
"C:/Users/rexge/Documents/Unreal Projects/TheBigHunt/Content/Fab/Megascans/Plants/Wild_Grass_vlkhcbxia/Low/FoliageTypes/FT_vlkhcbxia_VarA.uexp" 2104
"C:/Users/rexge/Documents/Unreal Projects/TheBigHunt/Content/VRTemplate/Maps/VRTemplateMap.uexp" 2105
"C:/Users/rexge/Documents/Unreal Projects/TheBigHunt/Content/VRTemplate/Maps/VRTemplateMap.umap" 2106
