"C:/Users/rexge/Documents/Unreal Projects/TheBigHunt/TheBigHunt.uproject" 1
"../../../Engine/Plugins/AudioGameplay/AudioGameplay.uplugin" 2
"../../../Engine/Plugins/AudioGameplayVolume/AudioGameplayVolume.uplugin" 3
"../../../Engine/Plugins/AudioInsights/AudioInsights.uplugin" 4
"../../../Engine/Plugins/BlueprintFileUtils/BlueprintFileUtils.uplugin" 5
"../../../Engine/Plugins/Bridge/Bridge.uplugin" 6
"../../../Engine/Plugins/ChaosCloth/ChaosCloth.uplugin" 7
"../../../Engine/Plugins/ChaosClothAssetEditor/ChaosClothAssetEditor.uplugin" 8
"../../../Engine/Plugins/ChaosInsights/ChaosInsights.uplugin" 9
"../../../Engine/Plugins/ChaosClothAsset/ChaosClothAsset.uplugin" 10
"../../../Engine/Plugins/Chooser/Chooser.uplugin" 11
"../../../Engine/Plugins/CmdLinkServer/CmdLinkServer.uplugin" 12
"../../../Engine/Plugins/DiscoveryBeaconReceiver/DiscoveryBeaconReceiver.uplugin" 13
"../../../Engine/Plugins/EnhancedInput/EnhancedInput.uplugin" 14
"../../../Engine/Plugins/ChaosVD/ChaosVD.uplugin" 15
"../../../Engine/Plugins/Fab/Fab.uplugin" 16
"../../../Engine/Plugins/FastBuildController/FastBuildController.uplugin" 17
"../../../Engine/Plugins/IoStoreInsights/IoStoreInsights.uplugin" 18
"../../../Engine/Plugins/MassInsights/MassInsights.uplugin" 19
"../../../Engine/Plugins/MeshPainting/MeshPainting.uplugin" 20
"../../../Engine/Plugins/JsonBlueprintUtilities/JsonBlueprintUtilities.uplugin" 21
"../../../Engine/Plugins/MemoryUsageQueries/MemoryUsageQueries.uplugin" 22
"../../../Engine/Plugins/Mutable/Mutable.uplugin" 23
"../../../Engine/Plugins/LightWeightInstancesEditor/LightWeightInstancesEditor.uplugin" 24
"../../../Engine/Plugins/PCG/PCG.uplugin" 25
"../../../Engine/Plugins/ScriptPlugin/ScriptPlugin.uplugin" 26
"../../../Engine/Plugins/RenderGraphInsights/RenderGraphInsights.uplugin" 27
"../../../Engine/Plugins/TextureGraph/TextureGraph.uplugin" 28
"../../../Engine/Plugins/TraceUtilities/TraceUtilities.uplugin" 29
"../../../Engine/Plugins/UbaController/UbaController.uplugin" 30
"../../../Engine/Plugins/WorldMetrics/WorldMetrics.uplugin" 31
"../../../Engine/Plugins/XGEController/XGEController.uplugin" 32
"../../../Engine/Plugins/Compression/OodleNetwork/OodleNetwork.uplugin" 33
"../../../Engine/Plugins/Experimental/AbilitySystemGameFeatureActions/AbilitySystemGameFeatureActions.uplugin" 34
"../../../Engine/Plugins/Experimental/ActorPalette/ActorPalette.uplugin" 35
"../../../Engine/Plugins/Experimental/AdvancedRenamer/AdvancedRenamer.uplugin" 36
"../../../Engine/Plugins/Experimental/AnimNext/AnimNext.uplugin" 37
"../../../Engine/Plugins/Experimental/AnimNextAnimGraph/AnimNextAnimGraph.uplugin" 38
"../../../Engine/Plugins/Experimental/AnimNextChooser/AnimNextChooser.uplugin" 39
"../../../Engine/Plugins/Experimental/AnimNextPoseSearch/AnimNextPoseSearch.uplugin" 40
"../../../Engine/Plugins/Experimental/AnimNextStateTree/AnimNextStateTree.uplugin" 41
"../../../Engine/Plugins/Experimental/AnimNextControlRig/AnimNextControlRig.uplugin" 42
"../../../Engine/Plugins/Experimental/AnimNextWarping/AnimNextWarping.uplugin" 43
"../../../Engine/Plugins/Experimental/AsyncMessageSystem/AsyncMessageSystem.uplugin" 44
"../../../Engine/Plugins/Experimental/AnimToTexture/AnimToTexture.uplugin" 45
"../../../Engine/Plugins/Experimental/AutomationUtils/AutomationUtils.uplugin" 46
"../../../Engine/Plugins/Experimental/AvalancheDataLink/AvalancheDataLink.uplugin" 47
"../../../Engine/Plugins/Experimental/AsyncMessageSystemTests/AsyncMessageSystemTests.uplugin" 48
"../../../Engine/Plugins/Experimental/AvalancheDisplayCluster/AvalancheDisplayCluster.uplugin" 49
"../../../Engine/Plugins/Experimental/AvalancheSceneState/AvalancheSceneState.uplugin" 50
"../../../Engine/Plugins/Experimental/BackChannel/BackChannel.uplugin" 51
"../../../Engine/Plugins/Experimental/AvalancheSequenceNavigator/AvalancheSequenceNavigator.uplugin" 52
"../../../Engine/Plugins/Experimental/BlueprintSnapNodes/BlueprintSnapNodes.uplugin" 53
"../../../Engine/Plugins/Experimental/BlueprintStats/BlueprintStats.uplugin" 54
"../../../Engine/Plugins/Experimental/Buoyancy/Buoyancy.uplugin" 55
"../../../Engine/Plugins/Experimental/CelestialVault/CelestialVault.uplugin" 56
"../../../Engine/Plugins/Experimental/ChaosClothEditor/ChaosClothEditor.uplugin" 57
"../../../Engine/Plugins/Experimental/ChaosCaching/ChaosCaching.uplugin" 58
"../../../Engine/Plugins/Experimental/ChaosCachingUSD/ChaosCachingUSD.uplugin" 59
"../../../Engine/Plugins/Experimental/ChaosEditor/ChaosEditor.uplugin" 60
"../../../Engine/Plugins/Experimental/ChaosFlesh/ChaosFlesh.uplugin" 61
"../../../Engine/Plugins/Experimental/ChaosModularVehicle/ChaosModularVehicle.uplugin" 62
"../../../Engine/Plugins/Experimental/ChaosMover/ChaosMover.uplugin" 63
"../../../Engine/Plugins/Experimental/ChaosModularVehicleExamples/ChaosModularVehicleExamples.uplugin" 64
"../../../Engine/Plugins/Experimental/ChaosNiagara/ChaosNiagara.uplugin" 65
"../../../Engine/Plugins/Experimental/ChaosSolverPlugin/ChaosSolverPlugin.uplugin" 66
"../../../Engine/Plugins/Experimental/ChaosOutfitAsset/ChaosOutfitAsset.uplugin" 67
"../../../Engine/Plugins/Experimental/CharacterAI/CharacterAI.uplugin" 68
"../../../Engine/Plugins/Experimental/ChaosUserDataPT/ChaosUserDataPT.uplugin" 69
"../../../Engine/Plugins/Experimental/ChaosVehiclesPlugin/ChaosVehiclesPlugin.uplugin" 70
"../../../Engine/Plugins/Experimental/CineCameraSceneCapture/CineCameraSceneCapture.uplugin" 71
"../../../Engine/Plugins/Experimental/CinematicPrestreaming/CinematicPrestreaming.uplugin" 72
"../../../Engine/Plugins/Experimental/CodeEditor/CodeEditor.uplugin" 73
"../../../Engine/Plugins/Experimental/CommonConversation/CommonConversation.uplugin" 74
"../../../Engine/Plugins/Experimental/CodeView/CodeView.uplugin" 75
"../../../Engine/Plugins/Experimental/CineCameraRigs/CineCameraRigs.uplugin" 76
"../../../Engine/Plugins/Experimental/ColorCorrectRegions/ColorCorrectRegions.uplugin" 77
"../../../Engine/Plugins/Experimental/Dataflow/Dataflow.uplugin" 78
"../../../Engine/Plugins/Experimental/DataLink/DataLink.uplugin" 79
"../../../Engine/Plugins/Experimental/ControlFlows/ControlFlows.uplugin" 80
"../../../Engine/Plugins/Experimental/DataLinkOAuth/DataLinkOAuth.uplugin" 81
"../../../Engine/Plugins/Experimental/DaySequence/DaySequence.uplugin" 82
"../../../Engine/Plugins/Experimental/DefaultInstallBundleManager/DefaultInstallBundleManager.uplugin" 83
"../../../Engine/Plugins/Experimental/DynamicMaterialMediaStreamBridge/DynamicMaterialMediaStreamBridge.uplugin" 84
"../../../Engine/Plugins/Experimental/EditorDataStorage/EditorDataStorage.uplugin" 85
"../../../Engine/Plugins/Experimental/EditorPerformance/EditorPerformance.uplugin" 86
"../../../Engine/Plugins/Experimental/EditorDataStorageFeatures/EditorDataStorageFeatures.uplugin" 87
"../../../Engine/Plugins/Experimental/EditorTelemetry/EditorTelemetry.uplugin" 88
"../../../Engine/Plugins/Experimental/EvaluationNotifies/EvaluationNotifies.uplugin" 89
"../../../Engine/Plugins/Experimental/FastGeoStreaming/FastGeoStreaming.uplugin" 90
"../../../Engine/Plugins/Experimental/FieldSystemPlugin/FieldSystemPlugin.uplugin" 91
"../../../Engine/Plugins/Experimental/FullBodyIK/FullBodyIK.uplugin" 92
"../../../Engine/Plugins/Experimental/GameplayBehaviors/GameplayBehaviors.uplugin" 93
"../../../Engine/Plugins/Experimental/GameInputWindows/GameInputWindows.uplugin" 94
"../../../Engine/Plugins/Experimental/Fracture/Fracture.uplugin" 95
"../../../Engine/Plugins/Experimental/GameplayGraph/GameplayGraph.uplugin" 96
"../../../Engine/Plugins/Experimental/GameplayTargetingSystem/TargetingSystem.uplugin" 97
"../../../Engine/Plugins/Experimental/Gauntlet/Gauntlet.uplugin" 98
"../../../Engine/Plugins/Experimental/GeometryCacheLevelSequenceBaker/GeometryCacheLevelSequenceBaker.uplugin" 99
"../../../Engine/Plugins/Experimental/GeometryCacheAbcFile/GeometryCacheAbcFile.uplugin" 100
"../../../Engine/Plugins/Experimental/GeometryCollectionPlugin/GeometryCollectionPlugin.uplugin" 101
"../../../Engine/Plugins/Experimental/GeometryDataflow/GeometryDataflow.uplugin" 102
"../../../Engine/Plugins/Experimental/GizmoEdMode/GizmoEdMode.uplugin" 103
"../../../Engine/Plugins/Experimental/GizmoFramework/GizmoFramework.uplugin" 104
"../../../Engine/Plugins/Experimental/GeometryFlow/GeometryFlow.uplugin" 105
"../../../Engine/Plugins/Experimental/GPULightmass/GPULightmass.uplugin" 106
"../../../Engine/Plugins/Experimental/FloatingProperties/FloatingProperties.uplugin" 107
"../../../Engine/Plugins/Experimental/ImagePlate/ImagePlate.uplugin" 108
"../../../Engine/Plugins/Experimental/ImageWidgets/ImageWidgets.uplugin" 109
"../../../Engine/Plugins/Experimental/HairModelingToolset/HairModelingToolset.uplugin" 110
"../../../Engine/Plugins/Experimental/HairStrandsMutable/HairStrandsMutable.uplugin" 111
"../../../Engine/Plugins/Experimental/HairCardGenerator/HairCardGenerator.uplugin" 112
"../../../Engine/Plugins/Experimental/InstanceDataObjectFixupTool/InstanceDataObjectFixupTool.uplugin" 113
"../../../Engine/Plugins/Experimental/Iris/Iris.uplugin" 114
"../../../Engine/Plugins/Experimental/InlineMaterialInstance/InlineMaterialInstance.uplugin" 115
"../../../Engine/Plugins/Experimental/InteractionInterface/InteractionInterface.uplugin" 116
"../../../Engine/Plugins/Experimental/ImpostorBaker/ImpostorBaker.uplugin" 117
"../../../Engine/Plugins/Experimental/Landmass/Landmass.uplugin" 118
"../../../Engine/Plugins/Experimental/LandscapePatch/LandscapePatch.uplugin" 119
"../../../Engine/Plugins/Experimental/LevelSequenceNavigatorBridge/LevelSequenceNavigatorBridge.uplugin" 120
"../../../Engine/Plugins/Experimental/LiveLinkControlRig/LiveLinkControlRig.uplugin" 121
"../../../Engine/Plugins/Experimental/JWT/JWT.uplugin" 122
"../../../Engine/Plugins/Experimental/LearningAgents/LearningAgents.uplugin" 123
"../../../Engine/Plugins/Experimental/LiveLinkFaceImporter/LiveLinkFaceImporter.uplugin" 124
"../../../Engine/Plugins/Experimental/LocalizableMessage/LocalizableMessage.uplugin" 125
"../../../Engine/Plugins/Experimental/LowLevelNetTrace/LowLevelNetTrace.uplugin" 126
"../../../Engine/Plugins/Experimental/LiveLinkOpenVR/LiveLinkOpenVR.uplugin" 127
"../../../Engine/Plugins/Experimental/MeshResizing/MeshResizing.uplugin" 128
"../../../Engine/Plugins/Experimental/MediaViewer/MediaViewer.uplugin" 129
"../../../Engine/Plugins/Experimental/MLflow/MLflow.uplugin" 130
"../../../Engine/Plugins/Experimental/MediaStream/MediaStream.uplugin" 131
"../../../Engine/Plugins/Experimental/MetasoundExperimental/MetasoundExperimental.uplugin" 132
"../../../Engine/Plugins/Experimental/MeshModelingToolsetExp/MeshModelingToolsetExp.uplugin" 133
"../../../Engine/Plugins/Experimental/MotoSynth/MotoSynth.uplugin" 134
"../../../Engine/Plugins/Experimental/MoverAnimNext/MoverAnimNext.uplugin" 135
"../../../Engine/Plugins/Experimental/MoverExamples/MoverExamples.uplugin" 136
"../../../Engine/Plugins/Experimental/Mover/Mover.uplugin" 137
"../../../Engine/Plugins/Experimental/MotorSimOutputMotoSynth/MotorSimOutputMotoSynth.uplugin" 138
"../../../Engine/Plugins/Experimental/MoverTests/MoverTests.uplugin" 139
"../../../Engine/Plugins/Experimental/MoverIntegrations/MoverIntegrations.uplugin" 140
"../../../Engine/Plugins/Experimental/MovieScenePoseSearchTracks/MovieScenePoseSearchTracks.uplugin" 141
"../../../Engine/Plugins/Experimental/MutablePopulation/MutablePopulation.uplugin" 142
"../../../Engine/Plugins/Experimental/MovieSceneAnimMixer/MovieSceneAnimMixer.uplugin" 143
"../../../Engine/Plugins/Experimental/NaniteDisplacedMesh/NaniteDisplacedMesh.uplugin" 144
"../../../Engine/Plugins/Experimental/PanoramicCapture/PanoramicCapture.uplugin" 145
"../../../Engine/Plugins/Experimental/NNERuntimeCoreML/NNERuntimeCoreML.uplugin" 146
"../../../Engine/Plugins/Experimental/PlainPropsUObject/PlainPropsUObject.uplugin" 147
"../../../Engine/Plugins/Experimental/NNERuntimeIREE/NNERuntimeIREE.uplugin" 148
"../../../Engine/Plugins/Experimental/PixelStreamingPlayer/PixelStreamingPlayer.uplugin" 149
"../../../Engine/Plugins/Experimental/NeuralRendering/NeuralRendering.uplugin" 150
"../../../Engine/Plugins/Experimental/MutableClothing/MutableClothing.uplugin" 151
"../../../Engine/Plugins/Experimental/PhysicsControl/PhysicsControl.uplugin" 152
"../../../Engine/Plugins/Experimental/OptiXDenoise/OptiXDenoise.uplugin" 153
"../../../Engine/Plugins/Experimental/PCGBiomeSample/PCGBiomeSample.uplugin" 154
"../../../Engine/Plugins/Experimental/OpenImageDenoise/OpenImageDenoise.uplugin" 155
"../../../Engine/Plugins/Experimental/NNERuntimeBasicCpu/NNERuntimeBasicCpu.uplugin" 156
"../../../Engine/Plugins/Experimental/PlanarCutPlugin/PlanarCut.uplugin" 157
"../../../Engine/Plugins/Experimental/NFORDenoise/NFORDenoise.uplugin" 158
"../../../Engine/Plugins/Experimental/PlainProps/PlainProps.uplugin" 159
"../../../Engine/Plugins/Experimental/PlatformCrypto/PlatformCrypto.uplugin" 160
"../../../Engine/Plugins/Experimental/PluginAudit/PluginAudit.uplugin" 161
"../../../Engine/Plugins/Experimental/PluginReferenceViewer/PluginReferenceViewer.uplugin" 162
"../../../Engine/Plugins/Experimental/PluginTemplateTool/PluginTemplateTool.uplugin" 163
"../../../Engine/Plugins/Experimental/PostProcessMaterialChainGraph/PostProcessMaterialChainGraph.uplugin" 164
"../../../Engine/Plugins/Experimental/PSDImporterMaterialDesignerBridge/PSDImporterMaterialDesignerBridge.uplugin" 165
"../../../Engine/Plugins/Experimental/PSDImporter/PSDImporter.uplugin" 166
"../../../Engine/Plugins/Experimental/PythonFoundationPackages/PythonFoundationPackages.uplugin" 167
"../../../Engine/Plugins/Experimental/QuicMessaging/QuicMessaging.uplugin" 168
"../../../Engine/Plugins/Experimental/PythonScriptPlugin/PythonScriptPlugin.uplugin" 169
"../../../Engine/Plugins/Experimental/RawInput/RawInput.uplugin" 170
"../../../Engine/Plugins/Experimental/PCGBiomeCore/PCGBiomeCore.uplugin" 171
"../../../Engine/Plugins/Experimental/RazerChromaDevices/RazerChromaDevices.uplugin" 172
"../../../Engine/Plugins/Experimental/RemoteControlComponents/RemoteControlComponents.uplugin" 173
"../../../Engine/Plugins/Experimental/RenderGrid/RenderGrid.uplugin" 174
"../../../Engine/Plugins/Experimental/NNERuntimeRDG/NNERuntimeRDG.uplugin" 175
"../../../Engine/Plugins/Experimental/RigLogicMutable/RigLogicMutable.uplugin" 176
"../../../Engine/Plugins/Experimental/RuntimeTelemetry/RuntimeTelemetry.uplugin" 177
"../../../Engine/Plugins/Experimental/RemoteSession/RemoteSession.uplugin" 178
"../../../Engine/Plugins/Experimental/RigLogicAnimNext/RigLogicAnimNext.uplugin" 179
"../../../Engine/Plugins/Experimental/SecuritySandbox/SecuritySandbox.uplugin" 180
"../../../Engine/Plugins/Experimental/SequenceNavigator/SequenceNavigator.uplugin" 181
"../../../Engine/Plugins/Experimental/SceneState/SceneState.uplugin" 182
"../../../Engine/Plugins/Experimental/SimpleHMD/SimpleHMD.uplugin" 183
"../../../Engine/Plugins/Experimental/SerializationUtils/SerializationUtils.uplugin" 184
"../../../Engine/Plugins/Experimental/SkeletalReduction/SkeletalReduction.uplugin" 185
"../../../Engine/Plugins/Experimental/Shotgrid/Shotgrid.uplugin" 186
"../../../Engine/Plugins/Experimental/SlateIM/SlateIM.uplugin" 187
"../../../Engine/Plugins/Experimental/StateGraph/StateGraph.uplugin" 188
"../../../Engine/Plugins/Experimental/SlateModelViewViewModel/SlateModelViewViewModel.uplugin" 189
"../../../Engine/Plugins/Experimental/SpatialReadiness/SpatialReadiness.uplugin" 190
"../../../Engine/Plugins/Experimental/StructUtils/StructUtils.uplugin" 191
"../../../Engine/Plugins/Experimental/SlateScreenReader/SlateScreenReader.uplugin" 192
"../../../Engine/Plugins/Experimental/SubtitlesAndClosedCaptions/SubtitlesAndClosedCaptions.uplugin" 193
"../../../Engine/Plugins/Experimental/SVGImporter/SVGImporter.uplugin" 194
"../../../Engine/Plugins/Experimental/TechAudioTools/TechAudioTools.uplugin" 195
"../../../Engine/Plugins/Experimental/SubmitToolEditor/SubmitToolEditor.uplugin" 196
"../../../Engine/Plugins/Experimental/Tensorboard/Tensorboard.uplugin" 197
"../../../Engine/Plugins/Experimental/SurfaceEffects/SurfaceEffects.uplugin" 198
"../../../Engine/Plugins/Experimental/TargetDeviceServicesScripting/TargetDeviceServicesScripting.uplugin" 199
"../../../Engine/Plugins/Experimental/TetMeshing/TetMeshing.uplugin" 200
"../../../Engine/Plugins/Experimental/TextToSpeech/TextToSpeech.uplugin" 201
"../../../Engine/Plugins/Experimental/Text3D/Text3D.uplugin" 202
"../../../Engine/Plugins/Experimental/TextureMediaPlayer/TextureMediaPlayer.uplugin" 203
"../../../Engine/Plugins/Experimental/UIFramework/UIFramework.uplugin" 204
"../../../Engine/Plugins/Experimental/ScreenReader/ScreenReader.uplugin" 205
"../../../Engine/Plugins/Experimental/ToolPresets/ToolPresets.uplugin" 206
"../../../Engine/Plugins/Experimental/UserToolBoxCore/UserToolBoxCore.uplugin" 207
"../../../Engine/Plugins/Experimental/VirtualProductionUtilities/VirtualProductionUtilities.uplugin" 208
"../../../Engine/Plugins/Experimental/Volumetrics/Volumetrics.uplugin" 209
"../../../Engine/Plugins/Experimental/UserToolBoxBasicCommand/UserToolBoxBasicCommand.uplugin" 210
"../../../Engine/Plugins/Experimental/Water/Water.uplugin" 211
"../../../Engine/Plugins/Experimental/WaterExtras/WaterExtras.uplugin" 212
"../../../Engine/Plugins/Experimental/WaterAdvanced/WaterAdvanced.uplugin" 213
"../../../Engine/Plugins/Experimental/VirtualHeightfieldMesh/VirtualHeightfieldMesh.uplugin" 214
"../../../Engine/Plugins/Experimental/WaveFunctionCollapse/WaveFunctionCollapse.uplugin" 215
"../../../Engine/Plugins/Experimental/WebSocketMessaging/WebSocketMessaging.uplugin" 216
"../../../Engine/Plugins/Experimental/Workspace/Workspace.uplugin" 217
"../../../Engine/Plugins/Experimental/WidgetEditorToolPalette/WidgetEditorToolPalette.uplugin" 218
"../../../Engine/Plugins/Experimental/XRCreativeFramework/XRCreativeFramework.uplugin" 219
"../../../Engine/Plugins/Messaging/TcpMessaging/TcpMessaging.uplugin" 220
"../../../Engine/Plugins/Marketplace/MetaXRAudio/MetaXRAudio.uplugin" 221
"../../../Engine/Plugins/Messaging/MessagingDebugger/MessagingDebugger.uplugin" 222
"../../../Engine/Plugins/Experimental/WebSocketNetworking/WebSocketNetworking.uplugin" 223
"../../../Engine/Plugins/Performance/AutomatedPerfTesting/AutomatedPerfTesting.uplugin" 224
"../../../Engine/Plugins/Messaging/UdpMessaging/UdpMessaging.uplugin" 225
"../../../Engine/Plugins/NNE/NNEDenoiser/NNEDenoiser.uplugin" 226
"../../../Engine/Plugins/NNE/NNERuntimeORT/NNERuntimeORT.uplugin" 227
"../../../Engine/Plugins/Performance/PerformanceMonitor/PerformanceMonitor.uplugin" 228
"../../../Engine/Plugins/Protocols/MQTT/MQTT.uplugin" 229
"../../../Engine/Plugins/Tests/CQTest/CQTest.uplugin" 230
"../../../Engine/Plugins/Tests/CQTestEnhancedInput/CQTestEnhancedInput.uplugin" 231
"../../../Engine/Plugins/Tests/AutomationDriverTests/AutomationDriverTests.uplugin" 232
"../../../Engine/Plugins/Tests/FbxAutomationTestBuilder/FbxAutomationTestBuilder.uplugin" 233
"../../../Engine/Plugins/Tests/EditorTests/EditorTests.uplugin" 234
"../../../Engine/Plugins/Tests/FunctionalTestingEditor/FunctionalTestingEditor.uplugin" 235
"../../../Engine/Plugins/Tests/InterchangeTests/InterchangeTests.uplugin" 236
"../../../Engine/Plugins/Tests/PythonAutomationTest/PythonAutomationTest.uplugin" 237
"../../../Engine/Plugins/Tests/TestSamples/TestSamples.uplugin" 238
"../../../Engine/Plugins/Tests/RuntimeTests/RuntimeTests.uplugin" 239
"../../../Engine/Plugins/Tests/TestFramework/TestFramework.uplugin" 240
"../../../Engine/Plugins/MovieScene/ActorSequence/ActorSequence.uplugin" 241
"../../../Engine/Plugins/MovieScene/MoviePipelineMaskRenderPass/MoviePipelineMaskRenderPass.uplugin" 242
"../../../Engine/Plugins/MovieScene/CustomizableSequencerTracks/CustomizableSequencerTracks.uplugin" 243
"../../../Engine/Plugins/MovieScene/SequencerScripting/SequencerScripting.uplugin" 244
"../../../Engine/Plugins/Tests/RHITests/RHITests.uplugin" 245
"../../../Engine/Plugins/MovieScene/MovieRenderPipeline/MovieRenderPipeline.uplugin" 246
"../../../Engine/Plugins/PCGInterops/PCGExternalDataInterop/PCGExternalDataInterop.uplugin" 247
"../../../Engine/Plugins/MovieScene/TemplateSequence/TemplateSequence.uplugin" 248
"../../../Engine/Plugins/MovieScene/LevelSequenceEditor/LevelSequenceEditor.uplugin" 249
"../../../Engine/Plugins/Runtime/ADM/ADM.uplugin" 250
"../../../Engine/Plugins/PCGInterops/PCGGeometryScriptInterop/PCGGeometryScriptInterop.uplugin" 251
"../../../Engine/Plugins/MovieScene/ReplayTracks/ReplayTracks.uplugin" 252
"../../../Engine/Plugins/Runtime/AndroidBackgroundService/AndroidBackgroundService.uplugin" 253
"../../../Engine/Plugins/Runtime/AndroidFileServer/AndroidFileServer.uplugin" 254
"../../../Engine/Plugins/MovieScene/MovieSceneTextTrack/MovieSceneTextTrack.uplugin" 255
"../../../Engine/Plugins/Runtime/AndroidDeviceProfileSelector/AndroidDeviceProfileSelector.uplugin" 256
"../../../Engine/Plugins/Runtime/AndroidMoviePlayer/AndroidMoviePlayer.uplugin" 257
"../../../Engine/Plugins/Runtime/ActorLayerUtilities/ActorLayerUtilities.uplugin" 258
"../../../Engine/Plugins/Runtime/AndroidPermission/AndroidPermission.uplugin" 259
"../../../Engine/Plugins/Runtime/AnimationBudgetAllocator/AnimationBudgetAllocator.uplugin" 260
"../../../Engine/Plugins/Runtime/AppleImageUtils/AppleImageUtils.uplugin" 261
"../../../Engine/Plugins/Runtime/ApexDestruction/ApexDestruction.uplugin" 262
"../../../Engine/Plugins/Runtime/ArchVisCharacter/ArchVisCharacter.uplugin" 263
"../../../Engine/Plugins/Runtime/AppleMoviePlayer/AppleMoviePlayer.uplugin" 264
"../../../Engine/Plugins/Runtime/AssetTags/AssetTags.uplugin" 265
"../../../Engine/Plugins/Runtime/AudioCapture/AudioCapture.uplugin" 266
"../../../Engine/Plugins/Runtime/AudioModulation/AudioModulation.uplugin" 267
"../../../Engine/Plugins/Runtime/AudioMotorSim/AudioMotorSim.uplugin" 268
"../../../Engine/Plugins/Runtime/AudioSynesthesia/AudioSynesthesia.uplugin" 269
"../../../Engine/Plugins/Runtime/AudioWidgets/AudioWidgets.uplugin" 270
"../../../Engine/Plugins/Runtime/CableComponent/CableComponent.uplugin" 271
"../../../Engine/Plugins/Runtime/ChunkDownloader/ChunkDownloader.uplugin" 272
"../../../Engine/Plugins/Runtime/ComputeFramework/ComputeFramework.uplugin" 273
"../../../Engine/Plugins/Tests/WidgetAutomationTests/WidgetAutomationTests.uplugin" 274
"../../../Engine/Plugins/Runtime/DataRegistry/DataRegistry.uplugin" 275
"../../../Engine/Plugins/Runtime/CommonUI/CommonUI.uplugin" 276
"../../../Engine/Plugins/Runtime/GameFeatures/GameFeatures.uplugin" 277
"../../../Engine/Plugins/Runtime/ExampleDeviceProfileSelector/ExampleDeviceProfileSelector.uplugin" 278
"../../../Engine/Plugins/Runtime/CustomMeshComponent/CustomMeshComponent.uplugin" 279
"../../../Engine/Plugins/Runtime/GameplayAbilities/GameplayAbilities.uplugin" 280
"../../../Engine/Plugins/Runtime/GameInput/GameInput.uplugin" 281
"../../../Engine/Plugins/Runtime/GameplayBehaviorSmartObjects/GameplayBehaviorSmartObjects.uplugin" 282
"../../../Engine/Plugins/Runtime/GameplayInteractions/GameplayInteractions.uplugin" 283
"../../../Engine/Plugins/Runtime/GeometryProcessing/GeometryProcessing.uplugin" 284
"../../../Engine/Plugins/Runtime/GeometryScripting/GeometryScripting.uplugin" 285
"../../../Engine/Plugins/Runtime/GoogleCloudMessaging/GoogleCloudMessaging.uplugin" 286
"../../../Engine/Plugins/Runtime/GeoReferencing/GeoReferencing.uplugin" 287
"../../../Engine/Plugins/Runtime/GooglePAD/GooglePAD.uplugin" 288
"../../../Engine/Plugins/Runtime/HairStrands/HairStrands.uplugin" 289
"../../../Engine/Plugins/Runtime/Firebase/Firebase.uplugin" 290
"../../../Engine/Plugins/Runtime/GeometryCache/GeometryCache.uplugin" 291
"../../../Engine/Plugins/Runtime/HDRIBackdrop/HDRIBackdrop.uplugin" 292
"../../../Engine/Plugins/Runtime/HPMotionController/HPMotionController.uplugin" 293
"../../../Engine/Plugins/Runtime/HTTPChunkInstaller/HTTPChunkInstaller.uplugin" 294
"../../../Engine/Plugins/Runtime/GameplayStateTree/GameplayStateTree.uplugin" 295
"../../../Engine/Plugins/Runtime/IOSDeviceProfileSelector/IOSDeviceProfileSelector.uplugin" 296
"../../../Engine/Plugins/Runtime/LinuxDeviceProfileSelector/LinuxDeviceProfileSelector.uplugin" 297
"../../../Engine/Plugins/Runtime/InputDebugging/InputDebugging.uplugin" 298
"../../../Engine/Plugins/Runtime/LiveLinkOvernDisplay/LiveLinkOverNDisplay.uplugin" 299
"../../../Engine/Plugins/Runtime/LevelStreamingPersistence/LevelStreamingPersistence.uplugin" 300
"../../../Engine/Plugins/Runtime/LocationServicesAndroidImpl/LocationServicesAndroidImpl.uplugin" 301
"../../../Engine/Plugins/Runtime/LocationServicesIOSImpl/LocationServicesIOSImpl.uplugin" 302
"../../../Engine/Plugins/Runtime/MassEntity/MassEntity.uplugin" 303
"../../../Engine/Plugins/Runtime/IOSReplayKit/IOSReplayKit.uplugin" 304
"../../../Engine/Plugins/Runtime/InstancedActors/InstancedActors.uplugin" 305
"../../../Engine/Plugins/Runtime/MassGameplay/MassGameplay.uplugin" 306
"../../../Engine/Plugins/Runtime/MeshModelingToolset/MeshModelingToolset.uplugin" 307
"../../../Engine/Plugins/Runtime/Harmonix/Harmonix.uplugin" 308
"../../../Engine/Plugins/Runtime/MIDIDevice/MIDIDevice.uplugin" 309
"../../../Engine/Plugins/Runtime/Metasound/Metasound.uplugin" 310
"../../../Engine/Plugins/Runtime/MobileFSR/MobileFSR.uplugin" 311
"../../../Engine/Plugins/Runtime/LocationServicesBPLibrary/LocationServicesBPLibrary.uplugin" 312
"../../../Engine/Plugins/Runtime/MultiServerReplication/MultiServerReplication.uplugin" 313
"../../../Engine/Plugins/Runtime/ModelViewViewModel/ModelViewViewModel.uplugin" 314
"../../../Engine/Plugins/Runtime/MsQuic/MsQuic.uplugin" 315
"../../../Engine/Plugins/Runtime/MixedRealityCaptureFramework/MixedRealityCaptureFramework.uplugin" 316
"../../../Engine/Plugins/Runtime/MusicEnvironment/MusicEnvironment.uplugin" 317
"../../../Engine/Plugins/Runtime/NetworkPredictionExtras/NetworkPredictionExtras.uplugin" 318
"../../../Engine/Plugins/Runtime/ModularGameplay/ModularGameplay.uplugin" 319
"../../../Engine/Plugins/Runtime/nDisplayModularFeatures/nDisplayModularFeatures.uplugin" 320
"../../../Engine/Plugins/Runtime/MobilePatchingUtils/MobilePatchingUtils.uplugin" 321
"../../../Engine/Plugins/Runtime/NavCorridor/NavCorridor.uplugin" 322
"../../../Engine/Plugins/Runtime/NetworkPrediction/NetworkPrediction.uplugin" 323
"../../../Engine/Plugins/Runtime/OpenXR/OpenXR.uplugin" 324
"../../../Engine/Plugins/Runtime/NetworkPredictionInsights/NetworkPredictionInsights.uplugin" 325
"../../../Engine/Plugins/Runtime/nDisplay/nDisplay.uplugin" 326
"../../../Engine/Plugins/Runtime/OpenXREyeTracker/OpenXREyeTracker.uplugin" 327
"../../../Engine/Plugins/Runtime/OpenXRHandTracking/OpenXRHandTracking.uplugin" 328
"../../../Engine/Plugins/Runtime/OpenCV/OpenCV.uplugin" 329
"../../../Engine/Plugins/Runtime/OpenXRMsftHandInteraction/OpenXRMsftHandInteraction.uplugin" 330
"../../../Engine/Plugins/Runtime/OpenXRViveTracker/OpenXRViveTracker.uplugin" 331
"../../../Engine/Plugins/Runtime/ProceduralMeshComponent/ProceduralMeshComponent.uplugin" 332
"../../../Engine/Plugins/Runtime/OptionalMobileFeaturesBPLibrary/OptionalMobileFeaturesBPLibrary.uplugin" 333
"../../../Engine/Plugins/Runtime/PropertyAccess/PropertyAccessEditor.uplugin" 334
"../../../Engine/Plugins/Runtime/RenderTrace/RenderTrace.uplugin" 335
"../../../Engine/Plugins/Runtime/PropertyBindingUtils/PropertyBindingUtils.uplugin" 336
"../../../Engine/Plugins/Runtime/ReplicationSystemTestPlugin/ReplicationSystemTestPlugin.uplugin" 337
"../../../Engine/Plugins/Runtime/ResonanceAudio/ResonanceAudio.uplugin" 338
"../../../Engine/Plugins/Runtime/PreLoadScreenMoviePlayer/PreLoadScreenMoviePlayer.uplugin" 339
"../../../Engine/Plugins/Runtime/ReplicationGraph/ReplicationGraph.uplugin" 340
"../../../Engine/Plugins/Runtime/RigVM/RigVM.uplugin" 341
"../../../Engine/Plugins/Runtime/OSC/OSC.uplugin" 342
"../../../Engine/Plugins/Runtime/SkeletalMerging/SkeletalMerging.uplugin" 343
"../../../Engine/Plugins/Runtime/SoundFields/SoundFields.uplugin" 344
"../../../Engine/Plugins/Runtime/MicrosoftSpatialAudio/MicroSoftSpatialSound.uplugin" 345
"../../../Engine/Plugins/Runtime/ScriptableToolsFramework/ScriptableToolsFramework.uplugin" 346
"../../../Engine/Plugins/Runtime/SoundMod/SoundMod.uplugin" 347
"../../../Engine/Plugins/Runtime/SoundUtilities/SoundUtilities.uplugin" 348
"../../../Engine/Plugins/Runtime/SignificanceManager/SignificanceManager.uplugin" 349
"../../../Engine/Plugins/Runtime/Spatialization/Spatialization.uplugin" 350
"../../../Engine/Plugins/Runtime/Soundscape/Soundscape.uplugin" 351
"../../../Engine/Plugins/Runtime/SoundCueTemplates/SoundCueTemplates.uplugin" 352
"../../../Engine/Plugins/Runtime/Synthesis/Synthesis.uplugin" 353
"../../../Engine/Plugins/Runtime/StateTree/StateTree.uplugin" 354
"../../../Engine/Plugins/Runtime/SunPosition/SunPosition.uplugin" 355
"../../../Engine/Plugins/Runtime/USDCore/USDCore.uplugin" 356
"../../../Engine/Plugins/Runtime/WarpUtils/WarpUtils.uplugin" 357
"../../../Engine/Plugins/Runtime/WebBrowserNativeProxy/WebBrowserNativeProxy.uplugin" 358
"../../../Engine/Plugins/Runtime/WebBrowserWidget/WebBrowserWidget.uplugin" 359
"../../../Engine/Plugins/Runtime/WindowsMoviePlayer/WindowsMoviePlayer.uplugin" 360
"../../../Engine/Plugins/Runtime/WorldConditions/WorldConditions.uplugin" 361
"../../../Engine/Plugins/Runtime/WaveTable/WaveTable.uplugin" 362
"../../../Engine/Plugins/Runtime/WebMMoviePlayer/WebMMoviePlayer.uplugin" 363
"../../../Engine/Plugins/Runtime/XRBase/XRBase.uplugin" 364
"../../../Engine/Plugins/Runtime/SmartObjects/SmartObjects.uplugin" 365
"../../../Engine/Plugins/Runtime/ZoneGraphAnnotations/ZoneGraphAnnotations.uplugin" 366
"../../../Engine/Plugins/Runtime/WindowsDeviceProfileSelector/WindowsDeviceProfileSelector.uplugin" 367
"../../../Engine/Plugins/Web/HttpBlueprint/HttpBlueprint.uplugin" 368
"../../../Engine/Plugins/AI/MassAI/MassAI.uplugin" 369
"../../../Engine/Plugins/Runtime/ZoneGraph/ZoneGraph.uplugin" 370
"../../../Engine/Plugins/AI/EnvironmentQueryEditor/EnvironmentQueryEditor.uplugin" 371
"../../../Engine/Plugins/AI/MassCrowd/MassCrowd.uplugin" 372
"../../../Engine/Plugins/AI/AISupport/AISupport.uplugin" 373
"../../../Engine/Plugins/Animation/AnimationData/AnimationData.uplugin" 374
"../../../Engine/Plugins/Animation/ACLPlugin/ACLPlugin.uplugin" 375
"../../../Engine/Plugins/2D/Paper2D/Paper2D.uplugin" 376
"../../../Engine/Plugins/Animation/AnimationLocomotionLibrary/AnimationLocomotionLibrary.uplugin" 377
"../../../Engine/Plugins/Animation/AnimationWarping/AnimationWarping.uplugin" 378
"../../../Engine/Plugins/Animation/AnimationModifierLibrary/AnimationModifierLibrary.uplugin" 379
"../../../Engine/Plugins/Animation/ControlRig/ControlRig.uplugin" 380
"../../../Engine/Plugins/AI/HTNPlanner/HTNPlanner.uplugin" 381
"../../../Engine/Plugins/Animation/AnimatorKit/AnimatorKit.uplugin" 382
"../../../Engine/Plugins/AI/MLAdapter/MLAdapter.uplugin" 383
"../../../Engine/Plugins/Animation/BlendStack/BlendStack.uplugin" 384
"../../../Engine/Plugins/Animation/ControlRigSpline/ControlRigSpline.uplugin" 385
"../../../Engine/Plugins/Animation/ControlRigModules/ControlRigModules.uplugin" 386
"../../../Engine/Plugins/Animation/DeformerGraph/DeformerGraph.uplugin" 387
"../../../Engine/Plugins/Animation/GameplayInsights/GameplayInsights.uplugin" 388
"../../../Engine/Plugins/Animation/GeneSplicer/GeneSplicer.uplugin" 389
"../../../Engine/Plugins/Animation/LiveLink/LiveLink.uplugin" 390
"../../../Engine/Plugins/Animation/LiveLinkDevice/LiveLinkDevice.uplugin" 391
"../../../Engine/Plugins/Animation/LiveLinkHub/LiveLinkHub.uplugin" 392
"../../../Engine/Plugins/Animation/BlendSpaceMotionAnalysis/BlendSpaceMotionAnalysis.uplugin" 393
"../../../Engine/Plugins/Animation/LiveLinkCurveDebugUI/LiveLinkCurveDebugUI.uplugin" 394
"../../../Engine/Plugins/Animation/LiveLinkExampleDevice/LiveLinkExampleDevice.uplugin" 395
"../../../Engine/Plugins/Animation/IKRig/IKRig.uplugin" 396
"../../../Engine/Plugins/Animation/DNACalib/DNACalib.uplugin" 397
"../../../Engine/Plugins/Animation/MotionWarping/MotionWarping.uplugin" 398
"../../../Engine/Plugins/Animation/RigLogic/RigLogic.uplugin" 399
"../../../Engine/Plugins/Animation/TweeningUtils/TweeningUtils.uplugin" 400
"../../../Engine/Plugins/Cameras/GameplayCameras/GameplayCameras.uplugin" 401
"../../../Engine/Plugins/Cameras/EngineCameras/EngineCameras.uplugin" 402
"../../../Engine/Plugins/Animation/PerformanceCaptureCore/PerformanceCaptureCore.uplugin" 403
"../../../Engine/Plugins/Cameras/CameraShakePreviewer/CameraShakePreviewer.uplugin" 404
"../../../Engine/Plugins/Animation/PoseSearch/PoseSearch.uplugin" 405
"../../../Engine/Plugins/Compositing/OpenColorIO/OpenColorIO.uplugin" 406
"../../../Engine/Plugins/Developer/AnimationSharing/AnimationSharing.uplugin" 407
"../../../Engine/Plugins/Compositing/Composure/Composure.uplugin" 408
"../../../Engine/Plugins/Developer/FieldNotificationTrace/FieldNotificationTrace.uplugin" 409
"../../../Engine/Plugins/Developer/DirectoryPlaceholder/DirectoryPlaceholder.uplugin" 410
"../../../Engine/Plugins/Developer/GitSourceControl/GitSourceControl.uplugin" 411
"../../../Engine/Plugins/Developer/CLionSourceCodeAccess/CLionSourceCodeAccess.uplugin" 412
"../../../Engine/Plugins/Developer/BlankPlugin/BlankPlugin.uplugin" 413
"../../../Engine/Plugins/Developer/N10XSourceCodeAccess/N10XSourceCodeAccess.uplugin" 414
"../../../Engine/Plugins/Compositing/OpenCVLensDistortion/OpenCVLensDistortion.uplugin" 415
"../../../Engine/Plugins/Animation/SkeletalMeshModelingTools/SkeletalMeshModelingTools.uplugin" 416
"../../../Engine/Plugins/Developer/CodeLiteSourceCodeAccess/CodeLiteSourceCodeAccess.uplugin" 417
"../../../Engine/Plugins/Developer/NamingTokens/NamingTokens.uplugin" 418
"../../../Engine/Plugins/Compositing/LensDistortion/LensDistortion.uplugin" 419
"../../../Engine/Plugins/Developer/KDevelopSourceCodeAccess/KDevelopSourceCodeAccess.uplugin" 420
"../../../Engine/Plugins/Developer/NullSourceCodeAccess/NullSourceCodeAccess.uplugin" 421
"../../../Engine/Plugins/Developer/PlasticSourceControl/PlasticSourceControl.uplugin" 422
"../../../Engine/Plugins/Developer/PluginUtils/PluginUtils.uplugin" 423
"../../../Engine/Plugins/Developer/ProjectLauncher/ProjectLauncher.uplugin" 424
"../../../Engine/Plugins/Developer/OneSkyLocalizationService/OneSkyLocalizationService.uplugin" 425
"../../../Engine/Plugins/Developer/PerforceSourceControl/PerforceSourceControl.uplugin" 426
"../../../Engine/Plugins/Developer/PixWinPlugin/PixWinPlugin.uplugin" 427
"../../../Engine/Plugins/Developer/RenderDocPlugin/RenderDocPlugin.uplugin" 428
"../../../Engine/Plugins/Developer/TraceDataFiltering/TraceDataFilters.uplugin" 429
"../../../Engine/Plugins/Developer/TextureFormatOodle/TextureFormatOodle.uplugin" 430
"../../../Engine/Plugins/Developer/SubversionSourceControl/SubversionSourceControl.uplugin" 431
"../../../Engine/Plugins/Developer/TraceSourceFiltering/TraceSourceFilters.uplugin" 432
"../../../Engine/Plugins/Developer/VisualStudioSourceCodeAccess/VisualStudioSourceCodeAccess.uplugin" 433
"../../../Engine/Plugins/Editor/AssetManagerEditor/AssetManagerEditor.uplugin" 434
"../../../Engine/Plugins/Developer/UObjectPlugin/UObjectPlugin.uplugin" 435
"../../../Engine/Plugins/Developer/XCodeSourceCodeAccess/XCodeSourceCodeAccess.uplugin" 436
"../../../Engine/Plugins/Editor/AssetReferenceRestrictions/AssetReferenceRestrictions.uplugin" 437
"../../../Engine/Plugins/Developer/VisualStudioCodeSourceCodeAccess/VisualStudioCodeSourceCodeAccess.uplugin" 438
"../../../Engine/Plugins/Editor/AssetSearch/AssetSearch.uplugin" 439
"../../../Engine/Plugins/Editor/AssetRegistryExport/AssetRegistryExport.uplugin" 440
"../../../Engine/Plugins/Developer/PropertyAccessNode/PropertyAccessNode.uplugin" 441
"../../../Engine/Plugins/Editor/BlueprintMaterialTextureNodes/BlueprintMaterialTextureNodes.uplugin" 442
"../../../Engine/Plugins/Editor/ChangelistReview/ChangelistReview.uplugin" 443
"../../../Engine/Plugins/Developer/XcodeGPUDebuggerPlugin/XcodeGPUDebuggerPlugin.uplugin" 444
"../../../Engine/Plugins/Editor/ConsoleVariablesEditor/ConsoleVariables.uplugin" 445
"../../../Engine/Plugins/Editor/ColorGrading/ColorGrading.uplugin" 446
"../../../Engine/Plugins/Developer/DumpGPUServices/DumpGPUServices.uplugin" 447
"../../../Engine/Plugins/Editor/CryptoKeys/CryptoKeys.uplugin" 448
"../../../Engine/Plugins/Editor/DataValidation/DataValidation.uplugin" 449
"../../../Engine/Plugins/Editor/BlueprintHeaderView/BlueprintHeaderView.uplugin" 450
"../../../Engine/Plugins/Developer/RiderSourceCodeAccess/RiderSourceCodeAccess.uplugin" 451
"../../../Engine/Plugins/Editor/EngineAssetDefinitions/EngineAssetDefinitions.uplugin" 452
"../../../Engine/Plugins/Editor/CurveEditorTools/CurveEditorTools.uplugin" 453
"../../../Engine/Plugins/Editor/GameplayTagsEditor/GameplayTagsEditor.uplugin" 454
"../../../Engine/Plugins/Editor/GuidedTutorials/GuidedTutorials.uplugin" 455
"../../../Engine/Plugins/Editor/LiveUpdateForSlate/LiveUpdateForSlate.uplugin" 456
"../../../Engine/Plugins/Editor/MakeCookedEditorAsDLC/MakeCookedEditorAsDLC.uplugin" 457
"../../../Engine/Plugins/Editor/EditorScriptingUtilities/EditorScriptingUtilities.uplugin" 458
"../../../Engine/Plugins/Editor/EditorDebugTools/EditorDebugTools.uplugin" 459
"../../../Engine/Plugins/Editor/GeometryMode/GeometryMode.uplugin" 460
"../../../Engine/Plugins/Editor/MaterialAnalyzer/MaterialAnalyzer.uplugin" 461
"../../../Engine/Plugins/Editor/EditorSysConfigAssistant/EditorSysConfigAssistant.uplugin" 462
"../../../Engine/Plugins/Editor/MobileLauncherProfileWizard/MobileLauncherProfileWizard.uplugin" 463
"../../../Engine/Plugins/Editor/MacGraphicsSwitching/MacGraphicsSwitching.uplugin" 464
"../../../Engine/Plugins/Editor/DisplayClusterLaunch/DisplayClusterLaunch.uplugin" 465
"../../../Engine/Plugins/Editor/PluginBrowser/PluginBrowser.uplugin" 466
"../../../Engine/Plugins/Editor/FacialAnimation/FacialAnimation.uplugin" 467
"../../../Engine/Plugins/Editor/MeshLODToolset/MeshLODToolset.uplugin" 468
"../../../Engine/Plugins/Editor/ModelingToolsEditorMode/ModelingToolsEditorMode.uplugin" 469
"../../../Engine/Plugins/Editor/SampleToolsEditorMode/SampleToolsEditorMode.uplugin" 470
"../../../Engine/Plugins/Editor/ScriptableToolsEditorMode/ScriptableToolsEditorMode.uplugin" 471
"../../../Engine/Plugins/Editor/SequencerAnimTools/SequencerAnimTools.uplugin" 472
"../../../Engine/Plugins/Editor/ModelViewViewModelPreview/ModelViewViewModelPreview.uplugin" 473
"../../../Engine/Plugins/Editor/SpeedTreeImporter/SpeedTreeImporter.uplugin" 474
"../../../Engine/Plugins/Editor/UMGWidgetPreview/UMGWidgetPreview.uplugin" 475
"../../../Engine/Plugins/Editor/StylusInput/StylusInput.uplugin" 476
"../../../Engine/Plugins/Editor/ProxyLODPlugin/ProxyLODPlugin.uplugin" 477
"../../../Engine/Plugins/Editor/StaticMeshEditorModeling/StaticMeshEditorModeling.uplugin" 478
"../../../Engine/Plugins/Editor/UVEditor/UVEditor.uplugin" 479
"../../../Engine/Plugins/Editor/WaveformEditor/WaveformEditor.uplugin" 480
"../../../Engine/Plugins/Editor/WorldPartitionHLODUtilities/WorldPartitionHLODUtilities.uplugin" 481
"../../../Engine/Plugins/Enterprise/DataprepEditor/DataprepEditor.uplugin" 482
"../../../Engine/Plugins/Enterprise/DatasmithC4DImporter/DatasmithC4DImporter.uplugin" 483
"../../../Engine/Plugins/Enterprise/DatasmithImporter/DatasmithImporter.uplugin" 484
"../../../Engine/Plugins/Enterprise/DatasmithContent/DatasmithContent.uplugin" 485
"../../../Engine/Plugins/Enterprise/DatasmithFBXImporter/DatasmithFBXImporter.uplugin" 486
"../../../Engine/Plugins/Enterprise/GLTFExporter/GLTFExporter.uplugin" 487
"../../../Engine/Plugins/Enterprise/AxFImporter/AxFImporter.uplugin" 488
"../../../Engine/Plugins/Enterprise/LidarPointCloud/LidarPointCloud.uplugin" 489
"../../../Engine/Plugins/Enterprise/DatasmithCADImporter/DatasmithCADImporter.uplugin" 490
"../../../Engine/Plugins/Enterprise/MDLImporter/MDLImporter.uplugin" 491
"../../../Engine/Plugins/Enterprise/VariantManager/VariantManager.uplugin" 492
"../../../Engine/Plugins/FX/Cascade/Cascade.uplugin" 493
"../../../Engine/Plugins/FX/CascadeToNiagaraConverter/CascadeToNiagaraConverter.uplugin" 494
"../../../Engine/Plugins/Enterprise/VariantManagerContent/VariantManagerContent.uplugin" 495
"../../../Engine/Plugins/FX/Niagara/Niagara.uplugin" 496
"../../../Engine/Plugins/FX/NiagaraFluids/NiagaraFluids.uplugin" 497
"../../../Engine/Plugins/Importers/USDImporter/USDImporter.uplugin" 498
"../../../Engine/Plugins/FX/NiagaraSimCaching/NiagaraSimCaching.uplugin" 499
"../../../Engine/Plugins/Importers/USDImporterMDL/USDImporterMDL.uplugin" 500
"../../../Engine/Plugins/FX/ExampleCustomDataInterface/ExampleCustomDataInterface.uplugin" 501
"../../../Engine/Plugins/Importers/AlembicImporter/AlembicImporter.uplugin" 502
"../../../Engine/Plugins/Interchange/Runtime/Interchange.uplugin" 503
"../../../Engine/Plugins/Interchange/Assets/InterchangeAssets.uplugin" 504
"../../../Engine/Plugins/FX/NiagaraMRQ/NiagaraMRQ.uplugin" 505
"../../../Engine/Plugins/Media/AjaMedia/AjaMedia.uplugin" 506
"../../../Engine/Plugins/Media/AudioCaptureTimecodeProvider/AudioCaptureTimecodeProvider.uplugin" 507
"../../../Engine/Plugins/Media/AvidDNxHDDecoderElectra/AvidDNxHDDecoderElectra.uplugin" 508
"../../../Engine/Plugins/Interchange/Editor/InterchangeEditor.uplugin" 509
"../../../Engine/Plugins/Importers/USDMultiUser/USDMultiUser.uplugin" 510
"../../../Engine/Plugins/Media/BlackmagicMedia/BlackmagicMedia.uplugin" 511
"../../../Engine/Plugins/Importers/AlembicHairImporter/AlembicHairImporter.uplugin" 512
"../../../Engine/Plugins/Media/ElectraCDM/ElectraCDM.uplugin" 513
"../../../Engine/Plugins/Media/AppleProResMedia/AppleProResMedia.uplugin" 514
"../../../Engine/Plugins/Media/D3D12VideoDecodersElectra/D3D12VideoDecodersElectra.uplugin" 515
"../../../Engine/Plugins/Media/ElectraCodecs/ElectraCodecs.uplugin" 516
"../../../Engine/Plugins/Media/AvfMedia/AvfMedia.uplugin" 517
"../../../Engine/Plugins/Media/ElectraPlayer/ElectraPlayer.uplugin" 518
"../../../Engine/Plugins/Media/ElectraSubtitles/ElectraSubtitles.uplugin" 519
"../../../Engine/Plugins/Media/AndroidCamera/AndroidCamera.uplugin" 520
"../../../Engine/Plugins/Media/HAPDecoderElectra/HAPDecoderElectra.uplugin" 521
"../../../Engine/Plugins/Media/HAPMedia/HAPMedia.uplugin" 522
"../../../Engine/Plugins/Media/FlacDecoderElectra/FlacDecoderElectra.uplugin" 523
"../../../Engine/Plugins/Media/AndroidMedia/AndroidMedia.uplugin" 524
"../../../Engine/Plugins/Media/ImgMedia/ImgMedia.uplugin" 525
"../../../Engine/Plugins/Media/HardwareEncoders/HardwareEncoders.uplugin" 526
"../../../Engine/Plugins/Media/MediaCompositing/MediaCompositing.uplugin" 527
"../../../Engine/Plugins/Media/AvidDNxMedia/AvidDNxMedia.uplugin" 528
"../../../Engine/Plugins/Media/BinkMedia/BinkMedia.uplugin" 529
"../../../Engine/Plugins/Media/ElectraUtil/ElectraUtil.uplugin" 530
"../../../Engine/Plugins/Media/MediaIOFramework/MediaIOFramework.uplugin" 531
"../../../Engine/Plugins/Media/MediaFrameworkUtilities/MediaFrameworkUtilities.uplugin" 532
"../../../Engine/Plugins/Media/MediaPlate/MediaPlate.uplugin" 533
"../../../Engine/Plugins/Media/MfMedia/MfMedia.uplugin" 534
"../../../Engine/Plugins/Media/MediaMovieStreamer/MediaMovieStreamer.uplugin" 535
"../../../Engine/Plugins/Media/PixelCapture/PixelCapture.uplugin" 536
"../../../Engine/Plugins/Media/PixelStreaming/PixelStreaming.uplugin" 537
"../../../Engine/Plugins/Media/NDIMedia/NDIMedia.uplugin" 538
"../../../Engine/Plugins/Media/VPxDecoderElectra/VPxDecoderElectra.uplugin" 539
"../../../Engine/Plugins/Media/MediaPlayerEditor/MediaPlayerEditor.uplugin" 540
"../../../Engine/Plugins/Media/WmfMedia/WmfMedia.uplugin" 541
"../../../Engine/Plugins/Media/WebMMedia/WebMMedia.uplugin" 542
"../../../Engine/Plugins/Media/OpusDecoderElectra/OpusDecoderElectra.uplugin" 543
"../../../Engine/Plugins/Media/TimecodeSynchronizer/TimecodeSynchronizer.uplugin" 544
"../../../Engine/Plugins/MetaHuman/MetaHumanCalibrationProcessing/MetaHumanCalibrationProcessing.uplugin" 545
"../../../Engine/Plugins/MetaHuman/MetaHumanAnimator/MetaHuman.uplugin" 546
"../../../Engine/Plugins/MetaHuman/MetaHumanCharacter/MetaHumanCharacter.uplugin" 547
"../../../Engine/Plugins/MetaHuman/MetaHumanSDK/MetaHumanSDK.uplugin" 548
"../../../Engine/Plugins/Media/PixelStreaming2/PixelStreaming2.uplugin" 549
"../../../Engine/Plugins/Media/LinearTimecode/LinearTimecode.uplugin" 550
"../../../Engine/Plugins/MetaHuman/MetaHumanCoreTechLib/MetaHumanCoreTech.uplugin" 551
"../../../Engine/Plugins/Online/EOSOverlayInputProvider/EOSOverlayInputProvider.uplugin" 552
"../../../Engine/Plugins/Online/OnlineBase/OnlineBase.uplugin" 553
"../../../Engine/Plugins/MetaHuman/MetaHumanLiveLink/MetaHumanLiveLink.uplugin" 554
"../../../Engine/Plugins/NetcodeUnitTest/NetcodeUnitTest/NetcodeUnitTest.uplugin" 555
"../../../Engine/Plugins/Online/OnlineFramework/OnlineFramework.uplugin" 556
"../../../Engine/Plugins/NetcodeUnitTest/NUTUnrealEngine/NUTUnrealEngine.uplugin" 557
"../../../Engine/Plugins/Online/OnlineServicesEpicCommon/OnlineServicesEpicCommon.uplugin" 558
"../../../Engine/Plugins/Online/EOSShared/EOSShared.uplugin" 559
"../../../Engine/Plugins/Online/OnlineSubsystemEOS/OnlineSubsystemEOS.uplugin" 560
"../../../Engine/Plugins/Online/OnlineSubsystemFacebook/OnlineSubsystemFacebook.uplugin" 561
"../../../Engine/Plugins/Media/AppleProResDecoderElectra/AppleProResDecoderElectra.uplugin" 562
"../../../Engine/Plugins/Online/OnlineSubsystemAmazon/OnlineSubsystemAmazon.uplugin" 563
"../../../Engine/Plugins/Online/OnlineSubsystem/OnlineSubsystem.uplugin" 564
"../../../Engine/Plugins/Online/OnlineSubsystemNull/OnlineSubsystemNull.uplugin" 565
"../../../Engine/Plugins/Online/OnlineServices/OnlineServices.uplugin" 566
"../../../Engine/Plugins/Online/OnlineSubsystemApple/OnlineSubsystemApple.uplugin" 567
"../../../Engine/Plugins/Online/OnlineSubsystemSteam/OnlineSubsystemSteam.uplugin" 568
"../../../Engine/Plugins/Online/WebAuth/WebAuth.uplugin" 569
"../../../Engine/Plugins/Online/OnlineServicesNull/OnlineServicesNull.uplugin" 570
"../../../Engine/Plugins/Online/OnlineSubsystemUtils/OnlineSubsystemUtils.uplugin" 571
"../../../Engine/Plugins/Online/OnlineSubsystemTencent/OnlineSubsystemTencent.uplugin" 572
"../../../Engine/Plugins/Online/OnlineSubsystemGoogle/OnlineSubsystemGoogle.uplugin" 573
"../../../Engine/Plugins/Online/SocketSubsystemEOS/SocketSubsystemEOS.uplugin" 574
"../../../Engine/Plugins/Online/OnlineServicesOSSAdapter/OnlineServicesOSSAdapter.uplugin" 575
"../../../Engine/Plugins/Slate/SlateInsights/SlateInsights.uplugin" 576
"../../../Engine/Plugins/VirtualProduction/ActorModifier/ActorModifier.uplugin" 577
"../../../Engine/Plugins/VirtualProduction/ActorModifierCore/ActorModifierCore.uplugin" 578
"../../../Engine/Plugins/Slate/SlateScripting/SlateScripting.uplugin" 579
"../../../Engine/Plugins/VirtualProduction/CameraCalibrationCore/CameraCalibrationCore.uplugin" 580
"../../../Engine/Plugins/VirtualProduction/CameraCalibration/CameraCalibration.uplugin" 581
"../../../Engine/Plugins/Online/OnlineServicesEOS/OnlineServicesEOS.uplugin" 582
"../../../Engine/Plugins/VirtualProduction/CameraCalibrationML/CameraCalibrationML.uplugin" 583
"../../../Engine/Plugins/VirtualProduction/CompositePlane/CompositePlane.uplugin" 584
"../../../Engine/Plugins/VirtualProduction/CustomDetailsView/CustomDetailsView.uplugin" 585
"../../../Engine/Plugins/VirtualProduction/Avalanche/Avalanche.uplugin" 586
"../../../Engine/Plugins/VirtualProduction/CaptureData/CaptureData.uplugin" 587
"../../../Engine/Plugins/VirtualProduction/CinematicAssemblyTools/CinematicAssemblyTools.uplugin" 588
"../../../Engine/Plugins/VirtualProduction/DynamicMaterial/DynamicMaterial.uplugin" 589
"../../../Engine/Plugins/VirtualProduction/EpicStageApp/EpicStageApp.uplugin" 590
"../../../Engine/Plugins/VirtualProduction/DataCharts/DataCharts.uplugin" 591
"../../../Engine/Plugins/VirtualProduction/ClonerEffector/ClonerEffector.uplugin" 592
"../../../Engine/Plugins/VirtualProduction/ICVFXTesting/ICVFXTesting.uplugin" 593
"../../../Engine/Plugins/Online/SocketSubsystemSteamIP/SocketSubsystemSteamIP.uplugin" 594
"../../../Engine/Plugins/VirtualProduction/LiveLinkFreeD/LiveLinkFreeD.uplugin" 595
"../../../Engine/Plugins/VirtualProduction/LiveLinkLens/LiveLinkLens.uplugin" 596
"../../../Engine/Plugins/Online/OnlineServicesEOSGS/OnlineServicesEOSGS.uplugin" 597
"../../../Engine/Plugins/VirtualProduction/LiveLinkInputDevice/LiveLinkInputDevice.uplugin" 598
"../../../Engine/Plugins/VirtualProduction/LiveLinkMasterLockit/LiveLinkMasterLockit.uplugin" 599
"../../../Engine/Plugins/VirtualProduction/LiveLinkPrestonMDR/LiveLinkPrestonMDR.uplugin" 600
"../../../Engine/Plugins/VirtualProduction/LensComponent/LensComponent.uplugin" 601
"../../../Engine/Plugins/VirtualProduction/LiveLinkCamera/LiveLinkCamera.uplugin" 602
"../../../Engine/Plugins/VirtualProduction/LevelSnapshots/LevelSnapshots.uplugin" 603
"../../../Engine/Plugins/Portal/LauncherChunkInstaller/LauncherChunkInstaller.uplugin" 604
"../../../Engine/Plugins/VirtualProduction/ICVFX/ICVFX.uplugin" 605
"../../../Engine/Plugins/VirtualProduction/LiveLinkVRPN/LiveLinkVRPN.uplugin" 606
"../../../Engine/Plugins/VirtualProduction/LiveLinkXR/LiveLinkXR.uplugin" 607
"../../../Engine/Plugins/VirtualProduction/PerformanceCaptureWorkflow/PerformanceCaptureWorkflow.uplugin" 608
"../../../Engine/Plugins/VirtualProduction/RemoteControl/RemoteControl.uplugin" 609
"../../../Engine/Plugins/VirtualProduction/OperatorStack/OperatorStack.uplugin" 610
"../../../Engine/Plugins/VirtualProduction/RemoteControlInterception/RemoteControlInterception.uplugin" 611
"../../../Engine/Plugins/VirtualProduction/RemoteControlProtocolDMX/RemoteControlProtocolDMX.uplugin" 612
"../../../Engine/Plugins/VirtualProduction/RemoteControlProtocolOSC/RemoteControlProtocolOSC.uplugin" 613
"../../../Engine/Plugins/VirtualProduction/LiveLinkOpenTrackIO/LiveLinkOpenTrackIO.uplugin" 614
"../../../Engine/Plugins/VirtualProduction/MultiUserTakes/MultiUserTakes.uplugin" 615
"../../../Engine/Plugins/VirtualProduction/RemoteControlProtocolMIDI/RemoteControlProtocolMIDI.uplugin" 616
"../../../Engine/Plugins/VirtualProduction/SequencerPlaylists/SequencerPlaylists.uplugin" 617
"../../../Engine/Plugins/VirtualProduction/StormSync/StormSync.uplugin" 618
"../../../Engine/Plugins/VirtualProduction/PropertyAnimatorCore/PropertyAnimatorCore.uplugin" 619
"../../../Engine/Plugins/VirtualProduction/StormSyncAvalancheBridge/StormSyncAvalancheBridge.uplugin" 620
"../../../Engine/Plugins/VirtualProduction/Switchboard/Switchboard.uplugin" 621
"../../../Engine/Plugins/VirtualProduction/GeometryMask/GeometryMask.uplugin" 622
"../../../Engine/Plugins/VirtualProduction/PropertyAnimator/PropertyAnimator.uplugin" 623
"../../../Engine/Plugins/VirtualProduction/StageMonitoring/StageMonitoring.uplugin" 624
"../../../Engine/Plugins/VirtualProduction/VirtualCamera/VirtualCamera.uplugin" 625
"../../../Engine/Plugins/VirtualProduction/Takes/Takes.uplugin" 626
"../../../Engine/Plugins/VirtualProduction/RemoteControlWebInterface/RemoteControlWebInterface.uplugin" 627
"../../../Engine/Plugins/Experimental/VirtualProduction/LedWallCalibration/LedWallCalibration.uplugin" 628
"../../../Engine/Plugins/VirtualProduction/VirtualCameraCore/VirtualCameraCore.uplugin" 629
"../../../Engine/Plugins/VirtualProduction/TextureShare/TextureShare.uplugin" 630
"../../../Engine/Plugins/VirtualProduction/VirtualScouting/VirtualScouting.uplugin" 631
"../../../Engine/Plugins/VirtualProduction/TimedDataMonitor/TimedDataMonitor.uplugin" 632
"../../../Engine/Plugins/Experimental/VirtualProduction/VPRoles/VPRoles.uplugin" 633
"../../../Engine/Plugins/Experimental/VirtualProduction/VPSettings/VPSettings.uplugin" 634
"../../../Engine/Plugins/Runtime/AR/ARUtilities/ARUtilities.uplugin" 635
"../../../Engine/Plugins/Runtime/Steam/SteamAudio/SteamAudio.uplugin" 636
"../../../Engine/Plugins/Runtime/Steam/SteamShared/SteamShared.uplugin" 637
"../../../Engine/Plugins/Online/VoiceChat/EOSVoiceChat/EOSVoiceChat.uplugin" 638
"../../../Engine/Plugins/Runtime/Steam/SteamSockets/SteamSockets.uplugin" 639
"../../../Engine/Plugins/Experimental/Animation/HierarchyTable/HierarchyTable.uplugin" 640
"../../../Engine/Plugins/Online/VoiceChat/VoiceChat/VoiceChat.uplugin" 641
"../../../Engine/Plugins/Runtime/Steam/SteamController/SteamController.uplugin" 642
"../../../Engine/Plugins/Experimental/Animation/Locomotor/Locomotor.uplugin" 643
"../../../Engine/Plugins/Experimental/Animation/CurveExpression/CurveExpression.uplugin" 644
"../../../Engine/Plugins/Experimental/Animation/ContextualAnimation/ContextualAnimation.uplugin" 645
"../../../Engine/Plugins/Experimental/Animation/Optimus/Optimus.uplugin" 646
"../../../Engine/Plugins/Experimental/Animation/PackedAttributes/PackedAttributes.uplugin" 647
"../../../Engine/Plugins/Experimental/Animation/SkeletonTemplateFramework/SkeletonTemplateFramework.uplugin" 648
"../../../Engine/Plugins/Experimental/Animation/MotionTrajectory/MotionTrajectory.uplugin" 649
"../../../Engine/Plugins/Experimental/Animation/HierarchyTableAnimation/HierarchyTableAnimation.uplugin" 650
"../../../Engine/Plugins/VirtualProduction/CaptureManager/CaptureManagerApp/CaptureManagerApp.uplugin" 651
"../../../Engine/Plugins/VirtualProduction/CaptureManager/CaptureManagerEditor/CaptureManagerEditor.uplugin" 652
"../../../Engine/Plugins/Experimental/Animation/TrajectoryTools/TrajectoryTools.uplugin" 653
"../../../Engine/Plugins/Marketplace/UnrealMetaXRPlugin.83.0/MetaXR/OculusXR.uplugin" 654
"../../../Engine/Plugins/Experimental/MetaHuman/MetaHumanRuntime/MetaHumanRuntime.uplugin" 655
"../../../Engine/Plugins/VirtualProduction/DMX/DatasmithMVR/DatasmithMVR.uplugin" 656
"../../../Engine/Plugins/VirtualProduction/DMX/DMXControlConsole/DMXControlConsole.uplugin" 657
"../../../Engine/Plugins/VirtualProduction/CaptureManager/CaptureManagerCore/CaptureManagerCore.uplugin" 658
"../../../Engine/Plugins/Runtime/Advertising/IOSTapJoy/IOSTapJoy.uplugin" 659
"../../../Engine/Plugins/VirtualProduction/CaptureManager/CaptureManagerDevices/CaptureManagerDevices.uplugin" 660
"../../../Engine/Plugins/VirtualProduction/DMX/DMXGDTF/DMXGDTF.uplugin" 661
"../../../Engine/Plugins/VirtualProduction/DMX/DMXDisplayCluster/DMXDisplayCluster.uplugin" 662
"../../../Engine/Plugins/VirtualProduction/DMX/DMXFixtures/DMXFixtures.uplugin" 663
"../../../Engine/Plugins/VirtualProduction/DMX/DMXEngine/DMXEngine.uplugin" 664
"../../../Engine/Plugins/Experimental/Enterprise/DatasmithInterchange/DatasmithInterchange.uplugin" 665
"../../../Engine/Plugins/VirtualProduction/DMX/DMXModularFeatures/DMXModularFeatures.uplugin" 666
"../../../Engine/Plugins/Experimental/Enterprise/DatasmithRuntime/DatasmithRuntime.uplugin" 667
"../../../Engine/Plugins/Experimental/PCGInterops/PCGInstancedActorsInterop/PCGInstancedActorsInterop.uplugin" 668
"../../../Engine/Plugins/Runtime/Database/ADOSupport/ADOSupport.uplugin" 669
"../../../Engine/Plugins/Experimental/Web/WebAPI/WebAPI.uplugin" 670
"../../../Engine/Plugins/Runtime/Windows/WinDualShock/WinDualShock.uplugin" 671
"../../../Engine/Plugins/Runtime/Database/RemoteDatabaseSupport/RemoteDatabaseSupport.uplugin" 672
"../../../Engine/Plugins/VirtualProduction/DMX/DMXProtocol/DMXProtocol.uplugin" 673
"../../../Engine/Plugins/Experimental/Animation/SkeletalMeshMorphTargetEditingTools/SkeletalMeshMorphTargetEditingTools.uplugin" 674
"../../../Engine/Plugins/Runtime/Database/DatabaseSupport/DatabaseSupport.uplugin" 675
"../../../Engine/Plugins/Runtime/Database/SQLiteCore/SQLiteCore.uplugin" 676
"../../../Engine/Plugins/Runtime/Windows/XInputDevice/XInputDevice.uplugin" 677
"../../../Engine/Plugins/Runtime/PacketHandlers/AESGCMHandlerComponent/AESGCMHandlerComponent.uplugin" 678
"../../../Engine/Plugins/Experimental/PCGInterops/PCGWaterInterop/PCGWaterInterop.uplugin" 679
"../../../Engine/Plugins/Experimental/Enterprise/DataprepGeometryOperations/DataprepGeometryOperations.uplugin" 680
"../../../Engine/Plugins/Runtime/Database/SQLiteSupport/SQLiteSupport.uplugin" 681
"../../../Engine/Plugins/Runtime/MeshReconstruction/DummyMeshReconstructor/DummyMeshReconstructor.uplugin" 682
"../../../Engine/Plugins/Experimental/Animation/RigMapper/RigMapper.uplugin" 683
"../../../Engine/Plugins/Runtime/PacketHandlers/AESHandlerComponent/AESHandlerComponent.uplugin" 684
"../../../Engine/Plugins/Editor/Localization/PortableObjectFileDataSource/PortableObjectFileDataSource.uplugin" 685
"../../../Engine/Plugins/Runtime/PacketHandlers/DTLSHandlerComponent/DTLSHandlerComponent.uplugin" 686
"../../../Engine/Plugins/Interchange/Extensions/OpenUSD/InterchangeOpenUSD.uplugin" 687
"../../../Engine/Plugins/Developer/Concert/ConcertMain/ConcertMain.uplugin" 688
"../../../Engine/Plugins/Runtime/Nvidia/Reflex/Reflex.uplugin" 689
"../../../Engine/Plugins/Experimental/PCGInterops/PCGNiagaraInterop/PCGNiagaraInterop.uplugin" 690
"../../../Engine/Plugins/Interchange/Extensions/OpenVDB/InterchangeOpenVDB.uplugin" 691
"../../../Engine/Plugins/Editor/ContentBrowser/ContentBrowserAssetDataSource/ContentBrowserAssetDataSource.uplugin" 692
"../../../Engine/Plugins/Online/IOS/OnlineSubsystemIOS/OnlineSubsystemIOS.uplugin" 693
"../../../Engine/Plugins/Editor/ObjectMixer/LightMixer/LightMixer.uplugin" 694
"../../../Engine/Plugins/Editor/ContentBrowser/ContentBrowserFileDataSource/ContentBrowserFileDataSource.uplugin" 695
"../../../Engine/Plugins/Editor/ContentBrowser/ContentBrowserAliasDataSource/ContentBrowserAliasDataSource.uplugin" 696
"../../../Engine/Plugins/Animation/MLDeformer/MLDeformerFramework/MLDeformerFramework.uplugin" 697
"../../../Engine/Plugins/Editor/ContentBrowser/ContentBrowserClassDataSource/ContentBrowserClassDataSource.uplugin" 698
"../../../Engine/Plugins/VirtualProduction/DMX/DMXPixelMapping/DMXPixelMapping.uplugin" 699
"../../../Engine/Plugins/Online/Android/OnlineSubsystemGooglePlay/OnlineSubsystemGooglePlay.uplugin" 700
"../../../Engine/Plugins/Animation/MLDeformer/ChaosClothGenerator/ChaosClothGenerator.uplugin" 701
"../../../Engine/Plugins/Runtime/Nvidia/GeForceNOWWrapper/GeForceNOWWrapper.uplugin" 702
"../../../Engine/Plugins/Animation/MLDeformer/NearestNeighborModel/NearestNeighborModel.uplugin" 703
"../../../Engine/Plugins/Online/Android/AndroidFetchBackgroundDownload/AndroidFetchBackgroundDownload.uplugin" 704
"../../../Engine/Plugins/Animation/MLDeformer/VertexDeltaModel/VertexDeltaModel.uplugin" 705
"../../../Engine/Plugins/Experimental/AVCodecs/NVCodecs/NVCodecs.uplugin" 706
"../../../Engine/Plugins/Experimental/AVCodecs/AMFCodecs/AMFCodecs.uplugin" 707
"../../../Engine/Plugins/Experimental/AVCodecs/VTCodecs/VTCodecs.uplugin" 708
"../../../Engine/Plugins/Experimental/Compositing/HoldoutComposite/HoldoutComposite.uplugin" 709
"../../../Engine/Plugins/Editor/ObjectMixer/ObjectMixer/ObjectMixer.uplugin" 710
"../../../Engine/Plugins/Experimental/CharacterFXEditor/BaseCharacterFXEditor/BaseCharacterFXEditor.uplugin" 711
"../../../Engine/Plugins/Experimental/Compositing/CompositeCore/CompositeCore.uplugin" 712
"../../../Engine/Plugins/Runtime/Analytics/FileLogging/FileLogging.uplugin" 713
"../../../Engine/Plugins/Experimental/AVCodecs/LibVpxCodecs/LibVpxCodecs.uplugin" 714
"../../../Engine/Plugins/Runtime/Analytics/AnalyticsBlueprintLibrary/AnalyticsBlueprintLibrary.uplugin" 715
"../../../Engine/Plugins/Experimental/CharacterFXEditor/ExampleCharacterFXEditor/ExampleCharacterFXEditor.uplugin" 716
"../../../Engine/Plugins/Runtime/Analytics/AnalyticsMulticast/AnalyticsMulticast.uplugin" 717
"../../../Engine/Plugins/Runtime/XR/XRVisualization/XRVisualization.uplugin" 718
"../../../Engine/Plugins/Animation/MLDeformer/ChaosFleshGenerator/ChaosFleshGenerator.uplugin" 719
"../../../Engine/Plugins/Runtime/Analytics/Adjust/Adjust.uplugin" 720
"../../../Engine/Plugins/Experimental/AVCodecs/WMFCodecs/WMFCodecs.uplugin" 721
"../../../Engine/Plugins/VirtualProduction/Rivermax/RivermaxCore/RivermaxCore.uplugin" 722
"../../../Engine/Plugins/Runtime/XR/XRScribe/XRScribe.uplugin" 723
"../../../Engine/Plugins/VirtualProduction/Rivermax/RivermaxSync/RivermaxSync.uplugin" 724
"../../../Engine/Plugins/Animation/MLDeformer/NeuralMorphModel/NeuralMorphModel.uplugin" 725
"../../../Engine/Plugins/VirtualProduction/Rivermax/RivermaxMedia/RivermaxMedia.uplugin" 726
"../../../Engine/Plugins/Experimental/AVCodecs/AVCodecsCore/AVCodecsCore.uplugin" 727
"../../../Engine/Plugins/Runtime/AR/Google/GoogleARCoreServices/GoogleARCoreServices.uplugin" 728
"../../../Engine/Plugins/Runtime/AR/Google/GoogleARCore/GoogleARCore.uplugin" 729
"../../../Engine/Plugins/Runtime/AR/AppleAR/AppleARKit/AppleARKit.uplugin" 730
"../../../Engine/Plugins/Runtime/AR/AppleAR/AppleARKitFaceSupport/AppleARKitFaceSupport.uplugin" 731
"../../../Engine/Plugins/Developer/Concert/ConcertApp/DisasterRecoveryClient/DisasterRecoveryClient.uplugin" 732
"../../../Engine/Plugins/Experimental/Animation/MLDeformer/DetailPoseModel/DetailPoseModel.uplugin" 733
"../../../Engine/Plugins/Developer/Concert/ConcertApp/MultiUserServer/MultiUserServer.uplugin" 734
"../../../Engine/Plugins/Developer/Concert/ConcertApp/MultiUserClient/MultiUserClient.uplugin" 735
"../../../Engine/Plugins/Developer/Concert/ConcertInsights/ConcertInsightsClient/ConcertInsightsClient.uplugin" 736
"../../../Engine/Plugins/Developer/Concert/ConcertScripting/ConcertReplicationScripting/ConcertReplicationScripting.uplugin" 737
"../../../Engine/Plugins/Developer/Concert/ConcertInsights/ConcertInsightsServer/ConcertInsightsServer.uplugin" 738
"../../../Engine/Plugins/Developer/Concert/ConcertInsights/ConcertInsightsCore/ConcertInsightsCore.uplugin" 739
"../../../Engine/Plugins/Developer/Concert/ConcertSync/ConcertSyncCore/ConcertSyncCore.uplugin" 740
"../../../Engine/Plugins/Developer/Concert/ConcertInsights/ConcertInsightsVisualizer/ConcertInsightsVisualizer.uplugin" 741
"../../../Engine/Plugins/Developer/Concert/ConcertUI/ConcertSharedSlate/ConcertSharedSlate.uplugin" 742
"../../../Engine/Plugins/Developer/Concert/ConcertSync/ConcertSyncServer/ConcertSyncServer.uplugin" 743
"../../../Engine/Plugins/Developer/Concert/ConcertSync/ConcertSyncClient/ConcertSyncClient.uplugin" 744
"../../../Engine/Plugins/Developer/Concert/ConcertSync/ConcertSyncTest/ConcertSyncTest.uplugin" 745
"../../../Engine/Plugins/Developer/Concert/ConcertUI/ConcertClientSharedSlate/ConcertClientSharedSlate.uplugin" 746
"../../../Engine/Platforms/Android/Plugins/RigLogic/RigLogic_Android.uplugin" 747
"../../../Engine/Platforms/Android/Plugins/Animation/ACLPlugin/ACLPlugin_Android.uplugin" 748
"../../../Engine/Platforms/IOS/Plugins/RigLogic/RigLogic_IOS.uplugin" 749
"../../../Engine/Content/Internationalization/icudt64l/cnvalias.icu" 750
"../../../Engine/Content/Internationalization/icudt64l/res_index.res" 751
"../../../Engine/Content/Internationalization/icudt64l/plurals.res" 752
"../../../Engine/Content/Internationalization/icudt64l/lang/en.res" 753
"../../../Engine/Content/Internationalization/icudt64l/lang/pool.res" 754
"../../../Engine/Content/Internationalization/icudt64l/lang/root.res" 755
"../../../Engine/Content/Internationalization/icudt64l/region/en.res" 756
"../../../Engine/Content/Internationalization/icudt64l/region/pool.res" 757
"../../../Engine/Content/Internationalization/icudt64l/region/root.res" 758
"../../../Engine/Content/Internationalization/icudt64l/windowsZones.res" 759
"../../../Engine/Content/Internationalization/icudt64l/zoneinfo64.res" 760
"../../../Engine/Content/Internationalization/icudt64l/keyTypeData.res" 761
"../../../Engine/Content/Internationalization/icudt64l/timezoneTypes.res" 762
"../../../Engine/Content/Internationalization/icudt64l/likelySubtags.res" 763
"../../../Engine/Content/Internationalization/icudt64l/en_US.res" 764
"../../../Engine/Content/Internationalization/icudt64l/pool.res" 765
"../../../Engine/Content/Internationalization/icudt64l/en.res" 766
"../../../Engine/Content/Internationalization/icudt64l/root.res" 767
"../../../Engine/Content/Internationalization/icudt64l/supplementalData.res" 768
"../../../Engine/Config/ConfigRedirects.ini" 769
"C:/Users/rexge/AppData/Local/UnrealEngine/5.6/Saved/Config/WindowsEditor/Manifest.ini" 770
"../../../Engine/Config/BaseEngine.ini" 771
"../../../Engine/Config/Windows/BaseWindowsEngine.ini" 772
"../../../../../../Users/rexge/Documents/Unreal Projects/TheBigHunt/Config/DefaultEngine.ini" 773
"C:/Users/rexge/AppData/Local/Unreal Engine/Engine/Config/UserEngine.ini" 774
"../../../Engine/Config/BaseGame.ini" 775
"../../../../../../Users/rexge/Documents/Unreal Projects/TheBigHunt/Config/DefaultGame.ini" 776
"../../../Engine/Config/Windows/WindowsGame.ini" 777
"C:/Users/rexge/Documents/Unreal Projects/TheBigHunt/Saved/Config/WindowsEditor/Game.ini" 778
"../../../Engine/Config/BaseInput.ini" 779
"../../../Engine/Config/Windows/BaseWindowsInput.ini" 780
"../../../../../../Users/rexge/Documents/Unreal Projects/TheBigHunt/Config/DefaultInput.ini" 781
"../../../Engine/Config/Windows/WindowsInput.ini" 782
"../../../Engine/Config/BaseDeviceProfiles.ini" 783
"../../../Engine/Config/BaseGameUserSettings.ini" 784
"C:/Users/rexge/Documents/Unreal Projects/TheBigHunt/Saved/Config/WindowsEditor/GameUserSettings.ini" 785
"../../../Engine/Config/BaseScalability.ini" 786
"../../../Engine/Config/BaseRuntimeOptions.ini" 787
"../../../Engine/Config/BaseInstallBundle.ini" 788
"../../../Engine/Config/BaseHardware.ini" 789
"../../../Engine/Config/BaseCompat.ini" 790
"../../../Engine/Config/BaseLightmass.ini" 791
"../../../Engine/Config/BaseEditor.ini" 792
"../../../../../../Users/rexge/Documents/Unreal Projects/TheBigHunt/Config/DefaultEditor.ini" 793
"C:/Users/rexge/Documents/Unreal Projects/TheBigHunt/Saved/Config/WindowsEditor/Editor.ini" 794
"../../../Engine/Config/BaseMaterialExpressions.ini" 795
"../../../Engine/Config/BaseEditorPerProjectUserSettings.ini" 796
"../../../../../../Users/rexge/Documents/Unreal Projects/TheBigHunt/Config/DefaultEditorPerProjectUserSettings.ini" 797
"../../../Engine/Config/Windows/WindowsEditorPerProjectUserSettings.ini" 798
"C:/Users/rexge/Documents/Unreal Projects/TheBigHunt/Saved/Config/WindowsEditor/EditorPerProjectUserSettings.ini" 799
"../../../Engine/Config/BaseEditorSettings.ini" 800
"../../../Engine/Config/Windows/WindowsEditorSettings.ini" 801
"C:/Users/rexge/AppData/Local/UnrealEngine/5.6/Saved/Config/WindowsEditor/EditorSettings.ini" 802
"../../../Engine/Config/BaseEditorKeyBindings.ini" 803
"C:/Users/rexge/AppData/Local/UnrealEngine/5.6/Saved/Config/WindowsEditor/EditorLayout.ini" 804
"../../../Engine/Binaries/Win64/BootstrapPackagedGame-Win64-Shipping.target" 805
"../../../Engine/Binaries/Win64/BuildPatchTool-Win64-Shipping.target" 806
"../../../Engine/Binaries/Win64/CrashReportClient-Win64-Shipping.target" 807
"../../../Engine/Binaries/Win64/CrashReportClientEditor-Win64-Shipping.target" 808
"../../../Engine/Config/Mac/BaseMacEngine.ini" 809
"../../../Engine/Config/IOS/BaseIOSEngine.ini" 810
"../../../Engine/Binaries/Win64/DatasmithCADWorker.target" 811
"../../../Engine/Binaries/Win64/EpicWebHelper-Win64-Shipping.target" 812
"../../../Engine/Config/Android/BaseAndroidEngine.ini" 813
"../../../Engine/Binaries/Win64/InterchangeWorker.target" 814
"../../../Engine/Binaries/Win64/LiveCodingConsole.target" 815
"../../../../../../Users/rexge/Documents/Unreal Projects/TheBigHunt/Config/Mac/MacEngine.ini" 816
"../../../Engine/Config/Android/AndroidEngine.ini" 817
"../../../Engine/Platforms/VisionOS/Config/BaseVisionOSEngine.ini" 818
"../../../Engine/Binaries/Win64/LiveLinkHub.target" 819
"../../../Engine/Config/IOS/BaseIOSGame.ini" 820
"../../../Engine/Config/Unix/UnixEngine.ini" 821
"../../../Engine/Config/Linux/BaseLinuxEngine.ini" 822
"../../../Engine/Config/IOS/IOSGame.ini" 823
"../../../Engine/Platforms/VisionOS/Config/VisionOSEngine.ini" 824
"../../../../../../Users/rexge/Documents/Unreal Projects/TheBigHunt/Config/VisionOS/VisionOSEngine.ini" 825
"../../../Engine/Config/Android/BaseAndroidGame.ini" 826
"../../../Engine/Config/Linux/LinuxEngine.ini" 827
"../../../Engine/Config/Mac/MacGame.ini" 828
"../../../Engine/Config/Android/BaseAndroidInput.ini" 829
"../../../Engine/Config/IOS/BaseIOSInput.ini" 830
"../../../Engine/Config/Mac/BaseMacInput.ini" 831
"../../../Engine/Config/TVOS/TVOSEngine.ini" 832
"../../../Engine/Config/Linux/LinuxGame.ini" 833
"../../../Engine/Config/Android/AndroidScalability.ini" 834
"../../../Engine/Config/IOS/IOSScalability.ini" 835
"../../../Engine/Config/Android/BaseAndroidInstallBundle.ini" 836
"../../../Engine/Config/IOS/BaseIOSInstallBundle.ini" 837
"../../../Engine/Binaries/Win64/ShaderCompileWorker.target" 838
"../../../Engine/Binaries/Win64/SwitchboardListener.target" 839
"../../../Engine/Binaries/Win64/SwitchboardListenerHelper.target" 840
"../../../Engine/Binaries/Win64/UnrealEditor-Win64-DebugGame.target" 841
"../../../Engine/Binaries/Win64/UnrealEditor.target" 842
"../../../Engine/Config/PluginBase.ini" 843
"../../../Engine/Plugins/ChaosVD/Config/DefaultChaosVD.ini" 844
"../../../Engine/Plugins/EnhancedInput/Config/BaseEnhancedInput.ini" 845
"../../../Engine/Plugins/Fab/Config/BaseFab.ini" 846
"../../../Engine/Plugins/TraceUtilities/Config/BaseTraceUtilities.ini" 847
"../../../Engine/Plugins/Experimental/FullBodyIK/Config/BaseFullBodyIK.ini" 848
"../../../Engine/Plugins/Experimental/ToolPresets/Config/BaseToolPresets.ini" 849
"../../../Engine/Plugins/Runtime/HairStrands/Config/BaseHairStrands.ini" 850
"../../../Engine/Plugins/Runtime/Metasound/Config/BaseMetasound.ini" 851
"../../../Engine/Plugins/Runtime/Metasound/Config/DefaultMetasound.ini" 852
"../../../Engine/Plugins/Runtime/PropertyBindingUtils/Config/BasePropertyBindingUtils.ini" 853
"../../../Engine/Plugins/Runtime/RigVM/Config/BaseRigVM.ini" 854
"../../../Engine/Plugins/Runtime/StateTree/Config/BaseStateTree.ini" 855
"../../../Engine/Plugins/Runtime/Synthesis/Config/BaseSynthesis.ini" 856
"../../../Engine/Plugins/2D/Paper2D/Config/BasePaper2D.ini" 857
"../../../Engine/Plugins/Animation/ControlRig/Config/BaseControlRig.ini" 858
"../../../Engine/Plugins/Animation/DeformerGraph/Config/BaseDeformerGraph.ini" 859
"../../../Engine/Plugins/Animation/LiveLink/Config/BaseLiveLink.ini" 860
"../../../Engine/Plugins/Animation/IKRig/Config/BaseIKRig.ini" 861
"../../../Engine/Plugins/Cameras/GameplayCameras/Config/BaseGameplayCameras.ini" 862
"../../../Engine/Plugins/Editor/EditorScriptingUtilities/Config/BaseEditorScriptingUtilities.ini" 863
"../../../Engine/Plugins/Enterprise/DatasmithContent/Config/BaseDatasmithContent.ini" 864
"../../../Engine/Plugins/Enterprise/GLTFExporter/Config/BaseGLTFExporter.ini" 865
"../../../Engine/Plugins/Enterprise/GLTFExporter/Config/DefaultGLTFExporter.ini" 866
"../../../Engine/Plugins/Enterprise/VariantManagerContent/Config/BaseVariantManagerContent.ini" 867
"../../../Engine/Plugins/FX/Niagara/Config/BaseNiagara.ini" 868
"../../../Engine/Plugins/Interchange/Assets/Config/BaseInterchangeAssets.ini" 869
"../../../Engine/Plugins/Interchange/Runtime/Config/BaseInterchange.ini" 870
"../../../Engine/Plugins/MetaHuman/MetaHumanSDK/Config/BaseMetaHumanSDK.ini" 871
"../../../Engine/Plugins/VirtualProduction/CameraCalibrationCore/Config/BaseCameraCalibrationCore.ini" 872
"../../../Engine/Plugins/VirtualProduction/Takes/Config/BaseTakes.ini" 873
"../../../Engine/Plugins/Experimental/Compositing/CompositeCore/Config/BaseCompositeCore.ini" 874
"../../../Engine/Plugins/ChaosVD/Config/Engine.ini" 875
"../../../Engine/Plugins/Runtime/OpenXR/Config/Engine.ini" 876
"../../../Engine/Plugins/EnhancedInput/Config/Input.ini" 877
"../../../Engine/Plugins/Runtime/InputDebugging/Config/Input.ini" 878
"../../../Engine/Plugins/Runtime/Windows/XInputDevice/Config/Input.ini" 879
"../../../Engine/Plugins/Experimental/WaterExtras/Config/WaterExtras.ini" 880
"../../../Engine/Plugins/NNE/NNEDenoiser/Config/Game.ini" 881
"../../../Engine/Plugins/Runtime/RigVM/Config/Editor.ini" 882
"../../../Engine/Plugins/Online/OnlineSubsystemUtils/Config/Editor.ini" 883
"../../../Engine/Plugins/Runtime/OpenXR/Binaries/Win64/UnrealEditor.modules" 884
"../../../Engine/Plugins/Runtime/XRBase/Binaries/Win64/UnrealEditor.modules" 885
"../../../Engine/Plugins/EnhancedInput/Binaries/Win64/UnrealEditor.modules" 886
"../../../Engine/Plugins/Editor/DataValidation/Binaries/Win64/UnrealEditor.modules" 887
"../../../Engine/Plugins/Runtime/OpenXREyeTracker/Binaries/Win64/UnrealEditor.modules" 888
"../../../Engine/Plugins/Runtime/OpenXRHandTracking/Binaries/Win64/UnrealEditor.modules" 889
"../../../Engine/Plugins/Animation/LiveLink/Binaries/Win64/UnrealEditor.modules" 890
"../../../Engine/Plugins/VirtualProduction/Takes/Binaries/Win64/UnrealEditor.modules" 891
"../../../Engine/Plugins/Editor/ContentBrowser/ContentBrowserAssetDataSource/Binaries/Win64/UnrealEditor.modules" 892
"../../../Engine/Plugins/Runtime/AudioCapture/Binaries/Win64/UnrealEditor.modules" 893
"../../../Engine/Plugins/MovieScene/LevelSequenceEditor/Binaries/Win64/UnrealEditor.modules" 894
"../../../Engine/Plugins/Developer/NamingTokens/Binaries/Win64/UnrealEditor.modules" 895
"../../../Engine/Plugins/MovieScene/SequencerScripting/Binaries/Win64/UnrealEditor.modules" 896
"../../../Engine/Plugins/Editor/EngineAssetDefinitions/Binaries/Win64/UnrealEditor.modules" 897
"../../../Engine/Plugins/Experimental/PythonScriptPlugin/Binaries/Win64/UnrealEditor.modules" 898
"../../../Engine/Plugins/Editor/ContentBrowser/ContentBrowserFileDataSource/Binaries/Win64/UnrealEditor.modules" 899
"../../../Engine/Plugins/Experimental/Water/Binaries/Win64/UnrealEditor.modules" 900
"../../../Engine/Plugins/Experimental/Landmass/Binaries/Win64/UnrealEditor.modules" 901
"../../../Engine/Plugins/FX/Niagara/Binaries/Win64/UnrealEditor.modules" 902
"../../../Engine/Plugins/Runtime/GeometryProcessing/Binaries/Win64/UnrealEditor.modules" 903
"../../../Engine/Plugins/Editor/BlueprintMaterialTextureNodes/Binaries/Win64/UnrealEditor.modules" 904
"../../../Engine/Plugins/Bridge/Binaries/Win64/UnrealEditor.modules" 905
"../../../Engine/Plugins/Editor/EditorScriptingUtilities/Binaries/Win64/UnrealEditor.modules" 906
"../../../Engine/Plugins/MetaHuman/MetaHumanSDK/Binaries/Win64/UnrealEditor.modules" 907
"../../../Engine/Plugins/Animation/ControlRig/Binaries/Win64/UnrealEditor.modules" 908
"../../../Engine/Plugins/Runtime/HairStrands/Binaries/Win64/UnrealEditor.modules" 909
"../../../Engine/Plugins/Animation/RigLogic/Binaries/Win64/UnrealEditor.modules" 910
"../../../Engine/Plugins/Online/EOSShared/Binaries/Win64/UnrealEditor.modules" 911
"../../../Engine/Plugins/Runtime/RigVM/Binaries/Win64/UnrealEditor.modules" 912
"../../../Engine/Plugins/Runtime/PropertyAccess/Binaries/Win64/UnrealEditor.modules" 913
"../../../Engine/Plugins/Animation/TweeningUtils/Binaries/Win64/UnrealEditor.modules" 914
"../../../Engine/Plugins/Runtime/GeometryCache/Binaries/Win64/UnrealEditor.modules" 915
"../../../Engine/Plugins/Animation/DeformerGraph/Binaries/Win64/UnrealEditor.modules" 916
"../../../Engine/Plugins/Experimental/Dataflow/Binaries/Win64/UnrealEditor.modules" 917
"../../../Engine/Plugins/Runtime/ComputeFramework/Binaries/Win64/UnrealEditor.modules" 918
"../../../Engine/Plugins/Experimental/CharacterFXEditor/BaseCharacterFXEditor/Binaries/Win64/UnrealEditor.modules" 919
"../../../Engine/Plugins/Runtime/ProceduralMeshComponent/Binaries/Win64/UnrealEditor.modules" 920
"../../../Engine/Plugins/Experimental/MeshModelingToolsetExp/Binaries/Win64/UnrealEditor.modules" 921
"../../../Engine/Plugins/Experimental/ChaosCaching/Binaries/Win64/UnrealEditor.modules" 922
"../../../Engine/Plugins/Experimental/EditorDataStorage/Binaries/Win64/UnrealEditor.modules" 923
"../../../Engine/Plugins/Experimental/EditorDataStorageFeatures/Binaries/Win64/UnrealEditor.modules" 924
"../../../Engine/Plugins/Runtime/MeshModelingToolset/Binaries/Win64/UnrealEditor.modules" 925
"../../../Engine/Plugins/Editor/ProxyLODPlugin/Binaries/Win64/UnrealEditor.modules" 926
"../../../Engine/Plugins/Experimental/PlanarCutPlugin/Binaries/Win64/UnrealEditor.modules" 927
"../../../Engine/Plugins/ChaosCloth/Binaries/Win64/UnrealEditor.modules" 928
"../../../Engine/Plugins/ChaosInsights/Binaries/Win64/UnrealEditor.modules" 929
"../../../Engine/Plugins/CmdLinkServer/Binaries/Win64/UnrealEditor.modules" 930
"../../../Engine/Plugins/ChaosVD/Binaries/Win64/UnrealEditor.modules" 931
"../../../Engine/Plugins/Fab/Binaries/Win64/UnrealEditor.modules" 932
"../../../Engine/Plugins/Interchange/Runtime/Binaries/Win64/UnrealEditor.modules" 933
"../../../Engine/Plugins/Enterprise/VariantManagerContent/Binaries/Win64/UnrealEditor.modules" 934
"../../../Engine/Plugins/Enterprise/VariantManager/Binaries/Win64/UnrealEditor.modules" 935
"../../../Engine/Plugins/Interchange/Assets/Binaries/Win64/UnrealEditor.modules" 936
"../../../Engine/Plugins/FastBuildController/Binaries/Win64/UnrealEditor.modules" 937
"../../../Engine/Plugins/IoStoreInsights/Binaries/Win64/UnrealEditor.modules" 938
"../../../Engine/Plugins/MassInsights/Binaries/Win64/UnrealEditor.modules" 939
"../../../Engine/Plugins/MeshPainting/Binaries/Win64/UnrealEditor.modules" 940
"../../../Engine/Plugins/Interchange/Editor/Binaries/Win64/UnrealEditor.modules" 941
"../../../Engine/Plugins/RenderGraphInsights/Binaries/Win64/UnrealEditor.modules" 942
"../../../Engine/Plugins/TraceUtilities/Binaries/Win64/UnrealEditor.modules" 943
"../../../Engine/Plugins/UbaController/Binaries/Win64/UnrealEditor.modules" 944
"../../../Engine/Plugins/WorldMetrics/Binaries/Win64/UnrealEditor.modules" 945
"../../../Engine/Plugins/XGEController/Binaries/Win64/UnrealEditor.modules" 946
"../../../Engine/Plugins/Compression/OodleNetwork/Binaries/Win64/UnrealEditor.modules" 947
"../../../Engine/Plugins/Experimental/AdvancedRenamer/Binaries/Win64/UnrealEditor.modules" 948
"../../../Engine/Plugins/Experimental/AutomationUtils/Binaries/Win64/UnrealEditor.modules" 949
"../../../Engine/Plugins/Experimental/BackChannel/Binaries/Win64/UnrealEditor.modules" 950
"../../../Engine/Plugins/Experimental/ChaosEditor/Binaries/Win64/UnrealEditor.modules" 951
"../../../Engine/Plugins/Experimental/GeometryCollectionPlugin/Binaries/Win64/UnrealEditor.modules" 952
"../../../Engine/Plugins/Experimental/Fracture/Binaries/Win64/UnrealEditor.modules" 953
"../../../Engine/Plugins/Experimental/ChaosSolverPlugin/Binaries/Win64/UnrealEditor.modules" 954
"../../../Engine/Plugins/Experimental/GeometryDataflow/Binaries/Win64/UnrealEditor.modules" 955
"../../../Engine/Plugins/Experimental/ChaosNiagara/Binaries/Win64/UnrealEditor.modules" 956
"../../../Engine/Plugins/Experimental/ChaosUserDataPT/Binaries/Win64/UnrealEditor.modules" 957
"../../../Engine/Plugins/Experimental/CharacterAI/Binaries/Win64/UnrealEditor.modules" 958
"../../../Engine/Plugins/Experimental/EditorPerformance/Binaries/Win64/UnrealEditor.modules" 959
"../../../Engine/Plugins/Experimental/EditorTelemetry/Binaries/Win64/UnrealEditor.modules" 960
"../../../Engine/Plugins/Experimental/LevelSequenceNavigatorBridge/Binaries/Win64/UnrealEditor.modules" 961
"../../../Engine/Plugins/Experimental/SequenceNavigator/Binaries/Win64/UnrealEditor.modules" 962
"../../../Engine/Plugins/Experimental/LocalizableMessage/Binaries/Win64/UnrealEditor.modules" 963
"../../../Engine/Plugins/Experimental/NFORDenoise/Binaries/Win64/UnrealEditor.modules" 964
"../../../Engine/Plugins/Experimental/PlatformCrypto/Binaries/Win64/UnrealEditor.modules" 965
"../../../Engine/Plugins/Experimental/RuntimeTelemetry/Binaries/Win64/UnrealEditor.modules" 966
"../../../Engine/Plugins/Experimental/SkeletalReduction/Binaries/Win64/UnrealEditor.modules" 967
"../../../Engine/Plugins/Experimental/ToolPresets/Binaries/Win64/UnrealEditor.modules" 968
"../../../Engine/Plugins/Messaging/TcpMessaging/Binaries/Win64/UnrealEditor.modules" 969
"../../../Engine/Plugins/Messaging/UdpMessaging/Binaries/Win64/UnrealEditor.modules" 970
"../../../Engine/Plugins/NNE/NNEDenoiser/Binaries/Win64/UnrealEditor.modules" 971
"../../../Engine/Plugins/NNE/NNERuntimeORT/Binaries/Win64/UnrealEditor.modules" 972
"../../../Engine/Plugins/Tests/InterchangeTests/Binaries/Win64/UnrealEditor.modules" 973
"../../../Engine/Plugins/MovieScene/ActorSequence/Binaries/Win64/UnrealEditor.modules" 974
"../../../Engine/Plugins/Runtime/AndroidDeviceProfileSelector/Binaries/Win64/UnrealEditor.modules" 975
"../../../Engine/Plugins/Runtime/AndroidFileServer/Binaries/Win64/UnrealEditor.modules" 976
"../../../Engine/Plugins/Runtime/ActorLayerUtilities/Binaries/Win64/UnrealEditor.modules" 977
"../../../Engine/Plugins/Runtime/AndroidPermission/Binaries/Win64/UnrealEditor.modules" 978
"../../../Engine/Plugins/Runtime/AppleImageUtils/Binaries/Win64/UnrealEditor.modules" 979
"../../../Engine/Plugins/Runtime/ArchVisCharacter/Binaries/Win64/UnrealEditor.modules" 980
"../../../Engine/Plugins/Runtime/AssetTags/Binaries/Win64/UnrealEditor.modules" 981
"../../../Engine/Plugins/Runtime/CableComponent/Binaries/Win64/UnrealEditor.modules" 982
"../../../Engine/Plugins/Runtime/ChunkDownloader/Binaries/Win64/UnrealEditor.modules" 983
"../../../Engine/Plugins/Runtime/ExampleDeviceProfileSelector/Binaries/Win64/UnrealEditor.modules" 984
"../../../Engine/Plugins/Runtime/CustomMeshComponent/Binaries/Win64/UnrealEditor.modules" 985
"../../../Engine/Plugins/Runtime/GooglePAD/Binaries/Win64/UnrealEditor.modules" 986
"../../../Engine/Plugins/Runtime/InputDebugging/Binaries/Win64/UnrealEditor.modules" 987
"../../../Engine/Plugins/Runtime/Metasound/Binaries/Win64/UnrealEditor.modules" 988
"../../../Engine/Plugins/Runtime/AudioWidgets/Binaries/Win64/UnrealEditor.modules" 989
"../../../Engine/Plugins/Runtime/AudioSynesthesia/Binaries/Win64/UnrealEditor.modules" 990
"../../../Engine/Plugins/Runtime/WaveTable/Binaries/Win64/UnrealEditor.modules" 991
"../../../Engine/Plugins/Runtime/LocationServicesBPLibrary/Binaries/Win64/UnrealEditor.modules" 992
"../../../Engine/Plugins/Runtime/MobilePatchingUtils/Binaries/Win64/UnrealEditor.modules" 993
"../../../Engine/Plugins/Runtime/MsQuic/Binaries/Win64/UnrealEditor.modules" 994
"../../../Engine/Plugins/Runtime/ResonanceAudio/Binaries/Win64/UnrealEditor.modules" 995
"../../../Engine/Plugins/Runtime/SoundFields/Binaries/Win64/UnrealEditor.modules" 996
"../../../Engine/Plugins/Runtime/Synthesis/Binaries/Win64/UnrealEditor.modules" 997
"../../../Engine/Plugins/Runtime/WebMMoviePlayer/Binaries/Win64/UnrealEditor.modules" 998
"../../../Engine/Plugins/Media/WebMMedia/Binaries/Win64/UnrealEditor.modules" 999
"../../../Engine/Plugins/Runtime/WindowsMoviePlayer/Binaries/Win64/UnrealEditor.modules" 1000
"../../../Engine/Plugins/Runtime/WindowsDeviceProfileSelector/Binaries/Win64/UnrealEditor.modules" 1001
"../../../Engine/Plugins/AI/AISupport/Binaries/Win64/UnrealEditor.modules" 1002
"../../../Engine/Plugins/AI/EnvironmentQueryEditor/Binaries/Win64/UnrealEditor.modules" 1003
"../../../Engine/Plugins/Animation/ACLPlugin/Binaries/Win64/UnrealEditor.modules" 1004
"../../../Engine/Plugins/Animation/AnimationData/Binaries/Win64/UnrealEditor.modules" 1005
"../../../Engine/Plugins/2D/Paper2D/Binaries/Win64/UnrealEditor.modules" 1006
"../../../Engine/Plugins/Animation/AnimationModifierLibrary/Binaries/Win64/UnrealEditor.modules" 1007
"../../../Engine/Plugins/Animation/ControlRigSpline/Binaries/Win64/UnrealEditor.modules" 1008
"../../../Engine/Plugins/Animation/BlendSpaceMotionAnalysis/Binaries/Win64/UnrealEditor.modules" 1009
"../../../Engine/Plugins/Animation/IKRig/Binaries/Win64/UnrealEditor.modules" 1010
"../../../Engine/Plugins/Experimental/FullBodyIK/Binaries/Win64/UnrealEditor.modules" 1011
"../../../Engine/Plugins/Cameras/GameplayCameras/Binaries/Win64/UnrealEditor.modules" 1012
"../../../Engine/Plugins/VirtualProduction/CameraCalibrationCore/Binaries/Win64/UnrealEditor.modules" 1013
"../../../Engine/Plugins/Runtime/StateTree/Binaries/Win64/UnrealEditor.modules" 1014
"../../../Engine/Plugins/MovieScene/TemplateSequence/Binaries/Win64/UnrealEditor.modules" 1015
"../../../Engine/Plugins/Animation/GameplayInsights/Binaries/Win64/UnrealEditor.modules" 1016
"../../../Engine/Plugins/Runtime/PropertyBindingUtils/Binaries/Win64/UnrealEditor.modules" 1017
"../../../Engine/Plugins/Cameras/EngineCameras/Binaries/Win64/UnrealEditor.modules" 1018
"../../../Engine/Plugins/Cameras/CameraShakePreviewer/Binaries/Win64/UnrealEditor.modules" 1019
"../../../Engine/Plugins/Developer/AnimationSharing/Binaries/Win64/UnrealEditor.modules" 1020
"../../../Engine/Plugins/Runtime/SignificanceManager/Binaries/Win64/UnrealEditor.modules" 1021
"../../../Engine/Plugins/Developer/CLionSourceCodeAccess/Binaries/Win64/UnrealEditor.modules" 1022
"../../../Engine/Plugins/Developer/GitSourceControl/Binaries/Win64/UnrealEditor.modules" 1023
"../../../Engine/Plugins/Developer/N10XSourceCodeAccess/Binaries/Win64/UnrealEditor.modules" 1024
"../../../Engine/Plugins/Animation/SkeletalMeshModelingTools/Binaries/Win64/UnrealEditor.modules" 1025
"../../../Engine/Plugins/Editor/ModelingToolsEditorMode/Binaries/Win64/UnrealEditor.modules" 1026
"../../../Engine/Plugins/Editor/MeshLODToolset/Binaries/Win64/UnrealEditor.modules" 1027
"../../../Engine/Plugins/Editor/StylusInput/Binaries/Win64/UnrealEditor.modules" 1028
"../../../Engine/Plugins/Experimental/GeometryFlow/Binaries/Win64/UnrealEditor.modules" 1029
"../../../Engine/Plugins/Developer/PluginUtils/Binaries/Win64/UnrealEditor.modules" 1030
"../../../Engine/Plugins/Developer/PlasticSourceControl/Binaries/Win64/UnrealEditor.modules" 1031
"../../../Engine/Plugins/Developer/PerforceSourceControl/Binaries/Win64/UnrealEditor.modules" 1032
"../../../Engine/Plugins/Developer/ProjectLauncher/Binaries/Win64/UnrealEditor.modules" 1033
"../../../Engine/Plugins/Developer/PixWinPlugin/Binaries/Win64/UnrealEditor.modules" 1034
"../../../Engine/Plugins/Developer/RenderDocPlugin/Binaries/Win64/UnrealEditor.modules" 1035
"../../../Engine/Plugins/Developer/TextureFormatOodle/Binaries/Win64/UnrealEditor.modules" 1036
"../../../Engine/Plugins/Developer/PropertyAccessNode/Binaries/Win64/UnrealEditor.modules" 1037
"../../../Engine/Plugins/Developer/UObjectPlugin/Binaries/Win64/UnrealEditor.modules" 1038
"../../../Engine/Plugins/Developer/VisualStudioCodeSourceCodeAccess/Binaries/Win64/UnrealEditor.modules" 1039
"../../../Engine/Plugins/Developer/VisualStudioSourceCodeAccess/Binaries/Win64/UnrealEditor.modules" 1040
"../../../Engine/Plugins/Developer/SubversionSourceControl/Binaries/Win64/UnrealEditor.modules" 1041
"../../../Engine/Plugins/Editor/AssetManagerEditor/Binaries/Win64/UnrealEditor.modules" 1042
"../../../Engine/Plugins/Developer/RiderSourceCodeAccess/Binaries/Win64/UnrealEditor.modules" 1043
"../../../Engine/Plugins/Editor/ChangelistReview/Binaries/Win64/UnrealEditor.modules" 1044
"../../../Engine/Plugins/Editor/ColorGrading/Binaries/Win64/UnrealEditor.modules" 1045
"../../../Engine/Plugins/Editor/ObjectMixer/ObjectMixer/Binaries/Win64/UnrealEditor.modules" 1046
"../../../Engine/Plugins/Editor/CryptoKeys/Binaries/Win64/UnrealEditor.modules" 1047
"../../../Engine/Plugins/Developer/DumpGPUServices/Binaries/Win64/UnrealEditor.modules" 1048
"../../../Engine/Plugins/Editor/BlueprintHeaderView/Binaries/Win64/UnrealEditor.modules" 1049
"../../../Engine/Plugins/Editor/CurveEditorTools/Binaries/Win64/UnrealEditor.modules" 1050
"../../../Engine/Plugins/Editor/EditorDebugTools/Binaries/Win64/UnrealEditor.modules" 1051
"../../../Engine/Plugins/Editor/GameplayTagsEditor/Binaries/Win64/UnrealEditor.modules" 1052
"../../../Engine/Plugins/Editor/GeometryMode/Binaries/Win64/UnrealEditor.modules" 1053
"../../../Engine/Plugins/Editor/MaterialAnalyzer/Binaries/Win64/UnrealEditor.modules" 1054
"../../../Engine/Plugins/Editor/MobileLauncherProfileWizard/Binaries/Win64/UnrealEditor.modules" 1055
"../../../Engine/Plugins/Editor/FacialAnimation/Binaries/Win64/UnrealEditor.modules" 1056
"../../../Engine/Plugins/Editor/PluginBrowser/Binaries/Win64/UnrealEditor.modules" 1057
"../../../Engine/Plugins/Editor/SequencerAnimTools/Binaries/Win64/UnrealEditor.modules" 1058
"../../../Engine/Plugins/Editor/SpeedTreeImporter/Binaries/Win64/UnrealEditor.modules" 1059
"../../../Engine/Plugins/Editor/UMGWidgetPreview/Binaries/Win64/UnrealEditor.modules" 1060
"../../../Engine/Plugins/Editor/UVEditor/Binaries/Win64/UnrealEditor.modules" 1061
"../../../Engine/Plugins/Editor/WorldPartitionHLODUtilities/Binaries/Win64/UnrealEditor.modules" 1062
"../../../Engine/Plugins/Enterprise/DatasmithContent/Binaries/Win64/UnrealEditor.modules" 1063
"../../../Engine/Plugins/Enterprise/GLTFExporter/Binaries/Win64/UnrealEditor.modules" 1064
"../../../Engine/Plugins/FX/Cascade/Binaries/Win64/UnrealEditor.modules" 1065
"../../../Engine/Plugins/Importers/AlembicImporter/Binaries/Win64/UnrealEditor.modules" 1066
"../../../Engine/Plugins/FX/NiagaraSimCaching/Binaries/Win64/UnrealEditor.modules" 1067
"../../../Engine/Plugins/Media/AvfMedia/Binaries/Win64/UnrealEditor.modules" 1068
"../../../Engine/Plugins/Media/AndroidMedia/Binaries/Win64/UnrealEditor.modules" 1069
"../../../Engine/Plugins/Media/ImgMedia/Binaries/Win64/UnrealEditor.modules" 1070
"../../../Engine/Plugins/Media/MediaPlayerEditor/Binaries/Win64/UnrealEditor.modules" 1071
"../../../Engine/Plugins/Media/MediaCompositing/Binaries/Win64/UnrealEditor.modules" 1072
"../../../Engine/Plugins/Media/MediaPlate/Binaries/Win64/UnrealEditor.modules" 1073
"../../../Engine/Plugins/Experimental/Compositing/CompositeCore/Binaries/Win64/UnrealEditor.modules" 1074
"../../../Engine/Plugins/Media/WmfMedia/Binaries/Win64/UnrealEditor.modules" 1075
"../../../Engine/Plugins/Online/OnlineBase/Binaries/Win64/UnrealEditor.modules" 1076
"../../../Engine/Plugins/Online/OnlineSubsystem/Binaries/Win64/UnrealEditor.modules" 1077
"../../../Engine/Plugins/Online/OnlineSubsystemNull/Binaries/Win64/UnrealEditor.modules" 1078
"../../../Engine/Plugins/Online/OnlineSubsystemUtils/Binaries/Win64/UnrealEditor.modules" 1079
"../../../Engine/Plugins/Online/OnlineServices/Binaries/Win64/UnrealEditor.modules" 1080
"../../../Engine/Plugins/Portal/LauncherChunkInstaller/Binaries/Win64/UnrealEditor.modules" 1081
"../../../Engine/Plugins/Runtime/Windows/XInputDevice/Binaries/Win64/UnrealEditor.modules" 1082
"../../../Engine/Plugins/Editor/Localization/PortableObjectFileDataSource/Binaries/Win64/UnrealEditor.modules" 1083
"../../../Engine/Plugins/Editor/ObjectMixer/LightMixer/Binaries/Win64/UnrealEditor.modules" 1084
"../../../Engine/Plugins/Editor/ContentBrowser/ContentBrowserClassDataSource/Binaries/Win64/UnrealEditor.modules" 1085
"../../../Engine/Config/BaseSourceControlSettings.ini" 1086
"C:/Users/rexge/AppData/Local/UnrealEngine/5.6/Saved/Config/WindowsEditor/SourceControlSettings.ini" 1087
"../../../Engine/Content/Internationalization/icudt64l/coll/ucadata.icu" 1088
"../../../Engine/Content/Internationalization/icudt64l/coll/en_US.res" 1089
"../../../Engine/Content/Internationalization/icudt64l/coll/en.res" 1090
"../../../Engine/Content/Internationalization/icudt64l/coll/root.res" 1091
"../../../Engine/Content/Certificates/ThirdParty/cacert.pem" 1092
"../../../Engine/Config/ConsoleVariables.ini" 1093
"../../../Engine/Binaries/Win64/Android/UnrealEditor.modules" 1094
"../../../Engine/Binaries/Win64/IOS/UnrealEditor.modules" 1095
"../../../Engine/Binaries/Win64/Linux/UnrealEditor.modules" 1096
"../../../Engine/Content/Localization/Editor/en/Editor.locres" 1097
"../../../Engine/Content/Localization/EditorTutorials/en/EditorTutorials.locres" 1098
"../../../Engine/Content/Localization/Keywords/en/Keywords.locres" 1099
"../../../Engine/Content/Localization/Category/en/Category.locres" 1100
"../../../Engine/Content/Localization/ToolTips/en/ToolTips.locres" 1101
"../../../Engine/Content/Localization/PropertyNames/en/PropertyNames.locres" 1102
"../../../Engine/Content/Localization/Engine/en/Engine.locres" 1103
"../../../Engine/Plugins/MetaHuman/MetaHumanSDK/Content/Localization/MetaHumanSDK/en/MetaHumanSDK.locres" 1104
"../../../Engine/Plugins/Online/OnlineSubsystem/Content/Localization/OnlineSubsystem/en/OnlineSubsystem.locres" 1105
"../../../Engine/Plugins/Online/OnlineSubsystemUtils/Content/Localization/OnlineSubsystemUtils/en/OnlineSubsystemUtils.locres" 1106
"../../../Engine/Plugins/Online/IOS/OnlineSubsystemIOS/Content/Localization/OnlineSubsystemIOS/en/OnlineSubsystemIOS.locres" 1107
"../../../Engine/Plugins/Online/Android/OnlineSubsystemGooglePlay/Content/Localization/OnlineSubsystemGooglePlay/en/OnlineSubsystemGooglePlay.locres" 1108
"../../../Engine/Content/Internationalization/icudt64l/numberingSystems.res" 1109
"../../../Engine/Content/Internationalization/icudt64l/curr/supplementalData.res" 1110
"../../../Engine/Content/Internationalization/icudt64l/curr/en.res" 1111
"../../../Engine/Content/Internationalization/icudt64l/curr/pool.res" 1112
"../../../Engine/Content/Internationalization/icudt64l/curr/root.res" 1113
"../../../Engine/Content/Internationalization/icudt64l/lang/af.res" 1114
"../../../Engine/Content/Internationalization/icudt64l/region/af.res" 1115
"../../../Engine/Content/Internationalization/icudt64l/lang/agq.res" 1116
"../../../Engine/Content/Internationalization/icudt64l/region/agq.res" 1117
"../../../Engine/Content/Internationalization/icudt64l/lang/ak.res" 1118
"../../../Engine/Content/Internationalization/icudt64l/region/ak.res" 1119
"../../../Engine/Content/Internationalization/icudt64l/lang/am.res" 1120
"../../../Engine/Content/Internationalization/icudt64l/region/am.res" 1121
"../../../Engine/Content/Internationalization/icudt64l/lang/ar.res" 1122
"../../../Engine/Content/Internationalization/icudt64l/region/ar.res" 1123
"../../../Engine/Content/Internationalization/icudt64l/region/ar_AE.res" 1124
"../../../Engine/Content/Internationalization/icudt64l/lang/ar_EG.res" 1125
"../../../Engine/Content/Internationalization/icudt64l/lang/ar_LY.res" 1126
"../../../Engine/Content/Internationalization/icudt64l/region/ar_LY.res" 1127
"../../../Engine/Content/Internationalization/icudt64l/lang/ar_SA.res" 1128
"../../../Engine/Content/Internationalization/icudt64l/region/ar_SA.res" 1129
"../../../Engine/Content/Internationalization/icudt64l/lang/as.res" 1130
"../../../Engine/Content/Internationalization/icudt64l/region/as.res" 1131
"../../../Engine/Content/Internationalization/icudt64l/lang/asa.res" 1132
"../../../Engine/Content/Internationalization/icudt64l/region/asa.res" 1133
"../../../Engine/Content/Internationalization/icudt64l/lang/ast.res" 1134
"../../../Engine/Content/Internationalization/icudt64l/region/ast.res" 1135
"../../../Engine/Content/Internationalization/icudt64l/lang/az.res" 1136
"../../../Engine/Content/Internationalization/icudt64l/lang/az_Cyrl.res" 1137
"../../../Engine/Content/Internationalization/icudt64l/lang/az_AZ.res" 1138
"../../../Engine/Content/Internationalization/icudt64l/lang/az_Latn_AZ.res" 1139
"../../../Engine/Content/Internationalization/icudt64l/lang/az_Latn.res" 1140
"../../../Engine/Content/Internationalization/icudt64l/region/az_AZ.res" 1141
"../../../Engine/Content/Internationalization/icudt64l/region/az_Latn_AZ.res" 1142
"../../../Engine/Content/Internationalization/icudt64l/region/az_Latn.res" 1143
"../../../Engine/Content/Internationalization/icudt64l/region/az.res" 1144
"../../../Engine/Content/Internationalization/icudt64l/region/az_Cyrl.res" 1145
"../../../Engine/Content/Internationalization/icudt64l/lang/bas.res" 1146
"../../../Engine/Content/Internationalization/icudt64l/region/bas.res" 1147
"../../../Engine/Content/Internationalization/icudt64l/lang/be.res" 1148
"../../../Engine/Content/Internationalization/icudt64l/region/be.res" 1149
"../../../Engine/Content/Internationalization/icudt64l/lang/bem.res" 1150
"../../../Engine/Content/Internationalization/icudt64l/region/bem.res" 1151
"../../../Engine/Content/Internationalization/icudt64l/lang/bez.res" 1152
"../../../Engine/Content/Internationalization/icudt64l/region/bez.res" 1153
"../../../Engine/Content/Internationalization/icudt64l/lang/bg.res" 1154
"../../../Engine/Content/Internationalization/icudt64l/region/bg.res" 1155
"../../../Engine/Content/Internationalization/icudt64l/lang/bm.res" 1156
"../../../Engine/Content/Internationalization/icudt64l/region/bm.res" 1157
"../../../Engine/Content/Internationalization/icudt64l/lang/bn.res" 1158
"../../../Engine/Content/Internationalization/icudt64l/region/bn.res" 1159
"../../../Engine/Content/Internationalization/icudt64l/lang/bn_IN.res" 1160
"../../../Engine/Content/Internationalization/icudt64l/region/bn_IN.res" 1161
"../../../Engine/Content/Internationalization/icudt64l/lang/bo.res" 1162
"../../../Engine/Content/Internationalization/icudt64l/region/bo.res" 1163
"../../../Engine/Content/Internationalization/icudt64l/region/bo_IN.res" 1164
"../../../Engine/Content/Internationalization/icudt64l/lang/br.res" 1165
"../../../Engine/Content/Internationalization/icudt64l/region/br.res" 1166
"../../../Engine/Content/Internationalization/icudt64l/lang/brx.res" 1167
"../../../Engine/Content/Internationalization/icudt64l/region/brx.res" 1168
"../../../Engine/Content/Internationalization/icudt64l/lang/bs.res" 1169
"../../../Engine/Content/Internationalization/icudt64l/lang/bs_Cyrl.res" 1170
"../../../Engine/Content/Internationalization/icudt64l/lang/bs_BA.res" 1171
"../../../Engine/Content/Internationalization/icudt64l/lang/bs_Latn_BA.res" 1172
"../../../Engine/Content/Internationalization/icudt64l/lang/bs_Latn.res" 1173
"../../../Engine/Content/Internationalization/icudt64l/region/bs_BA.res" 1174
"../../../Engine/Content/Internationalization/icudt64l/region/bs_Latn_BA.res" 1175
"../../../Engine/Content/Internationalization/icudt64l/region/bs_Latn.res" 1176
"../../../Engine/Content/Internationalization/icudt64l/region/bs.res" 1177
"../../../Engine/Content/Internationalization/icudt64l/region/bs_Cyrl.res" 1178
"../../../Engine/Content/Internationalization/icudt64l/lang/ca.res" 1179
"../../../Engine/Content/Internationalization/icudt64l/region/ca.res" 1180
"../../../Engine/Content/Internationalization/icudt64l/lang/ccp.res" 1181
"../../../Engine/Content/Internationalization/icudt64l/region/ccp.res" 1182
"../../../Engine/Content/Internationalization/icudt64l/lang/ce.res" 1183
"../../../Engine/Content/Internationalization/icudt64l/region/ce.res" 1184
"../../../Engine/Content/Internationalization/icudt64l/lang/ceb.res" 1185
"../../../Engine/Content/Internationalization/icudt64l/region/ceb.res" 1186
"../../../Engine/Content/Internationalization/icudt64l/lang/cgg.res" 1187
"../../../Engine/Content/Internationalization/icudt64l/region/cgg.res" 1188
"../../../Engine/Content/Internationalization/icudt64l/lang/chr.res" 1189
"../../../Engine/Content/Internationalization/icudt64l/region/chr.res" 1190
"../../../Engine/Content/Internationalization/icudt64l/lang/ckb.res" 1191
"../../../Engine/Content/Internationalization/icudt64l/region/ckb.res" 1192
"../../../Engine/Content/Internationalization/icudt64l/lang/cs.res" 1193
"../../../Engine/Content/Internationalization/icudt64l/region/cs.res" 1194
"../../../Engine/Content/Internationalization/icudt64l/lang/cy.res" 1195
"../../../Engine/Content/Internationalization/icudt64l/region/cy.res" 1196
"../../../Engine/Content/Internationalization/icudt64l/lang/da.res" 1197
"../../../Engine/Content/Internationalization/icudt64l/region/da.res" 1198
"../../../Engine/Content/Internationalization/icudt64l/lang/dav.res" 1199
"../../../Engine/Content/Internationalization/icudt64l/region/dav.res" 1200
"../../../Engine/Content/Internationalization/icudt64l/lang/de.res" 1201
"../../../Engine/Content/Internationalization/icudt64l/lang/de_AT.res" 1202
"../../../Engine/Content/Internationalization/icudt64l/region/de_AT.res" 1203
"../../../Engine/Content/Internationalization/icudt64l/region/de.res" 1204
"../../../Engine/Content/Internationalization/icudt64l/lang/de_CH.res" 1205
"../../../Engine/Content/Internationalization/icudt64l/region/de_CH.res" 1206
"../../../Engine/Content/Internationalization/icudt64l/lang/de_LU.res" 1207
"../../../Engine/Content/Internationalization/icudt64l/lang/dje.res" 1208
"../../../Engine/Content/Internationalization/icudt64l/region/dje.res" 1209
"../../../Engine/Content/Internationalization/icudt64l/lang/dsb.res" 1210
"../../../Engine/Content/Internationalization/icudt64l/region/dsb.res" 1211
"../../../Engine/Content/Internationalization/icudt64l/lang/dua.res" 1212
"../../../Engine/Content/Internationalization/icudt64l/region/dua.res" 1213
"../../../Engine/Content/Internationalization/icudt64l/lang/dyo.res" 1214
"../../../Engine/Content/Internationalization/icudt64l/region/dyo.res" 1215
"../../../Engine/Content/Internationalization/icudt64l/lang/dz.res" 1216
"../../../Engine/Content/Internationalization/icudt64l/region/dz.res" 1217
"../../../Engine/Content/Internationalization/icudt64l/lang/ebu.res" 1218
"../../../Engine/Content/Internationalization/icudt64l/region/ebu.res" 1219
"../../../Engine/Content/Internationalization/icudt64l/lang/ee.res" 1220
"../../../Engine/Content/Internationalization/icudt64l/region/ee.res" 1221
"../../../Engine/Content/Internationalization/icudt64l/lang/el.res" 1222
"../../../Engine/Content/Internationalization/icudt64l/region/el.res" 1223
"../../../Engine/Content/Internationalization/icudt64l/lang/en_001.res" 1224
"../../../Engine/Content/Internationalization/icudt64l/lang/en_150.res" 1225
"../../../Engine/Content/Internationalization/icudt64l/region/en_150.res" 1226
"../../../Engine/Content/Internationalization/icudt64l/lang/en_AG.res" 1227
"../../../Engine/Content/Internationalization/icudt64l/region/en_AG.res" 1228
"../../../Engine/Content/Internationalization/icudt64l/lang/en_AI.res" 1229
"../../../Engine/Content/Internationalization/icudt64l/region/en_AI.res" 1230
"../../../Engine/Content/Internationalization/icudt64l/lang/en_AT.res" 1231
"../../../Engine/Content/Internationalization/icudt64l/region/en_AT.res" 1232
"../../../Engine/Content/Internationalization/icudt64l/lang/en_AU.res" 1233
"../../../Engine/Content/Internationalization/icudt64l/region/en_AU.res" 1234
"../../../Engine/Content/Internationalization/icudt64l/lang/en_BB.res" 1235
"../../../Engine/Content/Internationalization/icudt64l/region/en_BB.res" 1236
"../../../Engine/Content/Internationalization/icudt64l/lang/en_BE.res" 1237
"../../../Engine/Content/Internationalization/icudt64l/region/en_BE.res" 1238
"../../../Engine/Content/Internationalization/icudt64l/lang/en_BM.res" 1239
"../../../Engine/Content/Internationalization/icudt64l/region/en_BM.res" 1240
"../../../Engine/Content/Internationalization/icudt64l/lang/en_BS.res" 1241
"../../../Engine/Content/Internationalization/icudt64l/region/en_BS.res" 1242
"../../../Engine/Content/Internationalization/icudt64l/lang/en_BW.res" 1243
"../../../Engine/Content/Internationalization/icudt64l/region/en_BW.res" 1244
"../../../Engine/Content/Internationalization/icudt64l/lang/en_BZ.res" 1245
"../../../Engine/Content/Internationalization/icudt64l/region/en_BZ.res" 1246
"../../../Engine/Content/Internationalization/icudt64l/lang/en_CA.res" 1247
"../../../Engine/Content/Internationalization/icudt64l/region/en_CA.res" 1248
"../../../Engine/Content/Internationalization/icudt64l/lang/en_CC.res" 1249
"../../../Engine/Content/Internationalization/icudt64l/region/en_CC.res" 1250
"../../../Engine/Content/Internationalization/icudt64l/lang/en_CH.res" 1251
"../../../Engine/Content/Internationalization/icudt64l/region/en_CH.res" 1252
"../../../Engine/Content/Internationalization/icudt64l/lang/en_CK.res" 1253
"../../../Engine/Content/Internationalization/icudt64l/region/en_CK.res" 1254
"../../../Engine/Content/Internationalization/icudt64l/lang/en_CM.res" 1255
"../../../Engine/Content/Internationalization/icudt64l/region/en_CM.res" 1256
"../../../Engine/Content/Internationalization/icudt64l/lang/en_CX.res" 1257
"../../../Engine/Content/Internationalization/icudt64l/region/en_CX.res" 1258
"../../../Engine/Content/Internationalization/icudt64l/lang/en_CY.res" 1259
"../../../Engine/Content/Internationalization/icudt64l/region/en_CY.res" 1260
"../../../Engine/Content/Internationalization/icudt64l/lang/en_DE.res" 1261
"../../../Engine/Content/Internationalization/icudt64l/region/en_DE.res" 1262
"../../../Engine/Content/Internationalization/icudt64l/lang/en_DG.res" 1263
"../../../Engine/Content/Internationalization/icudt64l/region/en_DG.res" 1264
"../../../Engine/Content/Internationalization/icudt64l/lang/en_DK.res" 1265
"../../../Engine/Content/Internationalization/icudt64l/region/en_DK.res" 1266
"../../../Engine/Content/Internationalization/icudt64l/lang/en_DM.res" 1267
"../../../Engine/Content/Internationalization/icudt64l/region/en_DM.res" 1268
"../../../Engine/Content/Internationalization/icudt64l/lang/en_ER.res" 1269
"../../../Engine/Content/Internationalization/icudt64l/region/en_ER.res" 1270
"../../../Engine/Content/Internationalization/icudt64l/lang/en_FI.res" 1271
"../../../Engine/Content/Internationalization/icudt64l/region/en_FI.res" 1272
"../../../Engine/Content/Internationalization/icudt64l/lang/en_FJ.res" 1273
"../../../Engine/Content/Internationalization/icudt64l/region/en_FJ.res" 1274
"../../../Engine/Content/Internationalization/icudt64l/lang/en_FK.res" 1275
"../../../Engine/Content/Internationalization/icudt64l/region/en_FK.res" 1276
"../../../Engine/Content/Internationalization/icudt64l/lang/en_FM.res" 1277
"../../../Engine/Content/Internationalization/icudt64l/region/en_FM.res" 1278
"../../../Engine/Content/Internationalization/icudt64l/lang/en_GB.res" 1279
"../../../Engine/Content/Internationalization/icudt64l/region/en_GB.res" 1280
"../../../Engine/Content/Internationalization/icudt64l/lang/en_GD.res" 1281
"../../../Engine/Content/Internationalization/icudt64l/region/en_GD.res" 1282
"../../../Engine/Content/Internationalization/icudt64l/lang/en_GG.res" 1283
"../../../Engine/Content/Internationalization/icudt64l/region/en_GG.res" 1284
"../../../Engine/Content/Internationalization/icudt64l/lang/en_GH.res" 1285
"../../../Engine/Content/Internationalization/icudt64l/region/en_GH.res" 1286
"../../../Engine/Content/Internationalization/icudt64l/lang/en_GI.res" 1287
"../../../Engine/Content/Internationalization/icudt64l/region/en_GI.res" 1288
"../../../Engine/Content/Internationalization/icudt64l/lang/en_GM.res" 1289
"../../../Engine/Content/Internationalization/icudt64l/region/en_GM.res" 1290
"../../../Engine/Content/Internationalization/icudt64l/lang/en_GY.res" 1291
"../../../Engine/Content/Internationalization/icudt64l/region/en_GY.res" 1292
"../../../Engine/Content/Internationalization/icudt64l/lang/en_HK.res" 1293
"../../../Engine/Content/Internationalization/icudt64l/region/en_HK.res" 1294
"../../../Engine/Content/Internationalization/icudt64l/lang/en_IE.res" 1295
"../../../Engine/Content/Internationalization/icudt64l/region/en_IE.res" 1296
"../../../Engine/Content/Internationalization/icudt64l/lang/en_IL.res" 1297
"../../../Engine/Content/Internationalization/icudt64l/region/en_IL.res" 1298
"../../../Engine/Content/Internationalization/icudt64l/lang/en_IM.res" 1299
"../../../Engine/Content/Internationalization/icudt64l/region/en_IM.res" 1300
"../../../Engine/Content/Internationalization/icudt64l/lang/en_IN.res" 1301
"../../../Engine/Content/Internationalization/icudt64l/region/en_IN.res" 1302
"../../../Engine/Content/Internationalization/icudt64l/lang/en_IO.res" 1303
"../../../Engine/Content/Internationalization/icudt64l/region/en_IO.res" 1304
"../../../Engine/Content/Internationalization/icudt64l/lang/en_JE.res" 1305
"../../../Engine/Content/Internationalization/icudt64l/region/en_JE.res" 1306
"../../../Engine/Content/Internationalization/icudt64l/lang/en_JM.res" 1307
"../../../Engine/Content/Internationalization/icudt64l/region/en_JM.res" 1308
"../../../Engine/Content/Internationalization/icudt64l/lang/en_KE.res" 1309
"../../../Engine/Content/Internationalization/icudt64l/region/en_KE.res" 1310
"../../../Engine/Content/Internationalization/icudt64l/lang/en_KI.res" 1311
"../../../Engine/Content/Internationalization/icudt64l/region/en_KI.res" 1312
"../../../Engine/Content/Internationalization/icudt64l/lang/en_KN.res" 1313
"../../../Engine/Content/Internationalization/icudt64l/region/en_KN.res" 1314
"../../../Engine/Content/Internationalization/icudt64l/lang/en_KY.res" 1315
"../../../Engine/Content/Internationalization/icudt64l/region/en_KY.res" 1316
"../../../Engine/Content/Internationalization/icudt64l/lang/en_LC.res" 1317
"../../../Engine/Content/Internationalization/icudt64l/region/en_LC.res" 1318
"../../../Engine/Content/Internationalization/icudt64l/lang/en_LR.res" 1319
"../../../Engine/Content/Internationalization/icudt64l/region/en_LR.res" 1320
"../../../Engine/Content/Internationalization/icudt64l/lang/en_LS.res" 1321
"../../../Engine/Content/Internationalization/icudt64l/region/en_LS.res" 1322
"../../../Engine/Content/Internationalization/icudt64l/lang/en_MG.res" 1323
"../../../Engine/Content/Internationalization/icudt64l/region/en_MG.res" 1324
"../../../Engine/Content/Internationalization/icudt64l/lang/en_MO.res" 1325
"../../../Engine/Content/Internationalization/icudt64l/region/en_MO.res" 1326
"../../../Engine/Content/Internationalization/icudt64l/lang/en_MS.res" 1327
"../../../Engine/Content/Internationalization/icudt64l/region/en_MS.res" 1328
"../../../Engine/Content/Internationalization/icudt64l/lang/en_MT.res" 1329
"../../../Engine/Content/Internationalization/icudt64l/region/en_MT.res" 1330
"../../../Engine/Content/Internationalization/icudt64l/lang/en_MU.res" 1331
"../../../Engine/Content/Internationalization/icudt64l/region/en_MU.res" 1332
"../../../Engine/Content/Internationalization/icudt64l/lang/en_MW.res" 1333
"../../../Engine/Content/Internationalization/icudt64l/region/en_MW.res" 1334
"../../../Engine/Content/Internationalization/icudt64l/lang/en_MY.res" 1335
"../../../Engine/Content/Internationalization/icudt64l/region/en_MY.res" 1336
"../../../Engine/Content/Internationalization/icudt64l/lang/en_NA.res" 1337
"../../../Engine/Content/Internationalization/icudt64l/region/en_NA.res" 1338
"../../../Engine/Content/Internationalization/icudt64l/lang/en_NF.res" 1339
"../../../Engine/Content/Internationalization/icudt64l/region/en_NF.res" 1340
"../../../Engine/Content/Internationalization/icudt64l/lang/en_NG.res" 1341
"../../../Engine/Content/Internationalization/icudt64l/region/en_NG.res" 1342
"../../../Engine/Content/Internationalization/icudt64l/lang/en_NL.res" 1343
"../../../Engine/Content/Internationalization/icudt64l/region/en_NL.res" 1344
"../../../Engine/Content/Internationalization/icudt64l/lang/en_NR.res" 1345
"../../../Engine/Content/Internationalization/icudt64l/region/en_NR.res" 1346
"../../../Engine/Content/Internationalization/icudt64l/lang/en_NU.res" 1347
"../../../Engine/Content/Internationalization/icudt64l/region/en_NU.res" 1348
"../../../Engine/Content/Internationalization/icudt64l/lang/en_NZ.res" 1349
"../../../Engine/Content/Internationalization/icudt64l/region/en_NZ.res" 1350
"../../../Engine/Content/Internationalization/icudt64l/lang/en_PG.res" 1351
"../../../Engine/Content/Internationalization/icudt64l/region/en_PG.res" 1352
"../../../Engine/Content/Internationalization/icudt64l/lang/en_PH.res" 1353
"../../../Engine/Content/Internationalization/icudt64l/region/en_PH.res" 1354
"../../../Engine/Content/Internationalization/icudt64l/lang/en_PK.res" 1355
"../../../Engine/Content/Internationalization/icudt64l/region/en_PK.res" 1356
"../../../Engine/Content/Internationalization/icudt64l/lang/en_PN.res" 1357
"../../../Engine/Content/Internationalization/icudt64l/region/en_PN.res" 1358
"../../../Engine/Content/Internationalization/icudt64l/lang/en_PW.res" 1359
"../../../Engine/Content/Internationalization/icudt64l/region/en_PW.res" 1360
"../../../Engine/Content/Internationalization/icudt64l/lang/en_RW.res" 1361
"../../../Engine/Content/Internationalization/icudt64l/region/en_RW.res" 1362
"../../../Engine/Content/Internationalization/icudt64l/lang/en_SB.res" 1363
"../../../Engine/Content/Internationalization/icudt64l/region/en_SB.res" 1364
"../../../Engine/Content/Internationalization/icudt64l/lang/en_SC.res" 1365
"../../../Engine/Content/Internationalization/icudt64l/region/en_SC.res" 1366
"../../../Engine/Content/Internationalization/icudt64l/lang/en_SD.res" 1367
"../../../Engine/Content/Internationalization/icudt64l/region/en_SD.res" 1368
"../../../Engine/Content/Internationalization/icudt64l/lang/en_SE.res" 1369
"../../../Engine/Content/Internationalization/icudt64l/region/en_SE.res" 1370
"../../../Engine/Content/Internationalization/icudt64l/lang/en_SG.res" 1371
"../../../Engine/Content/Internationalization/icudt64l/region/en_SG.res" 1372
"../../../Engine/Content/Internationalization/icudt64l/lang/en_SH.res" 1373
"../../../Engine/Content/Internationalization/icudt64l/region/en_SH.res" 1374
"../../../Engine/Content/Internationalization/icudt64l/lang/en_SI.res" 1375
"../../../Engine/Content/Internationalization/icudt64l/region/en_SI.res" 1376
"../../../Engine/Content/Internationalization/icudt64l/lang/en_SL.res" 1377
"../../../Engine/Content/Internationalization/icudt64l/region/en_SL.res" 1378
"../../../Engine/Content/Internationalization/icudt64l/lang/en_SS.res" 1379
"../../../Engine/Content/Internationalization/icudt64l/region/en_SS.res" 1380
"../../../Engine/Content/Internationalization/icudt64l/lang/en_SX.res" 1381
"../../../Engine/Content/Internationalization/icudt64l/region/en_SX.res" 1382
"../../../Engine/Content/Internationalization/icudt64l/lang/en_SZ.res" 1383
"../../../Engine/Content/Internationalization/icudt64l/region/en_SZ.res" 1384
"../../../Engine/Content/Internationalization/icudt64l/lang/en_TC.res" 1385
"../../../Engine/Content/Internationalization/icudt64l/region/en_TC.res" 1386
"../../../Engine/Content/Internationalization/icudt64l/lang/en_TK.res" 1387
"../../../Engine/Content/Internationalization/icudt64l/region/en_TK.res" 1388
"../../../Engine/Content/Internationalization/icudt64l/lang/en_TO.res" 1389
"../../../Engine/Content/Internationalization/icudt64l/region/en_TO.res" 1390
"../../../Engine/Content/Internationalization/icudt64l/lang/en_TT.res" 1391
"../../../Engine/Content/Internationalization/icudt64l/region/en_TT.res" 1392
"../../../Engine/Content/Internationalization/icudt64l/lang/en_TV.res" 1393
"../../../Engine/Content/Internationalization/icudt64l/region/en_TV.res" 1394
"../../../Engine/Content/Internationalization/icudt64l/lang/en_TZ.res" 1395
"../../../Engine/Content/Internationalization/icudt64l/region/en_TZ.res" 1396
"../../../Engine/Content/Internationalization/icudt64l/lang/en_UG.res" 1397
"../../../Engine/Content/Internationalization/icudt64l/region/en_UG.res" 1398
"../../../Engine/Content/Internationalization/icudt64l/lang/en_VC.res" 1399
"../../../Engine/Content/Internationalization/icudt64l/region/en_VC.res" 1400
"../../../Engine/Content/Internationalization/icudt64l/lang/en_VG.res" 1401
"../../../Engine/Content/Internationalization/icudt64l/region/en_VG.res" 1402
"../../../Engine/Content/Internationalization/icudt64l/lang/en_VU.res" 1403
"../../../Engine/Content/Internationalization/icudt64l/region/en_VU.res" 1404
"../../../Engine/Content/Internationalization/icudt64l/lang/en_WS.res" 1405
"../../../Engine/Content/Internationalization/icudt64l/region/en_WS.res" 1406
"../../../Engine/Content/Internationalization/icudt64l/lang/en_ZA.res" 1407
"../../../Engine/Content/Internationalization/icudt64l/region/en_ZA.res" 1408
"../../../Engine/Content/Internationalization/icudt64l/lang/en_ZM.res" 1409
"../../../Engine/Content/Internationalization/icudt64l/region/en_ZM.res" 1410
"../../../Engine/Content/Internationalization/icudt64l/lang/en_ZW.res" 1411
"../../../Engine/Content/Internationalization/icudt64l/region/en_ZW.res" 1412
"../../../Engine/Content/Internationalization/icudt64l/lang/eo.res" 1413
"../../../Engine/Content/Internationalization/icudt64l/region/eo.res" 1414
"../../../Engine/Content/Internationalization/icudt64l/lang/es.res" 1415
"../../../Engine/Content/Internationalization/icudt64l/lang/es_419.res" 1416
"../../../Engine/Content/Internationalization/icudt64l/region/es_419.res" 1417
"../../../Engine/Content/Internationalization/icudt64l/region/es.res" 1418
"../../../Engine/Content/Internationalization/icudt64l/lang/es_AR.res" 1419
"../../../Engine/Content/Internationalization/icudt64l/region/es_AR.res" 1420
"../../../Engine/Content/Internationalization/icudt64l/lang/es_BO.res" 1421
"../../../Engine/Content/Internationalization/icudt64l/region/es_BO.res" 1422
"../../../Engine/Content/Internationalization/icudt64l/lang/es_BR.res" 1423
"../../../Engine/Content/Internationalization/icudt64l/region/es_BR.res" 1424
"../../../Engine/Content/Internationalization/icudt64l/lang/es_BZ.res" 1425
"../../../Engine/Content/Internationalization/icudt64l/region/es_BZ.res" 1426
"../../../Engine/Content/Internationalization/icudt64l/lang/es_CL.res" 1427
"../../../Engine/Content/Internationalization/icudt64l/region/es_CL.res" 1428
"../../../Engine/Content/Internationalization/icudt64l/lang/es_CO.res" 1429
"../../../Engine/Content/Internationalization/icudt64l/region/es_CO.res" 1430
"../../../Engine/Content/Internationalization/icudt64l/lang/es_CR.res" 1431
"../../../Engine/Content/Internationalization/icudt64l/region/es_CR.res" 1432
"../../../Engine/Content/Internationalization/icudt64l/lang/es_CU.res" 1433
"../../../Engine/Content/Internationalization/icudt64l/region/es_CU.res" 1434
"../../../Engine/Content/Internationalization/icudt64l/lang/es_DO.res" 1435
"../../../Engine/Content/Internationalization/icudt64l/region/es_DO.res" 1436
"../../../Engine/Content/Internationalization/icudt64l/lang/es_EC.res" 1437
"../../../Engine/Content/Internationalization/icudt64l/region/es_EC.res" 1438
"../../../Engine/Content/Internationalization/icudt64l/lang/es_GT.res" 1439
"../../../Engine/Content/Internationalization/icudt64l/region/es_GT.res" 1440
"../../../Engine/Content/Internationalization/icudt64l/lang/es_HN.res" 1441
"../../../Engine/Content/Internationalization/icudt64l/region/es_HN.res" 1442
"../../../Engine/Content/Internationalization/icudt64l/lang/es_MX.res" 1443
"../../../Engine/Content/Internationalization/icudt64l/region/es_MX.res" 1444
"../../../Engine/Content/Internationalization/icudt64l/lang/es_NI.res" 1445
"../../../Engine/Content/Internationalization/icudt64l/region/es_NI.res" 1446
"../../../Engine/Content/Internationalization/icudt64l/lang/es_PA.res" 1447
"../../../Engine/Content/Internationalization/icudt64l/region/es_PA.res" 1448
"../../../Engine/Content/Internationalization/icudt64l/lang/es_PE.res" 1449
"../../../Engine/Content/Internationalization/icudt64l/region/es_PE.res" 1450
"../../../Engine/Content/Internationalization/icudt64l/lang/es_PR.res" 1451
"../../../Engine/Content/Internationalization/icudt64l/region/es_PR.res" 1452
"../../../Engine/Content/Internationalization/icudt64l/lang/es_PY.res" 1453
"../../../Engine/Content/Internationalization/icudt64l/region/es_PY.res" 1454
"../../../Engine/Content/Internationalization/icudt64l/lang/es_SV.res" 1455
"../../../Engine/Content/Internationalization/icudt64l/region/es_SV.res" 1456
"../../../Engine/Content/Internationalization/icudt64l/lang/es_US.res" 1457
"../../../Engine/Content/Internationalization/icudt64l/region/es_US.res" 1458
"../../../Engine/Content/Internationalization/icudt64l/lang/es_UY.res" 1459
"../../../Engine/Content/Internationalization/icudt64l/region/es_UY.res" 1460
"../../../Engine/Content/Internationalization/icudt64l/lang/es_VE.res" 1461
"../../../Engine/Content/Internationalization/icudt64l/region/es_VE.res" 1462
"../../../Engine/Content/Internationalization/icudt64l/lang/et.res" 1463
"../../../Engine/Content/Internationalization/icudt64l/region/et.res" 1464
"../../../Engine/Content/Internationalization/icudt64l/lang/eu.res" 1465
"../../../Engine/Content/Internationalization/icudt64l/region/eu.res" 1466
"../../../Engine/Content/Internationalization/icudt64l/lang/ewo.res" 1467
"../../../Engine/Content/Internationalization/icudt64l/region/ewo.res" 1468
"../../../Engine/Content/Internationalization/icudt64l/lang/fa.res" 1469
"../../../Engine/Content/Internationalization/icudt64l/lang/fa_AF.res" 1470
"../../../Engine/Content/Internationalization/icudt64l/region/fa_AF.res" 1471
"../../../Engine/Content/Internationalization/icudt64l/region/fa.res" 1472
"../../../Engine/Content/Internationalization/icudt64l/lang/ff.res" 1473
"../../../Engine/Content/Internationalization/icudt64l/lang/ff_Latn.res" 1474
"../../../Engine/Content/Internationalization/icudt64l/region/ff.res" 1475
"../../../Engine/Content/Internationalization/icudt64l/region/ff_Latn.res" 1476
"../../../Engine/Content/Internationalization/icudt64l/lang/ff_CM.res" 1477
"../../../Engine/Content/Internationalization/icudt64l/lang/ff_Latn_CM.res" 1478
"../../../Engine/Content/Internationalization/icudt64l/region/ff_CM.res" 1479
"../../../Engine/Content/Internationalization/icudt64l/region/ff_Latn_CM.res" 1480
"../../../Engine/Content/Internationalization/icudt64l/lang/ff_GN.res" 1481
"../../../Engine/Content/Internationalization/icudt64l/lang/ff_Latn_GN.res" 1482
"../../../Engine/Content/Internationalization/icudt64l/region/ff_GN.res" 1483
"../../../Engine/Content/Internationalization/icudt64l/region/ff_Latn_GN.res" 1484
"../../../Engine/Content/Internationalization/icudt64l/lang/ff_MR.res" 1485
"../../../Engine/Content/Internationalization/icudt64l/lang/ff_Latn_MR.res" 1486
"../../../Engine/Content/Internationalization/icudt64l/region/ff_MR.res" 1487
"../../../Engine/Content/Internationalization/icudt64l/region/ff_Latn_MR.res" 1488
"../../../Engine/Content/Internationalization/icudt64l/lang/ff_SN.res" 1489
"../../../Engine/Content/Internationalization/icudt64l/lang/ff_Latn_SN.res" 1490
"../../../Engine/Content/Internationalization/icudt64l/region/ff_SN.res" 1491
"../../../Engine/Content/Internationalization/icudt64l/region/ff_Latn_SN.res" 1492
"../../../Engine/Content/Internationalization/icudt64l/lang/fi.res" 1493
"../../../Engine/Content/Internationalization/icudt64l/region/fi.res" 1494
"../../../Engine/Content/Internationalization/icudt64l/lang/fil.res" 1495
"../../../Engine/Content/Internationalization/icudt64l/lang/fil_PH.res" 1496
"../../../Engine/Content/Internationalization/icudt64l/region/fil_PH.res" 1497
"../../../Engine/Content/Internationalization/icudt64l/region/fil.res" 1498
"../../../Engine/Content/Internationalization/icudt64l/lang/fo.res" 1499
"../../../Engine/Content/Internationalization/icudt64l/region/fo.res" 1500
"../../../Engine/Content/Internationalization/icudt64l/lang/fr.res" 1501
"../../../Engine/Content/Internationalization/icudt64l/lang/fr_BE.res" 1502
"../../../Engine/Content/Internationalization/icudt64l/region/fr_BE.res" 1503
"../../../Engine/Content/Internationalization/icudt64l/region/fr.res" 1504
"../../../Engine/Content/Internationalization/icudt64l/lang/fr_CA.res" 1505
"../../../Engine/Content/Internationalization/icudt64l/region/fr_CA.res" 1506
"../../../Engine/Content/Internationalization/icudt64l/lang/fr_CH.res" 1507
"../../../Engine/Content/Internationalization/icudt64l/lang/fur.res" 1508
"../../../Engine/Content/Internationalization/icudt64l/region/fur.res" 1509
"../../../Engine/Content/Internationalization/icudt64l/lang/fy.res" 1510
"../../../Engine/Content/Internationalization/icudt64l/region/fy.res" 1511
"../../../Engine/Content/Internationalization/icudt64l/lang/ga.res" 1512
"../../../Engine/Content/Internationalization/icudt64l/region/ga.res" 1513
"../../../Engine/Content/Internationalization/icudt64l/lang/gd.res" 1514
"../../../Engine/Content/Internationalization/icudt64l/region/gd.res" 1515
"../../../Engine/Content/Internationalization/icudt64l/lang/gl.res" 1516
"../../../Engine/Content/Internationalization/icudt64l/region/gl.res" 1517
"../../../Engine/Content/Internationalization/icudt64l/lang/gsw.res" 1518
"../../../Engine/Content/Internationalization/icudt64l/region/gsw.res" 1519
"../../../Engine/Content/Internationalization/icudt64l/lang/gu.res" 1520
"../../../Engine/Content/Internationalization/icudt64l/region/gu.res" 1521
"../../../Engine/Content/Internationalization/icudt64l/lang/guz.res" 1522
"../../../Engine/Content/Internationalization/icudt64l/region/guz.res" 1523
"../../../Engine/Content/Internationalization/icudt64l/lang/gv.res" 1524
"../../../Engine/Content/Internationalization/icudt64l/region/gv.res" 1525
"../../../Engine/Content/Internationalization/icudt64l/lang/ha.res" 1526
"../../../Engine/Content/Internationalization/icudt64l/region/ha.res" 1527
"../../../Engine/Content/Internationalization/icudt64l/lang/ha_NE.res" 1528
"../../../Engine/Content/Internationalization/icudt64l/region/ha_NE.res" 1529
"../../../Engine/Content/Internationalization/icudt64l/lang/haw.res" 1530
"../../../Engine/Content/Internationalization/icudt64l/region/haw.res" 1531
"../../../Engine/Content/Internationalization/icudt64l/lang/he.res" 1532
"../../../Engine/Content/Internationalization/icudt64l/lang/he_IL.res" 1533
"../../../Engine/Content/Internationalization/icudt64l/region/he_IL.res" 1534
"../../../Engine/Content/Internationalization/icudt64l/region/he.res" 1535
"../../../Engine/Content/Internationalization/icudt64l/lang/hi.res" 1536
"../../../Engine/Content/Internationalization/icudt64l/region/hi.res" 1537
"../../../Engine/Content/Internationalization/icudt64l/lang/hr.res" 1538
"../../../Engine/Content/Internationalization/icudt64l/region/hr.res" 1539
"../../../Engine/Content/Internationalization/icudt64l/lang/hsb.res" 1540
"../../../Engine/Content/Internationalization/icudt64l/region/hsb.res" 1541
"../../../Engine/Content/Internationalization/icudt64l/lang/hu.res" 1542
"../../../Engine/Content/Internationalization/icudt64l/region/hu.res" 1543
"../../../Engine/Content/Internationalization/icudt64l/lang/hy.res" 1544
"../../../Engine/Content/Internationalization/icudt64l/region/hy.res" 1545
"../../../Engine/Content/Internationalization/icudt64l/lang/ia.res" 1546
"../../../Engine/Content/Internationalization/icudt64l/region/ia.res" 1547
"../../../Engine/Content/Internationalization/icudt64l/lang/id.res" 1548
"../../../Engine/Content/Internationalization/icudt64l/lang/id_ID.res" 1549
"../../../Engine/Content/Internationalization/icudt64l/region/id_ID.res" 1550
"../../../Engine/Content/Internationalization/icudt64l/region/id.res" 1551
"../../../Engine/Content/Internationalization/icudt64l/lang/ig.res" 1552
"../../../Engine/Content/Internationalization/icudt64l/region/ig.res" 1553
"../../../Engine/Content/Internationalization/icudt64l/lang/ii.res" 1554
"../../../Engine/Content/Internationalization/icudt64l/region/ii.res" 1555
"../../../Engine/Content/Internationalization/icudt64l/lang/is.res" 1556
"../../../Engine/Content/Internationalization/icudt64l/region/is.res" 1557
"../../../Engine/Content/Internationalization/icudt64l/lang/it.res" 1558
"../../../Engine/Content/Internationalization/icudt64l/region/it.res" 1559
"../../../Engine/Content/Internationalization/icudt64l/lang/ja.res" 1560
"../../../Engine/Content/Internationalization/icudt64l/lang/ja_JP.res" 1561
"../../../Engine/Content/Internationalization/icudt64l/region/ja_JP.res" 1562
"../../../Engine/Content/Internationalization/icudt64l/region/ja.res" 1563
"../../../Engine/Content/Internationalization/icudt64l/lang/jgo.res" 1564
"../../../Engine/Content/Internationalization/icudt64l/region/jgo.res" 1565
"../../../Engine/Content/Internationalization/icudt64l/lang/jmc.res" 1566
"../../../Engine/Content/Internationalization/icudt64l/region/jmc.res" 1567
"../../../Engine/Content/Internationalization/icudt64l/lang/jv.res" 1568
"../../../Engine/Content/Internationalization/icudt64l/region/jv.res" 1569
"../../../Engine/Content/Internationalization/icudt64l/lang/ka.res" 1570
"../../../Engine/Content/Internationalization/icudt64l/region/ka.res" 1571
"../../../Engine/Content/Internationalization/icudt64l/lang/kab.res" 1572
"../../../Engine/Content/Internationalization/icudt64l/region/kab.res" 1573
"../../../Engine/Content/Internationalization/icudt64l/lang/kam.res" 1574
"../../../Engine/Content/Internationalization/icudt64l/region/kam.res" 1575
"../../../Engine/Content/Internationalization/icudt64l/lang/kde.res" 1576
"../../../Engine/Content/Internationalization/icudt64l/region/kde.res" 1577
"../../../Engine/Content/Internationalization/icudt64l/lang/kea.res" 1578
"../../../Engine/Content/Internationalization/icudt64l/region/kea.res" 1579
"../../../Engine/Content/Internationalization/icudt64l/lang/khq.res" 1580
"../../../Engine/Content/Internationalization/icudt64l/region/khq.res" 1581
"../../../Engine/Content/Internationalization/icudt64l/lang/ki.res" 1582
"../../../Engine/Content/Internationalization/icudt64l/region/ki.res" 1583
"../../../Engine/Content/Internationalization/icudt64l/lang/kk.res" 1584
"../../../Engine/Content/Internationalization/icudt64l/region/kk.res" 1585
"../../../Engine/Content/Internationalization/icudt64l/lang/kkj.res" 1586
"../../../Engine/Content/Internationalization/icudt64l/region/kkj.res" 1587
"../../../Engine/Content/Internationalization/icudt64l/lang/kl.res" 1588
"../../../Engine/Content/Internationalization/icudt64l/region/kl.res" 1589
"../../../Engine/Content/Internationalization/icudt64l/lang/kln.res" 1590
"../../../Engine/Content/Internationalization/icudt64l/region/kln.res" 1591
"../../../Engine/Content/Internationalization/icudt64l/lang/km.res" 1592
"../../../Engine/Content/Internationalization/icudt64l/region/km.res" 1593
"../../../Engine/Content/Internationalization/icudt64l/lang/kn.res" 1594
"../../../Engine/Content/Internationalization/icudt64l/region/kn.res" 1595
"../../../Engine/Content/Internationalization/icudt64l/lang/ko.res" 1596
"../../../Engine/Content/Internationalization/icudt64l/region/ko_KP.res" 1597
"../../../Engine/Content/Internationalization/icudt64l/region/ko.res" 1598
"../../../Engine/Content/Internationalization/icudt64l/lang/kok.res" 1599
"../../../Engine/Content/Internationalization/icudt64l/region/kok.res" 1600
"../../../Engine/Content/Internationalization/icudt64l/lang/ks.res" 1601
"../../../Engine/Content/Internationalization/icudt64l/region/ks.res" 1602
"../../../Engine/Content/Internationalization/icudt64l/lang/ksb.res" 1603
"../../../Engine/Content/Internationalization/icudt64l/region/ksb.res" 1604
"../../../Engine/Content/Internationalization/icudt64l/lang/ksf.res" 1605
"../../../Engine/Content/Internationalization/icudt64l/region/ksf.res" 1606
"../../../Engine/Content/Internationalization/icudt64l/lang/ksh.res" 1607
"../../../Engine/Content/Internationalization/icudt64l/region/ksh.res" 1608
"../../../Engine/Content/Internationalization/icudt64l/lang/ku.res" 1609
"../../../Engine/Content/Internationalization/icudt64l/region/ku.res" 1610
"../../../Engine/Content/Internationalization/icudt64l/lang/kw.res" 1611
"../../../Engine/Content/Internationalization/icudt64l/region/kw.res" 1612
"../../../Engine/Content/Internationalization/icudt64l/lang/ky.res" 1613
"../../../Engine/Content/Internationalization/icudt64l/region/ky.res" 1614
"../../../Engine/Content/Internationalization/icudt64l/lang/lag.res" 1615
"../../../Engine/Content/Internationalization/icudt64l/region/lag.res" 1616
"../../../Engine/Content/Internationalization/icudt64l/lang/lb.res" 1617
"../../../Engine/Content/Internationalization/icudt64l/region/lb.res" 1618
"../../../Engine/Content/Internationalization/icudt64l/lang/lg.res" 1619
"../../../Engine/Content/Internationalization/icudt64l/region/lg.res" 1620
"../../../Engine/Content/Internationalization/icudt64l/lang/lkt.res" 1621
"../../../Engine/Content/Internationalization/icudt64l/region/lkt.res" 1622
"../../../Engine/Content/Internationalization/icudt64l/lang/ln.res" 1623
"../../../Engine/Content/Internationalization/icudt64l/region/ln.res" 1624
"../../../Engine/Content/Internationalization/icudt64l/lang/lo.res" 1625
"../../../Engine/Content/Internationalization/icudt64l/region/lo.res" 1626
"../../../Engine/Content/Internationalization/icudt64l/lang/lrc.res" 1627
"../../../Engine/Content/Internationalization/icudt64l/region/lrc.res" 1628
"../../../Engine/Content/Internationalization/icudt64l/lang/lt.res" 1629
"../../../Engine/Content/Internationalization/icudt64l/region/lt.res" 1630
"../../../Engine/Content/Internationalization/icudt64l/lang/lu.res" 1631
"../../../Engine/Content/Internationalization/icudt64l/region/lu.res" 1632
"../../../Engine/Content/Internationalization/icudt64l/lang/luo.res" 1633
"../../../Engine/Content/Internationalization/icudt64l/region/luo.res" 1634
"../../../Engine/Content/Internationalization/icudt64l/lang/luy.res" 1635
"../../../Engine/Content/Internationalization/icudt64l/region/luy.res" 1636
"../../../Engine/Content/Internationalization/icudt64l/lang/lv.res" 1637
"../../../Engine/Content/Internationalization/icudt64l/region/lv.res" 1638
"../../../Engine/Content/Internationalization/icudt64l/lang/mas.res" 1639
"../../../Engine/Content/Internationalization/icudt64l/region/mas.res" 1640
"../../../Engine/Content/Internationalization/icudt64l/lang/mer.res" 1641
"../../../Engine/Content/Internationalization/icudt64l/region/mer.res" 1642
"../../../Engine/Content/Internationalization/icudt64l/lang/mfe.res" 1643
"../../../Engine/Content/Internationalization/icudt64l/region/mfe.res" 1644
"../../../Engine/Content/Internationalization/icudt64l/lang/mg.res" 1645
"../../../Engine/Content/Internationalization/icudt64l/region/mg.res" 1646
"../../../Engine/Content/Internationalization/icudt64l/lang/mgh.res" 1647
"../../../Engine/Content/Internationalization/icudt64l/region/mgh.res" 1648
"../../../Engine/Content/Internationalization/icudt64l/lang/mgo.res" 1649
"../../../Engine/Content/Internationalization/icudt64l/region/mgo.res" 1650
"../../../Engine/Content/Internationalization/icudt64l/lang/mi.res" 1651
"../../../Engine/Content/Internationalization/icudt64l/region/mi.res" 1652
"../../../Engine/Content/Internationalization/icudt64l/lang/mk.res" 1653
"../../../Engine/Content/Internationalization/icudt64l/region/mk.res" 1654
"../../../Engine/Content/Internationalization/icudt64l/lang/ml.res" 1655
"../../../Engine/Content/Internationalization/icudt64l/region/ml.res" 1656
"../../../Engine/Content/Internationalization/icudt64l/lang/mn.res" 1657
"../../../Engine/Content/Internationalization/icudt64l/region/mn.res" 1658
"../../../Engine/Content/Internationalization/icudt64l/lang/mr.res" 1659
"../../../Engine/Content/Internationalization/icudt64l/region/mr.res" 1660
"../../../Engine/Content/Internationalization/icudt64l/lang/ms.res" 1661
"../../../Engine/Content/Internationalization/icudt64l/region/ms.res" 1662
"../../../Engine/Content/Internationalization/icudt64l/lang/mt.res" 1663
"../../../Engine/Content/Internationalization/icudt64l/region/mt.res" 1664
"../../../Engine/Content/Internationalization/icudt64l/lang/mua.res" 1665
"../../../Engine/Content/Internationalization/icudt64l/region/mua.res" 1666
"../../../Engine/Content/Internationalization/icudt64l/lang/my.res" 1667
"../../../Engine/Content/Internationalization/icudt64l/region/my.res" 1668
"../../../Engine/Content/Internationalization/icudt64l/lang/mzn.res" 1669
"../../../Engine/Content/Internationalization/icudt64l/region/mzn.res" 1670
"../../../Engine/Content/Internationalization/icudt64l/lang/naq.res" 1671
"../../../Engine/Content/Internationalization/icudt64l/region/naq.res" 1672
"../../../Engine/Content/Internationalization/icudt64l/lang/nb.res" 1673
"../../../Engine/Content/Internationalization/icudt64l/lang/nb_NO.res" 1674
"../../../Engine/Content/Internationalization/icudt64l/region/nb_NO.res" 1675
"../../../Engine/Content/Internationalization/icudt64l/region/nb.res" 1676
"../../../Engine/Content/Internationalization/icudt64l/lang/nd.res" 1677
"../../../Engine/Content/Internationalization/icudt64l/region/nd.res" 1678
"../../../Engine/Content/Internationalization/icudt64l/lang/nds.res" 1679
"../../../Engine/Content/Internationalization/icudt64l/region/nds.res" 1680
"../../../Engine/Content/Internationalization/icudt64l/lang/ne.res" 1681
"../../../Engine/Content/Internationalization/icudt64l/region/ne.res" 1682
"../../../Engine/Content/Internationalization/icudt64l/lang/nl.res" 1683
"../../../Engine/Content/Internationalization/icudt64l/region/nl.res" 1684
"../../../Engine/Content/Internationalization/icudt64l/lang/nmg.res" 1685
"../../../Engine/Content/Internationalization/icudt64l/region/nmg.res" 1686
"../../../Engine/Content/Internationalization/icudt64l/lang/nn.res" 1687
"../../../Engine/Content/Internationalization/icudt64l/lang/nn_NO.res" 1688
"../../../Engine/Content/Internationalization/icudt64l/region/nn_NO.res" 1689
"../../../Engine/Content/Internationalization/icudt64l/region/nn.res" 1690
"../../../Engine/Content/Internationalization/icudt64l/lang/nnh.res" 1691
"../../../Engine/Content/Internationalization/icudt64l/region/nnh.res" 1692
"../../../Engine/Content/Internationalization/icudt64l/lang/nus.res" 1693
"../../../Engine/Content/Internationalization/icudt64l/region/nus.res" 1694
"../../../Engine/Content/Internationalization/icudt64l/lang/nyn.res" 1695
"../../../Engine/Content/Internationalization/icudt64l/region/nyn.res" 1696
"../../../Engine/Content/Internationalization/icudt64l/lang/om.res" 1697
"../../../Engine/Content/Internationalization/icudt64l/region/om.res" 1698
"../../../Engine/Content/Internationalization/icudt64l/lang/or.res" 1699
"../../../Engine/Content/Internationalization/icudt64l/region/or.res" 1700
"../../../Engine/Content/Internationalization/icudt64l/lang/os.res" 1701
"../../../Engine/Content/Internationalization/icudt64l/region/os.res" 1702
"../../../Engine/Content/Internationalization/icudt64l/lang/pa.res" 1703
"../../../Engine/Content/Internationalization/icudt64l/lang/pa_Arab.res" 1704
"../../../Engine/Content/Internationalization/icudt64l/lang/pa_PK.res" 1705
"../../../Engine/Content/Internationalization/icudt64l/lang/pa_Arab_PK.res" 1706
"../../../Engine/Content/Internationalization/icudt64l/region/pa_PK.res" 1707
"../../../Engine/Content/Internationalization/icudt64l/region/pa_Arab_PK.res" 1708
"../../../Engine/Content/Internationalization/icudt64l/region/pa_Arab.res" 1709
"../../../Engine/Content/Internationalization/icudt64l/lang/pa_Guru.res" 1710
"../../../Engine/Content/Internationalization/icudt64l/lang/pa_IN.res" 1711
"../../../Engine/Content/Internationalization/icudt64l/lang/pa_Guru_IN.res" 1712
"../../../Engine/Content/Internationalization/icudt64l/region/pa_IN.res" 1713
"../../../Engine/Content/Internationalization/icudt64l/region/pa_Guru_IN.res" 1714
"../../../Engine/Content/Internationalization/icudt64l/region/pa_Guru.res" 1715
"../../../Engine/Content/Internationalization/icudt64l/region/pa.res" 1716
"../../../Engine/Content/Internationalization/icudt64l/lang/pl.res" 1717
"../../../Engine/Content/Internationalization/icudt64l/region/pl.res" 1718
"../../../Engine/Content/Internationalization/icudt64l/lang/ps.res" 1719
"../../../Engine/Content/Internationalization/icudt64l/region/ps.res" 1720
"../../../Engine/Content/Internationalization/icudt64l/lang/ps_PK.res" 1721
"../../../Engine/Content/Internationalization/icudt64l/region/ps_PK.res" 1722
"../../../Engine/Content/Internationalization/icudt64l/lang/pt.res" 1723
"../../../Engine/Content/Internationalization/icudt64l/lang/pt_AO.res" 1724
"../../../Engine/Content/Internationalization/icudt64l/lang/pt_PT.res" 1725
"../../../Engine/Content/Internationalization/icudt64l/region/pt_AO.res" 1726
"../../../Engine/Content/Internationalization/icudt64l/region/pt_PT.res" 1727
"../../../Engine/Content/Internationalization/icudt64l/region/pt.res" 1728
"../../../Engine/Content/Internationalization/icudt64l/lang/pt_CH.res" 1729
"../../../Engine/Content/Internationalization/icudt64l/region/pt_CH.res" 1730
"../../../Engine/Content/Internationalization/icudt64l/lang/pt_CV.res" 1731
"../../../Engine/Content/Internationalization/icudt64l/region/pt_CV.res" 1732
"../../../Engine/Content/Internationalization/icudt64l/lang/pt_GQ.res" 1733
"../../../Engine/Content/Internationalization/icudt64l/region/pt_GQ.res" 1734
"../../../Engine/Content/Internationalization/icudt64l/lang/pt_GW.res" 1735
"../../../Engine/Content/Internationalization/icudt64l/region/pt_GW.res" 1736
"../../../Engine/Content/Internationalization/icudt64l/lang/pt_LU.res" 1737
"../../../Engine/Content/Internationalization/icudt64l/region/pt_LU.res" 1738
"../../../Engine/Content/Internationalization/icudt64l/lang/pt_MO.res" 1739
"../../../Engine/Content/Internationalization/icudt64l/region/pt_MO.res" 1740
"../../../Engine/Content/Internationalization/icudt64l/lang/pt_MZ.res" 1741
"../../../Engine/Content/Internationalization/icudt64l/region/pt_MZ.res" 1742
"../../../Engine/Content/Internationalization/icudt64l/lang/pt_ST.res" 1743
"../../../Engine/Content/Internationalization/icudt64l/region/pt_ST.res" 1744
"../../../Engine/Content/Internationalization/icudt64l/lang/pt_TL.res" 1745
"../../../Engine/Content/Internationalization/icudt64l/region/pt_TL.res" 1746
"../../../Engine/Content/Internationalization/icudt64l/lang/qu.res" 1747
"../../../Engine/Content/Internationalization/icudt64l/region/qu.res" 1748
"../../../Engine/Content/Internationalization/icudt64l/lang/rm.res" 1749
"../../../Engine/Content/Internationalization/icudt64l/region/rm.res" 1750
"../../../Engine/Content/Internationalization/icudt64l/lang/rn.res" 1751
"../../../Engine/Content/Internationalization/icudt64l/region/rn.res" 1752
"../../../Engine/Content/Internationalization/icudt64l/lang/ro.res" 1753
"../../../Engine/Content/Internationalization/icudt64l/lang/ro_MD.res" 1754
"../../../Engine/Content/Internationalization/icudt64l/region/ro_MD.res" 1755
"../../../Engine/Content/Internationalization/icudt64l/region/ro.res" 1756
"../../../Engine/Content/Internationalization/icudt64l/lang/rof.res" 1757
"../../../Engine/Content/Internationalization/icudt64l/region/rof.res" 1758
"../../../Engine/Content/Internationalization/icudt64l/lang/ru.res" 1759
"../../../Engine/Content/Internationalization/icudt64l/region/ru.res" 1760
"../../../Engine/Content/Internationalization/icudt64l/region/ru_UA.res" 1761
"../../../Engine/Content/Internationalization/icudt64l/lang/rw.res" 1762
"../../../Engine/Content/Internationalization/icudt64l/region/rw.res" 1763
"../../../Engine/Content/Internationalization/icudt64l/lang/rwk.res" 1764
"../../../Engine/Content/Internationalization/icudt64l/region/rwk.res" 1765
"../../../Engine/Content/Internationalization/icudt64l/lang/sah.res" 1766
"../../../Engine/Content/Internationalization/icudt64l/region/sah.res" 1767
"../../../Engine/Content/Internationalization/icudt64l/lang/saq.res" 1768
"../../../Engine/Content/Internationalization/icudt64l/region/saq.res" 1769
"../../../Engine/Content/Internationalization/icudt64l/lang/sbp.res" 1770
"../../../Engine/Content/Internationalization/icudt64l/region/sbp.res" 1771
"../../../Engine/Content/Internationalization/icudt64l/lang/sd.res" 1772
"../../../Engine/Content/Internationalization/icudt64l/region/sd.res" 1773
"../../../Engine/Content/Internationalization/icudt64l/lang/se.res" 1774
"../../../Engine/Content/Internationalization/icudt64l/lang/se_FI.res" 1775
"../../../Engine/Content/Internationalization/icudt64l/region/se_FI.res" 1776
"../../../Engine/Content/Internationalization/icudt64l/region/se.res" 1777
"../../../Engine/Content/Internationalization/icudt64l/lang/seh.res" 1778
"../../../Engine/Content/Internationalization/icudt64l/region/seh.res" 1779
"../../../Engine/Content/Internationalization/icudt64l/lang/ses.res" 1780
"../../../Engine/Content/Internationalization/icudt64l/region/ses.res" 1781
"../../../Engine/Content/Internationalization/icudt64l/lang/sg.res" 1782
"../../../Engine/Content/Internationalization/icudt64l/region/sg.res" 1783
"../../../Engine/Content/Internationalization/icudt64l/lang/shi.res" 1784
"../../../Engine/Content/Internationalization/icudt64l/lang/shi_Latn.res" 1785
"../../../Engine/Content/Internationalization/icudt64l/lang/shi_MA.res" 1786
"../../../Engine/Content/Internationalization/icudt64l/lang/shi_Tfng_MA.res" 1787
"../../../Engine/Content/Internationalization/icudt64l/lang/shi_Tfng.res" 1788
"../../../Engine/Content/Internationalization/icudt64l/region/shi_MA.res" 1789
"../../../Engine/Content/Internationalization/icudt64l/region/shi_Tfng_MA.res" 1790
"../../../Engine/Content/Internationalization/icudt64l/region/shi_Tfng.res" 1791
"../../../Engine/Content/Internationalization/icudt64l/region/shi.res" 1792
"../../../Engine/Content/Internationalization/icudt64l/region/shi_Latn.res" 1793
"../../../Engine/Content/Internationalization/icudt64l/lang/si.res" 1794
"../../../Engine/Content/Internationalization/icudt64l/region/si.res" 1795
"../../../Engine/Content/Internationalization/icudt64l/lang/sk.res" 1796
"../../../Engine/Content/Internationalization/icudt64l/region/sk.res" 1797
"../../../Engine/Content/Internationalization/icudt64l/lang/sl.res" 1798
"../../../Engine/Content/Internationalization/icudt64l/region/sl.res" 1799
"../../../Engine/Content/Internationalization/icudt64l/lang/smn.res" 1800
"../../../Engine/Content/Internationalization/icudt64l/region/smn.res" 1801
"../../../Engine/Content/Internationalization/icudt64l/lang/sn.res" 1802
"../../../Engine/Content/Internationalization/icudt64l/region/sn.res" 1803
"../../../Engine/Content/Internationalization/icudt64l/lang/so.res" 1804
"../../../Engine/Content/Internationalization/icudt64l/region/so.res" 1805
"../../../Engine/Content/Internationalization/icudt64l/lang/sq.res" 1806
"../../../Engine/Content/Internationalization/icudt64l/region/sq.res" 1807
"../../../Engine/Content/Internationalization/icudt64l/lang/sr.res" 1808
"../../../Engine/Content/Internationalization/icudt64l/lang/sr_Cyrl.res" 1809
"../../../Engine/Content/Internationalization/icudt64l/lang/sr_BA.res" 1810
"../../../Engine/Content/Internationalization/icudt64l/lang/sr_Cyrl_BA.res" 1811
"../../../Engine/Content/Internationalization/icudt64l/region/sr_BA.res" 1812
"../../../Engine/Content/Internationalization/icudt64l/region/sr_Cyrl_BA.res" 1813
"../../../Engine/Content/Internationalization/icudt64l/region/sr_Cyrl.res" 1814
"../../../Engine/Content/Internationalization/icudt64l/region/sr.res" 1815
"../../../Engine/Content/Internationalization/icudt64l/lang/sr_ME.res" 1816
"../../../Engine/Content/Internationalization/icudt64l/lang/sr_Latn_ME.res" 1817
"../../../Engine/Content/Internationalization/icudt64l/lang/sr_Latn.res" 1818
"../../../Engine/Content/Internationalization/icudt64l/region/sr_ME.res" 1819
"../../../Engine/Content/Internationalization/icudt64l/region/sr_Latn_ME.res" 1820
"../../../Engine/Content/Internationalization/icudt64l/region/sr_Latn.res" 1821
"../../../Engine/Content/Internationalization/icudt64l/lang/sr_Cyrl_ME.res" 1822
"../../../Engine/Content/Internationalization/icudt64l/region/sr_Cyrl_ME.res" 1823
"../../../Engine/Content/Internationalization/icudt64l/lang/sr_RS.res" 1824
"../../../Engine/Content/Internationalization/icudt64l/lang/sr_Cyrl_RS.res" 1825
"../../../Engine/Content/Internationalization/icudt64l/region/sr_RS.res" 1826
"../../../Engine/Content/Internationalization/icudt64l/region/sr_Cyrl_RS.res" 1827
"../../../Engine/Content/Internationalization/icudt64l/lang/sr_XK.res" 1828
"../../../Engine/Content/Internationalization/icudt64l/lang/sr_Cyrl_XK.res" 1829
"../../../Engine/Content/Internationalization/icudt64l/region/sr_XK.res" 1830
"../../../Engine/Content/Internationalization/icudt64l/region/sr_Cyrl_XK.res" 1831
"../../../Engine/Content/Internationalization/icudt64l/lang/sr_Latn_BA.res" 1832
"../../../Engine/Content/Internationalization/icudt64l/region/sr_Latn_BA.res" 1833
"../../../Engine/Content/Internationalization/icudt64l/lang/sr_Latn_RS.res" 1834
"../../../Engine/Content/Internationalization/icudt64l/region/sr_Latn_RS.res" 1835
"../../../Engine/Content/Internationalization/icudt64l/lang/sr_Latn_XK.res" 1836
"../../../Engine/Content/Internationalization/icudt64l/region/sr_Latn_XK.res" 1837
"../../../Engine/Content/Internationalization/icudt64l/lang/sv.res" 1838
"../../../Engine/Content/Internationalization/icudt64l/region/sv.res" 1839
"../../../Engine/Content/Internationalization/icudt64l/lang/sv_FI.res" 1840
"../../../Engine/Content/Internationalization/icudt64l/lang/sw.res" 1841
"../../../Engine/Content/Internationalization/icudt64l/lang/sw_CD.res" 1842
"../../../Engine/Content/Internationalization/icudt64l/region/sw_CD.res" 1843
"../../../Engine/Content/Internationalization/icudt64l/region/sw.res" 1844
"../../../Engine/Content/Internationalization/icudt64l/lang/sw_KE.res" 1845
"../../../Engine/Content/Internationalization/icudt64l/region/sw_KE.res" 1846
"../../../Engine/Content/Internationalization/icudt64l/lang/ta.res" 1847
"../../../Engine/Content/Internationalization/icudt64l/region/ta.res" 1848
"../../../Engine/Content/Internationalization/icudt64l/lang/te.res" 1849
"../../../Engine/Content/Internationalization/icudt64l/region/te.res" 1850
"../../../Engine/Content/Internationalization/icudt64l/lang/teo.res" 1851
"../../../Engine/Content/Internationalization/icudt64l/region/teo.res" 1852
"../../../Engine/Content/Internationalization/icudt64l/lang/tg.res" 1853
"../../../Engine/Content/Internationalization/icudt64l/region/tg.res" 1854
"../../../Engine/Content/Internationalization/icudt64l/lang/th.res" 1855
"../../../Engine/Content/Internationalization/icudt64l/lang/th_TH.res" 1856
"../../../Engine/Content/Internationalization/icudt64l/region/th_TH.res" 1857
"../../../Engine/Content/Internationalization/icudt64l/region/th.res" 1858
"../../../Engine/Content/Internationalization/icudt64l/lang/ti.res" 1859
"../../../Engine/Content/Internationalization/icudt64l/region/ti.res" 1860
"../../../Engine/Content/Internationalization/icudt64l/lang/tk.res" 1861
"../../../Engine/Content/Internationalization/icudt64l/region/tk.res" 1862
"../../../Engine/Content/Internationalization/icudt64l/lang/to.res" 1863
"../../../Engine/Content/Internationalization/icudt64l/region/to.res" 1864
"../../../Engine/Content/Internationalization/icudt64l/lang/tr.res" 1865
"../../../Engine/Content/Internationalization/icudt64l/region/tr.res" 1866
"../../../Engine/Content/Internationalization/icudt64l/lang/tt.res" 1867
"../../../Engine/Content/Internationalization/icudt64l/region/tt.res" 1868
"../../../Engine/Content/Internationalization/icudt64l/lang/twq.res" 1869
"../../../Engine/Content/Internationalization/icudt64l/region/twq.res" 1870
"../../../Engine/Content/Internationalization/icudt64l/lang/tzm.res" 1871
"../../../Engine/Content/Internationalization/icudt64l/region/tzm.res" 1872
"../../../Engine/Content/Internationalization/icudt64l/lang/ug.res" 1873
"../../../Engine/Content/Internationalization/icudt64l/region/ug.res" 1874
"../../../Engine/Content/Internationalization/icudt64l/lang/uk.res" 1875
"../../../Engine/Content/Internationalization/icudt64l/region/uk.res" 1876
"../../../Engine/Content/Internationalization/icudt64l/lang/ur.res" 1877
"../../../Engine/Content/Internationalization/icudt64l/lang/ur_IN.res" 1878
"../../../Engine/Content/Internationalization/icudt64l/region/ur_IN.res" 1879
"../../../Engine/Content/Internationalization/icudt64l/region/ur.res" 1880
"../../../Engine/Content/Internationalization/icudt64l/lang/uz.res" 1881
"../../../Engine/Content/Internationalization/icudt64l/lang/uz_Arab.res" 1882
"../../../Engine/Content/Internationalization/icudt64l/lang/uz_AF.res" 1883
"../../../Engine/Content/Internationalization/icudt64l/lang/uz_Arab_AF.res" 1884
"../../../Engine/Content/Internationalization/icudt64l/region/uz_AF.res" 1885
"../../../Engine/Content/Internationalization/icudt64l/region/uz_Arab_AF.res" 1886
"../../../Engine/Content/Internationalization/icudt64l/region/uz_Arab.res" 1887
"../../../Engine/Content/Internationalization/icudt64l/lang/uz_Cyrl.res" 1888
"../../../Engine/Content/Internationalization/icudt64l/lang/uz_UZ.res" 1889
"../../../Engine/Content/Internationalization/icudt64l/lang/uz_Latn_UZ.res" 1890
"../../../Engine/Content/Internationalization/icudt64l/lang/uz_Latn.res" 1891
"../../../Engine/Content/Internationalization/icudt64l/region/uz_UZ.res" 1892
"../../../Engine/Content/Internationalization/icudt64l/region/uz_Latn_UZ.res" 1893
"../../../Engine/Content/Internationalization/icudt64l/region/uz_Latn.res" 1894
"../../../Engine/Content/Internationalization/icudt64l/region/uz.res" 1895
"../../../Engine/Content/Internationalization/icudt64l/region/uz_Cyrl.res" 1896
"../../../Engine/Content/Internationalization/icudt64l/lang/vai.res" 1897
"../../../Engine/Content/Internationalization/icudt64l/lang/vai_Latn.res" 1898
"../../../Engine/Content/Internationalization/icudt64l/lang/vai_LR.res" 1899
"../../../Engine/Content/Internationalization/icudt64l/lang/vai_Vaii_LR.res" 1900
"../../../Engine/Content/Internationalization/icudt64l/lang/vai_Vaii.res" 1901
"../../../Engine/Content/Internationalization/icudt64l/region/vai_LR.res" 1902
"../../../Engine/Content/Internationalization/icudt64l/region/vai_Vaii_LR.res" 1903
"../../../Engine/Content/Internationalization/icudt64l/region/vai_Vaii.res" 1904
"../../../Engine/Content/Internationalization/icudt64l/region/vai.res" 1905
"../../../Engine/Content/Internationalization/icudt64l/region/vai_Latn.res" 1906
"../../../Engine/Content/Internationalization/icudt64l/lang/vi.res" 1907
"../../../Engine/Content/Internationalization/icudt64l/region/vi.res" 1908
"../../../Engine/Content/Internationalization/icudt64l/lang/vun.res" 1909
"../../../Engine/Content/Internationalization/icudt64l/region/vun.res" 1910
"../../../Engine/Content/Internationalization/icudt64l/lang/wae.res" 1911
"../../../Engine/Content/Internationalization/icudt64l/region/wae.res" 1912
"../../../Engine/Content/Internationalization/icudt64l/lang/wo.res" 1913
"../../../Engine/Content/Internationalization/icudt64l/region/wo.res" 1914
"../../../Engine/Content/Internationalization/icudt64l/lang/xh.res" 1915
"../../../Engine/Content/Internationalization/icudt64l/region/xh.res" 1916
"../../../Engine/Content/Internationalization/icudt64l/lang/xog.res" 1917
"../../../Engine/Content/Internationalization/icudt64l/region/xog.res" 1918
"../../../Engine/Content/Internationalization/icudt64l/lang/yav.res" 1919
"../../../Engine/Content/Internationalization/icudt64l/region/yav.res" 1920
"../../../Engine/Content/Internationalization/icudt64l/lang/yi.res" 1921
"../../../Engine/Content/Internationalization/icudt64l/region/yi.res" 1922
"../../../Engine/Content/Internationalization/icudt64l/lang/yo.res" 1923
"../../../Engine/Content/Internationalization/icudt64l/lang/yo_BJ.res" 1924
"../../../Engine/Content/Internationalization/icudt64l/region/yo_BJ.res" 1925
"../../../Engine/Content/Internationalization/icudt64l/region/yo.res" 1926
"../../../Engine/Content/Internationalization/icudt64l/lang/yue.res" 1927
"../../../Engine/Content/Internationalization/icudt64l/lang/yue_Hans.res" 1928
"../../../Engine/Content/Internationalization/icudt64l/lang/yue_CN.res" 1929
"../../../Engine/Content/Internationalization/icudt64l/lang/yue_Hans_CN.res" 1930
"../../../Engine/Content/Internationalization/icudt64l/region/yue_CN.res" 1931
"../../../Engine/Content/Internationalization/icudt64l/region/yue_Hans_CN.res" 1932
"../../../Engine/Content/Internationalization/icudt64l/region/yue_Hans.res" 1933
"../../../Engine/Content/Internationalization/icudt64l/lang/yue_Hant.res" 1934
"../../../Engine/Content/Internationalization/icudt64l/lang/yue_HK.res" 1935
"../../../Engine/Content/Internationalization/icudt64l/lang/yue_Hant_HK.res" 1936
"../../../Engine/Content/Internationalization/icudt64l/region/yue_HK.res" 1937
"../../../Engine/Content/Internationalization/icudt64l/region/yue_Hant_HK.res" 1938
"../../../Engine/Content/Internationalization/icudt64l/region/yue_Hant.res" 1939
"../../../Engine/Content/Internationalization/icudt64l/region/yue.res" 1940
"../../../Engine/Content/Internationalization/icudt64l/lang/zgh.res" 1941
"../../../Engine/Content/Internationalization/icudt64l/region/zgh.res" 1942
"../../../Engine/Content/Internationalization/icudt64l/lang/zh.res" 1943
"../../../Engine/Content/Internationalization/icudt64l/lang/zh_Hans.res" 1944
"../../../Engine/Content/Internationalization/icudt64l/lang/zh_CN.res" 1945
"../../../Engine/Content/Internationalization/icudt64l/lang/zh_Hans_CN.res" 1946
"../../../Engine/Content/Internationalization/icudt64l/region/zh_CN.res" 1947
"../../../Engine/Content/Internationalization/icudt64l/region/zh_Hans_CN.res" 1948
"../../../Engine/Content/Internationalization/icudt64l/region/zh_Hans.res" 1949
"../../../Engine/Content/Internationalization/icudt64l/region/zh.res" 1950
"../../../Engine/Content/Internationalization/icudt64l/lang/zh_HK.res" 1951
"../../../Engine/Content/Internationalization/icudt64l/lang/zh_Hant_HK.res" 1952
"../../../Engine/Content/Internationalization/icudt64l/lang/zh_Hant.res" 1953
"../../../Engine/Content/Internationalization/icudt64l/region/zh_HK.res" 1954
"../../../Engine/Content/Internationalization/icudt64l/region/zh_Hant_HK.res" 1955
"../../../Engine/Content/Internationalization/icudt64l/region/zh_Hant.res" 1956
"../../../Engine/Content/Internationalization/icudt64l/lang/zh_MO.res" 1957
"../../../Engine/Content/Internationalization/icudt64l/lang/zh_Hant_MO.res" 1958
"../../../Engine/Content/Internationalization/icudt64l/region/zh_MO.res" 1959
"../../../Engine/Content/Internationalization/icudt64l/region/zh_Hant_MO.res" 1960
"../../../Engine/Content/Internationalization/icudt64l/lang/zh_SG.res" 1961
"../../../Engine/Content/Internationalization/icudt64l/lang/zh_Hans_SG.res" 1962
"../../../Engine/Content/Internationalization/icudt64l/region/zh_SG.res" 1963
"../../../Engine/Content/Internationalization/icudt64l/region/zh_Hans_SG.res" 1964
"../../../Engine/Content/Internationalization/icudt64l/lang/zh_TW.res" 1965
"../../../Engine/Content/Internationalization/icudt64l/lang/zh_Hant_TW.res" 1966
"../../../Engine/Content/Internationalization/icudt64l/region/zh_TW.res" 1967
"../../../Engine/Content/Internationalization/icudt64l/region/zh_Hant_TW.res" 1968
"../../../Engine/Content/Internationalization/icudt64l/lang/zu.res" 1969
"../../../Engine/Content/Internationalization/icudt64l/region/zu.res" 1970
"../../../Engine/Content/Internationalization/icudt64l/lang/no.res" 1971
"../../../Engine/Content/Internationalization/icudt64l/lang/tl.res" 1972
"../../../Engine/Config/Android/DataDrivenPlatformInfo.ini" 1973
"../../../Engine/Config/IOS/DataDrivenPlatformInfo.ini" 1974
"../../../Engine/Config/Linux/DataDrivenPlatformInfo.ini" 1975
"../../../Engine/Config/Mac/DataDrivenPlatformInfo.ini" 1976
"../../../Engine/Config/TVOS/DataDrivenPlatformInfo.ini" 1977
"../../../Engine/Config/Unix/DataDrivenPlatformInfo.ini" 1978
"../../../Engine/Config/VulkanPC/DataDrivenPlatformInfo.ini" 1979
"../../../Engine/Config/Windows/DataDrivenPlatformInfo.ini" 1980
"../../../Engine/Platforms/VisionOS/Config/DataDrivenPlatformInfo.ini" 1981
"../../../Engine/Content/Renderer/TessellationTable.bin" 1982
"../../../Engine/DerivedDataCache/Compressed.ddp" 1983
"C:/Users/rexge/AppData/Local/UnrealEngine/5.6/Saved/Zen/zen.version" 1984
"C:/Users/rexge/AppData/Local/UnrealEngine/Common/Zen/Install/zen.version" 1985
"C:/Users/rexge/AppData/Local/UnrealEngine/Common/Zen/Install/zenserver.runcontext" 1986
"C:/Users/rexge/AppData/Local/UnrealEngine/Common/DerivedDataCache/TestData/0/TestData_4kb.dat" 1987
"C:/Users/rexge/AppData/Local/UnrealEngine/Common/DerivedDataCache/TestData/1/TestData_4kb.dat" 1988
"C:/Users/rexge/AppData/Local/UnrealEngine/Common/DerivedDataCache/TestData/0/TestData_8kb.dat" 1989
"C:/Users/rexge/AppData/Local/UnrealEngine/Common/DerivedDataCache/TestData/1/TestData_8kb.dat" 1990
"C:/Users/rexge/AppData/Local/UnrealEngine/Common/DerivedDataCache/TestData/0/TestData_16kb.dat" 1991
"C:/Users/rexge/AppData/Local/UnrealEngine/Common/DerivedDataCache/TestData/1/TestData_16kb.dat" 1992
"C:/Users/rexge/AppData/Local/UnrealEngine/Common/DerivedDataCache/TestData/0/TestData_64kb.dat" 1993
"C:/Users/rexge/AppData/Local/UnrealEngine/Common/DerivedDataCache/TestData/1/TestData_64kb.dat" 1994
"C:/Users/rexge/AppData/Local/UnrealEngine/Common/DerivedDataCache/TestData/0/TestData_128kb.dat" 1995
"C:/Users/rexge/AppData/Local/UnrealEngine/Common/DerivedDataCache/TestData/1/TestData_128kb.dat" 1996
"C:/Users/rexge/AppData/Local/UnrealEngine/Common/DerivedDataCache/TestData/0/TestData_256kb.dat" 1997
"C:/Users/rexge/AppData/Local/UnrealEngine/Common/DerivedDataCache/TestData/1/TestData_256kb.dat" 1998
"C:/Users/rexge/AppData/Roaming/Unreal Engine/UnrealBuildTool/BuildConfiguration.xml" 1999
"../../../../../../Users/rexge/Documents/Unreal Projects/TheBigHunt/Intermediate/ShaderAutogen/PCD3D_SM6/AutogenShaderHeaders.ush" 2000
"../../../Engine/Shaders/Private/HairStrands/HairStrandsVertexFactory.ush" 2001
"../../../Engine/Shaders/Private/VertexFactoryCommon.ush" 2002
"../../../Engine/Shaders/Private/Common.ush" 2003
"../../../Engine/Shaders/Public/Platform.ush" 2004
"../../../Engine/Shaders/Public/FP16Math.ush" 2005
"../../../Engine/Shaders/Public/Platform/D3D/D3DCommon.ush" 2006
"../../../Engine/Shaders/Shared/HLSLReservedSpaces.h" 2007
"../../../Engine/Shaders/Public/BindlessResources.ush" 2008
"../../../Engine/Shaders/Public/Platform/D3D/PlatformBindlessResources.ush" 2009
"../../../Engine/Shaders/Shared/RayTracingBuiltInResources.h" 2010
"../../../Engine/Shaders/Shared/RayTracingDefinitions.h" 2011
"../../../Engine/Shaders/Public/OverloadMacros.ush" 2012
"../../../Engine/Shaders/Public/ShaderVersion.ush" 2013
"../../../Engine/Shaders/Shared/ThirdParty/NVIDIA/nvHLSLExtns.h" 2014
"../../../Engine/Shaders/Shared/ThirdParty/NVIDIA/nvHLSLExtnsInternal.h" 2015
"../../../Engine/Shaders/Shared/ThirdParty/NVIDIA/nvShaderExtnEnums.h" 2016
"../../../Engine/Shaders/Private/PackUnpack.ush" 2017
"../../../Engine/Shaders/Private/GeneratedUniformBufferTypes.ush" 2018
"../../../Engine/Shaders/Private/Nanite/NanitePackedNaniteView.ush" 2019
"../../../Engine/Shaders/Private/HairStrands/HairStrandsVisibilityCommonStruct.ush" 2020
"../../../Engine/Shaders/Private/HairStrands/HairStrandsVoxelPageCommonStruct.ush" 2021
"../../../Engine/Shaders/Private/HairStrands/HairStrandsDeepShadowCommonStruct.ush" 2022
"../../../Engine/Shaders/Shared/LightSceneData.h" 2023
"../../../Engine/Shaders/Shared/HLSLTypeAliases.h" 2024
"../../../Engine/Shaders/Private/LargeWorldCoordinates.ush" 2025
"../../../Engine/Shaders/Private/DoubleFloat.ush" 2026
"../../../Engine/Shaders/Private/RandomPCG.ush" 2027
"../../../Engine/Shaders/Private/DoubleFloatOperations.ush" 2028
"../../../Engine/Shaders/Private/DoubleFloatVectorDefinition.ush" 2029
"../../../Engine/Shaders/Private/LWCOperations.ush" 2030
"../../../Engine/Shaders/Shared/LightViewData.h" 2031
"../../../Engine/Shaders/Shared/RayTracingTypes.h" 2032
"../../../Engine/Shaders/Shared/HLSLStaticAssert.h" 2033
"../../../Engine/Shaders/Private/CommonViewUniformBuffer.ush" 2034
"../../../Engine/Shaders/Private/InstancedStereo.ush" 2035
"../../../Engine/Shaders/Private/Definitions.usf" 2036
"../../../Engine/Shaders/Private/AssertionMacros.ush" 2037
"../../../Engine/Shaders/Private/FastMath.ush" 2038
"../../../Engine/Shaders/Private/FastMathThirdParty.ush" 2039
"../../../Engine/Shaders/Private/Random.ush" 2040
"../../../Engine/Shaders/Private/RandomInterleavedGradientNoise.ush" 2041
"../../../Engine/Shaders/Private/SceneData.ush" 2042
"../../../Engine/Shaders/Private/OctahedralCommon.ush" 2043
"../../../Engine/Shaders/Private/WaveOpUtil.ush" 2044
"../../../Engine/Shaders/Private/ByteBuffer.ush" 2045
"../../../Engine/Shaders/Shared/SceneDefinitions.h" 2046
"../../../Engine/Shaders/Private/SceneDataMobileLoader.ush" 2047
"../../../Engine/Shaders/Private/LocalVertexFactoryCommon.ush" 2048
"../../../Engine/Shaders/Private/HairStrands/HairStrandsVisibilityCommon.ush" 2049
"../../../Engine/Shaders/Shared/HairStrandsDefinitions.h" 2050
"../../../Engine/Shaders/Private/HairStrands/HairStrandsVertexFactoryCommon.ush" 2051
"../../../Engine/Shaders/Private/HairStrands/HairStrandsPack.ush" 2052
"../../../Engine/Shaders/Private/HairStrands/HairStrandsAttributeCommon.ush" 2053
"../../../Engine/Shaders/Private/HairStrands/HairStrandsAttributeTemplate.ush" 2054
"../../../Engine/Shaders/Private/VertexFactoryDefaultInterface.ush" 2055
"../../../Engine/Shaders/Private/HairStrands/HairCardsVertexFactory.ush" 2056
"../../../Engine/Shaders/Private/HairStrands/HairCardsAttributeCommon.ush" 2057
"../../../Engine/Shaders/Private/RayTracing/RayTracingCommon.ush" 2058
"../../../Engine/Shaders/Private/ShadingCommon.ush" 2059
"../../../Engine/Shaders/Shared/RayTracingPayloadType.h" 2060
"../../../Engine/Shaders/Private/RayTracing/RayTracingRayCone.ush" 2061
"../../../Engine/Shaders/Private/Substrate/Substrate.ush" 2062
"../../../Engine/Shaders/Private/ShadingEnergyConservation.ush" 2063
"../../../Engine/Shaders/Private/ShadingEnergyConservationTemplate.ush" 2064
"../../../Engine/Shaders/Private/BRDF.ush" 2065
"../../../Engine/Shaders/Private/ColorSpace.ush" 2066
"../../../Engine/Shaders/Private/DeferredShadingCommon.ush" 2067
"../../../Engine/Shaders/Private/LightAccumulator.ush" 2068
"../../../Engine/Shaders/Private/SceneTexturesCommon.ush" 2069
"../../../Engine/Shaders/Private/MonteCarlo.ush" 2070
"../../../Engine/Shaders/Private/GBufferHelpers.ush" 2071
"../../../Engine/Shaders/Private/SceneTextureParameters.ush" 2072
"C:/Users/rexge/Documents/Unreal Projects/TheBigHunt/Intermediate/ShaderAutogen/PCD3D_SM6/AutogenShaderHeaders.ush" 2073
"../../../Engine/Shaders/Private/ParticipatingMediaCommon.ush" 2074
"../../../Engine/Shaders/Private/ThinFilmBSDF.ush" 2075
"../../../Engine/Shaders/Private/MortonCode.ush" 2076
"../../../Engine/Shaders/Private/SubsurfaceProfileCommon.ush" 2077
"../../../Engine/Shaders/Private/BurleyNormalizedSSSCommon.ush" 2078
"../../../Engine/Shaders/Private/GammaCorrectionCommon.ush" 2079
"../../../Engine/Shaders/Shared/SubstrateDefinitions.h" 2080
"../../../Engine/Shaders/Private/Substrate/SubstrateStatisticalOperators.ush" 2081
"../../../Engine/Shaders/Private/Substrate/SubstrateSubsurface.ush" 2082
"../../../Engine/Shaders/Private/TransmissionCommon.ush" 2083
"../../../Engine/Shaders/Private/Substrate/SubstrateExportCommon.ush" 2084
"../../../Engine/Shaders/Private/SpecularProfileCommon.ush" 2085
"../../../Engine/Shaders/Private/RayTracing/RayTracingCommonMetal.ush" 2086
"../../../Engine/Shaders/Private/PositionReconstructionCommon.ush" 2087
"../../../Engine/Shaders/Private/RayTracing/TraceRayInline.ush" 2088
"../../../Engine/Shaders/Private/RayTracing/TraceRayInlineCommon.ush" 2089
"../../../Engine/Shaders/Private/RayTracing/TraceRayInlineVulkan.ush" 2090
"../../../Engine/Shaders/Private/RayTracing/TraceRayInlineMetal.ush" 2091
"../../../Engine/Shaders/Private/RayTracing/TraceRayInlineD3D12.ush" 2092
"../../../Engine/Shaders/Private/RayTracing/RayTracingHitGroupCommon.ush" 2093
"../../../Engine/Shaders/Private/Nanite/NaniteRayTrace.ush" 2094
"../../../Engine/Shaders/Private/Nanite/NaniteDataDecode.ush" 2095
"../../../Engine/Shaders/Private/BitPacking.ush" 2096
"../../../Engine/Shaders/Private/BitStreamReaderImplementation.ush" 2097
"../../../Engine/Shaders/Private/BoneTransform.ush" 2098
"../../../Engine/Shaders/Private/Quaternion.ush" 2099
"../../../Engine/Shaders/Shared/NaniteDefinitions.h" 2100
"../../../Engine/Shaders/Shared/SkinningDefinitions.h" 2101
"../../../Engine/Shaders/Private/Nanite/NaniteAttributeDecode.ush" 2102
"../../../Engine/Shaders/Private/Barycentrics.ush" 2103
"../../../Engine/Shaders/Private/DualNumber.ush" 2104
"../../../Engine/Shaders/Shared/ThirdParty/RayTriangleIntersection.h" 2105
"../../../Engine/Shaders/Private/Nanite/NaniteVertexFetch.ush" 2106
"../../../Engine/Shaders/Private/Nanite/NaniteSceneCommon.ush" 2107
"../../../Engine/Plugins/Experimental/Water/Shaders/Private/WaterMeshVertexFactory.ush" 2108
"../../../Engine/Plugins/FX/Niagara/Shaders/Private/NiagaraSpriteVertexFactory.ush" 2109
"../../../Engine/Shaders/Private/ParticleVertexFactoryCommon.ush" 2110
"../../../Engine/Plugins/FX/Niagara/Shaders/Private/NiagaraVFCommon.usf" 2111
"../../../Engine/Plugins/FX/Niagara/Shaders/Private/NiagaraVFParticleAccess.usf" 2112
"../../../Engine/Plugins/FX/Niagara/Shaders/Private/NiagaraParticleAccess.ush" 2113
"../../../Engine/Plugins/FX/Niagara/Shaders/Private/NiagaraRibbonVertexFactory.ush" 2114
"../../../Engine/Plugins/FX/Niagara/Shaders/Private/NiagaraMeshVertexFactory.ush" 2115
"../../../Engine/Plugins/FX/Niagara/Shaders/Private/NiagaraCommon.ush" 2116
"../../../Engine/Plugins/FX/Niagara/Shaders/Private/NiagaraMeshParticleUtils.ush" 2117
"../../../Engine/Shaders/Private/VectorFieldVisualizationVertexFactory.ush" 2118
"../../../Engine/Shaders/Private/Nanite/NaniteVertexFactory.ush" 2119
"../../../Engine/Shaders/Private/LightmapData.ush" 2120
"../../../Engine/Shaders/Private/SplineMeshCommon.ush" 2121
"../../../Engine/Shaders/Shared/SplineMeshShaderParams.h" 2122
"../../../Engine/Shaders/Private/ShaderPrint.ush" 2123
"../../../Engine/Shaders/Private/ShaderPrintCommon.ush" 2124
"../../../Engine/Shaders/Private/MiniFontCommon.ush" 2125
"../../../Engine/Shaders/Private/MaterialCache/MaterialCacheCommon.ush" 2126
"../../../Engine/Shaders/Shared/MaterialCacheDefinitions.h" 2127
"../../../Engine/Shaders/Private/Nanite/NaniteVertexDeformation.ush" 2128
"../../../Engine/Shaders/Private/ViewData.ush" 2129
"../../../Engine/Shaders/Shared/ViewDefinitions.h" 2130
"../../../Engine/Shaders/Private/Matrices.ush" 2131
"../../../Engine/Shaders/Private/ParticleSpriteVertexFactory.ush" 2132
"../../../Engine/Shaders/Private/ParticleGPUSpriteVertexFactory.ush" 2133
"../../../Engine/Shaders/Private/ParticleSimulationCommon.ush" 2134
"../../../Engine/Shaders/Private/ParticleBeamTrailVertexFactory.ush" 2135
"../../../Engine/Shaders/Private/MeshParticleVertexFactory.ush" 2136
"../../../Engine/Shaders/Private/LocalVertexFactory.ush" 2137
"../../../Engine/Shaders/Private/GpuSkinCommon.ush" 2138
"../../../Engine/Shaders/Private/GpuSkinVertexFactory.ush" 2139
"../../../Engine/Shaders/Private/GeometryCollectionVertexFactory.ush" 2140
"../../../Engine/Shaders/Private/GeometryCacheVertexFactory.ush" 2141
"../../../Engine/Shaders/Private/LandscapeVertexFactory.ush" 2142
"../../../Engine/Plugins/Experimental/Compositing/CompositeCore/Shaders/Private/CompositeCoreMerge.usf" 2143
"../../../Engine/Shaders/Private/ScreenPass.ush" 2144
"../../../Engine/Shaders/Private/LensDistortion.ush" 2145
"../../../Engine/Plugins/Experimental/Compositing/CompositeCore/Shaders/Private/CompositeCoreDisplayTransform.usf" 2146
"../../../Engine/Plugins/Experimental/Compositing/CompositeCore/Shaders/Private/CompositeCoreDilate.usf" 2147
"../../../Engine/Plugins/VirtualProduction/CameraCalibrationCore/Shaders/Private/CrosshairOverlay.usf" 2148
"../../../Engine/Plugins/VirtualProduction/CameraCalibrationCore/Shaders/Private/DisplacementMapBlending.usf" 2149
"../../../Engine/Plugins/VirtualProduction/CameraCalibrationCore/Shaders/Private/RecenterSTDisplacementMaps.usf" 2150
"../../../Engine/Plugins/VirtualProduction/CameraCalibrationCore/Shaders/Private/FillSTDisplacementMap.usf" 2151
"../../../Engine/Plugins/VirtualProduction/CameraCalibrationCore/Shaders/Private/InvertDisplacementMap.usf" 2152
"../../../Engine/Plugins/VirtualProduction/CameraCalibrationCore/Shaders/Private/CropDisplacementMap.usf" 2153
"../../../Engine/Plugins/VirtualProduction/CameraCalibrationCore/Shaders/Private/BlendDisplacementMaps.usf" 2154
"../../../Engine/Plugins/VirtualProduction/CameraCalibrationCore/Shaders/Private/DrawDisplacementMaps.usf" 2155
"../../../Engine/Plugins/VirtualProduction/CameraCalibrationCore/Shaders/Private/UndistortImagePoints.usf" 2156
"../../../Engine/Plugins/VirtualProduction/CameraCalibrationCore/Shaders/Private/DistortionSTMapProcessor.usf" 2157
"../../../Engine/Plugins/Media/WmfMedia/Shaders/Private/MediaHardwareVideoDecoding.usf" 2158
"../../../Engine/Shaders/Private/ColorUtils.ush" 2159
"../../../Engine/Plugins/Media/ImgMedia/Shaders/Private/ExrSwizzler.usf" 2160
"../../../Engine/Plugins/Enterprise/GLTFExporter/Shaders/Private/SimpleTexture2DPS.usf" 2161
"../../../Engine/Shaders/Private/SimpleElementNormalMapPixelShader.usf" 2162
"../../../Engine/Shaders/Private/DisplayMappingPixelShader.usf" 2163
"../../../Engine/Shaders/Private/TonemapCommon.ush" 2164
"../../../Engine/Shaders/Private/ACES/ACESCommon.ush" 2165
"../../../Engine/Shaders/Private/ACES/ACESOutputTransform.ush" 2166
"../../../Engine/Shaders/Private/ACES/ACESUtilities.ush" 2167
"../../../Engine/Shaders/Private/ACES/ACESTonescale.ush" 2168
"../../../Engine/Shaders/Private/ACES/ACESDisplayEncoding.ush" 2169
"../../../Engine/Shaders/Private/ACES/ACES_v1.3.ush" 2170
"../../../Engine/Plugins/Runtime/HairStrands/Shaders/Private/NiagaraCopyVelocityGrid.usf" 2171
"../../../Engine/Plugins/Runtime/HairStrands/Shaders/Private/NiagaraClearVelocityGrid.usf" 2172
"../../../Engine/Plugins/Runtime/HairStrands/Shaders/Private/NiagaraClearPressureGrid.usf" 2173
"../../../Engine/Plugins/Runtime/HairStrands/Shaders/Private/NiagaraInterpolateGroomGuides.usf" 2174
"../../../Engine/Plugins/Runtime/HairStrands/Shaders/Private/NiagaraGroomInterpolationUtils.ush" 2175
"../../../Engine/Plugins/FX/Niagara/Shaders/Private/NiagaraQuaternionUtils.ush" 2176
"../../../Engine/Shaders/Private/HairStrands/HairStrandsMesh.usf" 2177
"../../../Engine/Shaders/Private/HairStrands/HairStrandsBindingCommon.ush" 2178
"../../../Engine/Shaders/Private/HairStrands/HairStrandsFollicleMask.usf" 2179
"../../../Engine/Shaders/Private/HairStrands/HairStrandsSkinUpdate.usf" 2180
"../../../Engine/Shaders/Private/HairStrands/HairStrandsClusterCulling.usf" 2181
"../../../Engine/Shaders/Private/ColorMap.ush" 2182
"../../../Engine/Shaders/Private/HairStrands/HairStrandsAABBCommon.ush" 2183
"../../../Engine/Shaders/Private/HairStrands/HairStrandsClusterCommon.ush" 2184
"../../../Engine/Shaders/Private/ThreadGroupPrefixSum.ush" 2185
"../../../Engine/Shaders/Private/HairStrands/HairStrandsRaytracingGeometry.usf" 2186
"../../../Engine/Shaders/Private/HairStrands/HairStrandsTangent.usf" 2187
"../../../Engine/Shaders/Private/HairStrands/HairCardsDeformation.usf" 2188
"../../../Engine/Shaders/Private/HairStrands/HairStrandsInterpolation.usf" 2189
"../../../Engine/Shaders/Private/HairStrands/HairStrandsGuideDeform.usf" 2190
"../../../Engine/Shaders/Private/HairStrands/HairStrandsTexturesGeneration.usf" 2191
"../../../Engine/Shaders/Private/HairStrands/HairCardsTextureCommon.ush" 2192
"../../../Engine/Shaders/Private/HairStrands/HairStrandsTranscode.usf" 2193
"../../../Engine/Shaders/Private/HairStrands/HairStrandsDebug.usf" 2194
"../../../Engine/Shaders/Private/HairShadingCommon.ush" 2195
"../../../Engine/Shaders/Private/PostProcessCommon.ush" 2196
"../../../Engine/Shaders/Private/ShadingModels.ush" 2197
"../../../Engine/Shaders/Private/CapsuleLight.ush" 2198
"../../../Engine/Shaders/Private/RectLight.ush" 2199
"../../../Engine/Shaders/Private/LightData.ush" 2200
"../../../Engine/Shaders/Shared/LightDefinitions.h" 2201
"../../../Engine/Shaders/Private/AreaLightCommon.ush" 2202
"../../../Engine/Shaders/Private/HairBsdf.ush" 2203
"../../../Engine/Shaders/Private/MobileGGX.ush" 2204
"../../../Engine/Shaders/Private/HairStrands/HairStrandsCommon.ush" 2205
"../../../Engine/Shaders/Private/HairStrands/HairStrandsEnvironmentLightingCommon.ush" 2206
"../../../Engine/Shaders/Private/HairStrands/HairStrandsDeepTransmittanceCommon.ush" 2207
"../../../Engine/Shaders/Private/HairStrands/HairStrandsDeepTransmittanceDualScattering.ush" 2208
"../../../Engine/Shaders/Private/HairStrands/HairStrandsDeepShadowCommon.ush" 2209
"../../../Engine/Shaders/Private/HairStrands/HairStrandsDebugCommonStruct.ush" 2210
"../../../Engine/Plugins/Runtime/ComputeFramework/Shaders/Private/ComputeKernel.usf" 2211
"../../../Engine/Plugins/Runtime/ComputeFramework/Shaders/Private/ComputeKernelCommon.ush" 2212
"../../../Engine/Plugins/NNE/NNEDenoiser/Shaders/NNEDenoiserShadersTransferFunctionOidn.usf" 2213
"../../../Engine/Plugins/NNE/NNEDenoiser/Shaders/NNEDenoiserShadersMappedCopy.usf" 2214
"../../../Engine/Plugins/NNE/NNEDenoiser/Shaders/NNEDenoiserShadersDefaultIOProcess.usf" 2215
"../../../Engine/Plugins/NNE/NNEDenoiser/Shaders/NNEDenoiserShadersAutoExposureReduceFinal.usf" 2216
"../../../Engine/Plugins/NNE/NNEDenoiser/Shaders/NNEDenoiserShadersAutoExposureReduce.usf" 2217
"../../../Engine/Plugins/NNE/NNEDenoiser/Shaders/NNEDenoiserShadersAutoExposureDownsample.usf" 2218
"../../../Engine/Plugins/Experimental/Water/Shaders/Private/WaterQuadTreeDraws.usf" 2219
"../../../Engine/Plugins/Experimental/Water/Shaders/Private/WaterQuadTreeCommon.ush" 2220
"../../../Engine/Shaders/Private/Nanite/NaniteHZBCull.ush" 2221
"../../../Engine/Shaders/Private/HZB.ush" 2222
"../../../Engine/Plugins/Experimental/Water/Shaders/Private/WaterQuadTreeBuild.usf" 2223
"../../../Engine/Plugins/Experimental/Water/Shaders/Private/WaterQuadTreeMerge.usf" 2224
"../../../Engine/Plugins/Experimental/Water/Shaders/Private/WaterQuadTreePixelShader.usf" 2225
"../../../Engine/Plugins/Experimental/Water/Shaders/Private/WaterQuadTreeVertexShader.usf" 2226
"../../../Engine/Plugins/Experimental/Water/Shaders/Private/WaterInfoFinalize.usf" 2227
"../../../Engine/Plugins/Experimental/Water/Shaders/Private/WaterInfoMerge.usf" 2228
"../../../Engine/Plugins/FX/Niagara/Shaders/Private/NiagaraVertexFactoryExport.usf" 2229
"../../../Engine/Shaders/Private/ComputeShaderUtils.ush" 2230
"../../../Engine/Shaders/Private/MaterialTemplate.ush" 2231
"../../../Engine/Shaders/Private/WorldSpaceMath.ush" 2232
"../../../Engine/Shaders/Private/EyeAdaptationCommon.ush" 2233
"../../../Engine/Shaders/Private/SobolRandom.ush" 2234
"../../../Engine/Shaders/Private/DepthOfFieldCommon.ush" 2235
"../../../Engine/Shaders/Private/CircleDOFCommon.ush" 2236
"../../../Engine/Shaders/Private/DistanceField/GlobalDistanceFieldShared.ush" 2237
"../../../Engine/Shaders/Private/PhysicsFieldSampler.ush" 2238
"../../../Engine/Shaders/Private/PhysicsFieldShared.ush" 2239
"../../../Engine/Shaders/Private/SparseVolumeTexture/SparseVolumeTextureCommon.ush" 2240
"../../../Engine/Shaders/Shared/EnvironmentComponentsFlags.h" 2241
"../../../Engine/Shaders/Private/MeshPaintTextureCommon.ush" 2242
"../../../Engine/Shaders/Private/VirtualTextureMaterial.ush" 2243
"../../../Engine/Shaders/Private/MaterialCache/MaterialCacheMaterialCommon.ush" 2244
"../../../Engine/Shaders/Private/MaterialCache/MaterialCacheABuffer.ush" 2245
"../../../Engine/Shaders/Private/SpeedTreeCommon.ush" 2246
"../../../Engine/Shaders/Private/VirtualTextureCommon.ush" 2247
"../../../Engine/Shaders/Private/MaterialTexture.ush" 2248
"../../../Engine/Shaders/Private/MinMaterialTexCoords.ush" 2249
"../../../Engine/Shaders/Private/SkyAtmosphereCommon.ush" 2250
"../../../Engine/Shaders/Private/SingleLayerWaterCommon.ush" 2251
"../../../Engine/Shaders/Private/TextureSampling.ush" 2252
"../../../Engine/Shaders/Private/PaniniProjection.ush" 2253
"../../../Engine/Shaders/Private/DBufferNormalReprojection.ush" 2254
"../../../Engine/Shaders/Public/SubstratePublic.ush" 2255
"../../../Engine/Shaders/Private/Substrate/SubstrateTree.ush" 2256
"../../../Engine/Shaders/Private/Substrate/SubstrateEvaluation.ush" 2257
"../../../Engine/Shaders/Private/Substrate/Glint/GlintThirdParty.ush" 2258
"../../../Engine/Shaders/Private/BlueNoise.ush" 2259
"../../../Engine/Shaders/Private/SHCommon.ush" 2260
"../../../Engine/Shaders/Private/ShadingModelsSampling.ush" 2261
"../../../Engine/Shaders/Private/HairStrands/HairBsdfSample.ush" 2262
"../../../Engine/Shaders/Private/Substrate/SubstrateLegacyConversion.ush" 2263
"../../../Engine/Shaders/Private/DBufferDecalShared.ush" 2264
"../../../Engine/Plugins/FX/Niagara/Shaders/Private/NiagaraSortKeyGen.usf" 2265
"../../../Engine/Plugins/FX/Niagara/Shaders/Private/NiagaraGPURayTracingTransforms.usf" 2266
"../../../Engine/Plugins/FX/Niagara/Shaders/Private/NiagaraDrawIndirectArgsGen.usf" 2267
"../../../Engine/Plugins/FX/Niagara/Shaders/Private/NiagaraDispatchIndirectArgsGen.usf" 2268
"../../../Engine/Plugins/FX/Niagara/Shaders/Private/Stateless/NiagaraStatelessSimulationDefault.usf" 2269
"../../../Engine/Plugins/FX/Niagara/Shaders/Private/Stateless/NiagaraStatelessSimulationTemplate.ush" 2270
"../../../Engine/Plugins/FX/Niagara/Shaders/Private/Stateless/NiagaraStatelessCommon.ush" 2271
"../../../Engine/Plugins/FX/Niagara/Shaders/Shared/NiagaraStatelessDefinitions.h" 2272
"../../../Engine/Plugins/FX/Niagara/Shaders/Shared/NiagaraStatelessBuiltDistribution.h" 2273
"../../../Engine/Plugins/FX/Niagara/Shaders/Private/Stateless/NiagaraStatelessDistribution.ush" 2274
"../../../Engine/Plugins/FX/Niagara/Shaders/Private/Stateless/Modules/NiagaraStatelessModule_CalculateAccurateVelocity.ush" 2275
"../../../Engine/Plugins/FX/Niagara/Shaders/Private/Stateless/Modules/NiagaraStatelessModule_CameraOffset.ush" 2276
"../../../Engine/Plugins/FX/Niagara/Shaders/Private/Stateless/Modules/NiagaraStatelessModule_DynamicMaterialParameters.ush" 2277
"../../../Engine/Plugins/FX/Niagara/Shaders/Private/Stateless/Modules/NiagaraStatelessModule_InitializeParticle.ush" 2278
"../../../Engine/Plugins/FX/Niagara/Shaders/Private/Stateless/Modules/NiagaraStatelessModule_InitialMeshOrientation.ush" 2279
"../../../Engine/Plugins/FX/Niagara/Shaders/Private/Stateless/Modules/NiagaraStatelessModule_MeshIndex.ush" 2280
"../../../Engine/Plugins/FX/Niagara/Shaders/Private/Stateless/Modules/NiagaraStatelessModule_MeshRotationRate.ush" 2281
"../../../Engine/Plugins/FX/Niagara/Shaders/Private/Stateless/Modules/NiagaraStatelessModule_RotateAroundPoint.ush" 2282
"../../../Engine/Plugins/FX/Niagara/Shaders/Private/Stateless/Modules/NiagaraStatelessModule_ShapeLocation.ush" 2283
"../../../Engine/Plugins/FX/Niagara/Shaders/Private/Stateless/Modules/NiagaraStatelessModule_ScaleColor.ush" 2284
"../../../Engine/Plugins/FX/Niagara/Shaders/Private/Stateless/Modules/NiagaraStatelessModule_ScaleRibbonWidth.ush" 2285
"../../../Engine/Plugins/FX/Niagara/Shaders/Private/Stateless/Modules/NiagaraStatelessModule_ScaleSpriteSize.ush" 2286
"../../../Engine/Plugins/FX/Niagara/Shaders/Private/Stateless/Modules/NiagaraStatelessModule_ScaleSpriteSizeBySpeed.ush" 2287
"../../../Engine/Plugins/FX/Niagara/Shaders/Private/Stateless/Modules/NiagaraStatelessModule_ScaleMeshSize.ush" 2288
"../../../Engine/Plugins/FX/Niagara/Shaders/Private/Stateless/Modules/NiagaraStatelessModule_ScaleMeshSizebySpeed.ush" 2289
"../../../Engine/Plugins/FX/Niagara/Shaders/Private/Stateless/Modules/NiagaraStatelessModule_SolveVelocitiesAndForces.ush" 2290
"../../../Engine/Plugins/FX/Niagara/Shaders/Private/Stateless/Modules/NiagaraStatelessModule_SpriteFacingAndAlignment.ush" 2291
"../../../Engine/Plugins/FX/Niagara/Shaders/Private/Stateless/Modules/NiagaraStatelessModule_SpriteRotationRate.ush" 2292
"../../../Engine/Plugins/FX/Niagara/Shaders/Private/Stateless/Modules/NiagaraStatelessModule_SubUVAnimation.ush" 2293
"../../../Engine/Plugins/FX/Niagara/Shaders/Private/NiagaraBlendSVTsToDenseBuffer.usf" 2294
"../../../Engine/Plugins/FX/Niagara/Shaders/Private/NiagaraSVTToDenseBuffer.usf" 2295
"../../../Engine/Plugins/FX/Niagara/Shaders/Private/NiagaraFillIntBuffer.usf" 2296
"../../../Engine/Plugins/FX/Niagara/Shaders/Private/NiagaraComputeFreeIDs.usf" 2297
"../../../Engine/Plugins/FX/Niagara/Shaders/Private/NiagaraInitFreeIDBuffer.usf" 2298
"../../../Engine/Plugins/FX/Niagara/Shaders/Private/NiagaraEmitterInstanceShader.usf" 2299
"../../../Engine/Plugins/FX/Niagara/Shaders/Private/NiagaraShaderVersion.ush" 2300
"../../../Engine/Plugins/FX/Niagara/Shaders/Private/NiagaraPhysicsCommon.ush" 2301
"../../../Engine/Plugins/FX/Niagara/Shaders/Private/Ribbons/NiagaraRibbonAggregationApply.usf" 2302
"../../../Engine/Plugins/FX/Niagara/Shaders/Private/Ribbons/NiagaraRibbonCommon.ush" 2303
"../../../Engine/Plugins/FX/Niagara/Shaders/Private/Ribbons/NiagaraRibbonAggregationStep.usf" 2304
"../../../Engine/Plugins/FX/Niagara/Shaders/Private/Ribbons/NiagaraRibbonGenerateIndices.usf" 2305
"../../../Engine/Plugins/FX/Niagara/Shaders/Private/Ribbons/NiagaraRibbonInitializeIndices.usf" 2306
"../../../Engine/Plugins/FX/Niagara/Shaders/Private/Ribbons/NiagaraRibbonRibbonUVParamCalculation.usf" 2307
"../../../Engine/Plugins/FX/Niagara/Shaders/Private/Ribbons/NiagaraRibbonVertexReductionFinalization.usf" 2308
"../../../Engine/Plugins/FX/Niagara/Shaders/Private/Ribbons/NiagaraRibbonVertexReductionInitialization.usf" 2309
"../../../Engine/Plugins/FX/Niagara/Shaders/Private/Ribbons/NiagaraRibbonSortParticles.usf" 2310
"../../../Engine/Plugins/FX/Niagara/Shaders/Private/NiagaraLWCHelper.usf" 2311
"../../../Engine/Plugins/FX/Niagara/Shaders/Private/NiagaraUpdateMeshGPUSceneInstances.usf" 2312
"../../../Engine/Shaders/Private/GPUScene/GPUSceneWriter.ush" 2313
"../../../Engine/Plugins/FX/Niagara/Shaders/Private/NiagaraGenerateMips.usf" 2314
"../../../Engine/Plugins/FX/Niagara/Shaders/Private/NiagaraDebugDraw.usf" 2315
"../../../Engine/Plugins/FX/Niagara/Shaders/Private/NiagaraDebugDraw.ush" 2316
"../../../Engine/Plugins/FX/Niagara/Shaders/Private/NiagaraVisualizeTexture.usf" 2317
"../../../Engine/Plugins/FX/Niagara/Shaders/Private/NiagaraClearCounts.usf" 2318
"../../../Engine/Plugins/FX/Niagara/Shaders/Private/NiagaraBatchedElements.usf" 2319
"../../../Engine/Plugins/FX/Niagara/Shaders/Private/NiagaraRayTracingShaders.usf" 2320
"../../../Engine/Plugins/FX/Niagara/Shaders/Private/NiagaraAsyncGpuTraceCommon.ush" 2321
"../../../Engine/Shaders/Private/HashTable.ush" 2322
"../../../Engine/Shaders/Private/Hash.ush" 2323
"../../../Engine/Shaders/Private/RayTracing/VFXTraceRay.ush" 2324
"../../../Engine/Plugins/FX/Niagara/Shaders/Private/NiagaraRayMarchingShaders.usf" 2325
"../../../Engine/Plugins/FX/Niagara/Shaders/Private/NiagaraRayTraceCollisionGroupShaders.usf" 2326
"../../../Engine/Plugins/FX/Niagara/Shaders/Private/NiagaraAsyncGpuTraceUtils.usf" 2327
"../../../Engine/Plugins/Experimental/NFORDenoise/Shaders/NFORDenoise.usf" 2328
"../../../Engine/Plugins/Experimental/NFORDenoise/Shaders/NFORRegressionCommon.ush" 2329
"../../../Engine/Plugins/Experimental/NFORDenoise/Shaders/NFORRegression.ush" 2330
"../../../Engine/Shaders/Private/VirtualTextureAdapter.usf" 2331
"../../../Engine/Shaders/Private/BlockCompressionCommon.ush" 2332
"../../../Engine/Shaders/Private/BCCompressionCommon.ush" 2333
"../../../Engine/Shaders/Private/TranslucentLightingShaders.usf" 2334
"../../../Engine/Shaders/Private/CubemapCommon.ush" 2335
"../../../Engine/Shaders/Private/VectorFieldCompositeShaders.usf" 2336
"../../../Engine/Shaders/Private/UpdateTextureShaders.usf" 2337
"../../../Engine/Shaders/Private/StereoLayerShader.usf" 2338
"../../../Engine/Shaders/Private/SparseVolumeTexture/UpdateSparseVolumeTexture.usf" 2339
"../../../Engine/Shaders/Private/MorphTargets.usf" 2340
"../../../Engine/Shaders/Private/SimpleElementColorChannelMaskPixelShader.usf" 2341
"../../../Engine/Shaders/Private/SimpleElementHitProxyPixelShader.usf" 2342
"../../../Engine/Shaders/Private/SimpleElementPixelShader.usf" 2343
"../../../Engine/Shaders/Private/IESLightProfilesCommon.ush" 2344
"../../../Engine/Shaders/Private/SimpleElementVertexShader.usf" 2345
"../../../Engine/Shaders/Private/ScreenPixelShaderOES.usf" 2346
"../../../Engine/Shaders/Private/ScreenVertexShader.usf" 2347
"../../../Engine/Shaders/Private/ScreenPixelShader.usf" 2348
"../../../Engine/Shaders/Private/SSProfilePreIntegratedMobile.usf" 2349
"../../../Engine/Shaders/Private/SpecularProfile.usf" 2350
"../../../Engine/Shaders/Private/Nanite/NaniteStreaming.usf" 2351
"../../../Engine/Shaders/Private/Nanite/NaniteStreaming.ush" 2352
"../../../Engine/Shaders/Private/Nanite/NaniteTranscode.usf" 2353
"../../../Engine/Shaders/Private/VolumetricLightmapStreaming.usf" 2354
"../../../Engine/Shaders/Private/PhysicsFieldReset.usf" 2355
"../../../Engine/Shaders/Private/PhysicsFieldBuilder.usf" 2356
"../../../Engine/Shaders/Private/PhysicsFieldEval.ush" 2357
"../../../Engine/Shaders/Private/ParticleSortKeyGen.usf" 2358
"../../../Engine/Shaders/Private/ParticleBoundsShader.usf" 2359
"../../../Engine/Shaders/Private/ParticleSimVisualizeShader.usf" 2360
"../../../Engine/Shaders/Private/ParticleInjectionShader.usf" 2361
"../../../Engine/Shaders/Private/ParticleSimulationShader.usf" 2362
"../../../Engine/Shaders/Private/ParticleCurveInjectionShader.usf" 2363
"../../../Engine/Shaders/Private/CopyUIntBuffer.usf" 2364
"../../../Engine/Shaders/Private/RadixSortShaders.usf" 2365
"../../../Engine/Shaders/Private/RecomputeTangentsPerVertexPass.usf" 2366
"../../../Engine/Shaders/Private/RecomputeTangentsCommon.ush" 2367
"../../../Engine/Shaders/Private/RecomputeTangentsPerTrianglePass.usf" 2368
"../../../Engine/Shaders/Private/GpuSkinCacheComputeShader.usf" 2369
"../../../Engine/Shaders/Private/HeightFieldAtlasManagement.usf" 2370
"../../../Engine/Shaders/Private/Landscape/LandscapeEditLayersUtils.usf" 2371
"../../../Engine/Shaders/Private/Landscape/LandscapeCommon.ush" 2372
"../../../Engine/Shaders/Private/Landscape/LandscapeEditLayersWeightmaps.usf" 2373
"../../../Engine/Shaders/Private/Landscape/LandscapeEditLayersHeightmaps.usf" 2374
"../../../Engine/Shaders/Private/Landscape/LandscapeLayersWeightmapsPS.usf" 2375
"../../../Engine/Shaders/Private/Landscape/LandscapeLayersHeightmapsPS.usf" 2376
"../../../Engine/Shaders/Private/LandscapeLayersCS.usf" 2377
"../../../Engine/Shaders/Private/LandscapeLayersPS.usf" 2378
"../../../Engine/Shaders/Private/LandscapeLayersVS.usf" 2379
"../../../Engine/Shaders/Private/LandscapePhysicalMaterial.usf" 2380
"../../../Engine/Shaders/Private/LandscapeGrassWeight.usf" 2381
"../../../Engine/Shaders/Private/Landscape/LandscapeCulling.usf" 2382
"../../../Engine/Shaders/Private/Landscape/LandscapeMergeTexturesPS.usf" 2383
"../../../Engine/Shaders/Private/WideCustomResolveShaders.usf" 2384
"../../../Engine/Shaders/Private/WideCustomResolve_Wide.ush" 2385
"../../../Engine/Shaders/Private/WideCustomResolve_Wider.ush" 2386
"../../../Engine/Shaders/Private/WideCustomResolve_Widest.ush" 2387
"../../../Engine/Shaders/Private/WaterInfoTextureBlur.usf" 2388
"../../../Engine/Shaders/Private/WaterInfoTextureMerge.usf" 2389
"../../../Engine/Shaders/Private/PageTableUpdate.usf" 2390
"../../../Engine/Shaders/Private/VirtualTextureCompress.usf" 2391
"../../../Engine/Shaders/Private/ASTCCompressionCommon.ush" 2392
"../../../Engine/Shaders/Private/IntegerSequenceEncoding.ush" 2393
"../../../Engine/Shaders/Private/ETCCompressionCommon.ush" 2394
"../../../Engine/Shaders/Private/VirtualTextureMaterial.usf" 2395
"../../../Engine/Shaders/Private/PixelShaderOutputCommon.ush" 2396
"../../../Engine/Shaders/Private/ShaderOutputCommon.ush" 2397
"../../../Engine/Shaders/Private/VolumetricRenderTarget.usf" 2398
"../../../Engine/Shaders/Private/HeightFogCommon.ush" 2399
"../../../Engine/Shaders/Private/LocalFogVolumes/LocalFogVolumeCommon.ush" 2400
"../../../Engine/Shaders/Private/ReflectionEnvironmentShared.ush" 2401
"../../../Engine/Shaders/Private/VolumetricFogVoxelization.usf" 2402
"../../../Engine/Shaders/Private/VolumetricCloudMaterialPixelCommon.ush" 2403
"../../../Engine/Shaders/Private/VolumetricFogLightFunction.usf" 2404
"../../../Engine/Shaders/Private/LightFunctionCommon.ush" 2405
"../../../Engine/Shaders/Private/VolumetricFog.usf" 2406
"../../../Engine/Shaders/Private/DeferredLightingCommon.ush" 2407
"../../../Engine/Shaders/Private/DynamicLightingCommon.ush" 2408
"../../../Engine/Shaders/Private/CapsuleLightIntegrate.ush" 2409
"../../../Engine/Shaders/Private/CapsuleLightSampling.ush" 2410
"../../../Engine/Shaders/Private/RectLightIntegrate.ush" 2411
"../../../Engine/Shaders/Private/ScreenSpaceShadowRayCast.ush" 2412
"../../../Engine/Shaders/Private/LightFunctionAtlas/LightFunctionAtlasCommon.usf" 2413
"../../../Engine/Shaders/Private/HeterogeneousVolumes/HeterogeneousVolumesAdaptiveVolumetricShadowMapSampling.ush" 2414
"../../../Engine/Shaders/Private/HeterogeneousVolumes/HeterogeneousVolumesAdaptiveVolumetricShadowMapUtils.ush" 2415
"../../../Engine/Shaders/Private/HeterogeneousVolumes/HeterogeneousVolumesRayMarchingUtils.ush" 2416
"../../../Engine/Shaders/Private/HeterogeneousVolumes/HeterogeneousVolumesRayMarchingTypes.ush" 2417
"../../../Engine/Shaders/Private/PathTracing/Utilities/PathTracingRandomSequence.ush" 2418
"../../../Engine/Shaders/Private/HeterogeneousVolumes/HeterogeneousVolumesTracingUtils.ush" 2419
"../../../Engine/Shaders/Private/VelocityCommon.ush" 2420
"../../../Engine/Shaders/Private/HeterogeneousVolumes/HeterogeneousVolumesTransmittanceVolumeUtils.ush" 2421
"../../../Engine/Shaders/Private/ForwardShadowingCommon.ush" 2422
"../../../Engine/Shaders/Private/ShadowFilteringCommon.ush" 2423
"../../../Engine/Shaders/Private/PixelQuadMessagePassing.ush" 2424
"../../../Engine/Shaders/Private/VolumeLightingCommon.ush" 2425
"../../../Engine/Shaders/Private/ShadowProjectionCommon.ush" 2426
"../../../Engine/Shaders/Private/VolumeLightingCommonSampling.ush" 2427
"../../../Engine/Shaders/Private/Lumen/LumenTranslucencyVolumeShared.ush" 2428
"../../../Engine/Shaders/Private/Lumen/LumenRadianceCacheInterpolation.ush" 2429
"../../../Engine/Shaders/Private/HeterogeneousVolumes/HeterogeneousVolumesAdaptiveVolumetricShadowMapSampler.ush" 2430
"../../../Engine/Shaders/Private/LightGridCommon.ush" 2431
"../../../Engine/Shaders/Private/DistanceFieldAOShared.ush" 2432
"../../../Engine/Shaders/Private/IntersectionUtils.ush" 2433
"../../../Engine/Shaders/Private/VolumetricLightmapShared.ush" 2434
"../../../Engine/Shaders/Private/LightDataUniforms.ush" 2435
"../../../Engine/Shaders/Private/VirtualShadowMaps/VirtualShadowMapProjectionCommon.ush" 2436
"../../../Engine/Shaders/Private/VirtualShadowMaps/VirtualShadowMapPageAccessCommon.ush" 2437
"../../../Engine/Shaders/Shared/VirtualShadowMapDefinitions.h" 2438
"../../../Engine/Shaders/Shared/HLSLMathAliases.h" 2439
"../../../Engine/Shaders/Private/VirtualShadowMaps/VirtualShadowMapProjectionStructs.ush" 2440
"../../../Engine/Shaders/Private/VolumetricCloudCommon.ush" 2441
"../../../Engine/Shaders/Private/VolumetricCloud.usf" 2442
"../../../Engine/Shaders/Private/VisualizeVolumetricLightmap.usf" 2443
"../../../Engine/Shaders/Private/VirtualShadowMaps/VirtualShadowMapProjectionComposite.usf" 2444
"../../../Engine/Shaders/Private/LightShaderParameters.ush" 2445
"../../../Engine/Shaders/Private/VirtualShadowMaps/VirtualShadowMapMaskBitsCommon.ush" 2446
"../../../Engine/Shaders/Private/VirtualShadowMaps/VirtualShadowMapLightGrid.ush" 2447
"../../../Engine/Shaders/Private/VirtualShadowMaps/VirtualShadowMapProjection.usf" 2448
"../../../Engine/Shaders/Private/Visualization.ush" 2449
"../../../Engine/Shaders/Private/VirtualShadowMaps/VirtualShadowMapProjectionFilter.ush" 2450
"../../../Engine/Shaders/Private/VirtualShadowMaps/VirtualShadowMapProjectionDirectional.ush" 2451
"../../../Engine/Shaders/Private/VirtualShadowMaps/VirtualShadowMapSMRTCommon.ush" 2452
"../../../Engine/Shaders/Private/VirtualShadowMaps/VirtualShadowMapSMRTTemplate.ush" 2453
"../../../Engine/Shaders/Private/VirtualShadowMaps/VirtualShadowMapProjectionSpot.ush" 2454
"../../../Engine/Shaders/Private/VirtualShadowMaps/VirtualShadowMapTransmissionCommon.ush" 2455
"../../../Engine/Shaders/Private/VirtualShadowMaps/VirtualShadowMapScreenRayTrace.ush" 2456
"../../../Engine/Shaders/Private/VirtualShadowMaps/VirtualShadowMapStats.ush" 2457
"../../../Engine/Shaders/Private/HairStrands/HairStrandsVoxelPageCommon.ush" 2458
"../../../Engine/Shaders/Private/HairStrands/HairStrandsVoxelPageTraversal.ush" 2459
"../../../Engine/Shaders/Private/VirtualShadowMaps/VirtualShadowMapCacheGPUInvalidation.usf" 2460
"../../../Engine/Shaders/Private/VirtualShadowMaps/VirtualShadowMapPageCacheCommon.ush" 2461
"../../../Engine/Shaders/Private/VirtualShadowMaps/VirtualShadowMapCacheInvalidation.ush" 2462
"../../../Engine/Shaders/Private/VirtualShadowMaps/VirtualShadowMapPageOverlap.ush" 2463
"../../../Engine/Shaders/Private/ScreenSpaceDenoise/SSDDefinitions.ush" 2464
"../../../Engine/Shaders/Private/InstanceCulling/InstanceCullingLoadBalancer.ush" 2465
"../../../Engine/Shaders/Private/VirtualShadowMaps/VirtualShadowMapCacheLoadBalancer.usf" 2466
"../../../Engine/Shaders/Private/VirtualShadowMaps/VirtualShadowMapCopyStats.usf" 2467
"../../../Engine/Shaders/Private/VirtualShadowMaps/VirtualShadowMapDebug.usf" 2468
"../../../Engine/Shaders/Private/VirtualShadowMaps/Desaturate.usf" 2469
"../../../Engine/Shaders/Private/VirtualShadowMaps/VirtualShadowMapPhysicalPageManagement.usf" 2470
"../../../Engine/Shaders/Private/ReductionCommon.ush" 2471
"../../../Engine/Shaders/Private/GPUMessaging.ush" 2472
"../../../Engine/Shaders/Private/VirtualShadowMaps/VirtualShadowMapPerPageDispatch.ush" 2473
"../../../Engine/Shaders/Private/VirtualShadowMaps/VirtualShadowMapCompactViews.usf" 2474
"../../../Engine/Shaders/Shared/SceneCullingDefinitions.h" 2475
"../../../Engine/Shaders/Private/VirtualShadowMaps/VirtualShadowMapBuildPerPageDrawCommands.usf" 2476
"../../../Engine/Shaders/Private/Nanite/NaniteCullingCommon.ush" 2477
"../../../Engine/Shaders/Private/Nanite/NaniteCulling.ush" 2478
"../../../Engine/Shaders/Private/Nanite/NaniteHierarchyTraversalCommon.ush" 2479
"../../../Engine/Shaders/Private/InstanceCulling/InstanceCullingCommon.ush" 2480
"../../../Engine/Shaders/Shared/InstanceCullingDefinitions.h" 2481
"../../../Engine/Shaders/Private/VirtualShadowMaps/VirtualShadowMapPrintStats.usf" 2482
"../../../Engine/Shaders/Private/VirtualShadowMaps/VirtualShadowMapPageManagement.usf" 2483
"../../../Engine/Shaders/Private/VirtualShadowMaps/VirtualShadowMapPageMarking.usf" 2484
"../../../Engine/Shaders/Shared/SingleLayerWaterDefinitions.h" 2485
"../../../Engine/Shaders/Private/HairStrands/HairStrandsTileCommon.ush" 2486
"../../../Engine/Shaders/Private/Froxel/Froxel.ush" 2487
"../../../Engine/Shaders/Shared/FroxelDefinitions.h" 2488
"../../../Engine/Shaders/Private/DiaphragmDOF/DOFCommon.ush" 2489
"../../../Engine/Shaders/Private/VariableRateShading/VRSShadingRatePreview.usf" 2490
"../../../Engine/Shaders/Private/VariableRateShading/VRSShadingRateCommon.ush" 2491
"../../../Engine/Shaders/Private/VariableRateShading/VRSShadingRateCombine.usf" 2492
"../../../Engine/Shaders/Private/VariableRateShading/VRSShadingRateFoveated.usf" 2493
"../../../Engine/Shaders/Private/VariableRateShading/VRSShadingRateReproject.usf" 2494
"../../../Engine/Shaders/Private/VariableRateShading/VRSShadingRateCalculate.usf" 2495
"../../../Engine/Shaders/Private/TranslucencyUpsampling.usf" 2496
"../../../Engine/Shaders/Private/ComposeSeparateTranslucency.usf" 2497
"../../../Engine/Shaders/Private/SeparateTranslucency.ush" 2498
"../../../Engine/Shaders/Private/TranslucentLightInjectionShaders.usf" 2499
"../../../Engine/Shaders/Private/TranslucentShadowDepthShaders.usf" 2500
"../../../Engine/Shaders/Private/ShadowDepthCommon.ush" 2501
"../../../Engine/Shaders/Private/RayTracing/RayTracingTest.usf" 2502
"../../../Engine/Shaders/Private/PostprocessSubsurfaceTile.usf" 2503
"../../../Engine/Shaders/Private/PostProcessSubsurfaceCommon.ush" 2504
"../../../Engine/Shaders/Private/Substrate/SubstrateVisualize.usf" 2505
"../../../Engine/Shaders/Private/Substrate/SubstrateTile.ush" 2506
"../../../Engine/Shaders/Shared/SubstrateVisualizeDefinitions.h" 2507
"../../../Engine/Shaders/Private/Substrate/SubstrateVisualizeCommon.ush" 2508
"../../../Engine/Shaders/Private/SkyLightingDiffuseShared.ush" 2509
"../../../Engine/Shaders/Private/SkyLightingShared.ush" 2510
"../../../Engine/Shaders/Private/ClearCoatCommon.ush" 2511
"../../../Engine/Shaders/Private/ReflectionEnvironmentComposite.ush" 2512
"../../../Engine/Shaders/Private/Substrate/SubstrateLightingCommon.ush" 2513
"../../../Engine/Shaders/Private/Substrate/SubstrateRoughRefraction.usf" 2514
"../../../Engine/Shaders/Private/PathTracing/Material/PathTracingFresnel.ush" 2515
"../../../Engine/Shaders/Private/PathTracing/Material/PathTracingGlossy.ush" 2516
"../../../Engine/Shaders/Private/Substrate/SubstrateMaterialSampling.usf" 2517
"../../../Engine/Shaders/Private/Substrate/SubstrateMaterialSampling.ush" 2518
"../../../Engine/Shaders/Private/Lumen/LumenPosition.ush" 2519
"../../../Engine/Shaders/Private/Substrate/SubstrateTile.usf" 2520
"../../../Engine/Shaders/Private/Substrate/SubstrateMaterialClassification.usf" 2521
"../../../Engine/Shaders/Private/Substrate/SubstrateDBuffer.usf" 2522
"../../../Engine/Shaders/Private/StochasticLighting/StochasticLightingDenoising.usf" 2523
"../../../Engine/Shaders/Private/Lumen/LumenMaterial.ush" 2524
"../../../Engine/Shaders/Private/StochasticLighting/StochasticLightingCommon.ush" 2525
"../../../Engine/Shaders/Private/SplineMeshSceneTexture.usf" 2526
"../../../Engine/Shaders/Private/SparseVolumeTexture/VisualizeSparseVolumeTexture.usf" 2527
"../../../Engine/Shaders/Private/SkyAtmosphere.usf" 2528
"../../../Engine/Shaders/Private/Skinning/SkinnedMeshDebug.usf" 2529
"../../../Engine/Shaders/Private/Skinning/AnimBankEval.usf" 2530
"../../../Engine/Shaders/Private/SingleLayerWaterComposite.usf" 2531
"../../../Engine/Shaders/Private/Froxel/FroxelBuild.ush" 2532
"../../../Engine/Shaders/Private/SingleLayerWaterRefractionCulling.usf" 2533
"../../../Engine/Shaders/Private/ScreenSpaceShadows.usf" 2534
"../../../Engine/Shaders/Private/bend_sss_gpu.ush" 2535
"../../../Engine/Shaders/Private/ShadowFactorsUpsampleCommon.ush" 2536
"../../../Engine/Shaders/Private/FirstPersonSelfShadow.usf" 2537
"../../../Engine/Shaders/Private/HZBTracing.ush" 2538
"../../../Engine/Shaders/Private/ShadowProjectionVertexShader.usf" 2539
"../../../Engine/Shaders/Private/ShadowProjectionPixelShader.usf" 2540
"../../../Engine/Shaders/Private/MobileLightingCommon.ush" 2541
"../../../Engine/Shaders/Private/PlanarReflectionShared.ush" 2542
"../../../Engine/Shaders/Private/MobileSSR.ush" 2543
"../../../Engine/Shaders/Private/SSRT/SSRTRayCast.ush" 2544
"../../../Engine/Shaders/Private/ShadowPercentageCloserFiltering.ush" 2545
"../../../Engine/Shaders/Private/TransmissionThickness.ush" 2546
"../../../Engine/Shaders/Private/CopyShadowMaps.usf" 2547
"../../../Engine/Shaders/Private/ShadowDepthPixelShader.usf" 2548
"../../../Engine/Shaders/Private/ShadowDepthVertexShader.usf" 2549
"../../../Engine/Shaders/Private/ShadingEnergyConservationTable.usf" 2550
"../../../Engine/Shaders/Shared/PathTracingDefinitions.h" 2551
"../../../Engine/Shaders/Private/ShadingFurnaceTest.usf" 2552
"../../../Engine/Shaders/Private/Substrate/SubstrateDeferredLighting.ush" 2553
"../../../Engine/Shaders/Private/ShaderPrintDraw.usf" 2554
"../../../Engine/Shaders/Private/ShaderPrintDrawPrimitive.usf" 2555
"../../../Engine/Shaders/Private/DefaultSSRTiles.usf" 2556
"../../../Engine/Shaders/Private/ScreenSpaceReflectionTileCommons.ush" 2557
"../../../Engine/Shaders/Private/SSRT/SSRTDiffuseIndirect.usf" 2558
"../../../Engine/Shaders/Private/SSRT/SSRTTileClassificationBuffer.ush" 2559
"../../../Engine/Shaders/Private/SSRT/SSRTReflections.usf" 2560
"../../../Engine/Shaders/Private/ScreenSpaceDenoise/SSDPublic.ush" 2561
"../../../Engine/Shaders/Private/SSRT/SSRTTileClassification.usf" 2562
"../../../Engine/Shaders/Private/SSRT/SSRTPrevFrameReduction.usf" 2563
"../../../Engine/Shaders/Private/ScreenSpaceDenoise/SSDComposeHarmonics.usf" 2564
"../../../Engine/Shaders/Private/ScreenSpaceDenoise/SSDPublicHarmonics.ush" 2565
"../../../Engine/Shaders/Private/ScreenSpaceDenoise/SSDSignalFramework.ush" 2566
"../../../Engine/Shaders/Private/ScreenSpaceDenoise/SSDCommon.ush" 2567
"../../../Engine/Shaders/Private/SphericalGaussian.ush" 2568
"../../../Engine/Shaders/Public/WaveBroadcastIntrinsics.ush" 2569
"../../../Engine/Shaders/Private/ScreenSpaceDenoise/SSDMetadata.ush" 2570
"../../../Engine/Shaders/Private/ScreenSpaceDenoise/SSDSignalCore.ush" 2571
"../../../Engine/Shaders/Private/ScreenSpaceDenoise/DenoisingCommon.ush" 2572
"../../../Engine/Shaders/Private/ScreenSpaceDenoise/SSDSignalArray.ush" 2573
"../../../Engine/Shaders/Private/ScreenSpaceDenoise/SSDSignalBufferEncoding.ush" 2574
"../../../Engine/Shaders/Private/ScreenSpaceDenoise/SSDPublicBufferEncoding.ush" 2575
"../../../Engine/Shaders/Private/Lumen/LumenBufferEncoding.ush" 2576
"../../../Engine/Shaders/Private/ScreenSpaceDenoise/SSDTemporalAccumulation.usf" 2577
"../../../Engine/Shaders/Private/ScreenSpaceDenoise/SSDSpatialKernel.ush" 2578
"../../../Engine/Shaders/Private/ScreenSpaceDenoise/SSDSignalAccumulatorArray.ush" 2579
"../../../Engine/Shaders/Private/ScreenSpaceDenoise/SSDSignalAccumulator.ush" 2580
"../../../Engine/Shaders/Private/ScreenSpaceDenoise/SSDSignalCompression.ush" 2581
"../../../Engine/Shaders/Private/ScreenSpaceDenoise/SSDSpatialAccumulation.usf" 2582
"../../../Engine/Shaders/Private/ScreenSpaceDenoise/SSDInjest.usf" 2583
"../../../Engine/Shaders/Private/ScreenSpaceDenoise/SSDCompressMetadata.usf" 2584
"../../../Engine/Shaders/Private/DownsampleDepthPixelShader.usf" 2585
"../../../Engine/Shaders/Private/ScreenPass.usf" 2586
"../../../Engine/Shaders/Private/HZB.usf" 2587
"../../../Engine/Shaders/Private/OcclusionFeedbackShaders.usf" 2588
"../../../Engine/Shaders/Private/HZBOcclusion.usf" 2589
"../../../Engine/Shaders/Private/OcclusionQueryPixelShader.usf" 2590
"../../../Engine/Shaders/Private/OcclusionQueryVertexShader.usf" 2591
"../../../Engine/Shaders/Private/HitProxyCopy.usf" 2592
"../../../Engine/Shaders/Private/HitProxyPixelShader.usf" 2593
"../../../Engine/Shaders/Private/HitProxyVertexShader.usf" 2594
"../../../Engine/Shaders/Private/SceneCulling/SceneCullingDebugRender.usf" 2595
"../../../Engine/Shaders/Private/SceneCulling/SceneCulling.ush" 2596
"../../../Engine/Shaders/Private/SceneCulling/SceneCullingBuildExplicitBounds.usf" 2597
"../../../Engine/Shaders/Private/SceneCapturePixelShader.usf" 2598
"../../../Engine/Shaders/Private/RendererUtils.usf" 2599
"../../../Engine/Shaders/Private/RTWriteMaskDecode.usf" 2600
"../../../Engine/Shaders/Private/ReflectionEnvironmentShaders.usf" 2601
"../../../Engine/Shaders/Private/RectLightAtlas.usf" 2602
"../../../Engine/Shaders/Private/RayTracing/TraceRayInlineStatistics.usf" 2603
"../../../Engine/Shaders/Private/RayTracing/CompositeSkyLightPS.usf" 2604
"../../../Engine/Shaders/Private/RayTracing/GenerateSkyLightVisibilityRaysCS.usf" 2605
"../../../Engine/Shaders/Private/RayTracing/RayTracingSkyLightCommon.ush" 2606
"../../../Engine/Shaders/Private/RayTracing/SkyLightVisibilityRaysData.ush" 2607
"../../../Engine/Shaders/Private/Raytracing/RaytracingSkylightRGS.usf" 2608
"../../../Engine/Shaders/Private/HairStrands/HairStrandsRaytracing.ush" 2609
"../../../Engine/Shaders/Private/Raytracing/RayTracingSkyLightEvaluation.ush" 2610
"../../../Engine/Shaders/Private/Raytracing/RayTracingDeferredShadingCommon.ush" 2611
"../../../Engine/Shaders/Private/RayTracing/RayTracingOcclusionRGS.usf" 2612
"../../../Engine/Shaders/Private/RayTracing/RayTracingDirectionalLight.ush" 2613
"../../../Engine/Shaders/Private/RayTracing/RayTracingRectLight.ush" 2614
"../../../Engine/Shaders/Private/RayTracing/RayTracingSphereLight.ush" 2615
"../../../Engine/Shaders/Private/RayTracing/RayTracingCapsuleLight.ush" 2616
"../../../Engine/Shaders/Private/Raytracing/RayTracingFeedback.usf" 2617
"../../../Engine/Shaders/Shared/RayTracingDebugTypes.h" 2618
"../../../Engine/Shaders/Private/RayTracing/RayTracingPrimaryRays.usf" 2619
"../../../Engine/Shaders/Private/RayTracing/RayTracingLightingCommon.ush" 2620
"../../../Engine/Shaders/Private/RayTracing/RayTracingLightCullingCommon.ush" 2621
"../../../Engine/Shaders/Private/RayTracing/RayTracingMaterialDefaultHitShaders.usf" 2622
"../../../Engine/Shaders/Private/RayTracing/RayTracingMaterialHitShaders.usf" 2623
"../../../Engine/Shaders/Private/RayTracing/RayTracingShaderUtils.ush" 2624
"../../../Engine/Shaders/Private/RayTracing/RayTracingCalcInterpolants.ush" 2625
"../../../Engine/Shaders/Private/LightmapCommon.ush" 2626
"../../../Engine/Shaders/Private/Lumen/LumenHardwareRayTracingPayloadCommon.ush" 2627
"../../../Engine/Shaders/Shared/LumenDefinitions.h" 2628
"../../../Engine/Shaders/Private/Substrate/SubstrateExport.ush" 2629
"../../../Engine/Shaders/Private/RayTracing/RayTracingLightingMS.usf" 2630
"../../../Engine/Shaders/Private/Lumen/LumenDiffuseColorBoost.ush" 2631
"../../../Engine/Shaders/Private/RayTracing/RayTracingLightFunctionCommon.ush" 2632
"../../../Engine/Shaders/Private/RayTracing/RayTracingBuildLightGrid.usf" 2633
"../../../Engine/Shaders/Private/Raytracing/RayTracingInstanceBufferUtil.usf" 2634
"../../../Engine/Shaders/Private/RayTracing/RayTracingDynamicMesh.usf" 2635
"../../../Engine/Shaders/Private/RayTracing/RayTracingDefaultDecalHitShader.usf" 2636
"../../../Engine/Shaders/Private/RayTracing/RayTracingDecalMaterialShader.usf" 2637
"../../../Engine/Shaders/Private/PathTracing/PathTracingShaderUtils.ush" 2638
"../../../Engine/Shaders/Private/PathTracing/PathTracingCommon.ush" 2639
"../../../Engine/Shaders/Private/PathTracing/Material/PathTracingMaterialCommon.ush" 2640
"../../../Engine/Shaders/Private/PathTracing/Utilities/PathTracingRIS.ush" 2641
"../../../Engine/Shaders/Private/RayTracing/RayTracingBuildDecalGrid.usf" 2642
"../../../Engine/Shaders/Private/RayTracing/RayTracingDebugHitStatsUtils.usf" 2643
"../../../Engine/Shaders/Private/RayTracing/RayTracingDebugInstanceOverlap.usf" 2644
"../../../Engine/Shaders/Private/RayTracing/RayTracingDebugPicking.usf" 2645
"../../../Engine/Shaders/Private/RayTracing/RayTracingDebugUtils.ush" 2646
"../../../Engine/Shaders/Private/RayTracing/RayTracingDebugTraversal.usf" 2647
"../../../Engine/Shaders/Private/RayTracing/RayTracingDeferredMaterials.ush" 2648
"../../../Engine/Shaders/Shared/ThirdParty/AMD/ags_shader_intrinsics_dx12.h" 2649
"../../../Engine/Shaders/Shared/RayTracingDebugDefinitions.h" 2650
"../../../Engine/Shaders/Private/RayTracing/RayTracingDebugHitStatsCHS.usf" 2651
"../../../Engine/Shaders/Private/RayTracing/RayTracingDebugHitStats.usf" 2652
"../../../Engine/Shaders/Private/RayTracing/RayTracingDebugMS.usf" 2653
"../../../Engine/Shaders/Private/RayTracing/RayTracingDebugCHS.usf" 2654
"../../../Engine/Shaders/Private/RayTracing/RayTracingDebug.usf" 2655
"../../../Engine/Shaders/Private/RayTracing/RayTracingBuiltInShaders.usf" 2656
"../../../Engine/Shaders/Private/RayTracing/RayTracingBarycentrics.usf" 2657
"../../../Engine/Shaders/Private/RayTracing/RayTracingAmbientOcclusionRGS.usf" 2658
"../../../Engine/Shaders/Private/VisualizeShadingModels.usf" 2659
"../../../Engine/Shaders/Private/MotionBlur/VisualizeMotionVectors.usf" 2660
"../../../Engine/Shaders/Private/TemporalSuperResolution/TSRVisualize.usf" 2661
"../../../Engine/Shaders/Private/TemporalSuperResolution/TSRColorSpace.ush" 2662
"../../../Engine/Shaders/Private/TemporalSuperResolution/TSRCommon.ush" 2663
"../../../Engine/Shaders/Public/DualPixelVectorization.ush" 2664
"../../../Engine/Shaders/Private/TemporalSuperResolution/TSRReprojectionField.ush" 2665
"../../../Engine/Shaders/Private/TemporalSuperResolution/TSRResolveHistory.usf" 2666
"../../../Engine/Shaders/Private/TemporalSuperResolution/TSRConvolutionNetwork.ush" 2667
"../../../Engine/Shaders/Private/TemporalSuperResolution/TSRKernels.ush" 2668
"../../../Engine/Shaders/Public/LaneVectorization.ush" 2669
"../../../Engine/Shaders/Private/TemporalSuperResolution/TSRUpdateHistory.usf" 2670
"../../../Engine/Shaders/Private/TemporalSuperResolution/TSRSpatialAntiAliasing.ush" 2671
"../../../Engine/Shaders/Private/TemporalSuperResolution/TSRSpatialAntiAliasing.usf" 2672
"../../../Engine/Shaders/Private/TemporalSuperResolution/TSRRejectShading.usf" 2673
"../../../Engine/Shaders/Private/TemporalSuperResolution/TSRShadingAnalysis.ush" 2674
"../../../Engine/Shaders/Private/TemporalSuperResolution/TSRConvolutionNetworkPass.ush" 2675
"../../../Engine/Shaders/Private/TemporalSuperResolution/TSRDecimateHistory.usf" 2676
"../../../Engine/Shaders/Private/TemporalSuperResolution/TSRDepthVelocityAnalysis.ush" 2677
"../../../Engine/Shaders/Private/TemporalSuperResolution/TSRClosestOccluder.ush" 2678
"../../../Engine/Shaders/Private/TemporalSuperResolution/TSRWeightRelaxation.usf" 2679
"../../../Engine/Shaders/Private/TemporalSuperResolution/TSRThinGeometryCommon.ush" 2680
"../../../Engine/Shaders/Private/TemporalSuperResolution/TSRDetectThinGeometry.usf" 2681
"../../../Engine/Shaders/Private/TemporalSuperResolution/TSRDilateVelocity.usf" 2682
"../../../Engine/Shaders/Private/MotionBlur/MotionBlurVelocityFlatten.ush" 2683
"../../../Engine/Shaders/Private/MotionBlur/MotionBlurCommon.ush" 2684
"../../../Engine/Shaders/Private/TemporalSuperResolution/TSRClearPrevTextures.usf" 2685
"../../../Engine/Shaders/Private/TemporalSuperResolution/TSRMeasureCoverage.usf" 2686
"../../../Engine/Shaders/Private/TemporalSuperResolution/TSRMeasureFlickeringLuma.usf" 2687
"../../../Engine/Shaders/Private/TemporalAA.usf" 2688
"../../../Engine/Shaders/Private/FilterPixelShader.usf" 2689
"../../../Engine/Shaders/Private/FilterVertexShader.usf" 2690
"../../../Engine/Shaders/Private/VisualizeVirtualTexture.usf" 2691
"../../../Engine/Shaders/Private/PostProcessVisualizeBuffer.usf" 2692
"../../../Engine/Shaders/Private/PostProcessVisualizeLocalExposure.usf" 2693
"../../../Engine/Shaders/Private/PostProcessHistogramCommon.ush" 2694
"../../../Engine/Shaders/Private/PostProcessVisualizeLevelInstance.usf" 2695
"../../../Engine/Shaders/Private/PostProcessVisualizeHDR.usf" 2696
"../../../Engine/Shaders/Private/ShaderComplexityApplyPixelShader.usf" 2697
"../../../Engine/Shaders/Private/QuadOverdraw.ush" 2698
"../../../Engine/Shaders/Private/PostProcessUpscale.usf" 2699
"../../../Engine/Shaders/Private/PostProcessTonemap.usf" 2700
"../../../Engine/Shaders/Private/PostProcessing/FilmGrainPackConstants.usf" 2701
"../../../Engine/Shaders/Private/PostProcessing/FilmGrainReduce.usf" 2702
"../../../Engine/Shaders/Private/PostProcessTestImage.usf" 2703
"../../../Engine/Shaders/Private/PostProcessSubsurface.usf" 2704
"../../../Engine/Shaders/Private/SeparableSSS.ush" 2705
"../../../Engine/Shaders/Private/SubsurfaceBurleyNormalized.ush" 2706
"../../../Engine/Shaders/Private/PostProcessSelectionOutline.usf" 2707
"../../../Engine/Shaders/Private/MotionBlur/MotionBlurVisualize.usf" 2708
"../../../Engine/Shaders/Private/MotionBlur/MotionBlurApply.usf" 2709
"../../../Engine/Shaders/Private/MotionBlur/MotionBlurFilterTileClassify.usf" 2710
"../../../Engine/Shaders/Private/MotionBlur/MotionBlurTileScatter.usf" 2711
"../../../Engine/Shaders/Private/MotionBlur/MotionBlurTileGather.usf" 2712
"../../../Engine/Shaders/Private/MotionBlur/MotionBlurVelocityFlatten.usf" 2713
"../../../Engine/Shaders/Private/PostProcessMobile.usf" 2714
"../../../Engine/Shaders/Private/PostProcessMitchellNetravali.usf" 2715
"../../../Engine/Shaders/Private/PostProcessMaterialShaders.usf" 2716
"../../../Engine/Shaders/Private/NeuralPostProcessCommon.usf" 2717
"../../../Engine/Shaders/Private/PostProcessLocalExposure.usf" 2718
"../../../Engine/Shaders/Private/PostProcessLensFlares.usf" 2719
"../../../Engine/Shaders/Private/PostProcessGBufferHints.usf" 2720
"../../../Engine/Shaders/Private/PostProcessHMD.usf" 2721
"../../../Engine/Shaders/Private/Histogram.usf" 2722
"../../../Engine/Shaders/Private/PostProcessHistogramReduce.usf" 2723
"../../../Engine/Shaders/Private/PostProcessHistogram.usf" 2724
"../../../Engine/Shaders/Private/Bloom/BloomFinalizeApplyConstants.usf" 2725
"../../../Engine/Shaders/Private/Bloom/BloomCommon.ush" 2726
"../../../Engine/Shaders/Private/Bloom/BloomResizeKernel.usf" 2727
"../../../Engine/Shaders/Private/Bloom/BloomDownsampleKernel.usf" 2728
"../../../Engine/Shaders/Private/Bloom/BloomClampKernel.usf" 2729
"../../../Engine/Shaders/Private/Bloom/BloomPackKernelConstants.usf" 2730
"../../../Engine/Shaders/Private/Bloom/BloomSumScatterDispersionEnergy.usf" 2731
"../../../Engine/Shaders/Private/Bloom/BloomReduceKernelSurvey.usf" 2732
"../../../Engine/Shaders/Private/Bloom/BloomSurveyKernelCenterEnergy.usf" 2733
"../../../Engine/Shaders/Private/Bloom/BloomSurveyMaxScatterDispersion.usf" 2734
"../../../Engine/Shaders/Private/Bloom/BloomFindKernelCenter.usf" 2735
"../../../Engine/Shaders/Private/PostProcessEyeAdaptation.usf" 2736
"../../../Engine/Shaders/Private/TranslucencyVolumeCommon.ush" 2737
"../../../Engine/Shaders/Private/PostProcessEyeAdaptationUtils.usf" 2738
"../../../Engine/Shaders/Private/PostProcessDownsample.usf" 2739
"../../../Engine/Shaders/Private/PostProcessDOF.usf" 2740
"../../../Engine/Shaders/Private/PostProcessDeviceEncodingOnly.usf" 2741
"../../../Engine/Shaders/Private/PostProcessCompositePrimitives.usf" 2742
"../../../Engine/Shaders/Private/PostProcessCombineLUTs.usf" 2743
"../../../Engine/Shaders/Private/PostProcessVisualizeDOF.usf" 2744
"../../../Engine/Shaders/Private/PostProcessBloom.usf" 2745
"../../../Engine/Shaders/Private/PostProcessAmbientOcclusionMobile.usf" 2746
"../../../Engine/Shaders/Private/PostProcessAmbientOcclusionCommon.ush" 2747
"../../../Engine/Shaders/Private/FXAAShader.usf" 2748
"../../../Engine/Shaders/Private/Fxaa3_11.ush" 2749
"../../../Engine/Shaders/Private/PaniniProjection.usf" 2750
"../../../Engine/Shaders/Private/DiaphragmDOF/DOFRecombine.usf" 2751
"../../../Engine/Shaders/Private/DiaphragmDOF/DOFHybridScatterPixelShader.usf" 2752
"../../../Engine/Shaders/Private/DiaphragmDOF/DOFHybridScatterCommon.ush" 2753
"../../../Engine/Shaders/Private/DiaphragmDOF/DOFVignetteCommon.ush" 2754
"../../../Engine/Shaders/Private/DiaphragmDOF/DOFHybridScatterVertexShader.usf" 2755
"../../../Engine/Shaders/Private/DiaphragmDOF/DOFPostfiltering.usf" 2756
"../../../Engine/Shaders/Private/DiaphragmDOF/DOFGatherTileSuggest.ush" 2757
"../../../Engine/Shaders/Private/DiaphragmDOF/DOFCocTileCommon.ush" 2758
"../../../Engine/Shaders/Private/DiaphragmDOF/DOFGatherPass.usf" 2759
"../../../Engine/Shaders/Private/DiaphragmDOF/DOFGatherCommon.ush" 2760
"../../../Engine/Shaders/Private/DiaphragmDOF/DOFGatherAccumulator.ush" 2761
"../../../Engine/Shaders/Private/DiaphragmDOF/DOFGatherKernel.ush" 2762
"../../../Engine/Shaders/Private/DiaphragmDOF/DOFBokehLUT.usf" 2763
"../../../Engine/Shaders/Private/DiaphragmDOF/DOFHybridScatterCompilation.usf" 2764
"../../../Engine/Shaders/Private/DiaphragmDOF/DOFReduce.usf" 2765
"../../../Engine/Shaders/Private/DiaphragmDOF/DOFDownsample.ush" 2766
"../../../Engine/Shaders/Private/DiaphragmDOF/DOFHybridScatterCompilation.ush" 2767
"../../../Engine/Shaders/Private/DiaphragmDOF/DOFDownsample.usf" 2768
"../../../Engine/Shaders/Private/DiaphragmDOF/DOFCocTileDilate.usf" 2769
"../../../Engine/Shaders/Private/DiaphragmDOF/DOFCocTileFlatten.usf" 2770
"../../../Engine/Shaders/Private/DiaphragmDOF/DOFSetup.usf" 2771
"../../../Engine/Shaders/Private/Tools/DebugAlphaChannel.usf" 2772
"../../../Engine/Shaders/Private/PostProcessAlphaInvert.usf" 2773
"../../../Engine/Shaders/Private/PlanarReflectionShaders.usf" 2774
"../../../Engine/Shaders/Private/PhysicsFieldVisualizer.usf" 2775
"../../../Engine/Shaders/Private/PathTracing/PathTracingSpatialTemporalDenoising.usf" 2776
"../../../Engine/Shaders/Private/ColorDifference.ush" 2777
"../../../Engine/Shaders/Private/PathTracing/PathTracingCompositingPixelShader.usf" 2778
"../../../Engine/Shaders/Private/PathTracing/PathTracingAdaptiveUtils.ush" 2779
"../../../Engine/Shaders/Private/PathTracing/PathTracingDefaultHitShader.usf" 2780
"../../../Engine/Shaders/Private/PathTracing/PathTracingGPULightmassMaterialHitShader.usf" 2781
"../../../Engine/Shaders/Private/PathTracing/PathTracingMaterialHitShader.usf" 2782
"../../../Engine/Shaders/Private/PathTracing/Material/PathTracingSubstrateCommon.ush" 2783
"../../../Engine/Shaders/Private/PathTracing/PathTracingLightingMissShader.usf" 2784
"../../../Engine/Shaders/Private/PathTracing/PathTracingMissShader.usf" 2785
"../../../Engine/Shaders/Private/PathTracing/PathTracingAdaptiveStart.usf" 2786
"../../../Engine/Shaders/Private/PathTracing/PathTracingBuildAdaptiveError.usf" 2787
"../../../Engine/Shaders/Private/PathTracing/PathTracingVolumetricCloudMaterialShader.usf" 2788
"../../../Engine/Shaders/Private/PathTracing/Volume/PathTracingCloudsMaterialCommon.ush" 2789
"../../../Engine/Shaders/Private/PathTracing/Volume/PathTracingVolumeCommon.ush" 2790
"../../../Engine/Shaders/Private/PathTracing/Volume/PathTracingCloudsCommon.ush" 2791
"../../../Engine/Shaders/Private/PathTracing/Volume/PathTracingFog.ush" 2792
"../../../Engine/Shaders/Private/PathTracing/Volume/PathTracingAtmosphere.ush" 2793
"../../../Engine/Shaders/Private/PathTracing/Volume/PathTracingAtmosphereCommon.ush" 2794
"../../../Engine/Shaders/Private/PathTracing/Volume/PathTracingVolumeSampling.ush" 2795
"../../../Engine/Shaders/Private/PathTracing/PathTracingBuildCloudAccelerationMap.usf" 2796
"../../../Engine/Shaders/Private/PathTracing/PathTracingBuildAtmosphereLUT.usf" 2797
"../../../Engine/Shaders/Private/PathTracing/PathTracingSwizzleScanlines.usf" 2798
"../../../Engine/Shaders/Private/PathTracing/PathTracingInitExtinctionCoefficient.usf" 2799
"../../../Engine/Shaders/Private/PathTracing/PathTracingCopyDepth.usf" 2800
"../../../Engine/Shaders/Private/PathTracing/PathTracingDebug.usf" 2801
"../../../Engine/Shaders/Private/RayTracing/RayTracingDecalGrid.ush" 2802
"../../../Engine/Shaders/Private/PathTracing/Material/PathTracingMaterialSampling.ush" 2803
"../../../Engine/Shaders/Private/PathTracing/Material/PathTracingLambert.ush" 2804
"../../../Engine/Shaders/Private/PathTracing/Material/PathTracingSubstrate.ush" 2805
"../../../Engine/Shaders/Private/PathTracing/Material/PathTracingSubstrateFoliage.ush" 2806
"../../../Engine/Shaders/Private/PathTracing/Material/PathTracingSubstrateSolidGlass.ush" 2807
"../../../Engine/Shaders/Private/PathTracing/Material/PathTracingSubstrateThinGlass.ush" 2808
"../../../Engine/Shaders/Private/PathTracing/Material/PathTracingSolidGlass.ush" 2809
"../../../Engine/Shaders/Private/PathTracing/Material/PathTracingEnergyConservation.ush" 2810
"../../../Engine/Shaders/Private/PathTracing/Material/PathTracingThinGlass.ush" 2811
"../../../Engine/Shaders/Private/PathTracing/Material/PathTracingDefaultLit.ush" 2812
"../../../Engine/Shaders/Private/PathTracing/Material/PathTracingClearCoat.ush" 2813
"../../../Engine/Shaders/Private/PathTracing/Material/PathTracingTwoSidedFoliage.ush" 2814
"../../../Engine/Shaders/Private/PathTracing/Material/PathTracingCloth.ush" 2815
"../../../Engine/Shaders/Private/PathTracing/Material/PathTracingSubsurfaceProfile.ush" 2816
"../../../Engine/Shaders/Private/PathTracing/Material/PathTracingEye.ush" 2817
"../../../Engine/Shaders/Private/PathTracing/Material/PathTracingHair.ush" 2818
"../../../Engine/Shaders/Private/PathTracing/Material/PathTracingMedium.ush" 2819
"../../../Engine/Shaders/Private/PathTracing/Light/PathTracingLightSampling.ush" 2820
"../../../Engine/Shaders/Private/PathTracing/Light/PathTracingLightCommon.ush" 2821
"../../../Engine/Shaders/Private/PathTracing/Light/PathTracingDirectionalLight.ush" 2822
"../../../Engine/Shaders/Private/PathTracing/Light/PathTracingPointLight.ush" 2823
"../../../Engine/Shaders/Private/PathTracing/Light/PathTracingCapsuleLight.ush" 2824
"../../../Engine/Shaders/Private/PathTracing/Light/PathTracingRectLight.ush" 2825
"../../../Engine/Shaders/Private/PathTracing/Light/PathTracingSkyLight.ush" 2826
"../../../Engine/Shaders/Private/PathTracing/Light/PathTracingLightGrid.ush" 2827
"../../../Engine/Shaders/Private/PathTracing/PathTracing.usf" 2828
"../../../Engine/Shaders/Private/PathTracing/PathTracingCore.ush" 2829
"../../../Engine/Shaders/Private/HeterogeneousVolumes/HeterogeneousVolumesVoxelGridTypes.ush" 2830
"../../../Engine/Shaders/Private/PathTracing/Volume/PathTracingVolume.ush" 2831
"../../../Engine/Shaders/Private/PathTracing/Volume/PathTracingClouds.ush" 2832
"../../../Engine/Shaders/Private/PathTracing/Volume/PathTracingHeterogeneousVolumes.ush" 2833
"../../../Engine/Shaders/Private/HeterogeneousVolumes/HeterogeneousVolumesVoxelGridTraversal.ush" 2834
"../../../Engine/Shaders/Private/HeterogeneousVolumes/HeterogeneousVolumesVoxelGridUtils.ush" 2835
"../../../Engine/Shaders/Private/HeterogeneousVolumes/HeterogeneousVolumesFrustumVoxelGridUtils.ush" 2836
"../../../Engine/Shaders/Private/PathTracing/PathTracingBuildLightGrid.usf" 2837
"../../../Engine/Shaders/Private/PathTracing/PathTracingSkylightMISCompensation.usf" 2838
"../../../Engine/Shaders/Private/PathTracing/PathTracingSkylightPrepare.usf" 2839
"../../../Engine/Shaders/Private/OIT/OITSorting.usf" 2840
"../../../Engine/Shaders/Private/OITCombine.usf" 2841
"../../../Engine/Shaders/Private/OITCommon.ush" 2842
"../../../Engine/Shaders/Private/Nanite/Voxel/RasterizeBricks.usf" 2843
"../../../Engine/Shaders/Private/Nanite/Voxel/Brick.ush" 2844
"../../../Engine/Shaders/Private/Nanite/Voxel/Voxel.ush" 2845
"../../../Engine/Shaders/Private/Nanite/Voxel/ScatterBricks.usf" 2846
"../../../Engine/Shaders/Private/Nanite/Voxel/TileBricks.usf" 2847
"../../../Engine/Shaders/Private/Nanite/Voxel/AutoVoxel.usf" 2848
"../../../Engine/Shaders/Private/Nanite/NaniteDebugViews.usf" 2849
"../../../Engine/Shaders/Private/Nanite/NaniteEditorCommon.ush" 2850
"../../../Engine/Shaders/Private/BinarySearch.ush" 2851
"../../../Engine/Shaders/Private/Nanite/NaniteDepthDecode.usf" 2852
"../../../Engine/Shaders/Private/HTileEncoding.ush" 2853
"../../../Engine/Shaders/Private/Nanite/NaniteVisualize.usf" 2854
"../../../Engine/Shaders/Private/Nanite/NaniteStreamOut.usf" 2855
"../../../Engine/Shaders/Private/Nanite/NaniteHierarchyTraversal.ush" 2856
"../../../Engine/Shaders/Private/Nanite/NaniteSkinningUpdateViewData.usf" 2857
"../../../Engine/Shaders/Private/Skinning/TransformProviders.usf" 2858
"../../../Engine/Shaders/Private/Nanite/NaniteShadeBinning.usf" 2859
"../../../Engine/Shaders/Private/Nanite/NaniteShadeCommon.ush" 2860
"../../../Engine/Shaders/Private/Nanite/NaniteFastClear.usf" 2861
"../../../Engine/Shaders/Private/Nanite/NaniteExportGBuffer.usf" 2862
"../../../Engine/Shaders/Private/Nanite/NaniteClusterCulling.usf" 2863
"../../../Engine/Shaders/Private/Nanite/NanitePrintStats.usf" 2864
"../../../Engine/Shaders/Private/Nanite/NaniteRasterizer.usf" 2865
"../../../Engine/Shaders/Private/Nanite/NaniteRasterizationCommon.ush" 2866
"../../../Engine/Shaders/Private/Nanite/NaniteRasterizer.ush" 2867
"../../../Engine/Shaders/Private/Nanite/NaniteWritePixel.ush" 2868
"../../../Engine/Shaders/Private/Nanite/NaniteTessellation.ush" 2869
"../../../Engine/Shaders/Private/WorkDistribution.ush" 2870
"../../../Engine/Shaders/Private/Nanite/NaniteDice.ush" 2871
"../../../Engine/Shaders/Private/ShaderBundleWorkGraphCommon.ush" 2872
"../../../Engine/Shaders/Public/RootConstants.ush" 2873
"../../../Engine/Shaders/Public/Platform/D3D/D3DRootConstants.ush" 2874
"../../../Engine/Shaders/Private/Nanite/NaniteSplit.usf" 2875
"../../../Engine/Shaders/Private/Nanite/NaniteRasterBinning.usf" 2876
"../../../Engine/Shaders/Private/Nanite/NaniteInstanceCulling.usf" 2877
"../../../Engine/Shaders/Private/Nanite/NaniteImposter.ush" 2878
"../../../Engine/Shaders/Private/Nanite/NaniteInstanceHierarchyCulling.usf" 2879
"../../../Engine/Shaders/Private/WorkGroupLoadBalancer.ush" 2880
"../../../Engine/Shaders/Private/Nanite/NanitePrimitiveFilter.usf" 2881
"../../../Engine/Shaders/Private/Nanite/NaniteRasterClear.usf" 2882
"../../../Engine/Shaders/Private/Nanite/NaniteDepthExport.usf" 2883
"../../../Engine/Shaders/Private/Nanite/NaniteEmitShadow.usf" 2884
"../../../Engine/Shaders/Private/MobileDeferredUtils.usf" 2885
"../../../Engine/Shaders/Private/MobileLocalLightsBuffer.usf" 2886
"../../../Engine/Shaders/Private/MobileFog.usf" 2887
"../../../Engine/Shaders/Private/DistortApplyScreenPS.usf" 2888
"../../../Engine/Shaders/Private/MobileDeferredShading.usf" 2889
"../../../Engine/Shaders/Private/MobileBasePassPixelShader.usf" 2890
"../../../Engine/Shaders/Private/MobileBasePassCommon.ush" 2891
"../../../Engine/Shaders/Private/BasePassCommon.ush" 2892
"../../../Engine/Shaders/Private/ShadingModelsMaterial.ush" 2893
"../../../Engine/Shaders/Private/ThinTranslucentCommon.ush" 2894
"../../../Engine/Shaders/Private/SingleLayerWaterShading.ush" 2895
"../../../Engine/Shaders/Private/DistortionCommon.ush" 2896
"../../../Engine/Shaders/Private/Substrate/SubstrateMobileForwardLighting.ush" 2897
"../../../Engine/Shaders/Private/MobileBasePassVertexShader.usf" 2898
"../../../Engine/Shaders/Private/MeshEdges.usf" 2899
"../../../Engine/Shaders/Private/MegaLights/MegaLightsVSMTracing.usf" 2900
"../../../Engine/Shaders/Private/MegaLights/MegaLights.ush" 2901
"../../../Engine/Shaders/Shared/MegaLightsDefinitions.h" 2902
"../../../Engine/Shaders/Private/HairStrands/HairStrandsVisibilityUtils.ush" 2903
"../../../Engine/Shaders/Private/MegaLights/MegaLightsRayTracing.ush" 2904
"../../../Engine/Shaders/Private/MegaLights/MegaLightsRayTracing.usf" 2905
"../../../Engine/Shaders/Private/DistanceField/GlobalDistanceFieldUtils.ush" 2906
"../../../Engine/Shaders/Private/Lumen/LumenScreenTracing.ush" 2907
"../../../Engine/Shaders/Private/MegaLights/MegaLightsVolumeRayTracing.usf" 2908
"../../../Engine/Shaders/Private/MegaLights/MegaLightsVolume.ush" 2909
"../../../Engine/Shaders/Private/MegaLights/MegaLightsVolumeHardwareRayTracing.usf" 2910
"../../../Engine/Shaders/Private/Lumen/LumenHardwareRayTracingCommon.ush" 2911
"../../../Engine/Shaders/Private/RayTracing/RayTracingReflectionEnvironment.ush" 2912
"../../../Engine/Shaders/Private/Lumen/LumenHardwareRayTracingPlatformCommon.ush" 2913
"../../../Engine/Shaders/Private/Lumen/LumenReflectionsCombine.ush" 2914
"../../../Engine/Shaders/Private/Lumen/LumenTracingCommon.ush" 2915
"../../../Engine/Shaders/Private/Lumen/SurfaceCache/LumenSurfaceCacheSampling.ush" 2916
"../../../Engine/Shaders/Private/Lumen/SurfaceCache/LumenSurfaceCache.ush" 2917
"../../../Engine/Shaders/Private/Lumen/LumenCardCommon.ush" 2918
"../../../Engine/Shaders/Private/Lumen/LumenCardTileShadowDownsampleFactor.ush" 2919
"../../../Engine/Shaders/Private/MegaLights/MegaLightsHardwareRayTracing.usf" 2920
"../../../Engine/Shaders/Private/MegaLights/MegaLights.usf" 2921
"../../../Engine/Shaders/Private/MegaLights/MegaLightsShading.ush" 2922
"../../../Engine/Shaders/Private/MegaLights/MegaLightsFilterVisibleLightHash.usf" 2923
"../../../Engine/Shaders/Private/MegaLights/MegaLightsDenoiserSpatial.usf" 2924
"../../../Engine/Shaders/Private/Lumen/LumenReflectionDenoiserCommon.ush" 2925
"../../../Engine/Shaders/Private/MegaLights/MegaLightsDenoiserTemporal.usf" 2926
"../../../Engine/Shaders/Private/MegaLights/MegaLightsShading.usf" 2927
"../../../Engine/Shaders/Private/StochasticLighting/StochasticLightingUpsample.ush" 2928
"../../../Engine/Shaders/Private/MegaLights/MegaLightsVisibleLightHash.usf" 2929
"../../../Engine/Shaders/Private/MegaLights/MegaLightsVolumeShading.usf" 2930
"../../../Engine/Shaders/Private/MegaLights/MegaLightsSampling.usf" 2931
"../../../Engine/Shaders/Private/MegaLights/MegaLightsSampling.ush" 2932
"../../../Engine/Shaders/Private/MegaLights/MegaLightsVolumeSampling.usf" 2933
"../../../Engine/Shaders/Private/MaterialCache/MaterialCacheABufferPages.usf" 2934
"../../../Engine/Shaders/Private/MaterialCache/MaterialCacheShade.usf" 2935
"../../../Engine/Shaders/Private/MaterialCache/MaterialCacheUnwrapNaniteShade.usf" 2936
"../../../Engine/Shaders/Private/MaterialCache/MaterialCacheUnwrapPixelShader.usf" 2937
"../../../Engine/Shaders/Private/MaterialCache/MaterialCacheUnwrapVertexShader.usf" 2938
"../../../Engine/Shaders/Private/Lumen/LumenVisualizeRadianceCache.usf" 2939
"../../../Engine/Shaders/Private/Lumen/LumenRadianceCacheCommon.ush" 2940
"../../../Engine/Shaders/Private/Lumen/LumenVisualizeHardwareRayTracing.usf" 2941
"../../../Engine/Shaders/Private/Lumen/LumenVisualize.ush" 2942
"../../../Engine/Shaders/Private/Lumen/LumenHairTracing.ush" 2943
"../../../Engine/Shaders/Private/Lumen/LumenVisualize.usf" 2944
"../../../Engine/Shaders/Private/Lumen/LumenSoftwareRayTracing.ush" 2945
"../../../Engine/Shaders/Private/DistanceField/GlobalDistanceFieldObjectGrid.ush" 2946
"../../../Engine/Shaders/Private/DistanceFieldLightingShared.ush" 2947
"../../../Engine/Shaders/Private/Lumen/LumenVisualizeTraces.ush" 2948
"../../../Engine/Shaders/Private/Lumen/LumenTranslucencyVolumeLighting.usf" 2949
"../../../Engine/Shaders/Private/Lumen/LumenRadianceCacheMarkCommon.ush" 2950
"../../../Engine/Shaders/Private/Lumen/LumenTranslucencyVolumeLightingShared.ush" 2951
"../../../Engine/Shaders/Private/Lumen/LumenScreenProbeCommon.ush" 2952
"../../../Engine/Shaders/Private/RayTracing/RayGenUtils.ush" 2953
"../../../Engine/Shaders/Private/Lumen/LumenRadianceCacheTracingCommon.ush" 2954
"../../../Engine/Shaders/Private/Lumen/LumenTranslucencyVolumeHardwareRayTracing.usf" 2955
"../../../Engine/Shaders/Private/Lumen/LumenTranslucencyRadianceCacheMarkShaders.usf" 2956
"../../../Engine/Shaders/Private/Lumen/SurfaceCache/LumenSurfaceCache.usf" 2957
"../../../Engine/Shaders/Private/Lumen/LumenShortRangeAOHardwareRayTracing.usf" 2958
"../../../Engine/Shaders/Private/Lumen/LumenScreenSpaceBentNormal.ush" 2959
"../../../Engine/Shaders/Private/Lumen/LumenScreenSpaceBentNormal.usf" 2960
"../../../Engine/Shaders/Private/Lumen/LumenScreenProbeTracing.usf" 2961
"../../../Engine/Shaders/Private/Lumen/LumenScreenProbeTracingCommon.ush" 2962
"../../../Engine/Shaders/Private/Lumen/LumenFloatQuantization.ush" 2963
"../../../Engine/Shaders/Private/Lumen/LumenScreenProbeImportanceSampling.usf" 2964
"../../../Engine/Shaders/Private/Lumen/LumenScreenProbeImportanceSamplingShared.ush" 2965
"../../../Engine/Shaders/Private/Lumen/LumenScreenProbeHardwareRayTracing.usf" 2966
"../../../Engine/Shaders/Private/Lumen/LumenScreenProbeDebug.usf" 2967
"../../../Engine/Shaders/Private/Lumen/LumenScreenProbeGather.usf" 2968
"../../../Engine/Shaders/Private/Lumen/LumenScreenProbeGatherTemporal.usf" 2969
"../../../Engine/Shaders/Private/Lumen/LumenScreenProbeFiltering.usf" 2970
"../../../Engine/Shaders/Private/Lumen/LumenSceneLighting.usf" 2971
"../../../Engine/Shaders/Private/Lumen/LumenCardTile.ush" 2972
"../../../Engine/Shaders/Private/Lumen/LumenSceneLighting.ush" 2973
"../../../Engine/Shaders/Private/Lumen/Radiosity/LumenRadiosity.ush" 2974
"../../../Engine/Shaders/Private/Lumen/LumenSceneLightingDebug.usf" 2975
"../../../Engine/Shaders/Private/Lumen/LumenScene.usf" 2976
"../../../Engine/Shaders/Private/Lumen/LumenSceneDirectLightingHardwareRayTracing.usf" 2977
"../../../Engine/Shaders/Private/Lumen/LumenSceneDirectLightingStochastic.ush" 2978
"../../../Engine/Shaders/Private/Lumen/LumenReflectionCommon.ush" 2979
"../../../Engine/Shaders/Private/Lumen/LumenSceneDirectLighting.ush" 2980
"../../../Engine/Shaders/Private/Lumen/LumenSceneDebugHardwareRayTracing.usf" 2981
"../../../Engine/Shaders/Private/Lumen/LumenSceneDirectLightingStochastic.usf" 2982
"../../../Engine/Shaders/Private/Lumen/LumenSceneDirectLightingSoftwareRayTracing.usf" 2983
"../../../Engine/Shaders/Private/DistanceFieldShadowingShared.ush" 2984
"../../../Engine/Shaders/Private/Lumen/LumenSceneDirectLightingPerLightShadowCommon.ush" 2985
"../../../Engine/Shaders/Private/Lumen/LumenSceneDirectLightingShadowMask.usf" 2986
"../../../Engine/Shaders/Private/Lumen/LumenSceneDirectLighting.usf" 2987
"../../../Engine/Shaders/Private/Lumen/LumenSceneDirectLightingCulling.usf" 2988
"../../../Engine/Shaders/Private/Lumen/LumenCardComputeShader.usf" 2989
"../../../Engine/Shaders/Private/Lumen/LumenCardBasePass.ush" 2990
"../../../Engine/Shaders/Private/Lumen/LumenCardPixelShader.usf" 2991
"../../../Engine/Shaders/Private/Lumen/LumenCardVertexShader.usf" 2992
"../../../Engine/Shaders/Private/Lumen/LumenReSTIRGather.usf" 2993
"../../../Engine/Shaders/Private/Lumen/LumenReflectionTracing.usf" 2994
"../../../Engine/Shaders/Private/Lumen/LumenReflectionDenoiserSpatial.usf" 2995
"../../../Engine/Shaders/Private/Lumen/LumenReflectionDenoiserClear.usf" 2996
"../../../Engine/Shaders/Private/Lumen/LumenReflectionDenoiserTemporal.usf" 2997
"../../../Engine/Shaders/Private/Lumen/LumenReflectionResolve.usf" 2998
"../../../Engine/Shaders/Private/Lumen/LumenReflections.usf" 2999
"../../../Engine/Shaders/Private/Lumen/RayTracedTranslucency.usf" 3000
"../../../Engine/Shaders/Private/Lumen/LumenReflectionHardwareRayTracing.usf" 3001
"../../../Engine/Shaders/Private/Lumen/Radiosity/LumenVisualizeRadiosityProbes.usf" 3002
"../../../Engine/Shaders/Private/Lumen/Radiosity/LumenRadiosity.usf" 3003
"../../../Engine/Shaders/Private/Lumen/Radiosity/LumenRadiosityHardwareRayTracing.usf" 3004
"../../../Engine/Shaders/Private/Lumen/Radiosity/LumenRadiosityCulling.usf" 3005
"../../../Engine/Shaders/Private/Lumen/LumenRadianceCacheHardwareRayTracing.usf" 3006
"../../../Engine/Shaders/Private/Lumen/LumenRadianceCache.usf" 3007
"../../../Engine/Shaders/Private/Lumen/LumenRadianceCacheUpdate.ush" 3008
"../../../Engine/Shaders/Private/Lumen/LumenRadianceCacheDebug.usf" 3009
"../../../Engine/Shaders/Private/Lumen/LumenRadianceCacheUpdate.usf" 3010
"../../../Engine/Shaders/Private/Lumen/LumenMeshSDFCulling.usf" 3011
"../../../Engine/Shaders/Private/HybridIndirectLighting.ush" 3012
"../../../Engine/Shaders/Private/MeshDistanceFieldCommon.ush" 3013
"../../../Engine/Shaders/Private/Lumen/LumenIrradianceFieldGather.usf" 3014
"../../../Engine/Shaders/Private/Lumen/LumenHardwareRayTracingMaterials.usf" 3015
"../../../Engine/Shaders/Private/Lumen/LumenFrontLayerTranslucency.usf" 3016
"../../../Engine/Shaders/Private/LocalFogVolumes/LocalFogVolumeSplat.usf" 3017
"../../../Engine/Shaders/Private/LocalFogVolumes/LocalFogVolumeTiledCulling.usf" 3018
"../../../Engine/Shaders/Private/LightShaftShader.usf" 3019
"../../../Engine/Shaders/Private/StationaryLightOverlapShaders.usf" 3020
"../../../Engine/Shaders/Private/DeferredLightPixelShaders.usf" 3021
"../../../Engine/Shaders/Private/DeferredLightVertexShaders.usf" 3022
"../../../Engine/Shaders/Private/LightMapDensityShader.usf" 3023
"../../../Engine/Shaders/Private/LightGridInjection.usf" 3024
"../../../Engine/Shaders/Shared/LightGridDefinitions.h" 3025
"../../../Engine/Shaders/Private/LightFunctionPixelShader.usf" 3026
"../../../Engine/Shaders/Private/LightFunctionVertexShader.usf" 3027
"../../../Engine/Shaders/Private/LightFunctionAtlas/LightFunctionAtlasRender.usf" 3028
"../../../Engine/Shaders/Private/InstanceCulling/InstanceCullingOcclusionQuery.usf" 3029
"../../../Engine/Shaders/Private/InstanceCulling/InstanceCullingSetup.ush" 3030
"../../../Engine/Shaders/Private/InstanceCulling/BuildInstanceDrawCommands.usf" 3031
"../../../Engine/Shaders/Private/InstanceCulling/InstanceCompactionCommon.ush" 3032
"../../../Engine/Shaders/Private/SceneDataMobileWriter.ush" 3033
"../../../Engine/Shaders/Private/InstanceCulling/CompactVisibleInstances.usf" 3034
"../../../Engine/Shaders/Private/ReflectionEnvironmentPixelShader.usf" 3035
"../../../Engine/Shaders/Private/AmbientCubemapComposite.usf" 3036
"../../../Engine/Shaders/Private/DiffuseIndirectComposite.usf" 3037
"../../../Engine/Shaders/Private/IESAtlas.usf" 3038
"../../../Engine/Shaders/Private/HeterogeneousVolumes/HeterogeneousVolumesVoxelGridShadows.usf" 3039
"../../../Engine/Shaders/Private/HeterogeneousVolumes/HeterogeneousVolumesStochasticFiltering.ush" 3040
"../../../Engine/Shaders/Private/HeterogeneousVolumes/HeterogeneousVolumesVoxelGridRenderingUtils.ush" 3041
"../../../Engine/Shaders/Private/HeterogeneousVolumes/HeterogeneousVolumesLightingUtils.ush" 3042
"../../../Engine/Shaders/Private/HeterogeneousVolumes/HeterogeneousVolumesVoxelGridRendering.usf" 3043
"../../../Engine/Shaders/Private/HeterogeneousVolumes/HeterogeneousVolumesVoxelGridPipeline.usf" 3044
"../../../Engine/Shaders/Private/HeterogeneousVolumes/HeterogeneousVolumesMaterialBakingPipeline.usf" 3045
"../../../Engine/Shaders/Private/HeterogeneousVolumes/HeterogeneousVolumesLiveShadingUtils.ush" 3046
"../../../Engine/Shaders/Private/HeterogeneousVolumes/HeterogeneousVolumesFrustumVoxelGrid.usf" 3047
"../../../Engine/Shaders/Private/HeterogeneousVolumes/HeterogeneousVolumesSparseVoxelPipeline.usf" 3048
"../../../Engine/Shaders/Private/HeterogeneousVolumes/HeterogeneousVolumesSparseVoxelUtils.ush" 3049
"../../../Engine/Shaders/Private/HeterogeneousVolumes/HeterogeneousVolumesSparseVoxelUniformBufferUtils.ush" 3050
"../../../Engine/Shaders/Private/HeterogeneousVolumes/HeterogeneousVolumesPreshadingPipeline.usf" 3051
"../../../Engine/Shaders/Private/HeterogeneousVolumes/HeterogeneousVolumesLiveShadingShadows.usf" 3052
"../../../Engine/Shaders/Private/HeterogeneousVolumes/HeterogeneousVolumesLiveShadingGlobalPipeline.usf" 3053
"../../../Engine/Shaders/Private/HeterogeneousVolumes/HeterogeneousVolumesLiveShadingPipeline.usf" 3054
"../../../Engine/Shaders/Private/HeterogeneousVolumes/HeterogeneousVolumesHardwareRayTracing.usf" 3055
"../../../Engine/Shaders/Private/HeterogeneousVolumes/HeterogeneousVolumesAmbientOcclusionPipeline.usf" 3056
"../../../Engine/Shaders/Private/HeterogeneousVolumes/HeterogeneousVolumesComposite.usf" 3057
"../../../Engine/Shaders/Private/HdrCustomResolveShaders.usf" 3058
"../../../Engine/Shaders/Private/HairStrands/RenderCurveRaster.usf" 3059
"../../../Engine/Shaders/Private/HairStrands/HairStrandsVoxelRasterCompute.usf" 3060
"../../../Engine/Shaders/Private/HairStrands/HairStrandsHitProxy.usf" 3061
"../../../Engine/Shaders/Private/HairStrands/HairStrandsVisibilityRasterComputeNaive.usf" 3062
"../../../Engine/Shaders/Private/HairStrands/HairStrandsVisibilityRasterHW.usf" 3063
"../../../Engine/Shaders/Private/HairStrands/HairStrandsVisibilityRasterCompute.usf" 3064
"../../../Engine/Shaders/Private/HairStrands/HairStrandsVisibilityRasterClassification.usf" 3065
"../../../Engine/Shaders/Private/HairStrands/HairStrandsCoverage.usf" 3066
"../../../Engine/Shaders/Private/HairStrands/HairStrandsVisibilityDepthPS.usf" 3067
"../../../Engine/Shaders/Private/HairStrands/HairStrandsVisibilityTransmittanceDepthPS.usf" 3068
"../../../Engine/Shaders/Private/HairStrands/HairStrandsVisibilityFillOpaqueDepthPS.usf" 3069
"../../../Engine/Shaders/Private/HairStrands/HairStrandsVisibilityCompactionComputeRaster.usf" 3070
"../../../Engine/Shaders/Private/HairStrands/HairStrandsVisibilityCompaction.usf" 3071
"../../../Engine/Shaders/Private/HairStrands/HairStrandsVisibilityCopyIndirectArg.usf" 3072
"../../../Engine/Shaders/Private/HairStrands/HairStrandsVisibilityClearPS.usf" 3073
"../../../Engine/Shaders/Private/HairStrands/HairStrandsVisibilityPS.usf" 3074
"../../../Engine/Shaders/Private/HairStrands/HairStrandsVisibilityVS.usf" 3075
"../../../Engine/Shaders/Private/HairStrands/HairStrandsVelocity.usf" 3076
"../../../Engine/Shaders/Private/HairStrands/HairStrandsVisibilityComputeSampleCoverage.usf" 3077
"../../../Engine/Shaders/Private/HairStrands/HairStrandsMaterialPS.usf" 3078
"../../../Engine/Shaders/Private/HairStrands/HairStrandsMaterialCommon.ush" 3079
"../../../Engine/Shaders/Private/HairStrands/HairStrandsMaterialVS.usf" 3080
"../../../Engine/Shaders/Private/HairStrands/HairStrandsLightSample.usf" 3081
"../../../Engine/Shaders/Private/HairStrands/HairStrandsDeepShadowMask.usf" 3082
"../../../Engine/Shaders/Private/HairStrands/HairStrandsDeepTransmittanceMask.usf" 3083
"../../../Engine/Shaders/Private/HairStrands/HairStrandsVisibilityTile.usf" 3084
"../../../Engine/Shaders/Private/HairStrands/HairStrandsDeepShadowPS.usf" 3085
"../../../Engine/Shaders/Private/HairStrands/HairStrandsDeepShadowVS.usf" 3086
"../../../Engine/Shaders/Private/HairStrands/HairStrandsAABB.usf" 3087
"../../../Engine/Shaders/Private/HairStrands/HairStrandsLUT.usf" 3088
"../../../Engine/Shaders/Private/HairStrands/HairStrandsForwardRaster.usf" 3089
"../../../Engine/Shaders/Private/HairStrands/HairStrandsForwardCulling.usf" 3090
"../../../Engine/Shaders/Private/HairStrands/HairStrandsEnvironmentLighting.usf" 3091
"../../../Engine/Shaders/Private/HairStrands/HairStrandsEnvironmentAO.usf" 3092
"../../../Engine/Shaders/Private/HairStrands/HairStrandsDeepShadowAllocation.usf" 3093
"../../../Engine/Shaders/Private/HairStrands/HairStrandsVoxelDebug.usf" 3094
"../../../Engine/Shaders/Private/HairStrands/HairStrandsComposition.usf" 3095
"../../../Engine/Shaders/Private/HairStrands/HairStrandsGBufferCommon.ush" 3096
"../../../Engine/Shaders/Private/GPUScene/GPUSceneDataManagement.usf" 3097
"../../../Engine/Shaders/Private/GPUSceneDebugRender.usf" 3098
"../../../Engine/Shaders/Private/GPUFeedbackCompaction.usf" 3099
"../../../Engine/Shaders/Private/GPUFastFourierTransform.usf" 3100
"../../../Engine/Shaders/Private/GPUFastFourierTransform2DCore.ush" 3101
"../../../Engine/Shaders/Private/GPUFastFourierTransformCore.ush" 3102
"../../../Engine/Shaders/Private/GPUBenchmark.usf" 3103
"../../../Engine/Shaders/Private/DistanceField/GlobalDistanceFieldDebug.usf" 3104
"../../../Engine/Shaders/Private/DistanceField/GlobalDistanceFieldUpdate.ush" 3105
"../../../Engine/Shaders/Private/DistanceField/GlobalDistanceFieldMip.usf" 3106
"../../../Engine/Shaders/Private/DistanceField/GlobalDistanceField.usf" 3107
"../../../Engine/Shaders/Private/DistanceField/GlobalDistanceFieldCompositeObjects.usf" 3108
"../../../Engine/Shaders/Private/DistanceField/GlobalDistanceFieldHeightfields.usf" 3109
"../../../Engine/Shaders/Private/HeightfieldLightingShared.ush" 3110
"../../../Engine/Shaders/Private/GenerateConservativeDepth.usf" 3111
"../../../Engine/Shaders/Private/HeightFogPixelShader.usf" 3112
"../../../Engine/Shaders/Private/HeightFogVertexShader.usf" 3113
"../../../Engine/Shaders/Private/DistortFiltering.usf" 3114
"../../../Engine/Shaders/Private/DistortAccumulatePS.usf" 3115
"../../../Engine/Shaders/Private/DistortAccumulateVS.usf" 3116
"../../../Engine/Shaders/Private/DistanceFieldVisualization.usf" 3117
"../../../Engine/Shaders/Private/DistanceFieldStreaming.usf" 3118
"../../../Engine/Shaders/Private/DistanceFieldShadowing.usf" 3119
"../../../Engine/Shaders/Private/DistanceFieldScreenGridLighting.usf" 3120
"../../../Engine/Shaders/Private/DistanceFieldObjectCulling.usf" 3121
"../../../Engine/Shaders/Private/DistanceFieldLightingPost.usf" 3122
"../../../Engine/Shaders/Private/DitheredTransitionStencil.usf" 3123
"../../../Engine/Shaders/Private/CopyDepthTexture.usf" 3124
"../../../Engine/Shaders/Private/CopyDepthTextureCS.usf" 3125
"../../../Engine/Shaders/Private/DeferredDecal.usf" 3126
"../../../Engine/Shaders/Private/DecalCommon.ush" 3127
"../../../Engine/Shaders/Private/DebugViewModeVertexShader.usf" 3128
"../../../Engine/Shaders/Private/DebugViewModeCommon.ush" 3129
"../../../Engine/Shaders/Private/DebugViewModePixelShader.usf" 3130
"../../../Engine/Shaders/Private/DebugProbes.usf" 3131
"../../../Engine/Shaders/Private/MeshDecals.usf" 3132
"../../../Engine/Shaders/Private/PostProcessAmbientOcclusion.usf" 3133
"../../../Engine/Shaders/Private/ClusteredDeferredShadingPixelShader.usf" 3134
"../../../Engine/Shaders/Private/ClusteredDeferredShadingVertexShader.usf" 3135
"../../../Engine/Shaders/Private/CapsuleShadowShaders.usf" 3136
"../../../Engine/Shaders/Private/BasePassPixelShader.usf" 3137
"../../../Engine/Shaders/Private/ForwardLightingCommon.ush" 3138
"../../../Engine/Shaders/Private/Substrate/SubstrateForwardLighting.ush" 3139
"../../../Engine/Shaders/Private/ComputeShaderOutputCommon.ush" 3140
"../../../Engine/Shaders/Private/BasePassVertexShader.usf" 3141
"../../../Engine/Shaders/Private/BasePassVertexCommon.ush" 3142
"../../../Engine/Shaders/Private/SimpleElementVolumeTexturePreviewPixelShader.usf" 3143
"../../../Engine/Shaders/Private/SimpleElementTexture2DPreviewPixelShader.usf" 3144
"../../../Engine/Shaders/Private/meshpaintdilatepixelshader.usf" 3145
"../../../Engine/Shaders/Private/meshpaintdilatevertexshader.usf" 3146
"../../../Engine/Shaders/Private/MeshPaintPixelShader.usf" 3147
"../../../Engine/Shaders/Private/MeshPaintVertexShader.usf" 3148
"../../../Engine/Shaders/Private/SlateElementPixelShader.usf" 3149
"../../../Engine/Shaders/Private/SlateShaderCommon.ush" 3150
"../../../Engine/Shaders/Private/SlateMaskingShader.usf" 3151
"../../../Engine/Shaders/Private/SlateVertexShader.usf" 3152
"../../../Engine/Shaders/Private/CompositeUIPixelShader.usf" 3153
"../../../Engine/Shaders/Private/ColorDeficiency.ush" 3154
"../../../Engine/Shaders/Private/SlatePostProcessColorDeficiencyPixelShader.usf" 3155
"../../../Engine/Shaders/Private/SlatePostProcessPixelShader.usf" 3156
"../../../Engine/Shaders/Private/Tools/VisualizeTexture.usf" 3157
"../../../Engine/Shaders/Private/UpdateDescriptorHandle.usf" 3158
"../../../Engine/Shaders/Private/ByteBuffer.usf" 3159
"../../../Engine/Shaders/Private/ShaderBundleWorkGraphDispatch.usf" 3160
"../../../Engine/Shaders/Private/ShaderBundleDispatch.usf" 3161
"../../../Engine/Shaders/Private/ResolveVertexShader.usf" 3162
"../../../Engine/Shaders/Private/ResolvePixelShader.usf" 3163
"../../../Engine/Shaders/Private/Tools/SetupIndirectArgs.usf" 3164
"../../../Engine/Shaders/Private/ClearReplacementShaders.usf" 3165
"../../../Engine/Shaders/Private/Tools/DrawTexture.usf" 3166
"../../../Engine/Shaders/Private/RayTracing/RayTracingValidation.usf" 3167
"../../../Engine/Shaders/Private/RenderGraphUtilities.usf" 3168
"../../../Engine/Shaders/Private/OneColorShader.usf" 3169
"../../../Engine/Shaders/Private/OculusShaders.usf" 3170
"../../../Engine/Shaders/Private/MediaShaders.usf" 3171
"../../../Engine/Shaders/Private/GPUMessaging.usf" 3172
"../../../Engine/Shaders/Private/Tools/GPUDebugCrashUtils.usf" 3173
"../../../Engine/Shaders/Private/NullPixelShader.usf" 3174
"../../../Engine/Shaders/Private/ComputeGenerateMips.usf" 3175
"../../../Engine/Shaders/Private/Tools/DumpTexture.usf" 3176
"../../../Engine/Shaders/Private/CopyTextureShaders.usf" 3177
"../../../Engine/Shaders/Private/Tools/FullscreenVertexShader.usf" 3178
"../../../Engine/Shaders/Private/RayTracing/RayTracingDispatchDesc.usf" 3179
"../../../Engine/Shaders/Private/Bink.usf" 3180
"../../../Engine/Shaders/Private/VelocityShader.usf" 3181
"../../../Engine/Shaders/Private/DepthOnlyPixelShader.usf" 3182
"../../../Engine/Shaders/Private/PositionOnlyDepthVertexShader.usf" 3183
"../../../Engine/Shaders/Private/DepthOnlyVertexShader.usf" 3184
"../../../Engine/Shaders/Private/AnisotropyPassShader.usf" 3185
"/Engine/EngineResources/WhiteSquareTexture" 3186
"../../../Engine/Content/EngineResources/WhiteSquareTexture.uasset" 3187
"/Engine/EngineResources/GradientTexture0" 3188
"../../../Engine/Content/EngineResources/GradientTexture0.uasset" 3189
"/Engine/EngineResources/Black" 3190
"../../../Engine/Content/EngineResources/Black.uasset" 3191
"/Engine/EditorResources/S_Actor" 3192
"../../../Engine/Content/EditorResources/S_Actor.uasset" 3193
"/Engine/EngineFonts/RobotoDistanceField" 3194
"../../../Engine/Content/EngineFonts/RobotoDistanceField.uasset" 3195
"/Engine/EngineMaterials/DefaultTextMaterialOpaque" 3196
"../../../Engine/Content/EngineMaterials/DefaultTextMaterialOpaque.uasset" 3197
"/Engine/Functions/Engine_MaterialFunctions01/Shading/PowerToRoughness" 3198
"../../../Engine/Content/Functions/Engine_MaterialFunctions01/Shading/PowerToRoughness.uasset" 3199
"/Engine/Functions/Engine_MaterialFunctions01/Shading/ConvertFromDiffSpec" 3200
"../../../Engine/Content/Functions/Engine_MaterialFunctions01/Shading/ConvertFromDiffSpec.uasset" 3201
"/Engine/EngineMaterials/WorldGridMaterial" 3202
"../../../Engine/Content/EngineMaterials/WorldGridMaterial.uasset" 3203
"../../../Engine/Content/Functions/Engine_MaterialFunctions01/Opacity/CameraDepthFade.uasset" 3204
"../../../Engine/Content/EngineMaterials/T_Default_Material_Grid_M.uasset" 3205
"../../../Engine/Content/EngineMaterials/T_Default_Material_Grid_N.uasset" 3206
"/Engine/EngineMaterials/DefaultDeferredDecalMaterial" 3207
"../../../Engine/Content/EngineMaterials/DefaultDeferredDecalMaterial.uasset" 3208
"../../../Engine/Content/EngineMaterials/DefaultDiffuse.uasset" 3209
"/Engine/EngineMaterials/DefaultLightFunctionMaterial" 3210
"../../../Engine/Content/EngineMaterials/DefaultLightFunctionMaterial.uasset" 3211
"/Engine/EngineMaterials/DefaultPostProcessMaterial" 3212
"../../../Engine/Content/EngineMaterials/DefaultPostProcessMaterial.uasset" 3213
"../../../Engine/Content/Functions/Engine_MaterialFunctions02/Utility/BreakOutFloat2Components.uasset" 3214
"/Engine/EditorResources/S_Trigger" 3215
"../../../Engine/Content/EditorResources/S_Trigger.uasset" 3216
"/Engine/EditorResources/S_BoxReflectionCapture" 3217
"../../../Engine/Content/EditorResources/S_BoxReflectionCapture.uasset" 3218
"/Engine/EngineResources/DefaultTexture" 3219
"../../../Engine/Content/EngineResources/DefaultTexture.uasset" 3220
"/Engine/EditorResources/S_TriggerBox" 3221
"../../../Engine/Content/EditorResources/S_TriggerBox.uasset" 3222
"/Engine/EditorResources/S_TriggerCapsule" 3223
"../../../Engine/Content/EditorResources/S_TriggerCapsule.uasset" 3224
"/Engine/EditorResources/S_TriggerSphere" 3225
"../../../Engine/Content/EditorResources/S_TriggerSphere.uasset" 3226
"/Engine/EngineDamageTypes/DmgTypeBP_Environmental" 3227
"../../../Engine/Content/EngineDamageTypes/DmgTypeBP_Environmental.uasset" 3228
"/Engine/EngineMeshes/Sphere" 3229
"../../../Engine/Content/EngineMeshes/Sphere.uasset" 3230
"/Engine/EngineResources/DefaultTextureCube" 3231
"../../../Engine/Content/EngineResources/DefaultTextureCube.uasset" 3232
"/Engine/EngineResources/DefaultVolumeTexture" 3233
"../../../Engine/Content/EngineResources/DefaultVolumeTexture.uasset" 3234
"../../../Engine/Content/EngineResources/DefaultVolumeTexture2D.uasset" 3235
"/Engine/VREditor/TransformGizmo/SM_Sequencer_Node" 3236
"../../../Engine/Content/VREditor/TransformGizmo/SM_Sequencer_Node.uasset" 3237
"../../../Engine/Content/VREditor/TransformGizmo/Main.uasset" 3238
"../../../Engine/Content/VREditor/TransformGizmo/Xray.uasset" 3239
"/Engine/EditorResources/S_Solver" 3240
"../../../Engine/Content/EditorResources/S_Solver.uasset" 3241
"/Engine/EngineDebugMaterials/VolumeToRender" 3242
"../../../Engine/Content/EngineDebugMaterials/VolumeToRender.uasset" 3243
"/Engine/EngineDebugMaterials/M_VolumeRenderSphereTracePP" 3244
"../../../Engine/Content/EngineDebugMaterials/M_VolumeRenderSphereTracePP.uasset" 3245
"../../../Engine/Content/Functions/Engine_MaterialFunctions02/Utility/CameraDirectionVector.uasset" 3246
"/Engine/EditorMeshes/Camera/SM_CraneRig_Base" 3247
"../../../Engine/Content/EditorMeshes/Camera/SM_CraneRig_Base.uasset" 3248
"../../../Engine/Content/EditorMaterials/Camera/MI_CineMat_Rig.uasset" 3249
"../../../Engine/Content/EditorMaterials/Camera/CineMat.uasset" 3250
"/Engine/EditorMeshes/Camera/SM_CraneRig_Arm" 3251
"../../../Engine/Content/EditorMeshes/Camera/SM_CraneRig_Arm.uasset" 3252
"/Engine/EditorMeshes/Camera/SM_CraneRig_Mount" 3253
"../../../Engine/Content/EditorMeshes/Camera/SM_CraneRig_Mount.uasset" 3254
"/Engine/EditorMeshes/Camera/SM_CraneRig_Body" 3255
"../../../Engine/Content/EditorMeshes/Camera/SM_CraneRig_Body.uasset" 3256
"/Engine/EditorMeshes/Camera/SM_RailRig_Track" 3257
"../../../Engine/Content/EditorMeshes/Camera/SM_RailRig_Track.uasset" 3258
"/Engine/EditorMeshes/Camera/SM_RailRig_Mount" 3259
"../../../Engine/Content/EditorMeshes/Camera/SM_RailRig_Mount.uasset" 3260
"/Engine/EditorLandscapeResources/SplineEditorMesh" 3261
"../../../Engine/Content/EditorLandscapeResources/SplineEditorMesh.uasset" 3262
"../../../Engine/Content/EditorLandscapeResources/SplineEditorMeshMat.uasset" 3263
"/Water/Icons/WaterBodyIslandSprite" 3264
"../../Plugins/Experimental/Water/Content/Icons/WaterBodyIslandSprite.uasset" 3265
"/Water/Icons/WaterZoneActorSprite" 3266
"../../Plugins/Experimental/Water/Content/Icons/WaterZoneActorSprite.uasset" 3267
"/HairStrands/Materials/HairDebugMaterial" 3268
"../../Plugins/Runtime/HairStrands/Content/Materials/HairDebugMaterial.uasset" 3269
"../../../Engine/Content/Functions/Engine_MaterialFunctions02/Utility/MakeFloat2.uasset" 3270
"../../../Engine/Content/Functions/Engine_MaterialFunctions02/Utility/MakeFloat3.uasset" 3271
"../../../Engine/Content/EngineMaterials/HairColorMap.uasset" 3272
"../../../Engine/Content/EngineMaterials/HairDebugColor.uasset" 3273
"../../Plugins/Runtime/HairStrands/Content/Materials/HairGroupColors.uasset" 3274
"/HairStrands/Materials/HairDefaultMaterial" 3275
"../../Plugins/Runtime/HairStrands/Content/Materials/HairDefaultMaterial.uasset" 3276
"/HairStrands/Materials/HairCardsDefaultMaterial" 3277
"../../Plugins/Runtime/HairStrands/Content/Materials/HairCardsDefaultMaterial.uasset" 3278
"/HairStrands/Materials/HairMeshesDefaultMaterial" 3279
"../../Plugins/Runtime/HairStrands/Content/Materials/HairMeshesDefaultMaterial.uasset" 3280
"/Engine/BasicShapes/Cube" 3281
"../../../Engine/Content/BasicShapes/Cube.uasset" 3282
"/CameraCalibrationCore/Materials/M_DefaultOddSquare" 3283
"../../Plugins/VirtualProduction/CameraCalibrationCore/Content/Materials/M_DefaultOddSquare.uasset" 3284
"/CameraCalibrationCore/Materials/M_DefaultEvenSquare" 3285
"../../Plugins/VirtualProduction/CameraCalibrationCore/Content/Materials/M_DefaultEvenSquare.uasset" 3286
"/Engine/EngineMaterials/Widget3DPassThrough_Translucent" 3287
"../../../Engine/Content/EngineMaterials/Widget3DPassThrough_Translucent.uasset" 3288
"../../../Engine/Content/EngineMaterials/Widget3DPassThrough.uasset" 3289
"/Engine/EngineMaterials/Widget3DPassThrough_Translucent_OneSided" 3290
"../../../Engine/Content/EngineMaterials/Widget3DPassThrough_Translucent_OneSided.uasset" 3291
"/Engine/EngineMaterials/Widget3DPassThrough_Opaque" 3292
"../../../Engine/Content/EngineMaterials/Widget3DPassThrough_Opaque.uasset" 3293
"/Engine/EngineMaterials/Widget3DPassThrough_Opaque_OneSided" 3294
"../../../Engine/Content/EngineMaterials/Widget3DPassThrough_Opaque_OneSided.uasset" 3295
"/Engine/EngineMaterials/Widget3DPassThrough_Masked" 3296
"../../../Engine/Content/EngineMaterials/Widget3DPassThrough_Masked.uasset" 3297
"/Engine/EngineMaterials/Widget3DPassThrough_Masked_OneSided" 3298
"../../../Engine/Content/EngineMaterials/Widget3DPassThrough_Masked_OneSided.uasset" 3299
"/Engine/VREditor/ViewportInteractionAssetContainerData" 3300
"../../../Engine/Content/VREditor/ViewportInteractionAssetContainerData.uasset" 3301
"../../../Engine/Content/VREditor/SnapGrid/SnapGridMaterial.uasset" 3302
"../../../Engine/Content/VREditor/TransformGizmo/TransformGizmoMaterial_Inst.uasset" 3303
"../../../Engine/Content/VREditor/TransformGizmo/TranslucentTransformGizmoMaterial_Inst.uasset" 3304
"../../../Engine/Content/VREditor/SnapGrid/SnapGridPlaneMesh.uasset" 3305
"../../../Engine/Content/VREditor/Sounds/UI/Drop_Item_From_ContentBrowser.uasset" 3306
"../../../Engine/Content/VREditor/Sounds/UI/Gizmo_Handle_Clicked.uasset" 3307
"../../../Engine/Content/VREditor/Sounds/UI/Object_PickUp.uasset" 3308
"../../../Engine/Content/VREditor/Sounds/UI/Object_Snaps_To_Another_Actor.uasset" 3309
"../../../Engine/Content/VREditor/Sounds/UI/Object_Snaps_To_Grid.uasset" 3310
"../../../Engine/Content/VREditor/Sounds/UI/Scaling_Down.uasset" 3311
"../../../Engine/Content/VREditor/Sounds/UI/Scaling_Up.uasset" 3312
"../../../Engine/Content/VREditor/Sounds/UI/Selection_Changes.uasset" 3313
"../../../Engine/Content/VREditor/TransformGizmo/PlaneTranslationHandle.uasset" 3314
"../../../Engine/Content/VREditor/TransformGizmo/RotationHandleFull.uasset" 3315
"../../../Engine/Content/VREditor/TransformGizmo/RotationHandleIndicator.uasset" 3316
"../../../Engine/Content/VREditor/TransformGizmo/RotationHandleQuarter.uasset" 3317
"../../../Engine/Content/VREditor/TransformGizmo/StartRotationHandleIndicator.uasset" 3318
"../../../Engine/Content/VREditor/TransformGizmo/TransformGizmoFreeRotation.uasset" 3319
"../../../Engine/Content/VREditor/TransformGizmo/TranslateArrowHandle.uasset" 3320
"../../../Engine/Content/VREditor/TransformGizmo/UniformScaleHandle.uasset" 3321
"../../../Engine/Content/Functions/Engine_MaterialFunctions02/Math/Transform3x3Matrix.uasset" 3322
"../../../Engine/Content/Functions/Engine_MaterialFunctions02/SplitComponents.uasset" 3323
"../../../Engine/Content/VREditor/TransformGizmo/TransformGizmoMaterial.uasset" 3324
"../../../Engine/Content/VREditor/TransformGizmo/TranslucentTransformGizmoMaterial.uasset" 3325
"../../../Engine/Content/Functions/Engine_MaterialFunctions02/Utility/BreakOutFloat3Components.uasset" 3326
"../../../Engine/Content/VREditor/LaserPointer/VR_LaserPower_01.uasset" 3327
"/Engine/VREditor/TransformGizmo/BoundingBoxCorner" 3328
"../../../Engine/Content/VREditor/TransformGizmo/BoundingBoxCorner.uasset" 3329
"/Engine/VREditor/TransformGizmo/BoundingBoxEdge" 3330
"../../../Engine/Content/VREditor/TransformGizmo/BoundingBoxEdge.uasset" 3331
"/Engine/ArtTools/RenderToTexture/Meshes/S_1_Unit_Plane" 3332
"../../../Engine/Content/ArtTools/RenderToTexture/Meshes/S_1_Unit_Plane.uasset" 3333
"/Engine/EngineDebugMaterials/M_SimpleUnlitTranslucent" 3334
"../../../Engine/Content/EngineDebugMaterials/M_SimpleUnlitTranslucent.uasset" 3335
"/Engine/EngineFonts/Roboto" 3336
"../../../Engine/Content/EngineFonts/Roboto.uasset" 3337
"../../../Engine/Content/EngineFonts/Faces/DroidSansFallback.uasset" 3338
"../../../Engine/Content/EngineFonts/Faces/RobotoBold.uasset" 3339
"../../../Engine/Content/EngineFonts/Faces/RobotoBoldItalic.uasset" 3340
"../../../Engine/Content/EngineFonts/Faces/RobotoItalic.uasset" 3341
"../../../Engine/Content/EngineFonts/Faces/RobotoLight.uasset" 3342
"../../../Engine/Content/EngineFonts/Faces/RobotoRegular.uasset" 3343
"/Engine/EditorMaterials/ParticleSystems/PSysThumbnail_NoImage" 3344
"../../../Engine/Content/EditorMaterials/ParticleSystems/PSysThumbnail_NoImage.uasset" 3345
"/Engine/EditorMaterials/ParticleSystems/PSysThumbnail_OOD" 3346
"../../../Engine/Content/EditorMaterials/ParticleSystems/PSysThumbnail_OOD.uasset" 3347
"/Engine/EngineResources/LandscapeVisibilityLayerInfo" 3348
"../../../Engine/Content/EngineResources/LandscapeVisibilityLayerInfo.uasset" 3349
"/Water/Meshes/LakeMesh" 3350
"../../Plugins/Experimental/Water/Content/Meshes/LakeMesh.uasset" 3351
"/Water/Meshes/RiverMesh" 3352
"../../Plugins/Experimental/Water/Content/Meshes/RiverMesh.uasset" 3353
"/Water/Icons/WaterBodyExclusionVolumeSprite" 3354
"../../Plugins/Experimental/Water/Content/Icons/WaterBodyExclusionVolumeSprite.uasset" 3355
"/ACLPlugin/ACLAnimBoneCompressionSettings" 3356
"../../Plugins/Animation/ACLPlugin/Content/ACLAnimBoneCompressionSettings.uasset" 3357
"/Engine/Animation/DefaultRecorderBoneCompression" 3358
"../../../Engine/Content/Animation/DefaultRecorderBoneCompression.uasset" 3359
"/ACLPlugin/ACLAnimCurveCompressionSettings" 3360
"../../Plugins/Animation/ACLPlugin/Content/ACLAnimCurveCompressionSettings.uasset" 3361
"/Engine/Animation/DefaultVariableFrameStrippingSettings" 3362
"../../../Engine/Content/Animation/DefaultVariableFrameStrippingSettings.uasset" 3363
"/ControlRig/Controls/ControlRigXRayMaterial" 3364
"../../Plugins/Animation/ControlRig/Content/Controls/ControlRigXRayMaterial.uasset" 3365
"/ControlRig/Controls/DefaultGizmoLibraryNormalized" 3366
"../../Plugins/Animation/ControlRig/Content/Controls/DefaultGizmoLibraryNormalized.uasset" 3367
"/AudioWidgets/Resources/ScrubHandleDown_Clamped" 3368
"../../Plugins/Runtime/AudioWidgets/Content/Resources/ScrubHandleDown_Clamped.uasset" 3369
"/Paper2D/MaskedUnlitSpriteMaterial" 3370
"../../Plugins/2D/Paper2D/Content/MaskedUnlitSpriteMaterial.uasset" 3371
"../../Plugins/2D/Paper2D/Content/DefaultSpriteMaterial.uasset" 3372
"../../Plugins/2D/Paper2D/Content/PlaceholderTextures/DummySpriteTexture.uasset" 3373
"/Paper2D/OpaqueUnlitSpriteMaterial" 3374
"../../Plugins/2D/Paper2D/Content/OpaqueUnlitSpriteMaterial.uasset" 3375
"/Paper2D/DefaultPaperTerrainMaterial" 3376
"../../Plugins/2D/Paper2D/Content/DefaultPaperTerrainMaterial.uasset" 3377
"../../Plugins/2D/Paper2D/Content/DummySprite.uasset" 3378
"/ControlRig/M_Manip" 3379
"../../Plugins/Animation/ControlRig/Content/M_Manip.uasset" 3380
"../../../Engine/Content/Functions/Engine_MaterialFunctions02/WorldPositionOffset/CameraOffset.uasset" 3381
"/Landmass/Landscape/BlueprintBrushes/Materials/Internal/BrushBounds" 3382
"../../Plugins/Experimental/Landmass/Content/Landscape/BlueprintBrushes/Materials/Internal/BrushBounds.uasset" 3383
"../../../Engine/Content/EditorMaterials/TilingAAGrid.uasset" 3384
"../../../Engine/Content/EditorMaterials/TilingAALineBoxFiltered.uasset" 3385
"../../../Engine/Content/EditorMaterials/TilingAALineIntegral.uasset" 3386
"../../../Engine/Content/Functions/Engine_MaterialFunctions01/ImageAdjustment/SCurve.uasset" 3387
"../../../Engine/Content/Functions/Engine_MaterialFunctions02/Utility/VectorLength.uasset" 3388
"../../../Engine/Content/Functions/Engine_MaterialFunctions02/WorldPositionOffset/V2/ObjectScale.uasset" 3389
"../../../Engine/Content/Functions/Engine_MaterialFunctions03/Blends/Blend_Screen.uasset" 3390
"../../../Engine/Content/Functions/Engine_MaterialFunctions03/Procedurals/ComputeFilterWidth.uasset" 3391
"../../Plugins/Experimental/Landmass/Content/Landscape/BlueprintBrushes/Materials/BrushMaterials/BasicFunctions/LandmassBrush_ShapeMask.uasset" 3392
"../../Plugins/Experimental/Landmass/Content/Landscape/BlueprintBrushes/MF/Landmass_BrushTilt.uasset" 3393
"../../Plugins/Experimental/Landmass/Content/Landscape/BlueprintBrushes/MF/LandmassBrush_EdgeFalloff.uasset" 3394
"../../Plugins/Experimental/Landmass/Content/Landscape/BlueprintBrushes/MF/LandmassBrush_Noise.uasset" 3395
"../../Plugins/Experimental/Landmass/Content/Landscape/BlueprintBrushes/MF/LandmassBrush_UVs.uasset" 3396
"../../Plugins/Experimental/Landmass/Content/Landscape/BlueprintBrushes/MF/PointSampleLandscapeUVs.uasset" 3397
"../../Plugins/Experimental/Landmass/Content/Landscape/OldPrototype_BP/Mats/MF/UnpackRG8Height.uasset" 3398
"../../Plugins/Experimental/Landmass/Content/Landscape/BlueprintBrushes/MPC/MPC_Landscape.uasset" 3399
"../../../Engine/Content/ArtTools/RenderToTexture/Textures/T_EV_BlankWhite_01.uasset" 3400
"../../../Engine/Content/EngineMaterials/BlendFunc_DefBase.uasset" 3401
"../../../Engine/Content/EngineMaterials/BlendFunc_DefBlend.uasset" 3402
"../../../Engine/Content/EngineResources/Black_Low.uasset" 3403
"/Landmass/Landscape/Meshes/S_SpritePlane" 3404
"../../Plugins/Experimental/Landmass/Content/Landscape/Meshes/S_SpritePlane.uasset" 3405
"/Landmass/Landscape/BlueprintBrushes/Materials/Sprite/M_BrushSprite_01" 3406
"../../Plugins/Experimental/Landmass/Content/Landscape/BlueprintBrushes/Materials/Sprite/M_BrushSprite_01.uasset" 3407
"../../../Engine/Content/Functions/Engine_MaterialFunctions02/WorldPositionOffset/ComponentPivotLocation.uasset" 3408
"../../../Engine/Content/Functions/Engine_MaterialFunctions02/WorldPositionOffset/Sprite.uasset" 3409
"../../../Engine/Content/EditorResources/S_Terrain.uasset" 3410
"/OpenXR/Devices/HTCVive/HTCViveController" 3411
"../../Plugins/Runtime/OpenXR/Content/Devices/HTCVive/HTCViveController.uasset" 3412
"../../Plugins/Runtime/OpenXR/Content/Devices/HTCVive/MI_HTCVive.uasset" 3413
"../../Plugins/Runtime/OpenXR/Content/Devices/M_XRController.uasset" 3414
"../../../Engine/Content/EngineMaterials/BaseFlattenNormalMap.uasset" 3415
"../../Plugins/Runtime/OpenXR/Content/Devices/HTCVive/BaseTexture.uasset" 3416
"/OpenXR/Devices/MicrosoftMixedReality/Left/left_MicrosoftMixedRealityController" 3417
"../../Plugins/Runtime/OpenXR/Content/Devices/MicrosoftMixedReality/Left/left_MicrosoftMixedRealityController.uasset" 3418
"../../Plugins/Runtime/OpenXR/Content/Devices/MicrosoftMixedReality/MI_MicrosoftMixedReality.uasset" 3419
"../../Plugins/Runtime/OpenXR/Content/Devices/MicrosoftMixedReality/BaseTexture.uasset" 3420
"../../Plugins/Runtime/OpenXR/Content/Devices/MicrosoftMixedReality/EmissiveTexture.uasset" 3421
"../../Plugins/Runtime/OpenXR/Content/Devices/MicrosoftMixedReality/MRTexture.uasset" 3422
"../../Plugins/Runtime/OpenXR/Content/Devices/MicrosoftMixedReality/NormalTexture.uasset" 3423
"/OpenXR/Devices/MicrosoftMixedReality/Right/right_MicrosoftMixedRealityController" 3424
"../../Plugins/Runtime/OpenXR/Content/Devices/MicrosoftMixedReality/Right/right_MicrosoftMixedRealityController.uasset" 3425
"/OpenXR/Devices/OculusGo/OculusGoController" 3426
"../../Plugins/Runtime/OpenXR/Content/Devices/OculusGo/OculusGoController.uasset" 3427
"../../Plugins/Runtime/OpenXR/Content/Devices/OculusGo/MI_OculusGo.uasset" 3428
"../../Plugins/Runtime/OpenXR/Content/Devices/OculusGo/BaseTexture.uasset" 3429
"/OpenXR/Devices/OculusTouch/Left/left_OculusTouchController" 3430
"../../Plugins/Runtime/OpenXR/Content/Devices/OculusTouch/Left/left_OculusTouchController.uasset" 3431
"../../Plugins/Runtime/OpenXR/Content/Devices/OculusTouch/MI_OculusTouch.uasset" 3432
"../../Plugins/Runtime/OpenXR/Content/Devices/OculusTouch/BaseTexture.uasset" 3433
"../../Plugins/Runtime/OpenXR/Content/Devices/OculusTouch/MRTexture.uasset" 3434
"/OpenXR/Devices/OculusTouch/Right/right_OculusTouchController" 3435
"../../Plugins/Runtime/OpenXR/Content/Devices/OculusTouch/Right/right_OculusTouchController.uasset" 3436
"/OpenXR/Devices/ValveIndex/Left/left_ValveIndexController" 3437
"../../Plugins/Runtime/OpenXR/Content/Devices/ValveIndex/Left/left_ValveIndexController.uasset" 3438
"../../Plugins/Runtime/OpenXR/Content/Devices/ValveIndex/Left/MI_left_ValveIndex.uasset" 3439
"../../Plugins/Runtime/OpenXR/Content/Devices/ValveIndex/BaseTexture.uasset" 3440
"../../Plugins/Runtime/OpenXR/Content/Devices/ValveIndex/MRTexture.uasset" 3441
"/OpenXR/Devices/ValveIndex/Right/right_ValveIndexController" 3442
"../../Plugins/Runtime/OpenXR/Content/Devices/ValveIndex/Right/right_ValveIndexController.uasset" 3443
"../../Plugins/Runtime/OpenXR/Content/Devices/ValveIndex/Right/MI_right_ValveIndex.uasset" 3444
"/OpenXR/Devices/OculusTouch_v2/Left/left_OculusTouch_v2Controller" 3445
"../../Plugins/Runtime/OpenXR/Content/Devices/OculusTouch_v2/Left/left_OculusTouch_v2Controller.uasset" 3446
"../../Plugins/Runtime/OpenXR/Content/Devices/OculusTouch_v2/MI_OculusTouch_v2.uasset" 3447
"../../Plugins/Runtime/OpenXR/Content/Devices/OculusTouch_v2/BaseTexture.uasset" 3448
"../../Plugins/Runtime/OpenXR/Content/Devices/OculusTouch_v2/MRTexture.uasset" 3449
"/OpenXR/Devices/OculusTouch_v2/Right/right_OculusTouch_v2Controller" 3450
"../../Plugins/Runtime/OpenXR/Content/Devices/OculusTouch_v2/Right/right_OculusTouch_v2Controller.uasset" 3451
"/OpenXR/Devices/OculusTouch_v3/Left/left_OculusTouch_v3Controller" 3452
"../../Plugins/Runtime/OpenXR/Content/Devices/OculusTouch_v3/Left/left_OculusTouch_v3Controller.uasset" 3453
"../../Plugins/Runtime/OpenXR/Content/Devices/OculusTouch_v3/MI_OculusTouch_v3.uasset" 3454
"../../Plugins/Runtime/OpenXR/Content/Devices/OculusTouch_v3/BaseTexture.uasset" 3455
"../../Plugins/Runtime/OpenXR/Content/Devices/OculusTouch_v3/MRTexture.uasset" 3456
"/OpenXR/Devices/OculusTouch_v3/Right/right_OculusTouch_v3Controller" 3457
"../../Plugins/Runtime/OpenXR/Content/Devices/OculusTouch_v3/Right/right_OculusTouch_v3Controller.uasset" 3458
"/SpeedTreeImporter/SpeedTree9/SpeedTreeMaster" 3459
"../../Plugins/Editor/SpeedTreeImporter/Content/SpeedTree9/SpeedTreeMaster.uasset" 3460
"../../../Engine/Content/Functions/Engine_MaterialFunctions02/ObjectLocalBounds.uasset" 3461
"../../../Engine/Content/Functions/Engine_MaterialFunctions02/SafeNormalize.uasset" 3462
"../../../Engine/Content/Functions/Engine_MaterialFunctions02/UVs/BoundingBoxBased_0-1_UVW.uasset" 3463
"../../../Engine/Content/Functions/Engine_MaterialFunctions02/WorldPositionOffset/ObjectScale.uasset" 3464
"../../Plugins/Editor/SpeedTreeImporter/Content/SpeedTree9/SpeedTreeBranchMotion.uasset" 3465
"../../Plugins/Editor/SpeedTreeImporter/Content/SpeedTree9/SpeedTreeCameraFacing.uasset" 3466
"../../Plugins/Editor/SpeedTreeImporter/Content/SpeedTree9/SpeedTreeWind.uasset" 3467
"../../Plugins/Editor/SpeedTreeImporter/Content/SpeedTree9/SpeedTreeWindMotion.uasset" 3468
"../../Plugins/Editor/SpeedTreeImporter/Content/SpeedTree9/UnpackDirection.uasset" 3469
"../../Plugins/Editor/SpeedTreeImporter/Content/SpeedTree9/UnpackInteger3.uasset" 3470
"../../Plugins/Editor/SpeedTreeImporter/Content/SpeedTree9/Empty.uasset" 3471
"../../Plugins/Editor/SpeedTreeImporter/Content/SpeedTree9/EmptyNormal.uasset" 3472
"../../Plugins/Editor/SpeedTreeImporter/Content/SpeedTree9/game_wind_noise.uasset" 3473
"/SpeedTreeImporter/SpeedTree9/SpeedTreeBillboardMaster" 3474
"../../Plugins/Editor/SpeedTreeImporter/Content/SpeedTree9/SpeedTreeBillboardMaster.uasset" 3475
"../../Plugins/Editor/SpeedTreeImporter/Content/SpeedTree9/SpeedTreeBillboard.uasset" 3476
"/MediaPlate/SM_MediaPlateScreen" 3477
"../../Plugins/Media/MediaPlate/Content/SM_MediaPlateScreen.uasset" 3478
"/Engine/BasicShapes/BasicShapeMaterial" 3479
"../../../Engine/Content/BasicShapes/BasicShapeMaterial.uasset" 3480
"/Engine/EditorMaterials/Dataflow/DataflowVertexMaterial" 3481
"../../../Engine/Content/EditorMaterials/Dataflow/DataflowVertexMaterial.uasset" 3482
"/Engine/EditorMaterials/Dataflow/DataflowTwoSidedVertexMaterial" 3483
"../../../Engine/Content/EditorMaterials/Dataflow/DataflowTwoSidedVertexMaterial.uasset" 3484
"/Engine/EditorLandscapeResources/LayerVisMaterial" 3485
"../../../Engine/Content/EditorLandscapeResources/LayerVisMaterial.uasset" 3486
"../../../Engine/Content/EditorLandscapeResources/WhiteSquareTexture.uasset" 3487
"/Engine/EditorLandscapeResources/SelectBrushMaterial_Selected" 3488
"../../../Engine/Content/EditorLandscapeResources/SelectBrushMaterial_Selected.uasset" 3489
"../../../Engine/Content/EditorLandscapeResources/SelectBrushMaterial.uasset" 3490
"../../../Engine/Content/Functions/Engine_MaterialFunctions03/Math/WithinRangeFloat2.uasset" 3491
"../../../Engine/Content/EditorLandscapeResources/DefaultAlphaTexture.uasset" 3492
"/Engine/EditorLandscapeResources/SelectBrushMaterial_SelectedRegion" 3493
"../../../Engine/Content/EditorLandscapeResources/SelectBrushMaterial_SelectedRegion.uasset" 3494
"/Engine/EditorLandscapeResources/MaskBrushMaterial_MaskedRegion" 3495
"../../../Engine/Content/EditorLandscapeResources/MaskBrushMaterial_MaskedRegion.uasset" 3496
"../../../Engine/Content/EditorLandscapeResources/MaskBrushMaterial.uasset" 3497
"/Engine/EditorLandscapeResources/ColorMaskBrushMaterial_MaskedRegion" 3498
"../../../Engine/Content/EditorLandscapeResources/ColorMaskBrushMaterial_MaskedRegion.uasset" 3499
"../../../Engine/Content/EditorLandscapeResources/ColorMaskBrushMaterial.uasset" 3500
"/Engine/EditorLandscapeResources/LandscapeDirtyMaterial" 3501
"../../../Engine/Content/EditorLandscapeResources/LandscapeDirtyMaterial.uasset" 3502
"/Engine/EditorLandscapeResources/LandscapeLayerUsageMaterial" 3503
"../../../Engine/Content/EditorLandscapeResources/LandscapeLayerUsageMaterial.uasset" 3504
"../../../Engine/Content/Functions/Engine_MaterialFunctions01/Debug/DebugIntValues.uasset" 3505
"../../../Engine/Content/Functions/Engine_MaterialFunctions01/Texturing/ScaleUVsByCenter.uasset" 3506
"../../../Engine/Content/Functions/Engine_MaterialFunctions02/WorldPositionOffset/LocalPosition.uasset" 3507
"../../../Engine/Content/Functions/Engine_MaterialFunctions01/Texturing/TextureCropping.uasset" 3508
"../../../Engine/Content/Functions/Engine_MaterialFunctions02/ExampleContent/DebugNumberStrip.uasset" 3509
"C:/Users/rexge/AppData/Local/UnrealEngine/Editor/UInteractiveToolsPresetCollectionAsset_DefaultCollection.json" 3510
"/Engine/EngineMaterials/NaniteHiddenSectionMaterial" 3511
"../../../Engine/Content/EngineMaterials/NaniteHiddenSectionMaterial.uasset" 3512
"/Engine/EngineMaterials/RemoveSurfaceMaterial" 3513
"../../../Engine/Content/EngineMaterials/RemoveSurfaceMaterial.uasset" 3514
"/Engine/EngineDebugMaterials/DebugMeshMaterial" 3515
"../../../Engine/Content/EngineDebugMaterials/DebugMeshMaterial.uasset" 3516
"/Engine/EngineMaterials/EmissiveMeshMaterial" 3517
"../../../Engine/Content/EngineMaterials/EmissiveMeshMaterial.uasset" 3518
"../../../Engine/Content/EngineMaterials/DefaultWhiteGrid_Low.uasset" 3519
"/Engine/EngineMaterials/M_InvalidLightmapSettings" 3520
"../../../Engine/Content/EngineMaterials/M_InvalidLightmapSettings.uasset" 3521
"../../../Engine/Content/EngineMaterials/InvalidLightmapSettings.uasset" 3522
"/Engine/EngineMaterials/GizmoMaterial" 3523
"../../../Engine/Content/EngineMaterials/GizmoMaterial.uasset" 3524
"/Engine/EngineMaterials/PhAT_JointLimitMaterial" 3525
"../../../Engine/Content/EngineMaterials/PhAT_JointLimitMaterial.uasset" 3526
"/Engine/EngineMaterials/FlattenMaterial" 3527
"../../../Engine/Content/EngineMaterials/FlattenMaterial.uasset" 3528
"../../../Engine/Content/EngineMaterials/BaseFlattenDiffuseMap.uasset" 3529
"../../../Engine/Content/EngineMaterials/BaseFlattenEmissiveMap.uasset" 3530
"../../../Engine/Content/EngineMaterials/BaseFlattenGrayscaleMap.uasset" 3531
"../../../Engine/Content/EngineMaterials/BaseFlattenLinearColor.uasset" 3532
"../../../Engine/Content/Functions/Engine_MaterialFunctions02/PivotPainter2/Black_1x1_EXR_Texture.uasset" 3533
"/Engine/EngineMaterials/FlattenMaterial_VT" 3534
"../../../Engine/Content/EngineMaterials/FlattenMaterial_VT.uasset" 3535
"../../../Engine/Content/EngineMaterials/BaseFlattenDiffuseMap_VT.uasset" 3536
"../../../Engine/Content/EngineMaterials/BaseFlattenEmissiveMap_VT.uasset" 3537
"../../../Engine/Content/EngineMaterials/BaseFlattenGrayscaleMap_VT.uasset" 3538
"../../../Engine/Content/EngineMaterials/BaseFlattenLinearColor_VT.uasset" 3539
"../../../Engine/Content/EngineMaterials/BaseFlattenNormalMap_VT.uasset" 3540
"../../../Engine/Content/EngineMaterials/Black_1x1_EXR_Texture_VT.uasset" 3541
"/Engine/EngineMaterials/FlattenMaterial_WS_Normal_VT" 3542
"../../../Engine/Content/EngineMaterials/FlattenMaterial_WS_Normal_VT.uasset" 3543
"/Engine/EngineMaterials/Good64x64TilingNoiseHighFreq" 3544
"../../../Engine/Content/EngineMaterials/Good64x64TilingNoiseHighFreq.uasset" 3545
"/Engine/EngineMaterials/DefaultBokeh" 3546
"../../../Engine/Content/EngineMaterials/DefaultBokeh.uasset" 3547
"/Engine/EngineMaterials/MiniFont" 3548
"../../../Engine/Content/EngineMaterials/MiniFont.uasset" 3549
"/Engine/EngineMaterials/WeightMapPlaceholderTexture" 3550
"../../../Engine/Content/EngineMaterials/WeightMapPlaceholderTexture.uasset" 3551
"/Engine/EngineMaterials/WeightMapArrayPlaceholderTexture" 3552
"../../../Engine/Content/EngineMaterials/WeightMapArrayPlaceholderTexture.uasset" 3553
"/Engine/EngineMaterials/DefaultWhiteGrid" 3554
"../../../Engine/Content/EngineMaterials/DefaultWhiteGrid.uasset" 3555
"/Engine/EngineMaterials/PreintegratedSkinBRDF" 3556
"../../../Engine/Content/EngineMaterials/PreintegratedSkinBRDF.uasset" 3557
"/Engine/EngineMaterials/LTC/GGX_LTCAmp" 3558
"../../../Engine/Content/EngineMaterials/LTC/GGX_LTCAmp.uasset" 3559
"/Engine/EngineMaterials/LTC/GGX_LTCMat" 3560
"../../../Engine/Content/EngineMaterials/LTC/GGX_LTCMat.uasset" 3561
"/Engine/EngineMaterials/EnergyConservation/GGX_ReflectionEnergy" 3562
"../../../Engine/Content/EngineMaterials/EnergyConservation/GGX_ReflectionEnergy.uasset" 3563
"/Engine/EngineMaterials/EnergyConservation/GGX_TransmissionEnergyArray" 3564
"../../../Engine/Content/EngineMaterials/EnergyConservation/GGX_TransmissionEnergyArray.uasset" 3565
"/Engine/EngineMaterials/EnergyConservation/SheenLegacy_Energy" 3566
"../../../Engine/Content/EngineMaterials/EnergyConservation/SheenLegacy_Energy.uasset" 3567
"/Engine/EngineMaterials/DefaultPhysicalMaterial" 3568
"../../../Engine/Content/EngineMaterials/DefaultPhysicalMaterial.uasset" 3569
"/Engine/EngineMaterials/DefaultDestructiblePhysicalMaterial" 3570
"../../../Engine/Content/EngineMaterials/DefaultDestructiblePhysicalMaterial.uasset" 3571
"/Water/Materials/MPC/MPC_Water" 3572
"../../Plugins/Experimental/Water/Content/Materials/MPC/MPC_Water.uasset" 3573
"C:/Users/rexge/AppData/Local/UnrealEngine/Editor/ProjectEditorRecords.json" 3574
"/Niagara/ParameterDefinitions/SpriteRenderer" 3575
"../../Plugins/FX/Niagara/Content/ParameterDefinitions/SpriteRenderer.uasset" 3576
"/Niagara/ParameterDefinitions/RibbonRenderer" 3577
"../../Plugins/FX/Niagara/Content/ParameterDefinitions/RibbonRenderer.uasset" 3578
"/Niagara/ParameterDefinitions/MeshRenderer" 3579
"../../Plugins/FX/Niagara/Content/ParameterDefinitions/MeshRenderer.uasset" 3580
"/Niagara/ParameterDefinitions/LightRenderer" 3581
"../../Plugins/FX/Niagara/Content/ParameterDefinitions/LightRenderer.uasset" 3582
"/Niagara/ParameterDefinitions/DecalRenderer" 3583
"../../Plugins/FX/Niagara/Content/ParameterDefinitions/DecalRenderer.uasset" 3584
"/Niagara/ParameterDefinitions/CoreParameters" 3585
"../../Plugins/FX/Niagara/Content/ParameterDefinitions/CoreParameters.uasset" 3586
"/DeformerGraph/Deformers/DG_LinearBlendSkin_Morph_Cloth" 3587
"../../Plugins/Animation/DeformerGraph/Content/Deformers/DG_LinearBlendSkin_Morph_Cloth.uasset" 3588
"../../Plugins/Animation/DeformerGraph/Content/DeformerFunctions/DG_Function_LinearBlendSkin_Morph_Cloth.uasset" 3589
"/DeformerGraph/Deformers/DG_LinearBlendSkin_Morph_Cloth_RecomputeNormals" 3590
"../../Plugins/Animation/DeformerGraph/Content/Deformers/DG_LinearBlendSkin_Morph_Cloth_RecomputeNormals.uasset" 3591
"../../Plugins/Animation/DeformerGraph/Content/DeformerFunctions/DG_Function_ComputeNormalsTangents.uasset" 3592
"../../Plugins/Animation/DeformerGraph/Content/DeformerFunctions/DG_Function_LinearBlendSkin_Morph_Cloth_PositionOnly.uasset" 3593
"/Water/Curves/FloatCurve" 3594
"../../Plugins/Experimental/Water/Content/Curves/FloatCurve.uasset" 3595
"/Water/Curves/FloatCurve_WaterBodyIsland" 3596
"../../Plugins/Experimental/Water/Content/Curves/FloatCurve_WaterBodyIsland.uasset" 3597
"/Water/Waves/GerstnerWaves_Lake" 3598
"../../Plugins/Experimental/Water/Content/Waves/GerstnerWaves_Lake.uasset" 3599
"/Water/Waves/GerstnerWaves_Ocean" 3600
"../../Plugins/Experimental/Water/Content/Waves/GerstnerWaves_Ocean.uasset" 3601
"/Water/Icons/WaterSprite" 3602
"../../Plugins/Experimental/Water/Content/Icons/WaterSprite.uasset" 3603
"/Water/Icons/WaterErrorSprite" 3604
"../../Plugins/Experimental/Water/Content/Icons/WaterErrorSprite.uasset" 3605
"/Water/Icons/WaterLandscapeBrushSprite" 3606
"../../Plugins/Experimental/Water/Content/Icons/WaterLandscapeBrushSprite.uasset" 3607
"/Engine/BasicShapes/Sphere" 3608
"../../../Engine/Content/BasicShapes/Sphere.uasset" 3609
"../../../Engine/Content/EngineMaterials/DefaultMaterial.uasset" 3610
"/Engine/BasicShapes/Cylinder" 3611
"../../../Engine/Content/BasicShapes/Cylinder.uasset" 3612
"/Engine/BasicShapes/Cone" 3613
"../../../Engine/Content/BasicShapes/Cone.uasset" 3614
"/Engine/BasicShapes/Plane" 3615
"../../../Engine/Content/BasicShapes/Plane.uasset" 3616
"/Engine/EngineFonts/DroidSansMono" 3617
"../../../Engine/Content/EngineFonts/DroidSansMono.uasset" 3618
"../../../Engine/Content/EngineFonts/Faces/DroidSansMono.uasset" 3619
"../../../Engine/Documentation/Source/Shared/Types/ABrush/ABrush.INT.udn" 3620
"../../../Engine/Content/Internationalization/icudt64l/brkitr/en_US.res" 3621
"../../../Engine/Content/Internationalization/icudt64l/brkitr/en.res" 3622
"../../../Engine/Content/Internationalization/icudt64l/brkitr/root.res" 3623
"../../../Engine/Content/Internationalization/icudt64l/brkitr/char.brk" 3624
"../../../Engine/Content/Internationalization/icudt64l/brkitr/word.brk" 3625
"/Engine/EditorResources/SequenceRecorder/Countdown" 3626
"../../../Engine/Content/EditorResources/SequenceRecorder/Countdown.uasset" 3627
"/Engine/EditorResources/SequenceRecorder/RecordingIndicator" 3628
"../../../Engine/Content/EditorResources/SequenceRecorder/RecordingIndicator.uasset" 3629
"/Engine/EditorMaterials/PhAT_UnselectedMaterial" 3630
"../../../Engine/Content/EditorMaterials/PhAT_UnselectedMaterial.uasset" 3631
"/Engine/EditorMaterials/PhAT_NoCollisionMaterial" 3632
"../../../Engine/Content/EditorMaterials/PhAT_NoCollisionMaterial.uasset" 3633
"../../../Engine/Plugins/FX/Niagara/Shaders/Private/NiagaraDataInterfaceTexture2DArrayTemplate.ush" 3634
"../../../Engine/Plugins/FX/Niagara/Shaders/Private/NiagaraDataInterfaceActorComponentTemplate.ush" 3635
"../../../Engine/Plugins/FX/Niagara/Shaders/Private/NiagaraDataInterfaceArrayTemplate.ush" 3636
"../../../Engine/Plugins/FX/Niagara/Shaders/Private/NiagaraDataInterfaceArrayRWTemplate.ush" 3637
"../../../Engine/Plugins/FX/Niagara/Shaders/Private/NiagaraDataInterfaceAsyncGpuTrace.ush" 3638
"../../../Engine/Plugins/FX/Niagara/Shaders/Private/NiagaraDataInterfaceAsyncGpuTraceTemplate.ush" 3639
"../../../Engine/Plugins/FX/Niagara/Shaders/Private/NiagaraDataInterfaceCamera.ush" 3640
"../../../Engine/Plugins/Experimental/ChaosNiagara/Shaders/NiagaraDataInterfaceChaosDestruction.ush" 3641
"../../../Engine/Plugins/FX/Niagara/Shaders/Private/NiagaraDataInterfaceCollisionQuery.ush" 3642
"../../../Engine/Plugins/FX/Niagara/Shaders/Private/NiagaraDataInterfaceCollisionQueryTemplate.ush" 3643
"../../../Engine/Plugins/FX/Niagara/Shaders/Private/NiagaraDataInterfaceCurveTemplate.ush" 3644
"../../../Engine/Plugins/FX/Niagara/Shaders/Private/NiagaraDataInterfaceCubeTextureTemplate.ush" 3645
"../../../Engine/Plugins/FX/Niagara/Shaders/Private/DataChannel/NiagaraDataInterfaceDataChannelCommon.ush" 3646
"../../../Engine/Plugins/FX/Niagara/Shaders/Private/DataChannel/NiagaraDataInterfaceDataChannelTemplateCommon.ush" 3647
"../../../Engine/Plugins/FX/Niagara/Shaders/Private/DataChannel/NiagaraDataInterfaceDataChannelTemplateReadCommon.ush" 3648
"../../../Engine/Plugins/FX/Niagara/Shaders/Private/DataChannel/NiagaraDataInterfaceDataChannelTemplate_Read.ush" 3649
"../../../Engine/Plugins/FX/Niagara/Shaders/Private/DataChannel/NiagaraDataInterfaceDataChannelTemplate_Consume.ush" 3650
"../../../Engine/Plugins/FX/Niagara/Shaders/Private/DataChannel/NiagaraDataInterfaceDataChannelTemplateWriteCommon.ush" 3651
"../../../Engine/Plugins/FX/Niagara/Shaders/Private/DataChannel/NiagaraDataInterfaceDataChannelTemplate_Append.ush" 3652
"../../../Engine/Plugins/FX/Niagara/Shaders/Private/NiagaraDataInterfaceDataTableTemplate.ush" 3653
"../../../Engine/Plugins/FX/Niagara/Shaders/Private/NiagaraDataInterfaceDebugDraw.ush" 3654
"../../../Engine/Plugins/FX/Niagara/Shaders/Private/NiagaraDataInterfaceDebugDrawTemplate.ush" 3655
"../../../Engine/Plugins/FX/Niagara/Shaders/Private/NiagaraDataInterfaceDynamicMeshTemplate.ush" 3656
"../../../Engine/Plugins/FX/Niagara/Shaders/Private/NiagaraDataInterfaceEmitterPropertiesTemplate.ush" 3657
"../../../Engine/Plugins/FX/Niagara/Shaders/Private/NiagaraDataInterfaceExportTemplate.ush" 3658
"../../../Engine/Plugins/FX/Niagara/Shaders/Private/NiagaraDataInterfaceGBufferTemplate.ush" 3659
"../../../Engine/Plugins/Experimental/ChaosNiagara/Shaders/NiagaraDataInterfaceGeometryCollection.ush" 3660
"../../../Engine/Plugins/FX/Niagara/Shaders/Private/NiagaraTransformUtils.ush" 3661
"../../../Engine/Plugins/Runtime/HairStrands/Shaders/Private/NiagaraStrandsExternalForce.ush" 3662
"../../../Engine/Plugins/Runtime/HairStrands/Shaders/Private/NiagaraHookeSpringMaterial.ush" 3663
"../../../Engine/Plugins/Runtime/HairStrands/Shaders/Private/NiagaraAngularSpringMaterial.ush" 3664
"../../../Engine/Plugins/Runtime/HairStrands/Shaders/Private/NiagaraConstantVolumeMaterial.ush" 3665
"../../../Engine/Plugins/Runtime/HairStrands/Shaders/Private/NiagaraCosseratRodMaterial.ush" 3666
"../../../Engine/Plugins/Runtime/HairStrands/Shaders/Private/NiagaraStaticCollisionConstraint.ush" 3667
"../../../Engine/Plugins/Runtime/HairStrands/Shaders/Private/NiagaraDataInterfaceHairStrands.ush" 3668
"../../../Engine/Plugins/Runtime/HairStrands/Shaders/Private/NiagaraDataInterfaceHairStrandsTemplate.ush" 3669
"../../../Engine/Plugins/FX/Niagara/Shaders/Private/NiagaraDataInterfaceIntRenderTarget2D.ush" 3670
"../../../Engine/Plugins/FX/Niagara/Shaders/Private/NiagaraDataInterfaceLandscape.ush" 3671
"../../../Engine/Plugins/FX/Niagara/Shaders/Private/NiagaraDataInterfaceMemoryBufferTemplate.ush" 3672
"../../../Engine/Plugins/FX/Niagara/Shaders/Private/NiagaraDataInterfaceMeshRendererInfoTemplate.ush" 3673
"../../../Engine/Plugins/FX/Niagara/Shaders/Private/NiagaraDataInterfaceOcclusion.ush" 3674
"../../../Engine/Plugins/FX/Niagara/Shaders/Private/NiagaraDataInterfacePhysicsAsset.ush" 3675
"../../../Engine/Plugins/Experimental/ChaosNiagara/Shaders/NiagaraDataInterfacePhysicsField.ush" 3676
"../../../Engine/Plugins/FX/Niagara/Shaders/Private/NiagaraDataInterfacePlatformSetTemplate.ush" 3677
"../../../Engine/Plugins/Runtime/HairStrands/Shaders/Private/NiagaraDataInterfaceVelocityGrid.ush" 3678
"../../../Engine/Plugins/Runtime/HairStrands/Shaders/Private/NiagaraDataInterfaceVelocityGridTemplate.ush" 3679
"../../../Engine/Plugins/Runtime/HairStrands/Shaders/Private/NiagaraDataInterfacePressureGrid.ush" 3680
"../../../Engine/Plugins/Runtime/HairStrands/Shaders/Private/NiagaraDataInterfacePressureGridTemplate.ush" 3681
"../../../Engine/Plugins/FX/Niagara/Shaders/Private/NiagaraDataInterfaceRenderTarget2DTemplate.ush" 3682
"../../../Engine/Plugins/FX/Niagara/Shaders/Private/NiagaraDataInterfaceRenderTarget2DArrayTemplate.ush" 3683
"../../../Engine/Plugins/FX/Niagara/Shaders/Private/NiagaraDataInterfaceRenderTargetCubeTemplate.ush" 3684
"../../../Engine/Plugins/FX/Niagara/Shaders/Private/NiagaraDataInterfaceRenderTargetVolumeTemplate.ush" 3685
"../../../Engine/Plugins/FX/Niagara/Shaders/Private/NiagaraDataInterfaceRigidMeshCollisionQuery.ush" 3686
"../../../Engine/Plugins/FX/Niagara/Shaders/Private/NiagaraDistanceFieldQueries.ush" 3687
"../../../Engine/Plugins/FX/Niagara/Shaders/Private/NiagaraDataInterfaceSceneCapture2DTemplate.ush" 3688
"../../../Engine/Plugins/FX/Niagara/Shaders/Private/NiagaraDataInterfaceSimCacheReaderTemplate.ush" 3689
"../../../Engine/Plugins/FX/Niagara/Shaders/Private/NiagaraDataInterfaceSimpleCounterTemplate.ush" 3690
"../../../Engine/Plugins/FX/Niagara/Shaders/Private/NiagaraDataInterfaceSkeletalMesh.ush" 3691
"../../../Engine/Plugins/FX/Niagara/Shaders/Private/NiagaraBaryCentricUtils.ush" 3692
"../../../Engine/Plugins/FX/Niagara/Shaders/Private/NiagaraDataInterfaceSkeletalMeshTemplate.ush" 3693
"../../../Engine/Plugins/FX/Niagara/Shaders/Private/NiagaraDataInterfaceSocketReaderTemplate.ush" 3694
"../../../Engine/Plugins/FX/Niagara/Shaders/Private/NiagaraDataInterfaceSparseVolumeTextureTemplate.ush" 3695
"../../../Engine/Plugins/FX/Niagara/Shaders/Private/NiagaraDataInterfaceSplineTemplate.ush" 3696
"../../../Engine/Plugins/FX/Niagara/Shaders/Private/NiagaraDataInterfaceSpriteRendererInfoTemplate.ush" 3697
"../../../Engine/Plugins/FX/Niagara/Shaders/Private/NiagaraDataInterfaceStaticMeshTemplate.ush" 3698
"../../../Engine/Plugins/FX/Niagara/Shaders/Private/NiagaraDataInterfaceTextureTemplate.ush" 3699
"../../../Engine/Plugins/FX/Niagara/Shaders/Private/NiagaraDataInterfaceVirtualTexture.ush" 3700
"../../../Engine/Plugins/FX/Niagara/Shaders/Private/NiagaraDataInterfaceVirtualTextureTemplate.ush" 3701
"../../../Engine/Plugins/FX/Niagara/Shaders/Private/NiagaraDataInterfaceVolumeCache.ush" 3702
"../../../Engine/Plugins/FX/Niagara/Shaders/Private/NiagaraDataInterfaceVolumeTextureTemplate.ush" 3703
"/Game/VRTemplate/VFX/NPC_VRTemplate" 3704
"../../../../../../Users/rexge/Documents/Unreal Projects/TheBigHunt/Content/VRTemplate/VFX/NPC_VRTemplate.uasset" 3705
"../../../Engine/Shaders/Public/Platform/Vulkan/VulkanCommon.ush" 3706
"../../../Engine/Shaders/Public/Platform/Vulkan/VulkanSubpassSupport.ush" 3707
"C:/Users/rexge/Documents/Unreal Projects/TheBigHunt/Content/Fab/Megascans/Plants/Wild_Grass_vlkhcbxia/Low/FoliageTypes/FT_vlkhcbxia_VarA.uasset" 3708
"C:/Users/rexge/Documents/Unreal Projects/TheBigHunt/Content/Fab/Megascans/Plants/Wild_Grass_vlkhcbxia/Low/FoliageTypes/FT_vlkhcbxia_VarC.uasset" 3709
"C:/Users/rexge/Documents/Unreal Projects/TheBigHunt/Content/Fab/Megascans/Plants/Wild_Grass_vlkhcbxia/Low/vlkhcbxia_tier_3/StaticMeshes/SM_vlkhcbxia_VarA.uasset" 3710
"C:/Users/rexge/Documents/Unreal Projects/TheBigHunt/Content/Fab/Megascans/Plants/Wild_Grass_vlkhcbxia/Low/FoliageTypes/FT_vlkhcbxia_VarG.uasset" 3711
"C:/Users/rexge/Documents/Unreal Projects/TheBigHunt/Content/Fab/Megascans/Plants/Wild_Grass_vlkhcbxia/Low/vlkhcbxia_tier_3/StaticMeshes/SM_vlkhcbxia_VarC.uasset" 3712
"C:/Users/rexge/Documents/Unreal Projects/TheBigHunt/Content/Fab/Megascans/Plants/Wild_Grass_vlkhcbxia/Low/vlkhcbxia_tier_3/Textures/T_vlkhcbxia_1K_B.uasset" 3713
"C:/Users/rexge/Documents/Unreal Projects/TheBigHunt/Content/Fab/Megascans/Plants/Wild_Grass_vlkhcbxia/Low/vlkhcbxia_tier_3/Textures/T_vlkhcbxia_1K_ORT.uasset" 3714
"C:/Users/rexge/Documents/Unreal Projects/TheBigHunt/Content/Fab/Megascans/Plants/Wild_Grass_vlkhcbxia/Low/vlkhcbxia_tier_3/Textures/T_vlkhcbxia_1K_N.uasset" 3715
"../../../Engine/Plugins/Fab/Content/Textures/Standard/T_DefaultMasks.uasset" 3716
"../../../Engine/Plugins/Fab/Content/MaterialFunctions/QMF_DistanceBasedOpacity.uasset" 3717
"../../../Engine/Plugins/Fab/Content/Materials/Standard/M_MS_Foliage.uasset" 3718
"C:/Users/rexge/Documents/Unreal Projects/TheBigHunt/Content/Fab/Megascans/Plants/Wild_Grass_vlkhcbxia/Low/vlkhcbxia_tier_3/Materials/MI_vlkhcbxia.uasset" 3719
"C:/Users/rexge/Documents/Unreal Projects/TheBigHunt/Content/Fab/Megascans/Plants/Wild_Grass_vlkhcbxia/Low/vlkhcbxia_tier_3/Textures/T_vlkhcbxia_1K_Billboard_B-O.uasset" 3720
"../../../Engine/Content/ArtTools/RenderToTexture/MaterialFunctions/FoliageZRotation.uasset" 3721
"../../../Engine/Plugins/Fab/Content/Textures/Standard/T_DefaultColor.uasset" 3722
"C:/Users/rexge/Documents/Unreal Projects/TheBigHunt/Content/Fab/Megascans/Plants/Wild_Grass_vlkhcbxia/Low/vlkhcbxia_tier_3/Textures/T_vlkhcbxia_1K_Billboard_N-T.uasset" 3723
"../../../Engine/Plugins/Fab/Content/Textures/Standard/T_DefaultNormal.uasset" 3724
"/Game/Fab/Megascans/Plants/Wild_Grass_vlkhcbxia/Low/vlkhcbxia_tier_3/Textures/T_vlkhcbxia_1K_B" 3725
"../../../Engine/Content/Functions/Engine_MaterialFunctions02/Utility/VectorToRadialValue.uasset" 3726
"../../../Engine/Plugins/Fab/Content/MaterialFunctions/QMF_AdjustTwoSidedBaseColor.uasset" 3727
"../../../Engine/Plugins/Fab/Content/MaterialFunctions/QMF_AdjustTwoSidedNormal.uasset" 3728
"../../../Engine/Plugins/Fab/Content/MaterialFunctions/QMF_GenerateTranslucency.uasset" 3729
"../../../Engine/Plugins/Fab/Content/MaterialFunctions/QMF_GrowthEffect.uasset" 3730
"../../../Engine/Content/Functions/Engine_MaterialFunctions03/Blends/Blend_ColorBurn.uasset" 3731
"../../../Engine/Plugins/Fab/Content/MaterialFunctions/QMF_GenerateTwoSidedSpecular.uasset" 3732
"../../../Engine/Content/Functions/Engine_MaterialFunctions03/Blends/Blend_LinearDodge.uasset" 3733
"../../../Engine/Plugins/Fab/Content/MaterialFunctions/QMF_HealthSeason.uasset" 3734
"../../../Engine/Plugins/Fab/Content/MaterialFunctions/QMF_TwoSidedRoughness.uasset" 3735
"../../../Engine/Plugins/Fab/Content/MaterialFunctions/QMF_DistanceBasedGradient.uasset" 3736
"../../../Engine/Content/Functions/Engine_MaterialFunctions02/WorldPositionOffset/ObjectPivotPoint.uasset" 3737
"../../../Engine/Content/Functions/Engine_MaterialFunctions01/WorldPositionOffset/SimpleGrassWind.uasset" 3738
"C:/Users/rexge/Documents/Unreal Projects/TheBigHunt/Content/Fab/Megascans/Plants/Wild_Grass_vlkhcbxia/Low/FoliageTypes/FT_vlkhcbxia_VarD.uasset" 3739
"C:/Users/rexge/Documents/Unreal Projects/TheBigHunt/Content/Fab/Megascans/Plants/Wild_Grass_vlkhcbxia/Low/vlkhcbxia_tier_3/StaticMeshes/SM_vlkhcbxia_VarD.uasset" 3740
"/Game/Fab/Megascans/Plants/Wild_Grass_vlkhcbxia/Low/vlkhcbxia_tier_3/Textures/T_vlkhcbxia_1K_N" 3741
"/Game/Fab/Megascans/Plants/Wild_Grass_vlkhcbxia/Low/vlkhcbxia_tier_3/Textures/T_vlkhcbxia_1K_ORT" 3742
"/Fab/Textures/Standard/T_DefaultMasks" 3743
"/Game/Fab/Megascans/Plants/Wild_Grass_vlkhcbxia/Low/FoliageTypes/FT_vlkhcbxia_VarG" 3744
"../../../../../../Users/rexge/Documents/Unreal Projects/TheBigHunt/Content/Fab/Megascans/Plants/Wild_Grass_vlkhcbxia/Low/vlkhcbxia_tier_3/StaticMeshes/SM_vlkhcbxia_VarG.uasset" 3745
"../../../../../../Users/rexge/Documents/Unreal Projects/TheBigHunt/Content/Fab/Megascans/Plants/Wild_Grass_vlkhcbxia/Low/vlkhcbxia_tier_3/Materials/MI_vlkhcbxia_Billboard.uasset" 3746
"../../../Engine/Plugins/Fab/Content/MaterialFunctions/QMF_WindAnimation.uasset" 3747
"../../../Engine/Content/Functions/Engine_MaterialFunctions01/ImageAdjustment/3ColorBlend.uasset" 3748
"../../../Engine/Plugins/Fab/Content/Textures/Standard/T_Default_WindNoise.uasset" 3749
"../../../Engine/Plugins/Fab/Content/MaterialFunctions/QMF_WindGust.uasset" 3750
"../../Plugins/Fab/Content/Materials/Standard/M_MS_Billboard.uasset" 3751
"../../../Engine/Content/Functions/Engine_MaterialFunctions01/Gradient/LinearGradient.uasset" 3752
"../../../Engine/Content/Functions/Engine_MaterialFunctions01/Texturing/FlattenNormal.uasset" 3753
"../../../Engine/Content/Functions/Engine_MaterialFunctions02/Lerp_3Color.uasset" 3754
"../../../Engine/Content/Functions/Engine_MaterialFunctions02/Texturing/CustomRotator.uasset" 3755
"../../../Engine/Content/Functions/Engine_MaterialFunctions03/Blends/Blend_Overlay.uasset" 3756
"../../Plugins/Fab/Content/MaterialFunctions/QMF_GenerateBranchMask_Plants.uasset" 3757
"../../Plugins/Fab/Content/MaterialFunctions/QMF_PerInstanceActorRandom.uasset" 3758
"../../Plugins/Fab/Content/MaterialFunctions/QMF_WindAnimation.uasset" 3759
"../../Plugins/Fab/Content/MaterialFunctions/QMF_WindGust.uasset" 3760
"../../Plugins/Fab/Content/MaterialFunctions/QMF_WorldspaceColorVariation.uasset" 3761
"../../Plugins/Fab/Content/MaterialParameterCollection/QMPC_GlobalFoliageActor.uasset" 3762
"../../Plugins/Fab/Content/Textures/Standard/T_Default_WindNoise.uasset" 3763
"C:/Users/rexge/Documents/Unreal Projects/TheBigHunt/Content/Jeep2/axleBackLeft.uasset" 3764
"/Game/Fab/Megascans/Plants/Wild_Grass_vlkhcbxia/Low/FoliageTypes/FT_vlkhcbxia_VarA" 3765
"C:/Users/rexge/Documents/Unreal Projects/TheBigHunt/Content/Jeep2/axleBackRight.uasset" 3766
"C:/Users/rexge/Documents/Unreal Projects/TheBigHunt/Content/Jeep2/body.uasset" 3767
"C:/Users/rexge/Documents/Unreal Projects/TheBigHunt/Content/Jeep2/textures/glassColor.uasset" 3768
"C:/Users/rexge/Documents/Unreal Projects/TheBigHunt/Content/Jeep2/textures/GlassMetallic.uasset" 3769
"C:/Users/rexge/Documents/Unreal Projects/TheBigHunt/Content/Jeep2/jeepwindows.uasset" 3770
"C:/Users/rexge/Documents/Unreal Projects/TheBigHunt/Content/Jeep2/glass.uasset" 3771
"../../../Engine/Content/EditorResources/FieldNodes/_Resources/DefaultTextMaterialOpaque.uasset" 3772
"C:/Users/rexge/Documents/Unreal Projects/TheBigHunt/Content/Fab/Old_Sks___Weapon_Model/old_sks_weapon_model/Textures/old_sks_weapon_model_texture_5.uasset" 3773
"C:/Users/rexge/Documents/Unreal Projects/TheBigHunt/Content/Fab/Old_Sks___Weapon_Model/old_sks_weapon_model/Textures/old_sks_weapon_model_texture_3.uasset" 3774
"C:/Users/rexge/Documents/Unreal Projects/TheBigHunt/Content/Fab/Old_Sks___Weapon_Model/old_sks_weapon_model/Materials/7_62Bullet.uasset" 3775
"C:/Users/rexge/Documents/Unreal Projects/TheBigHunt/Content/Fab/Old_Sks___Weapon_Model/old_sks_weapon_model/Textures/old_sks_weapon_model_texture_2.uasset" 3776
"C:/Users/rexge/Documents/Unreal Projects/TheBigHunt/Content/Fab/Old_Sks___Weapon_Model/old_sks_weapon_model/Textures/old_sks_weapon_model_texture_1.uasset" 3777
"C:/Users/rexge/Documents/Unreal Projects/TheBigHunt/Content/Fab/Old_Sks___Weapon_Model/old_sks_weapon_model/Textures/old_sks_weapon_model_texture_0.uasset" 3778
"C:/Users/rexge/Documents/Unreal Projects/TheBigHunt/Content/Jeep2/axleFrontLeft.uasset" 3779
"C:/Users/rexge/Documents/Unreal Projects/TheBigHunt/Content/Blueprints/Weapons/BP_Generic_Gun.uasset" 3780
"C:/Users/rexge/Documents/Unreal Projects/TheBigHunt/Content/Jeep2/textures/GlassRoughness.uasset" 3781
"C:/Users/rexge/Documents/Unreal Projects/TheBigHunt/Content/Fab/Old_Sks___Weapon_Model/old_sks_weapon_model/Textures/old_sks_weapon_model_texture_4.uasset" 3782
"C:/Users/rexge/Documents/Unreal Projects/TheBigHunt/Content/Jeep2/axleFrontRight.uasset" 3783
"/Game/Fab/Megascans/Plants/Wild_Grass_vlkhcbxia/Low/FoliageTypes/FT_vlkhcbxia_VarC" 3784
"/Game/Fab/Megascans/Plants/Wild_Grass_vlkhcbxia/Low/FoliageTypes/FT_vlkhcbxia_VarD" 3785
"../../../Engine/Plugins/Interchange/Assets/Content/gltf/MaterialBodies/MF_Default_Body.uasset" 3786
"../../../Engine/Plugins/Interchange/Assets/Content/gltf/MaterialFunctions/MF_Emissive.uasset" 3787
"../../../Engine/Plugins/Interchange/Assets/Content/gltf/Textures/T_Anisotropy_Direction_Linear.uasset" 3788
"../../../Engine/Plugins/Interchange/Assets/Content/gltf/MaterialFunctions/MF_SpecularAnisotropy.uasset" 3789
"/Game/Jeep2/glass" 3790
"../../../Engine/Plugins/Interchange/Assets/Content/gltf/MaterialFunctions/MF_Occlusion.uasset" 3791
"../../../Engine/Plugins/Interchange/Assets/Content/gltf/MaterialFunctions/MF_ScaleNormal.uasset" 3792
"../../../Engine/Plugins/Interchange/Assets/Content/gltf/Textures/T_White_Linear.uasset" 3793
"../../../Engine/Plugins/Interchange/Assets/Content/gltf/MaterialFunctions/MF_MetallicRoughness.uasset" 3794
"../../../Engine/Plugins/Interchange/Assets/Content/Functions/MF_IridescenceNoLUT.uasset" 3795
"../../../Engine/Plugins/Interchange/Assets/Content/gltf/MaterialFunctions/MF_Specular.uasset" 3796
"../../../../../../Users/rexge/Documents/Unreal Projects/TheBigHunt/Content/Jeep2/jeep.uasset" 3797
"../../../Engine/Plugins/Interchange/Assets/Content/gltf/Textures/T_Generic_N.uasset" 3798
"../../../Engine/Plugins/Interchange/Assets/Content/gltf/MaterialFunctions/MF_Normals.uasset" 3799
"../../../Engine/Plugins/Interchange/Assets/Content/gltf/MaterialFunctions/MF_RotateNormals_TS.uasset" 3800
"/Game/Jeep2/body" 3801
"../../../../../../Users/rexge/Documents/Unreal Projects/TheBigHunt/Content/Jeep2/jeep1.uasset" 3802
"../../../../../../Users/rexge/Documents/Unreal Projects/TheBigHunt/Content/Jeep2/textures/JeepAO.uasset" 3803
"../../../../../../Users/rexge/Documents/Unreal Projects/TheBigHunt/Content/Jeep2/textures/JeepColor.uasset" 3804
"../../../../../../Users/rexge/Documents/Unreal Projects/TheBigHunt/Content/Jeep2/textures/JeepMetallic.uasset" 3805
"../../../../../../Users/rexge/Documents/Unreal Projects/TheBigHunt/Content/Jeep2/textures/JeepNormal.uasset" 3806
"../../../../../../Users/rexge/Documents/Unreal Projects/TheBigHunt/Content/Jeep2/textures/JeepRoughness.uasset" 3807
"/Game/Jeep2/axleFrontRight" 3808
"/Game/Jeep2/axleFrontLeft" 3809
"/Game/Jeep2/axleBackRight" 3810
"/Game/Jeep2/axleBackLeft" 3811
"/Engine/EditorResources/FieldNodes/_Resources/DefaultTextMaterialOpaque" 3812
"/Game/Blueprints/Weapons/BP_Generic_Gun" 3813
"../../../Engine/Content/EditorBlueprintResources/StandardMacros.uasset" 3814
"../../../../../../Users/rexge/Documents/Unreal Projects/TheBigHunt/Content/Blueprints/Weapons/BP_Bullet.uasset" 3815
"../../../../../../Users/rexge/Documents/Unreal Projects/TheBigHunt/Content/Blueprints/Weapons/BP_Generic_Ammo.uasset" 3816
"../../../../../../Users/rexge/Documents/Unreal Projects/TheBigHunt/Content/VRTemplate/Blueprints/BPI_PawnAnim.uasset" 3817
"../../../../../../Users/rexge/Documents/Unreal Projects/TheBigHunt/Content/VRTemplate/Blueprints/GrabComponent.uasset" 3818
"../../../../../../Users/rexge/Documents/Unreal Projects/TheBigHunt/Content/VRTemplate/Haptics/PistolFireHapticEffect.uasset" 3819
"../../../../../../Users/rexge/Documents/Unreal Projects/TheBigHunt/Content/VRTemplate/Input/Actions/IA_Shoot_Left.uasset" 3820
"../../../../../../Users/rexge/Documents/Unreal Projects/TheBigHunt/Content/VRTemplate/Input/Actions/IA_Shoot_Right.uasset" 3821
"../../../../../../Users/rexge/Documents/Unreal Projects/TheBigHunt/Content/VRTemplate/Input/IMC_Weapon_Left.uasset" 3822
"../../../../../../Users/rexge/Documents/Unreal Projects/TheBigHunt/Content/VRTemplate/Input/IMC_Weapon_Right.uasset" 3823
"../../../../../../Users/rexge/Documents/Unreal Projects/TheBigHunt/Content/Weapons/Pistol/Meshes/SM_Pistol.uasset" 3824
"../../../../../../Users/rexge/Documents/Unreal Projects/TheBigHunt/Content/VRTemplate/Materials/MI_Projectile.uasset" 3825
"../../../../../../Users/rexge/Documents/Unreal Projects/TheBigHunt/Content/Blueprints/Vehicle/BP_Vehicle.uasset" 3826
"../../../../../../Users/rexge/Documents/Unreal Projects/TheBigHunt/Content/Fab/Magazine/magazine1.uasset" 3827
"../../../../../../Users/rexge/Documents/Unreal Projects/TheBigHunt/Content/VRTemplate/Haptics/GrabHapticEffect.uasset" 3828
"../../../../../../Users/rexge/Documents/Unreal Projects/TheBigHunt/Content/VRTemplate/Blueprints/GrabType.uasset" 3829
"../../../../../../Users/rexge/Documents/Unreal Projects/TheBigHunt/Content/Weapons/Pistol/Materials/MI_Weapon_Pistol.uasset" 3830
"../../../../../../Users/rexge/Documents/Unreal Projects/TheBigHunt/Content/VRTemplate/Materials/M_Projectile.uasset" 3831
"../../../../../../Users/rexge/Documents/Unreal Projects/TheBigHunt/Content/Blueprints/Vehicle/BP_SplineDrivePath.uasset" 3832
"../../../../../../Users/rexge/Documents/Unreal Projects/TheBigHunt/Content/VRTemplate/Input/Actions/IA_Start.uasset" 3833
"../../../../../../Users/rexge/Documents/Unreal Projects/TheBigHunt/Content/Fab/Magazine/bullet.uasset" 3834
"../../../../../../Users/rexge/Documents/Unreal Projects/TheBigHunt/Content/Fab/Magazine/magazine.uasset" 3835
"../../../../../../Users/rexge/Documents/Unreal Projects/TheBigHunt/Content/Weapons/Rifle/M_Weapon.uasset" 3836
"../../../../../../Users/rexge/Documents/Unreal Projects/TheBigHunt/Content/Weapons/Pistol/Textures/T_Pistol_AORM.uasset" 3837
"../../../../../../Users/rexge/Documents/Unreal Projects/TheBigHunt/Content/Weapons/Pistol/Textures/T_Pistol_D.uasset" 3838
"../../../../../../Users/rexge/Documents/Unreal Projects/TheBigHunt/Content/Weapons/Pistol/Textures/T_Pistol_Masks.uasset" 3839
"../../../../../../Users/rexge/Documents/Unreal Projects/TheBigHunt/Content/Weapons/Pistol/Textures/T_Pistol_N.uasset" 3840
"../../Plugins/Interchange/Assets/Content/Functions/MF_PhongToMetalRoughness.uasset" 3841
"../../../../../../Users/rexge/Documents/Unreal Projects/TheBigHunt/Content/Fab/Magazine/AKS74U_bullet_BaseColor.uasset" 3842
"../../../../../../Users/rexge/Documents/Unreal Projects/TheBigHunt/Content/Fab/Magazine/AKS74U_bullet_Roughness.uasset" 3843
"../../../../../../Users/rexge/Documents/Unreal Projects/TheBigHunt/Content/Fab/Magazine/AKS74U_magazine_BaseColor.uasset" 3844
"../../../../../../Users/rexge/Documents/Unreal Projects/TheBigHunt/Content/Fab/Magazine/AKS74U_magazine_Roughness.uasset" 3845
"../../../../../../Users/rexge/Documents/Unreal Projects/TheBigHunt/Content/Weapons/Rifle/Materials/M_Weapon.uasset" 3846
"../../../Engine/Content/Engine_MI_Shaders/T_Normal.uasset" 3847
"../../../Engine/Content/MaterialTemplates/LayerBlends/T_DefaultMaskTexture.uasset" 3848
"/Game/Fab/Old_Sks___Weapon_Model/old_sks_weapon_model/Textures/old_sks_weapon_model_texture_5" 3849
"/Game/Fab/Old_Sks___Weapon_Model/old_sks_weapon_model/Textures/old_sks_weapon_model_texture_4" 3850
"/Game/Fab/Old_Sks___Weapon_Model/old_sks_weapon_model/Textures/old_sks_weapon_model_texture_3" 3851
"/Game/Fab/Old_Sks___Weapon_Model/old_sks_weapon_model/Materials/7_62Bullet" 3852
"../../Plugins/Interchange/Assets/Content/gltf/MaterialInstances/MI_Default_Opaque_DS.uasset" 3853
"../../Plugins/Interchange/Assets/Content/gltf/M_Default.uasset" 3854
"../../Plugins/Interchange/Assets/Content/Functions/MF_IridescenceNoLUT.uasset" 3855
"../../Plugins/Interchange/Assets/Content/gltf/MaterialBodies/MF_Default_Body.uasset" 3856
"../../Plugins/Interchange/Assets/Content/gltf/MaterialFunctions/MF_BaseColor.uasset" 3857
"../../Plugins/Interchange/Assets/Content/gltf/MaterialFunctions/MF_Emissive.uasset" 3858
"../../Plugins/Interchange/Assets/Content/gltf/MaterialFunctions/MF_IOR.uasset" 3859
"../../Plugins/Interchange/Assets/Content/gltf/MaterialFunctions/MF_Iridescence.uasset" 3860
"../../Plugins/Interchange/Assets/Content/gltf/MaterialFunctions/MF_MetallicRoughness.uasset" 3861
"../../Plugins/Interchange/Assets/Content/gltf/MaterialFunctions/MF_Normals.uasset" 3862
"../../Plugins/Interchange/Assets/Content/gltf/MaterialFunctions/MF_Occlusion.uasset" 3863
"../../Plugins/Interchange/Assets/Content/gltf/MaterialFunctions/MF_RotateNormals_TS.uasset" 3864
"../../Plugins/Interchange/Assets/Content/gltf/MaterialFunctions/MF_RotateV2.uasset" 3865
"../../Plugins/Interchange/Assets/Content/gltf/MaterialFunctions/MF_ScaleNormal.uasset" 3866
"../../Plugins/Interchange/Assets/Content/gltf/MaterialFunctions/MF_Specular.uasset" 3867
"../../Plugins/Interchange/Assets/Content/gltf/MaterialFunctions/MF_SpecularAnisotropy.uasset" 3868
"../../Plugins/Interchange/Assets/Content/gltf/MaterialFunctions/MF_TransformUVs.uasset" 3869
"../../Plugins/Interchange/Assets/Content/gltf/Textures/T_Anisotropy_Direction_Linear.uasset" 3870
"../../Plugins/Interchange/Assets/Content/gltf/Textures/T_Generic_N.uasset" 3871
"../../Plugins/Interchange/Assets/Content/gltf/Textures/T_White_Linear.uasset" 3872
"../../Plugins/Interchange/Assets/Content/gltf/Textures/T_White_srgb.uasset" 3873
"/Game/Fab/Old_Sks___Weapon_Model/old_sks_weapon_model/Textures/old_sks_weapon_model_texture_2" 3874
"/Game/Fab/Old_Sks___Weapon_Model/old_sks_weapon_model/Textures/old_sks_weapon_model_texture_1" 3875
"/Game/Fab/Old_Sks___Weapon_Model/old_sks_weapon_model/Textures/old_sks_weapon_model_texture_0" 3876
"C:/Users/rexge/Documents/Unreal Projects/TheBigHunt/Content/Fab/Old_Sks___Weapon_Model/old_sks_weapon_model/Materials/material.uasset" 3877
"C:/Users/rexge/Documents/Unreal Projects/TheBigHunt/Content/Blueprints/Weapons/BP_Rifle.uasset" 3878
"C:/Users/rexge/Documents/Unreal Projects/TheBigHunt/Content/Blueprints/Weapons/BP_Rifle_Ammo.uasset" 3879
"C:/Users/rexge/Documents/Unreal Projects/TheBigHunt/Content/Jeep2/poke.uasset" 3880
"C:/Users/rexge/Documents/Unreal Projects/TheBigHunt/Content/Jeep2/steeringwheel.uasset" 3881
"C:/Users/rexge/Documents/Unreal Projects/TheBigHunt/Content/Jeep2/tireBackLeft.uasset" 3882
"C:/Users/rexge/Documents/Unreal Projects/TheBigHunt/Content/Jeep2/tireBackRight.uasset" 3883
"C:/Users/rexge/Documents/Unreal Projects/TheBigHunt/Content/Jeep2/tireFrontLeft.uasset" 3884
"C:/Users/rexge/Documents/Unreal Projects/TheBigHunt/Content/Jeep2/textures/TireNormal.uasset" 3885
"C:/Users/rexge/Documents/Unreal Projects/TheBigHunt/Content/Jeep2/textures/TireMetallic.uasset" 3886
"C:/Users/rexge/Documents/Unreal Projects/TheBigHunt/Content/Jeep2/textures/TireRoughness.uasset" 3887
"C:/Users/rexge/Documents/Unreal Projects/TheBigHunt/Content/Jeep2/tires.uasset" 3888
"C:/Users/rexge/Documents/Unreal Projects/TheBigHunt/Content/Jeep2/tireFrontRight.uasset" 3889
"/Game/Jeep2/steeringwheel" 3890
"C:/Users/rexge/Documents/Unreal Projects/TheBigHunt/Content/Jeep2/FbxScene_jeep.uasset" 3891
"C:/Users/rexge/Documents/Unreal Projects/TheBigHunt/Content/VRTemplate/Maps/VRTemplateMap_BuiltData.uasset" 3892
"C:/Users/rexge/Documents/Unreal Projects/TheBigHunt/Content/AfricanAnimalsPack/Crocodile/Textures/T_Crocodile_Nml.uasset" 3893
"C:/Users/rexge/Documents/Unreal Projects/TheBigHunt/Content/AfricanAnimalsPack/Crocodile/Textures/T_Crocodile_OcclusionRoughnessMetallic.uasset" 3894
"C:/Users/rexge/Documents/Unreal Projects/TheBigHunt/Content/AfricanAnimalsPack/Crocodile/Textures/T_Crocodile_Specular.uasset" 3895
"C:/Users/rexge/Documents/Unreal Projects/TheBigHunt/Content/AfricanAnimalsPack/Crocodile/Materials/M_Crocodile.uasset" 3896
"C:/Users/rexge/Documents/Unreal Projects/TheBigHunt/Content/AfricanAnimalsPack/Crocodile/Meshes/SK_Crocodile_PhysicsAsset.uasset" 3897
"C:/Users/rexge/Documents/Unreal Projects/TheBigHunt/Content/AfricanAnimalsPack/Crocodile/Meshes/SK_Crocodile.uasset" 3898
"C:/Users/rexge/Documents/Unreal Projects/TheBigHunt/Content/AfricanAnimalsPack/Crocodile/Animations/ANIM_Crocodile_Idle.uasset" 3899
"C:/Users/rexge/Documents/Unreal Projects/TheBigHunt/Content/AfricanAnimalsPack/Crocodile/Meshes/SK_Crocodile_Skeleton.uasset" 3900
"C:/Users/rexge/Documents/Unreal Projects/TheBigHunt/Content/AfricanAnimalsPack/Crocodile/Animations/ANIM_Crocodile_Death.uasset" 3901
"C:/Users/rexge/Documents/Unreal Projects/TheBigHunt/Content/Jeep2/textures/TireColor.uasset" 3902
"C:/Users/rexge/Documents/Unreal Projects/TheBigHunt/Content/AfricanAnimalsPack/Crocodile/Textures/T_Crocodile_BaseColor.uasset" 3903
"C:/Users/rexge/Documents/Unreal Projects/TheBigHunt/Content/AfricanAnimalsPack/Elephant/Animations/ANIM_Elephant_Walk.uasset" 3904
"C:/Users/rexge/Documents/Unreal Projects/TheBigHunt/Content/AfricanAnimalsPack/Elephant/Animations/ANIM_Elephant_IdleLookAround.uasset" 3905
"C:/Users/rexge/Documents/Unreal Projects/TheBigHunt/Content/AfricanAnimalsPack/Elephant/Animations/ANIM_Elephant_IdleLookAroundEat.uasset" 3906
"C:/Users/rexge/Documents/Unreal Projects/TheBigHunt/Content/AfricanAnimalsPack/Crocodile/Animations/ANIM_Crocodile_Walk.uasset" 3907
"C:/Users/rexge/Documents/Unreal Projects/TheBigHunt/Content/Blueprints/Animals/BP_Crocodile.uasset" 3908
"C:/Users/rexge/Documents/Unreal Projects/TheBigHunt/Content/Fab/Old_Sks___Weapon_Model/old_sks_weapon_model/StaticMeshes/shotgun_only.uasset" 3909
"/Game/Jeep2/textures/TireMetallic" 3910
"C:/Users/rexge/Documents/Unreal Projects/TheBigHunt/Content/AfricanAnimalsPack/Elephant/Animations/ANIM_Elephant_IdleChew.uasset" 3911
"/Game/Jeep2/poke" 3912
"C:/Users/rexge/Documents/Unreal Projects/TheBigHunt/Content/AfricanAnimalsPack/Elephant/Animations/ANIM_Elephant_IdleBreathe.uasset" 3913
"/Game/Blueprints/Weapons/BP_Rifle_Ammo" 3914
"/Game/Blueprints/Weapons/BP_Rifle" 3915
"/Game/AfricanAnimalsPack/Elephant/Animations/ANIM_Elephant_IdleLookAround" 3916
"../../../../../../Users/rexge/Documents/Unreal Projects/TheBigHunt/Content/AfricanAnimalsPack/Elephant/Meshes/SK_Elephant_Skeleton.uasset" 3917
"/Game/AfricanAnimalsPack/Elephant/Animations/ANIM_Elephant_IdleLookAroundEat" 3918
"/Game/AfricanAnimalsPack/Elephant/Animations/ANIM_Elephant_Walk" 3919
"/Game/Blueprints/Animals/BP_Crocodile" 3920
"../../../../../../Users/rexge/Documents/Unreal Projects/TheBigHunt/Content/Blueprints/Animals/BP_Animal.uasset" 3921
"../../../../../../Users/rexge/Documents/Unreal Projects/TheBigHunt/Content/Blueprints/BP_Scorekeeper.uasset" 3922
"../../../../../../Users/rexge/Documents/Unreal Projects/TheBigHunt/Content/BP_Waypoint.uasset" 3923
"../../../../../../Users/rexge/Documents/Unreal Projects/TheBigHunt/Content/AfricanAnimalsPack/Elephant/Meshes/SK_Elephant.uasset" 3924
"../../../../../../Users/rexge/Documents/Unreal Projects/TheBigHunt/Content/AfricanAnimalsPack/Elephant/Materials/M_Elephant.uasset" 3925
"../../../../../../Users/rexge/Documents/Unreal Projects/TheBigHunt/Content/AfricanAnimalsPack/Elephant/Meshes/SK_Elephant_PhysicsAsset.uasset" 3926
"../../../../../../Users/rexge/Documents/Unreal Projects/TheBigHunt/Content/AfricanAnimalsPack/Elephant/Textures/T_Elephant_BaseColor.uasset" 3927
"../../../../../../Users/rexge/Documents/Unreal Projects/TheBigHunt/Content/AfricanAnimalsPack/Elephant/Textures/T_Elephant_Nml.uasset" 3928
"../../../../../../Users/rexge/Documents/Unreal Projects/TheBigHunt/Content/AfricanAnimalsPack/Elephant/Textures/T_Elephant_OcclusionRoughnessMetallic.uasset" 3929
"../../../../../../Users/rexge/Documents/Unreal Projects/TheBigHunt/Content/AfricanAnimalsPack/Elephant/Textures/T_Elephant_Specular.uasset" 3930
"../../../../../../Users/rexge/Documents/Unreal Projects/TheBigHunt/Content/AfricanAnimalsPack/Crocodile/Meshes/SK_Crocodile.uasset" 3931
"/Game/Jeep2/tireBackLeft" 3932
"/Game/Jeep2/tireBackRight" 3933
"/Game/Jeep2/tireFrontLeft" 3934
"/Game/Jeep2/tireFrontRight" 3935
"/Game/Jeep2/FbxScene_jeep" 3936
"/Game/VRTemplate/Maps/VRTemplateMap_BuiltData" 3937
"/Game/AfricanAnimalsPack/Elephant/Animations/ANIM_Elephant_IdleBreathe" 3938
"C:/Users/rexge/Documents/Unreal Projects/TheBigHunt/Content/Blueprints/Animals/BP_Elephant.uasset" 3939
"C:/Users/rexge/Documents/Unreal Projects/TheBigHunt/Content/AfricanAnimalsPack/Hippopotamus/Animations/ANIM_Hippopotamus_IdleBreathe.uasset" 3940
"C:/Users/rexge/Documents/Unreal Projects/TheBigHunt/Content/AfricanAnimalsPack/Hippopotamus/Animations/ANIM_Hippopotamus_Death.uasset" 3941
"C:/Users/rexge/Documents/Unreal Projects/TheBigHunt/Content/AfricanAnimalsPack/Hippopotamus/Textures/T_Hippopotamus_Nml.uasset" 3942
"C:/Users/rexge/Documents/Unreal Projects/TheBigHunt/Content/AfricanAnimalsPack/Hippopotamus/Textures/T_Hippopotamus_OcclusionRoughnessMetallic.uasset" 3943
"C:/Users/rexge/Documents/Unreal Projects/TheBigHunt/Content/AfricanAnimalsPack/Hippopotamus/Textures/T_Hippopotamus_Specular.uasset" 3944
"C:/Users/rexge/Documents/Unreal Projects/TheBigHunt/Content/AfricanAnimalsPack/Hippopotamus/Materials/M_Hippopotamus.uasset" 3945
"C:/Users/rexge/Documents/Unreal Projects/TheBigHunt/Content/AfricanAnimalsPack/Hippopotamus/Meshes/SK_Hippopotamus_PhysicsAsset.uasset" 3946
"C:/Users/rexge/Documents/Unreal Projects/TheBigHunt/Content/AfricanAnimalsPack/Hippopotamus/Meshes/SK_Hippopotamus.uasset" 3947
"C:/Users/rexge/Documents/Unreal Projects/TheBigHunt/Content/Blueprints/Animals/BP_Hippo.uasset" 3948
"C:/Users/rexge/Documents/Unreal Projects/TheBigHunt/Content/AfricanAnimalsPack/LionAndLioness/Materials/M_Lion.uasset" 3949
"C:/Users/rexge/Documents/Unreal Projects/TheBigHunt/Content/AfricanAnimalsPack/LionAndLioness/Textures/T_Lion_BaseColor.uasset" 3950
"C:/Users/rexge/Documents/Unreal Projects/TheBigHunt/Content/AfricanAnimalsPack/LionAndLioness/Textures/T_Lion_Nml.uasset" 3951
"C:/Users/rexge/Documents/Unreal Projects/TheBigHunt/Content/AfricanAnimalsPack/LionAndLioness/Textures/T_Lion_OcclusionRoughnessMetallic.uasset" 3952
"C:/Users/rexge/Documents/Unreal Projects/TheBigHunt/Content/AfricanAnimalsPack/LionAndLioness/Materials/M_LionFur.uasset" 3953
"C:/Users/rexge/Documents/Unreal Projects/TheBigHunt/Content/AfricanAnimalsPack/LionAndLioness/Meshes/SK_Lion_LOD0.uasset" 3954
"C:/Users/rexge/Documents/Unreal Projects/TheBigHunt/Content/Blueprints/Animals/BP_Lion.uasset" 3955
"C:/Users/rexge/Documents/Unreal Projects/TheBigHunt/Content/AfricanAnimalsPack/LionAndLioness/Materials/M_LionessFur.uasset" 3956
"C:/Users/rexge/Documents/Unreal Projects/TheBigHunt/Content/AfricanAnimalsPack/LionAndLioness/Textures/T_Lioness_BaseColor.uasset" 3957
"C:/Users/rexge/Documents/Unreal Projects/TheBigHunt/Content/AfricanAnimalsPack/LionAndLioness/Textures/T_Lioness_Nml.uasset" 3958
"C:/Users/rexge/Documents/Unreal Projects/TheBigHunt/Content/AfricanAnimalsPack/Hippopotamus/Animations/ANIM_Hippopotamus_IdleLookAroundAndEat.uasset" 3959
"C:/Users/rexge/Documents/Unreal Projects/TheBigHunt/Content/AfricanAnimalsPack/LionAndLioness/Textures/T_Lioness_OcclusionRoughnessMetallic.uasset" 3960
"C:/Users/rexge/Documents/Unreal Projects/TheBigHunt/Content/AfricanAnimalsPack/Elephant/Animations/ANIM_Elephant_Death.uasset" 3961
"C:/Users/rexge/Documents/Unreal Projects/TheBigHunt/Content/AfricanAnimalsPack/LionAndLioness/Materials/M_Lioness.uasset" 3962
"C:/Users/rexge/Documents/Unreal Projects/TheBigHunt/Content/AfricanAnimalsPack/Hippopotamus/Textures/T_Hippopotamus_BaseColor.uasset" 3963
"C:/Users/rexge/Documents/Unreal Projects/TheBigHunt/Content/AfricanAnimalsPack/LionAndLioness/Meshes/SK_Lion_LOD0_PhysicsAsset.uasset" 3964
"C:/Users/rexge/Documents/Unreal Projects/TheBigHunt/Content/AfricanAnimalsPack/LionAndLioness/Meshes/SK_Lioness_LOD0.uasset" 3965
"C:/Users/rexge/Documents/Unreal Projects/TheBigHunt/Content/AfricanAnimalsPack/LionAndLioness/Animations/ANIM_Lion_IdleBreathe.uasset" 3966
"C:/Users/rexge/Documents/Unreal Projects/TheBigHunt/Content/AfricanAnimalsPack/LionAndLioness/Meshes/SK_Lion_LOD0_Skeleton.uasset" 3967
"C:/Users/rexge/Documents/Unreal Projects/TheBigHunt/Content/AfricanAnimalsPack/LionAndLioness/Textures/T_Lion_Specular.uasset" 3968
"/Game/AfricanAnimalsPack/Elephant/Animations/ANIM_Elephant_IdleChew" 3969
"C:/Users/rexge/Documents/Unreal Projects/TheBigHunt/Content/AfricanAnimalsPack/LionAndLioness/Animations/ANIM_Lion_Death.uasset" 3970
"C:/Users/rexge/Documents/Unreal Projects/TheBigHunt/Content/Blueprints/Animals/BP_Lionness.uasset" 3971
"/Game/AfricanAnimalsPack/LionAndLioness/Meshes/SK_Lion_LOD0_Skeleton" 3972
"/Game/AfricanAnimalsPack/LionAndLioness/Animations/ANIM_Lion_IdleBreathe" 3973
"/Game/AfricanAnimalsPack/LionAndLioness/Meshes/SK_Lioness_LOD0" 3974
"../../../../../../Users/rexge/Documents/Unreal Projects/TheBigHunt/Content/AfricanAnimalsPack/LionAndLioness/Meshes/SK_Lioness_LOD0.uasset" 3975
"/Game/Blueprints/Animals/BP_Lion" 3976
"../../../../../../Users/rexge/Documents/Unreal Projects/TheBigHunt/Content/AfricanAnimalsPack/LionAndLioness/Meshes/SK_Lion_LOD0.uasset" 3977
"/Game/Blueprints/Animals/BP_Hippo" 3978
"../../../../../../Users/rexge/Documents/Unreal Projects/TheBigHunt/Content/AfricanAnimalsPack/Hippopotamus/Animations/ANIM_Hippopotamus_IdleChew.uasset" 3979
"../../../../../../Users/rexge/Documents/Unreal Projects/TheBigHunt/Content/AfricanAnimalsPack/Hippopotamus/Meshes/SK_Hippopotamus_Skeleton.uasset" 3980
"../../../../../../Users/rexge/Documents/Unreal Projects/TheBigHunt/Content/AfricanAnimalsPack/Hippopotamus/Meshes/SK_Hippopotamus.uasset" 3981
"/Game/Blueprints/Animals/BP_Elephant" 3982
"C:/Users/rexge/Documents/Unreal Projects/TheBigHunt/Content/AfricanAnimalsPack/Rhinoceros/Animations/ANIM_Rhinoceros_IdleLookForFood.uasset" 3983
"C:/Users/rexge/Documents/Unreal Projects/TheBigHunt/Content/AfricanAnimalsPack/Rhinoceros/Animations/ANIM_Rhinoceros_IdleBreathe.uasset" 3984
"/Game/Blueprints/Animals/BP_Lionness" 3985
"C:/Users/rexge/Documents/Unreal Projects/TheBigHunt/Content/AfricanAnimalsPack/Rhinoceros/Animations/ANIM_Rhinoceros_Death.uasset" 3986
"C:/Users/rexge/Documents/Unreal Projects/TheBigHunt/Content/AfricanAnimalsPack/Rhinoceros/Textures/T_Rhinoceros_Nml.uasset" 3987
"C:/Users/rexge/Documents/Unreal Projects/TheBigHunt/Content/AfricanAnimalsPack/Rhinoceros/Textures/t_Rhinoceros_OcclusionRoughnessMetallic.uasset" 3988
"C:/Users/rexge/Documents/Unreal Projects/TheBigHunt/Content/AfricanAnimalsPack/Rhinoceros/Textures/T_Rhinoceros_Specular.uasset" 3989
"C:/Users/rexge/Documents/Unreal Projects/TheBigHunt/Content/AfricanAnimalsPack/Rhinoceros/Materials/M_Rhinoceros.uasset" 3990
"C:/Users/rexge/Documents/Unreal Projects/TheBigHunt/Content/AfricanAnimalsPack/Rhinoceros/Meshes/SK_Rhinoceros_PhysicsAsset.uasset" 3991
"C:/Users/rexge/Documents/Unreal Projects/TheBigHunt/Content/AfricanAnimalsPack/Rhinoceros/Meshes/SK_Rhinoceros_Skeleton.uasset" 3992
"C:/Users/rexge/Documents/Unreal Projects/TheBigHunt/Content/AfricanAnimalsPack/Rhinoceros/Meshes/SK_Rhinoceros.uasset" 3993
"C:/Users/rexge/Documents/Unreal Projects/TheBigHunt/Content/Blueprints/Animals/BP_Rhino.uasset" 3994
"C:/Users/rexge/Documents/Unreal Projects/TheBigHunt/Content/AfricanAnimalsPack/Zebra/Animations/ANIM_Zebra_IdleChew.uasset" 3995
"C:/Users/rexge/Documents/Unreal Projects/TheBigHunt/Content/AfricanAnimalsPack/Zebra/Animations/ANIM_Zebra_IdleBreathe.uasset" 3996
"C:/Users/rexge/Documents/Unreal Projects/TheBigHunt/Content/AfricanAnimalsPack/Zebra/Animations/ANIM_Zebra_IdleLookAround.uasset" 3997
"C:/Users/rexge/Documents/Unreal Projects/TheBigHunt/Content/AfricanAnimalsPack/Zebra/Textures/T_Zebra_BaseColor.uasset" 3998
"C:/Users/rexge/Documents/Unreal Projects/TheBigHunt/Content/AfricanAnimalsPack/Zebra/Textures/T_Zebra_Nml.uasset" 3999
"C:/Users/rexge/Documents/Unreal Projects/TheBigHunt/Content/AfricanAnimalsPack/Zebra/Textures/T_Zebra_OcclusionRoughnessMetallic.uasset" 4000
"C:/Users/rexge/Documents/Unreal Projects/TheBigHunt/Content/AfricanAnimalsPack/Zebra/Textures/T_Zebra_Specular.uasset" 4001
"C:/Users/rexge/Documents/Unreal Projects/TheBigHunt/Content/AfricanAnimalsPack/Zebra/Materials/M_Zebra.uasset" 4002
"C:/Users/rexge/Documents/Unreal Projects/TheBigHunt/Content/AfricanAnimalsPack/Zebra/Meshes/SK_Zebra_PhysicsAsset.uasset" 4003
"C:/Users/rexge/Documents/Unreal Projects/TheBigHunt/Content/AfricanAnimalsPack/Zebra/Meshes/SK_Zebra_Skeleton.uasset" 4004
"C:/Users/rexge/Documents/Unreal Projects/TheBigHunt/Content/AfricanAnimalsPack/Zebra/Meshes/SK_Zebra.uasset" 4005
"C:/Users/rexge/Documents/Unreal Projects/TheBigHunt/Content/Blueprints/Animals/BP_Zebra.uasset" 4006
"C:/Users/rexge/Documents/Unreal Projects/TheBigHunt/Content/LevelPrototyping/Materials/M_PrototypeGrid.uasset" 4007
"C:/Users/rexge/Documents/Unreal Projects/TheBigHunt/Content/LevelPrototyping/Materials/MI_PrototypeGrid_Gray.uasset" 4008
"C:/Users/rexge/Documents/Unreal Projects/TheBigHunt/Content/LevelPrototyping/Meshes/SM_Cube.uasset" 4009
"C:/Users/rexge/Documents/Unreal Projects/TheBigHunt/Content/AfricanAnimalsPack/Rhinoceros/Textures/T_Rhinoceros_BaseColor.uasset" 4010
"C:/Users/rexge/Documents/Unreal Projects/TheBigHunt/Content/LevelPrototyping/Textures/T_GridChecker_A.uasset" 4011
"C:/Users/rexge/Documents/Unreal Projects/TheBigHunt/Content/AfricanAnimalsPack/Zebra/Textures/T_Zebra_Transparency.uasset" 4012
"C:/Users/rexge/Documents/Unreal Projects/TheBigHunt/Content/AfricanAnimalsPack/Zebra/Animations/ANIM_Zebra_Death.uasset" 4013
"C:/Users/rexge/Documents/Unreal Projects/TheBigHunt/Content/LevelPrototyping/Materials/MF_ProcGrid.uasset" 4014
"C:/Users/rexge/Documents/Unreal Projects/TheBigHunt/Content/RocksPackDEMO/Textures/Rocks/T_RockPack_RockGroups_02_BC.uasset" 4015
"/Game/LevelPrototyping/Materials/M_PrototypeGrid" 4016
"../../../Engine/Content/Functions/Engine_MaterialFunctions01/ImageAdjustment/CheapContrast.uasset" 4017
"/Game/Blueprints/Animals/BP_Zebra" 4018
"../../../../../../Users/rexge/Documents/Unreal Projects/TheBigHunt/Content/AfricanAnimalsPack/Zebra/Meshes/SK_Zebra.uasset" 4019
"/Game/LevelPrototyping/Meshes/SM_Cube" 4020
"/Game/Blueprints/Animals/BP_Rhino" 4021
"../../../../../../Users/rexge/Documents/Unreal Projects/TheBigHunt/Content/AfricanAnimalsPack/Rhinoceros/Meshes/SK_Rhinoceros.uasset" 4022
"C:/Users/rexge/Documents/Unreal Projects/TheBigHunt/Content/RocksPackDEMO/Textures/Rocks/T_RockPack_RockGroups_02_N.uasset" 4023
"C:/Users/rexge/Documents/Unreal Projects/TheBigHunt/Content/RocksPackDEMO/Textures/Rocks/T_RockPack_RockGroups_02_RMA.uasset" 4024
"/Game/RocksPackDEMO/Textures/Rocks/T_RockPack_RockGroups_02_BC" 4025
"C:/Users/rexge/Documents/Unreal Projects/TheBigHunt/Content/RocksPackDEMO/Materials/Rocks/M_RockPack_RockGroups_02.uasset" 4026
"C:/Users/rexge/Documents/Unreal Projects/TheBigHunt/Content/RocksPackDEMO/Environment/Rocks/SM_RockPack_RockGroups_02_B.uasset" 4027
"C:/Users/rexge/Documents/Unreal Projects/TheBigHunt/Content/RocksPackDEMO/Textures/Rocks/T_RockPack_RockGroups_01_BC.uasset" 4028
"C:/Users/rexge/Documents/Unreal Projects/TheBigHunt/Content/RocksPackDEMO/Textures/Rocks/T_RockPack_RockGroups_01_N.uasset" 4029
"C:/Users/rexge/Documents/Unreal Projects/TheBigHunt/Content/RocksPackDEMO/Textures/Rocks/T_RockPack_RockGroups_01_RMA.uasset" 4030
"C:/Users/rexge/Documents/Unreal Projects/TheBigHunt/Content/RocksPackDEMO/Materials/Rocks/M_RockPack_RockGroups_01.uasset" 4031
"C:/Users/rexge/Documents/Unreal Projects/TheBigHunt/Content/RocksPackDEMO/Environment/Rocks/SM_RockPack_Rock_07.uasset" 4032
"C:/Users/rexge/Documents/Unreal Projects/TheBigHunt/Content/RocksPackDEMO/Environment/Rocks/SM_RockPack_Rock_04.uasset" 4033
"C:/Users/rexge/Documents/Unreal Projects/TheBigHunt/Content/RocksPackDEMO/Textures/Rocks/T_RockPack_Rocks_01_N.uasset" 4034
"C:/Users/rexge/Documents/Unreal Projects/TheBigHunt/Content/RocksPackDEMO/Textures/Rocks/T_RockPack_Rocks_01_RMA.uasset" 4035
"C:/Users/rexge/Documents/Unreal Projects/TheBigHunt/Content/RocksPackDEMO/Materials/Rocks/M_RockPack_Rocks_01.uasset" 4036
"/Game/RocksPackDEMO/Textures/Rocks/T_RockPack_RockGroups_01_RMA" 4037
"C:/Users/rexge/Documents/Unreal Projects/TheBigHunt/Content/RocksPackDEMO/Environment/Rocks/SM_RockPack_Rock_02.uasset" 4038
"C:/Users/rexge/Documents/Unreal Projects/TheBigHunt/Content/RocksPackDEMO/Environment/Rocks/SM_RockPack_Cliff_07_D.uasset" 4039
"C:/Users/rexge/Documents/Unreal Projects/TheBigHunt/Content/RocksPackDEMO/Collection/Textures/T_BaseColor_Flat.uasset" 4040
"C:/Users/rexge/Documents/Unreal Projects/TheBigHunt/Content/RocksPackDEMO/Collection/Textures/T_Normal_Flat.uasset" 4041
"C:/Users/rexge/Documents/Unreal Projects/TheBigHunt/Content/RocksPackDEMO/Collection/Textures/T_RMA_Flat.uasset" 4042
"C:/Users/rexge/Documents/Unreal Projects/TheBigHunt/Content/RocksPackDEMO/Textures/Landscape/T_Mountains_01_BC.uasset" 4043
"C:/Users/rexge/Documents/Unreal Projects/TheBigHunt/Content/RocksPackDEMO/Collection/Textures/T_Rock_MicroNoise.uasset" 4044
"C:/Users/rexge/Documents/Unreal Projects/TheBigHunt/Content/RocksPackDEMO/Textures/Landscape/T_Mountains_01_N.uasset" 4045
"../../../Engine/Content/Functions/Engine_MaterialFunctions01/AlphaBlend/WorldAlignedBlend.uasset" 4046
"C:/Users/rexge/Documents/Unreal Projects/TheBigHunt/Content/RocksPackDEMO/Textures/Rocks/T_RockPack_Cliff_07_BC.uasset" 4047
"/Game/RocksPackDEMO/Textures/Rocks/T_RockPack_RockGroups_01_N" 4048
"C:/Users/rexge/Documents/Unreal Projects/TheBigHunt/Content/RocksPackDEMO/Textures/Rocks/T_RockPack_Cliff_07_N.uasset" 4049
"C:/Users/rexge/Documents/Unreal Projects/TheBigHunt/Content/RocksPackDEMO/Environment/Rocks/SM_RockPack_RockGroups_01_A.uasset" 4050
"C:/Users/rexge/Documents/Unreal Projects/TheBigHunt/Content/RocksPackDEMO/Materials/Rocks/M_RockPack_Cliff_07.uasset" 4051
"C:/Users/rexge/Documents/Unreal Projects/TheBigHunt/Content/RocksPackDEMO/Environment/Rocks/SM_RockPack_Cliff_07_B.uasset" 4052
"C:/Users/rexge/Documents/Unreal Projects/TheBigHunt/Content/TerrainData/Dried_Grass_LayerInfo.uasset" 4053
"C:/Users/rexge/Documents/Unreal Projects/TheBigHunt/Content/RocksPackDEMO/Textures/Rocks/T_RockPack_Rocks_01_BC.uasset" 4054
"C:/Users/rexge/Documents/Unreal Projects/TheBigHunt/Content/RocksPackDEMO/Textures/Rocks/T_RockPack_Cliff_07_RMA.uasset" 4055
"C:/Users/rexge/Documents/Unreal Projects/TheBigHunt/Content/RocksPackDEMO/Collection/ParentMaterials/MM_CliffsDEMO.uasset" 4056
"C:/Users/rexge/Documents/Unreal Projects/TheBigHunt/Content/RocksPackDEMO/Collection/MaterialFunctions/MF_CoverageLayer.uasset" 4057
"/Game/RocksPackDEMO/Textures/Rocks/T_RockPack_RockGroups_01_BC" 4058
"/Game/RocksPackDEMO/Textures/Rocks/T_RockPack_RockGroups_02_RMA" 4059
"/Game/RocksPackDEMO/Textures/Rocks/T_RockPack_RockGroups_02_N" 4060
"C:/Users/rexge/Documents/Unreal Projects/TheBigHunt/Content/TerrainData/Forest_Grass_LayerInfo.uasset" 4061
"/Game/RocksPackDEMO/Materials/Rocks/M_RockPack_Cliff_07" 4062
"C:/Users/rexge/Documents/Unreal Projects/TheBigHunt/Content/TerrainData/Mud_LayerInfo.uasset" 4063
"C:/Users/rexge/Documents/Unreal Projects/TheBigHunt/Content/TerrainData/Rock_LayerInfo.uasset" 4064
"C:/Users/rexge/Documents/Unreal Projects/TheBigHunt/Content/Fab/Megascans/Surfaces/Wild_Grass_sfknaeoa/Low/sfknaeoa_tier_3/Textures/T_sfknaeoa_1K_N.uasset" 4065
"C:/Users/rexge/Documents/Unreal Projects/TheBigHunt/Content/Fab/Megascans/Surfaces/Wild_Grass_sfknaeoa/Low/sfknaeoa_tier_3/Textures/T_sfknaeoa_1K_B.uasset" 4066
"../../../Engine/Content/Functions/Engine_MaterialFunctions01/Texturing/WorldAlignedTexture.uasset" 4067
"../../../Engine/Content/Functions/Engine_MaterialFunctions02/Utility/BlendAngleCorrectedNormals.uasset" 4068
"/Game/RocksPackDEMO/Environment/Rocks/SM_RockPack_Cliff_07_D" 4069
"/Game/RocksPackDEMO/Environment/Rocks/SM_RockPack_Rock_02" 4070
"../../../Engine/Plugins/Interchange/Assets/Shaders/ThinFilmFunctions.usf" 4071
"C:/Users/rexge/Documents/Unreal Projects/TheBigHunt/Content/Fab/Megascans/Surfaces/Dry_Cracked_Mud_xccibi1/Raw/xccibi1_tier_0/Textures/T_xccibi1_8K_N.uasset" 4072
"C:/Users/rexge/Documents/Unreal Projects/TheBigHunt/Content/TerrainData/Terrain.uasset" 4073
"C:/Users/rexge/Documents/Unreal Projects/TheBigHunt/Content/VRSpectator/Input/Actions/IA_VRSpectator_Toggle.uasset" 4074
"C:/Users/rexge/Documents/Unreal Projects/TheBigHunt/Content/VRSpectator/Input/Actions/IA_VRSpectator_ResetRotation.uasset" 4075
"C:/Users/rexge/Documents/Unreal Projects/TheBigHunt/Content/VRSpectator/Input/Actions/IA_VRSpectator_Move.uasset" 4076
"/Game/RocksPackDEMO/Materials/Rocks/M_RockPack_RockGroups_02" 4077
"C:/Users/rexge/Documents/Unreal Projects/TheBigHunt/Content/VRSpectator/Input/Actions/IA_VRSpectator_FOV.uasset" 4078
"C:/Users/rexge/Documents/Unreal Projects/TheBigHunt/Content/VRSpectator/Input/Actions/IA_VRSpectator_FadeInOut.uasset" 4079
"C:/Users/rexge/Documents/Unreal Projects/TheBigHunt/Content/VRSpectator/Input/IMC_VRSpectator.uasset" 4080
"C:/Users/rexge/Documents/Unreal Projects/TheBigHunt/Content/VRSpectator/EVRSpectatorMode.uasset" 4081
"C:/Users/rexge/Documents/Unreal Projects/TheBigHunt/Content/VRSpectator/RT_VRSpectator.uasset" 4082
"C:/Users/rexge/Documents/Unreal Projects/TheBigHunt/Content/VRSpectator/Input/Actions/IA_VRSpectator_FOV_Reset.uasset" 4083
"../../../Engine/Content/EditorMaterials/MatineeCam_mat.uasset" 4084
"C:/Users/rexge/Documents/Unreal Projects/TheBigHunt/Content/Fab/Megascans/Surfaces/Dry_Cracked_Mud_xccibi1/Raw/xccibi1_tier_0/Textures/T_xccibi1_8K_B.uasset" 4085
"C:/Users/rexge/Documents/Unreal Projects/TheBigHunt/Content/Fab/Megascans/Surfaces/Dried_Grass_xbrgaba/Medium/xbrgaba_tier_2/Textures/T_xbrgaba_2K_N.uasset" 4086
"../../../Engine/Content/EditorMeshes/MatineeCam_SM.uasset" 4087
"C:/Users/rexge/Documents/Unreal Projects/TheBigHunt/Content/Fab/Megascans/Surfaces/Dried_Grass_xbrgaba/Medium/xbrgaba_tier_2/Textures/T_xbrgaba_2K_B.uasset" 4088
"C:/Users/rexge/Documents/Unreal Projects/TheBigHunt/Content/VRSpectator/Input/Actions/IA_VRSpectator_Look.uasset" 4089
"C:/Users/rexge/Documents/Unreal Projects/TheBigHunt/Content/VRSpectator/VRSpectator.uasset" 4090
"../../../Engine/Content/EditorResources/MatineeCam_D.uasset" 4091
"/Game/RocksPackDEMO/Materials/Rocks/M_RockPack_RockGroups_01" 4092
"/Game/RocksPackDEMO/Environment/Rocks/SM_RockPack_RockGroups_02_B" 4093
"/Game/RocksPackDEMO/Environment/Rocks/SM_RockPack_RockGroups_01_A" 4094
"/Game/Fab/Megascans/Surfaces/Wild_Grass_sfknaeoa/Low/sfknaeoa_tier_3/Textures/T_sfknaeoa_1K_B" 4095
"/Game/Fab/Megascans/Surfaces/Wild_Grass_sfknaeoa/Low/sfknaeoa_tier_3/Textures/T_sfknaeoa_1K_N" 4096
"/Game/TerrainData/Rock_LayerInfo" 4097
"/Game/RocksPackDEMO/Environment/Rocks/SM_RockPack_Rock_07" 4098
"/Game/RocksPackDEMO/Environment/Rocks/SM_RockPack_Rock_04" 4099
"/Game/RocksPackDEMO/Environment/Rocks/SM_RockPack_Cliff_07_B" 4100
"/Game/TerrainData/Dried_Grass_LayerInfo" 4101
"/Game/TerrainData/Mud_LayerInfo" 4102
"/Game/TerrainData/Forest_Grass_LayerInfo" 4103
"C:/Users/rexge/Documents/Unreal Projects/TheBigHunt/Content/LevelPrototyping/Meshes/SM_ChamferCube.uasset" 4104
"C:/Users/rexge/Documents/Unreal Projects/TheBigHunt/Content/LevelPrototyping/Materials/M_FlatCol.uasset" 4105
"C:/Users/rexge/Documents/Unreal Projects/TheBigHunt/Content/LevelPrototyping/Materials/MI_DefaultColorway.uasset" 4106
"C:/Users/rexge/Documents/Unreal Projects/TheBigHunt/Content/VRTemplate/Blueprints/Grabbable_SmallCube.uasset" 4107
"C:/Users/rexge/Documents/Unreal Projects/TheBigHunt/Content/VRTemplate/Blueprints/Pistol.uasset" 4108
"C:/Users/rexge/Documents/Unreal Projects/TheBigHunt/Content/VRTemplate/Blueprints/Projectile.uasset" 4109
"C:/Users/rexge/Documents/Unreal Projects/TheBigHunt/Content/ButtonInput/ButtonAInput.uasset" 4110
"C:/Users/rexge/Documents/Unreal Projects/TheBigHunt/Content/VRTemplate/Blueprints/B_AssetGuideline.uasset" 4111
"C:/Users/rexge/Documents/Unreal Projects/TheBigHunt/Content/VRTemplate/Input/Actions/IA_Menu_Interact_Right_Pressed.uasset" 4112
"/Game/VRSpectator/RT_VRSpectator" 4113
"C:/Users/rexge/Documents/Unreal Projects/TheBigHunt/Content/VRTemplate/Input/Actions/IA_Menu_Interact_Right.uasset" 4114
"C:/Users/rexge/Documents/Unreal Projects/TheBigHunt/Content/VRTemplate/Input/Actions/IA_Menu_Interact_Left_Pressed.uasset" 4115
"C:/Users/rexge/Documents/Unreal Projects/TheBigHunt/Content/VRTemplate/Materials/MI_VRColorway.uasset" 4116
"C:/Users/rexge/Documents/Unreal Projects/TheBigHunt/Content/ButtonInput/ButtonAPressed.uasset" 4117
"/Game/VRSpectator/EVRSpectatorMode" 4118
"/Game/VRSpectator/Input/IMC_VRSpectator" 4119
"/Game/VRSpectator/VRSpectator" 4120
"/Game/TerrainData/Terrain" 4121
"C:/Users/rexge/Documents/Unreal Projects/TheBigHunt/Content/VRTemplate/Input/Actions/IA_Menu_Cursor_Right.uasset" 4122
"C:/Users/rexge/Documents/Unreal Projects/TheBigHunt/Content/VRTemplate/Input/Actions/IA_Menu_Cursor_Left.uasset" 4123
"C:/Users/rexge/Documents/Unreal Projects/TheBigHunt/Content/VRTemplate/Input/IMC_Menu.uasset" 4124
"../../../Engine/Content/EditorResources/AI/S_NavLink.uasset" 4125
"C:/Users/rexge/Documents/Unreal Projects/TheBigHunt/Content/VRTemplate/Blueprints/WidgetMenu.uasset" 4126
"C:/Users/rexge/Documents/Unreal Projects/TheBigHunt/Content/VRTemplate/Materials/M_VRCursor.uasset" 4127
"C:/Users/rexge/Documents/Unreal Projects/TheBigHunt/Content/VRTemplate/Blueprints/Menu.uasset" 4128
"C:/Users/rexge/Documents/Unreal Projects/TheBigHunt/Content/VRTemplate/VFX/NS_MenuLaser.uasset" 4129
"C:/Users/rexge/Documents/Unreal Projects/TheBigHunt/Content/VRTemplate/Input/IMC_DEBUG.uasset" 4130
"C:/Users/rexge/Documents/Unreal Projects/TheBigHunt/Content/VRTemplate/Input/Actions/IA_Look_DEBUG.uasset" 4131
"C:/Users/rexge/Documents/Unreal Projects/TheBigHunt/Content/VRTemplate/Input/B_InputModifier_XAxisPositiveOnly.uasset" 4132
"C:/Users/rexge/Documents/Unreal Projects/TheBigHunt/Content/VRTemplate/Input/Actions/IA_Menu_Toggle_Right.uasset" 4133
"C:/Users/rexge/Documents/Unreal Projects/TheBigHunt/Content/VRTemplate/Input/Actions/IA_Grab_Right_Released.uasset" 4134
"C:/Users/rexge/Documents/Unreal Projects/TheBigHunt/Content/VRTemplate/Input/Actions/IA_Menu_Toggle_Left.uasset" 4135
"C:/Users/rexge/Documents/Unreal Projects/TheBigHunt/Content/VRTemplate/Input/Actions/IA_Menu_Interact_Left.uasset" 4136
"C:/Users/rexge/Documents/Unreal Projects/TheBigHunt/Content/VRTemplate/Input/Actions/IA_Turn.uasset" 4137
"C:/Users/rexge/Documents/Unreal Projects/TheBigHunt/Content/VRTemplate/Input/Actions/IA_Grab_Right_Pressed.uasset" 4138
"/Game/VRTemplate/Input/Actions/IA_Menu_Interact_Left_Pressed" 4139
"C:/Users/rexge/Documents/Unreal Projects/TheBigHunt/Content/VRTemplate/Input/Actions/IA_Move.uasset" 4140
"C:/Users/rexge/Documents/Unreal Projects/TheBigHunt/Content/Characters/MannequinsXR/Meshes/SKM_MannyXR_right.uasset" 4141
"/Game/VRTemplate/Input/Actions/IA_Menu_Interact_Right" 4142
"/Game/VRTemplate/Blueprints/B_AssetGuideline" 4143
"/Game/ButtonInput/ButtonAInput" 4144
"/Game/VRTemplate/Blueprints/Pistol" 4145
"/Game/VRTemplate/Blueprints/Grabbable_SmallCube" 4146
"C:/Users/rexge/Documents/Unreal Projects/TheBigHunt/Content/VRTemplate/Input/Actions/IA_Grab_Left_Released.uasset" 4147
"/Game/VRTemplate/Input/Actions/IA_Grab_Right_Pressed" 4148
"C:/Users/rexge/Documents/Unreal Projects/TheBigHunt/Content/VRTemplate/Input/Actions/Hands/IA_Hand_ThumbUp_Right.uasset" 4149
"C:/Users/rexge/Documents/Unreal Projects/TheBigHunt/Content/VRTemplate/Input/Actions/Hands/IA_Hand_ThumbUp_Left.uasset" 4150
"C:/Users/rexge/Documents/Unreal Projects/TheBigHunt/Content/VRTemplate/Input/Actions/Hands/IA_Hand_Point_Right.uasset" 4151
"C:/Users/rexge/Documents/Unreal Projects/TheBigHunt/Content/VRTemplate/Input/Actions/Hands/IA_Hand_Point_Left.uasset" 4152
"C:/Users/rexge/Documents/Unreal Projects/TheBigHunt/Content/VRTemplate/Input/Actions/Hands/IA_Hand_IndexCurl_Right.uasset" 4153
"C:/Users/rexge/Documents/Unreal Projects/TheBigHunt/Content/VRTemplate/Input/Actions/Hands/IA_Hand_IndexCurl_Left.uasset" 4154
"C:/Users/rexge/Documents/Unreal Projects/TheBigHunt/Content/VRTemplate/Input/Actions/Hands/IA_Hand_Grasp_Right.uasset" 4155
"C:/Users/rexge/Documents/Unreal Projects/TheBigHunt/Content/VRTemplate/Input/Actions/Hands/IA_Hand_Grasp_Left.uasset" 4156
"C:/Users/rexge/Documents/Unreal Projects/TheBigHunt/Content/VRTemplate/Input/IMC_Hands.uasset" 4157
"/Game/VRTemplate/Input/Actions/IA_Grab_Right_Released" 4158
"C:/Users/rexge/Documents/Unreal Projects/TheBigHunt/Content/Characters/MannequinsXR/Materials/Functions/CA_Mannequin.uasset" 4159
"C:/Users/rexge/Documents/Unreal Projects/TheBigHunt/Content/VRTemplate/Input/IMC_Default.uasset" 4160
"C:/Users/rexge/Documents/Unreal Projects/TheBigHunt/Content/VRTemplate/Input/Actions/IA_Grab_Left_Pressed.uasset" 4161
"/Game/VRTemplate/Input/Actions/IA_Menu_Toggle_Left" 4162
"/Game/VRTemplate/Input/Actions/IA_Menu_Toggle_Right" 4163
"/Game/VRTemplate/Input/Actions/IA_Move" 4164
"/Game/VRTemplate/Input/Actions/IA_Turn" 4165
"/Game/VRTemplate/Input/IMC_DEBUG" 4166
"/Game/Characters/MannequinsXR/Meshes/SKM_MannyXR_right" 4167
"../../../../../../Users/rexge/Documents/Unreal Projects/TheBigHunt/Content/Characters/MannequinsXR/Materials/Instances/Manny/MI_Manny_02.uasset" 4168
"../../../../../../Users/rexge/Documents/Unreal Projects/TheBigHunt/Content/Characters/MannequinsXR/Meshes/SK_MannequinsXR.uasset" 4169
"../../../../../../Users/rexge/Documents/Unreal Projects/TheBigHunt/Content/Characters/MannequinsXR/Meshes/SkeletalMeshLODSettings_MannequinsXR.uasset" 4170
"../../../../../../Users/rexge/Documents/Unreal Projects/TheBigHunt/Content/Characters/MannequinsXR/Materials/Instances/Manny/MI_Manny_01.uasset" 4171
"../../../../../../Users/rexge/Documents/Unreal Projects/TheBigHunt/Content/Characters/MannequinsXR/Textures/Manny/T_Manny_02_ASAOPMASK_MSK.uasset" 4172
"../../../../../../Users/rexge/Documents/Unreal Projects/TheBigHunt/Content/Characters/MannequinsXR/Textures/Manny/T_Manny_02_BN.uasset" 4173
"../../../../../../Users/rexge/Documents/Unreal Projects/TheBigHunt/Content/Characters/MannequinsXR/Textures/Manny/T_Manny_02_CCRCCPlastic_MSK.uasset" 4174
"../../../../../../Users/rexge/Documents/Unreal Projects/TheBigHunt/Content/Characters/MannequinsXR/Textures/Manny/T_Manny_02_D.uasset" 4175
"../../../../../../Users/rexge/Documents/Unreal Projects/TheBigHunt/Content/Characters/MannequinsXR/Textures/Manny/T_Manny_02_MSR_MSK.uasset" 4176
"../../../../../../Users/rexge/Documents/Unreal Projects/TheBigHunt/Content/Characters/MannequinsXR/Textures/Manny/T_Manny_02_N.uasset" 4177
"../../../../../../Users/rexge/Documents/Unreal Projects/TheBigHunt/Content/Characters/MannequinsXR/Textures/Manny/T_Manny_02_Tan.uasset" 4178
"../../../../../../Users/rexge/Documents/Unreal Projects/TheBigHunt/Content/Characters/MannequinsXR/Materials/M_Mannequin.uasset" 4179
"../../../../../../Users/rexge/Documents/Unreal Projects/TheBigHunt/Content/Characters/MannequinsXR/Textures/Manny/T_Manny_01_ASAOPMASK_MSK.uasset" 4180
"../../../../../../Users/rexge/Documents/Unreal Projects/TheBigHunt/Content/Characters/MannequinsXR/Textures/Manny/T_Manny_01_BN.uasset" 4181
"../../../../../../Users/rexge/Documents/Unreal Projects/TheBigHunt/Content/Characters/MannequinsXR/Textures/Manny/T_Manny_01_CCRCCPlastic_MSK.uasset" 4182
"../../../../../../Users/rexge/Documents/Unreal Projects/TheBigHunt/Content/Characters/MannequinsXR/Textures/Manny/T_Manny_01_D.uasset" 4183
"../../../../../../Users/rexge/Documents/Unreal Projects/TheBigHunt/Content/Characters/MannequinsXR/Textures/Manny/T_Manny_01_MSR_MSK.uasset" 4184
"../../../../../../Users/rexge/Documents/Unreal Projects/TheBigHunt/Content/Characters/MannequinsXR/Textures/Manny/T_Manny_01_N.uasset" 4185
"../../../../../../Users/rexge/Documents/Unreal Projects/TheBigHunt/Content/Characters/MannequinsXR/Textures/Manny/T_Manny_01_Tan.uasset" 4186
"../../../../../../Users/rexge/Documents/Unreal Projects/TheBigHunt/Content/Characters/MannequinsXR/Materials/Functions/MF_Diffraction.uasset" 4187
"../../../../../../Users/rexge/Documents/Unreal Projects/TheBigHunt/Content/Characters/MannequinsXR/Materials/Functions/MF_logo3layers.uasset" 4188
"../../../../../../Users/rexge/Documents/Unreal Projects/TheBigHunt/Content/Characters/MannequinsXR/Materials/Functions/ML_BaseColorFallOff.uasset" 4189
"../../../../../../Users/rexge/Documents/Unreal Projects/TheBigHunt/Content/Characters/MannequinsXR/Materials/Functions/ChromaticCurve.uasset" 4190
"../../../../../../Users/rexge/Documents/Unreal Projects/TheBigHunt/Content/Characters/MannequinsXR/Materials/Functions/CA_Mannequin.uasset" 4191
"../../../../../../Users/rexge/Documents/Unreal Projects/TheBigHunt/Content/Characters/MannequinsXR/Textures/Shared/T_UE_Logo_M.uasset" 4192
"../../../../../../Users/rexge/Documents/Unreal Projects/TheBigHunt/Content/Characters/MannequinsXR/Meshes/SKM_MannyXR_right.uasset" 4193
"/Game/VRTemplate/Blueprints/Menu" 4194
"../../../../../../Users/rexge/Documents/Unreal Projects/TheBigHunt/Content/VRTemplate/Materials/DefaultRibbonMaterial_NoGradient.uasset" 4195
"../../Plugins/FX/Niagara/Content/DynamicInputs/Helpers/SimulationPosition.uasset" 4196
"../../Plugins/FX/Niagara/Content/DynamicInputs/Multiply/Multiply_VectorByFloat.uasset" 4197
"../../Plugins/FX/Niagara/Content/Modules/Beams/BeamEmitterSetup.uasset" 4198
"../../Plugins/FX/Niagara/Content/Modules/Beams/BeamWidth.uasset" 4199
"../../Plugins/FX/Niagara/Content/Modules/Beams/SpawnBeam.uasset" 4200
"../../Plugins/FX/Niagara/Content/Modules/Emitter/EmitterState.uasset" 4201
"../../Plugins/FX/Niagara/Content/Modules/Emitter/SpawnBurst_Instantaneous.uasset" 4202
"../../Plugins/FX/Niagara/Content/Modules/Spawn/Initialization/V2/InitializeParticle.uasset" 4203
"../../Plugins/FX/Niagara/Content/Modules/System/SystemState.uasset" 4204
"../../Plugins/FX/Niagara/Content/Modules/Update/Lifetime/ParticleState.uasset" 4205
"../../Plugins/FX/Niagara/Content/Enums/ENiagara_ColorInitializationMode.uasset" 4206
"../../Plugins/FX/Niagara/Content/Enums/ENiagara_EmitterStateOptions.uasset" 4207
"../../Plugins/FX/Niagara/Content/Enums/ENiagara_InfiniteLoopDuration.uasset" 4208
"../../Plugins/FX/Niagara/Content/Enums/ENiagara_LifetimeMode.uasset" 4209
"../../Plugins/FX/Niagara/Content/Enums/ENiagara_MassInitializationMode.uasset" 4210
"../../Plugins/FX/Niagara/Content/Enums/ENiagara_PositionInitializationMode.uasset" 4211
"../../Plugins/FX/Niagara/Content/Enums/ENiagara_SizeScaleMode.uasset" 4212
"../../Plugins/FX/Niagara/Content/Enums/ENiagara_SpriteRotationMode.uasset" 4213
"../../Plugins/FX/Niagara/Content/Enums/ENiagara_UVFlippingMode.uasset" 4214
"../../Plugins/FX/Niagara/Content/Enums/ENiagaraChannelCorrelation.uasset" 4215
"../../Plugins/FX/Niagara/Content/Enums/ENiagaraEmitterLifeCycleMode.uasset" 4216
"../../Plugins/FX/Niagara/Content/Enums/ENiagaraEmitterScalabilityMode_Limited.uasset" 4217
"../../Plugins/FX/Niagara/Content/Enums/ENiagaraInactiveMode.uasset" 4218
"../../Plugins/FX/Niagara/Content/Enums/ENiagaraRandomnessMode.uasset" 4219
"../../Plugins/FX/Niagara/Content/Enums/ENiagaraSystemInactiveMode.uasset" 4220
"../../Plugins/FX/Niagara/Content/Enums/Ribbons/ENiagara_UnsetDirectSetRandom.uasset" 4221
"../../Plugins/FX/Niagara/Content/Functions/DirectionAndLengthSafe.uasset" 4222
"../../Plugins/FX/Niagara/Content/Functions/Localspace/TransformPosition.uasset" 4223
"../../Plugins/FX/Niagara/Content/Functions/Localspace/TransformVector.uasset" 4224
"../../Plugins/FX/Niagara/Content/Functions/NormalizedExecutionIndex.uasset" 4225
"../../Plugins/FX/Niagara/Content/Functions/Spline/FindPositionOnBezierSpline.uasset" 4226
"../../Plugins/FX/Niagara/Content/Functions/Emitter/EmitterChangeState.uasset" 4227
"../../Plugins/FX/Niagara/Content/Icons/Modules/T_Icon_Scalability_Emitter.uasset" 4228
"../../Plugins/FX/Niagara/Content/Icons/Modules/T_Icon_Scalability_System.uasset" 4229
"../../Plugins/FX/Niagara/Content/Functions/V2/CalculateRandomRangeFloat.uasset" 4230
"../../Plugins/FX/Niagara/Content/Enums/ENiagaraRandomnessEvaluation.uasset" 4231
"../../Plugins/FX/Niagara/Content/Functions/LinearColor/HueShiftLinearColor.uasset" 4232
"../../Plugins/FX/Niagara/Content/Functions/Localspace/SimulationPosition.uasset" 4233
"../../Plugins/FX/Niagara/Content/Functions/V2/CalculateRandomBool.uasset" 4234
"../../Plugins/FX/Niagara/Content/Functions/V2/CalculateRandomRange.uasset" 4235
"../../Plugins/FX/Niagara/Content/Functions/V2/CalculateRandomRangeInteger.uasset" 4236
"../../Plugins/FX/Niagara/Content/Enums/Ribbons/ENiagara_UnsetDirectSet.uasset" 4237
"../../Plugins/FX/Niagara/Content/Functions/System/SystemChangeState.uasset" 4238
"../../Plugins/FX/Niagara/Content/Functions/Math/SaturateFloat.uasset" 4239
"../../Plugins/FX/Niagara/Content/Icons/Modules/T_Icon_Particle_InfiniteLife.uasset" 4240
"../../Plugins/FX/Niagara/Content/Functions/Localspace/TransformBase.uasset" 4241
"C:/Users/rexge/Documents/Unreal Projects/TheBigHunt/Content/Characters/MannequinsXR/Meshes/SKM_MannyXR_left.uasset" 4242
"C:/Users/rexge/Documents/Unreal Projects/TheBigHunt/Content/Characters/MannequinsXR/Animations/A_MannequinsXR_Grasp_Right.uasset" 4243
"/Game/VRTemplate/Input/IMC_Hands" 4244
"C:/Users/rexge/Documents/Unreal Projects/TheBigHunt/Content/Characters/MannequinsXR/Animations/A_MannequinsXR_Idle_Right.uasset" 4245
"C:/Users/rexge/Documents/Unreal Projects/TheBigHunt/Content/Characters/MannequinsXR/Animations/A_MannequinsXR_IndexCurl_Right.uasset" 4246
"C:/Users/rexge/Documents/Unreal Projects/TheBigHunt/Content/Characters/MannequinsXR/Animations/A_MannequinsXR_Point_Right.uasset" 4247
"../../../Engine/Content/Animation/DefaultAnimCurveCompressionSettings.uasset" 4248
"C:/Users/rexge/Documents/Unreal Projects/TheBigHunt/Content/Characters/MannequinsXR/Animations/A_MannequinsXR_ThumbUp_Right.uasset" 4249
"C:/Users/rexge/Documents/Unreal Projects/TheBigHunt/Content/Characters/MannequinsXR/Animations/MDT_MannequinsXR.uasset" 4250
"C:/Users/rexge/Documents/Unreal Projects/TheBigHunt/Content/Characters/MannequinsXR/Meshes/ABP_MannequinsXR.uasset" 4251
"C:/Users/rexge/Documents/Unreal Projects/TheBigHunt/Content/Characters/MannequinsXR/B_MannequinsXR.uasset" 4252
"../../../Engine/Plugins/FX/Niagara/Content/DynamicInputs/Arrays/SelectVectorFromArray.uasset" 4253
"../../../Engine/Plugins/FX/Niagara/Content/DynamicInputs/Multiply/Multiply_Vector.uasset" 4254
"../../../Engine/Plugins/FX/Niagara/Content/Enums/ENiagara_WrapClamp.uasset" 4255
"../../../Engine/Plugins/FX/Niagara/Content/Enums/ENiagaraArraySamplingMode.uasset" 4256
"../../../Engine/Plugins/FX/Niagara/Content/Functions/ParametricTorus.uasset" 4257
"../../../Engine/Plugins/FX/Niagara/Content/Functions/RandomRange.uasset" 4258
"../../../Engine/Plugins/FX/Niagara/Content/DynamicInputs/Execution/ReturnExecIndex.uasset" 4259
"../../../Engine/Plugins/FX/Niagara/Content/Functions/ParametricTorusKnot.uasset" 4260
"C:/Users/rexge/Documents/Unreal Projects/TheBigHunt/Content/VRTemplate/VFX/NS_PlayAreaBounds.uasset" 4261
"/Game/VRTemplate/Input/IMC_Default" 4262
"../../../Engine/Plugins/FX/Niagara/Content/Functions/PolarToCartesianCoordinates.uasset" 4263
"/Niagara/Functions/RandomRange" 4264
"../../../Engine/Plugins/FX/Niagara/Content/Functions/ChannelMasks/SelectV4Channel.uasset" 4265
"../../../Engine/Plugins/FX/Niagara/Content/Enums/ENiagaraVector4_Channels.uasset" 4266
"../../../Engine/Plugins/FX/Niagara/Content/Functions/Localspace/PositionToVector.uasset" 4267
"../../../Engine/Plugins/FX/Niagara/Content/Functions/Rotation/FindQuatBetween.uasset" 4268
"../../../Engine/Plugins/FX/Niagara/Content/Modules/Spawn/Location/TorusLocation.uasset" 4269
"../../../Engine/Plugins/FX/Niagara/Content/Modules/Spawn/Initialization/InitializeRibbon.uasset" 4270
"C:/Users/rexge/Documents/Unreal Projects/TheBigHunt/Content/VRTemplate/Materials/M_TeleportCylinder.uasset" 4271
"C:/Users/rexge/Documents/Unreal Projects/TheBigHunt/Content/VRTemplate/Materials/Functions/MF_OccludedPixels.uasset" 4272
"../../../Engine/Content/Functions/Engine_MaterialFunctions02/Utility/DepthFromWorldPosition.uasset" 4273
"C:/Users/rexge/Documents/Unreal Projects/TheBigHunt/Content/VRTemplate/Materials/M_TeleportNoise.uasset" 4274
"../../../Engine/Plugins/FX/Niagara/Content/DynamicInputs/Execution/ReturnNormalizedExecIndex.uasset" 4275
"../../../Engine/Plugins/FX/Niagara/Content/Enums/ENiagaraTorusMode.uasset" 4276
"../../Plugins/FX/Niagara/Content/Functions/GetRandomInfo.uasset" 4277
"/Niagara/Functions/ParametricTorusKnot" 4278
"/Niagara/Functions/ParametricTorus" 4279
"/Game/Characters/MannequinsXR/B_MannequinsXR" 4280
"../../../../../../Users/rexge/Documents/Unreal Projects/TheBigHunt/Content/Characters/MannequinsXR/Meshes/SKM_MannyXR_left.uasset" 4281
"/Niagara/Enums/ENiagara_WrapClamp" 4282
"/Niagara/Enums/ENiagaraArraySamplingMode" 4283
"/Niagara/DynamicInputs/Multiply/Multiply_Vector" 4284
"/Niagara/DynamicInputs/Execution/ReturnExecIndex" 4285
"/Niagara/DynamicInputs/Arrays/SelectVectorFromArray" 4286
"../../../Engine/Plugins/FX/Niagara/Content/Enums/ENiagaraTorusDistributionMode.uasset" 4287
"C:/Users/rexge/Documents/Unreal Projects/TheBigHunt/Content/VRTemplate/Blueprints/VRTeleportVisualizer.uasset" 4288
"C:/Users/rexge/Documents/Unreal Projects/TheBigHunt/Content/VRTemplate/VFX/NS_TeleportRing.uasset" 4289
"/Niagara/Enums/ENiagaraTorusDistributionMode" 4290
"../../../Engine/Plugins/FX/Niagara/Content/Functions/RandomRangeFloat.uasset" 4291
"../../../Engine/Plugins/FX/Niagara/Content/DynamicInputs/ValueFromCurve/FloatFromCurve.uasset" 4292
"../../../Engine/Plugins/FX/Niagara/Content/Modules/Update/Color/Color.uasset" 4293
"../../../Engine/Plugins/FX/Niagara/Content/Modules/Solvers/ApplyRotationVector.uasset" 4294
"../../../Engine/Plugins/FX/Niagara/Content/Functions/Rotation/AxisAngleToQuaternion.uasset" 4295
"../../../Engine/Plugins/FX/Niagara/Content/Icons/Modules/T_Icon_Solver_LimitAccel.uasset" 4296
"../../../Engine/Plugins/FX/Niagara/Content/Icons/Modules/T_Icon_Solver_LimitSpeed.uasset" 4297
"/Niagara/Enums/ENiagaraTorusMode" 4298
"../../../Engine/Plugins/FX/Niagara/Content/Functions/Drag/DragVelocity.uasset" 4299
"../../../Engine/Plugins/FX/Niagara/Content/Functions/Rotation/MultiplyVectorWithQuaternion.uasset" 4300
"../../../Engine/Plugins/FX/Niagara/Content/DynamicInputs/ValueFromCurve/ColorFromCurve.uasset" 4301
"../../../Engine/Plugins/FX/Niagara/Content/Functions/Math/CentimeterMeterConversion.uasset" 4302
"../../../Engine/Plugins/FX/Niagara/Content/Modules/Solvers/SolveForcesAndVelocity.uasset" 4303
"/Niagara/DynamicInputs/Execution/ReturnNormalizedExecIndex" 4304
"../../../Engine/Plugins/FX/Niagara/Content/Modules/Spawn/Initialization/InitializeParticle.uasset" 4305
"../../../Engine/Plugins/FX/Niagara/Content/Functions/Rotation/MultiplyQuaternion.uasset" 4306
"../../../Engine/Plugins/FX/Niagara/Content/Icons/Modules/T_Icon_Solver_RotationalSolve.uasset" 4307
"/Game/VRTemplate/Materials/M_TeleportNoise" 4308
"/Game/VRTemplate/Materials/M_TeleportCylinder" 4309
"/Niagara/Functions/Rotation/FindQuatBetween" 4310
"/Niagara/Functions/Localspace/PositionToVector" 4311
"/Niagara/Functions/PolarToCartesianCoordinates" 4312
"/Niagara/Functions/Math/CentimeterMeterConversion" 4313
"C:/Users/rexge/Documents/Unreal Projects/TheBigHunt/Content/VRTemplate/VFX/NS_TeleportTrace.uasset" 4314
"../../../Engine/Content/VREditor/Devices/Generic/GenericHMDMaterial.uasset" 4315
"../../../Engine/Content/VREditor/Devices/Generic/GenericHMD.uasset" 4316
"C:/Users/rexge/Documents/Unreal Projects/TheBigHunt/Content/VRTemplate/Blueprints/VRPawn.uasset" 4317
"C:/Users/rexge/Documents/Unreal Projects/TheBigHunt/Content/VRTemplate/Blueprints/VRGameMode.uasset" 4318
"../../../Engine/Content/Functions/Engine_MaterialFunctions02/Utility/AppendMany.uasset" 4319
"C:/Users/rexge/Documents/Unreal Projects/TheBigHunt/Content/VRTemplate/Materials/M_GridRotation.uasset" 4320
"/Game/VRTemplate/VFX/NS_PlayAreaBounds" 4321
"C:/Users/rexge/Documents/Unreal Projects/TheBigHunt/Content/VRTemplate/Textures/T_Grid.uasset" 4322
"C:/Users/rexge/Documents/Unreal Projects/TheBigHunt/Content/VRTemplate/Materials/MI_Grid_Default.uasset" 4323
"../../../Engine/Content/Functions/Engine_MaterialFunctions01/Volumetrics/SchlickPhase.uasset" 4324
"../../../Engine/Content/Functions/Engine_MaterialFunctions02/ExampleContent/Textures/DebugNumberPeriod.uasset" 4325
"C:/Users/rexge/Documents/Unreal Projects/TheBigHunt/Content/song_thrush_bird_melodic_song-2_u9b.uasset" 4326
"/Niagara/Functions/Drag/DragVelocity" 4327
"/Niagara/Icons/Modules/T_Icon_Solver_RotationalSolve" 4328
"/Niagara/Icons/Modules/T_Icon_Solver_LimitSpeed" 4329
"/Niagara/Icons/Modules/T_Icon_Solver_LimitAccel" 4330
"/Niagara/Modules/Solvers/ApplyRotationVector" 4331
"/Niagara/Modules/Update/Color/Color" 4332
"/Game/VRTemplate/Blueprints/VRTeleportVisualizer" 4333
"/Niagara/DynamicInputs/ValueFromCurve/FloatFromCurve" 4334
"/Niagara/Modules/Spawn/Initialization/InitializeParticle" 4335
"/Niagara/Modules/Solvers/SolveForcesAndVelocity" 4336
"/Niagara/DynamicInputs/ValueFromCurve/ColorFromCurve" 4337
"/Game/VRTemplate/Materials/MI_Grid_Default" 4338
"../../../Engine/Content/Functions/Engine_MaterialFunctions02/Utility/DebugScalarValues.uasset" 4339
"../../../Engine/Plugins/Experimental/Water/Content/Materials/PostProcessing/M_UnderWater_PostProcess_Volume.uasset" 4340
"../../../Engine/Plugins/Experimental/Water/Content/Materials/PostProcessing/MI_UnderWater_PostProcess_Volume_Custom.uasset" 4341
"../../../Engine/Plugins/Experimental/Water/Content/Materials/WaterInfo/DrawWaterInfo.uasset" 4342
"../../../Engine/Plugins/Experimental/Water/Content/Meshes/S_WaterPlane_256.uasset" 4343
"../../../Engine/Plugins/Experimental/Water/Content/Materials/WaterSurface/Water_Material_CustomMesh.uasset" 4344
"../../../Engine/Plugins/Experimental/Water/Content/Materials/Functions/SetWaveAttributes.uasset" 4345
"../../../Engine/Plugins/Experimental/Water/Content/FluidSimulation/Materials/Functions/Fluidsim_WorldPosition_to_UV.uasset" 4346
"../../../Engine/Plugins/Experimental/Water/Content/Materials/Functions/SampleFluidSimulation.uasset" 4347
"../../../Engine/Plugins/Experimental/Water/Content/Materials/Functions/ClipDynamicBounds.uasset" 4348
"../../../Engine/Plugins/Experimental/Water/Content/Materials/Functions/WaterCoefficientMask.uasset" 4349
"../../../Engine/Plugins/Experimental/Water/Content/Materials/Functions/WaterHeightMappingVS.uasset" 4350
"../../../Engine/Plugins/Experimental/Water/Content/Materials/Functions/WaterOpacityMaskFromDepth.uasset" 4351
"../../../Engine/Content/Functions/Engine_MaterialFunctions02/Texturing/Flowmaps.uasset" 4352
"../../../Engine/Plugins/Experimental/Water/Content/Materials/Functions/WaterRiverFlowmaps.uasset" 4353
"../../../Engine/Plugins/Experimental/Water/Content/Materials/Functions/WaveVelocityMask.uasset" 4354
"../../../Engine/Content/Functions/Engine_MaterialFunctions02/Texturing/HeightLerp.uasset" 4355
"../../../Engine/Plugins/Experimental/Water/Content/Materials/Functions/Water_Underside.uasset" 4356
"../../../Engine/Content/Functions/Engine_MaterialFunctions01/Gradient/BoxMask-2D.uasset" 4357
"../../../Engine/Content/Functions/Engine_MaterialFunctions01/Coordinates/WorldPosition-XY.uasset" 4358
"/Game/VRTemplate/Blueprints/VRGameMode" 4359
"/Game/song_thrush_bird_melodic_song-2_u9b" 4360
"/Engine/Functions/Engine_MaterialFunctions01/Volumetrics/SchlickPhase" 4361
"/Engine/Functions/Engine_MaterialFunctions02/ExampleContent/Textures/DebugNumberPeriod" 4362
"../../../Engine/Plugins/Experimental/Water/Content/Materials/Layers/BeachFoam.uasset" 4363
"/Engine/Functions/Engine_MaterialFunctions01/Gradient/BoxMask-2D" 4364
"../../../Engine/Plugins/Experimental/Water/Content/FluidSimulation/WaveFoam/WaterDistanceField.uasset" 4365
"../../../Engine/Plugins/Experimental/Water/Content/FluidSimulation/WaveFoam/FoamRT.uasset" 4366
"../../../Engine/Plugins/Experimental/Water/Content/Materials/Functions/GetWaterTime.uasset" 4367
"../../../Engine/Plugins/Experimental/Water/Content/Caustics/Materials/Functions/WaterCaustics_GerstnerWaves.uasset" 4368
"../../../Engine/Plugins/Experimental/Water/Content/Materials/Functions/ComputeGerstnerWaves.uasset" 4369
"../../../Engine/Plugins/Experimental/Water/Content/Caustics/Materials/Functions/GetDistortionUV.uasset" 4370
"../../../Engine/Plugins/Experimental/Water/Content/Materials/Functions/WaterTextureSurface.uasset" 4371
"../../../Engine/Plugins/Experimental/Water/Content/Materials/Functions/WaterTextureWaves.uasset" 4372
"../../../Engine/Plugins/Experimental/Water/Content/Materials/Functions/SampleBakedFluidSimulation.uasset" 4373
"../../../Engine/Content/Functions/Engine_MaterialFunctions02/ExampleContent/Textures/LowResBlurredNoise.uasset" 4374
"../../../Engine/Plugins/Experimental/Water/Content/Materials/Functions/ComputeWavesAttenuationFactor.uasset" 4375
"/Engine/Functions/Engine_MaterialFunctions02/Texturing/HeightLerp" 4376
"/Water/Materials/Functions/WaveVelocityMask" 4377
"../../Plugins/Experimental/Water/Content/Materials/Functions/WaterBodyData.uasset" 4378
"../../Plugins/Experimental/Water/Content/Materials/Functions/HighQualityTextureFiltering.uasset" 4379
"../../Plugins/Experimental/Water/Content/Materials/Functions/SampleBakedFluidSimulation.uasset" 4380
"../../Plugins/Experimental/Water/Content/Materials/Functions/WaterZoneData.uasset" 4381
"../../Plugins/Experimental/Water/Content/Textures/BlackTexture2DArray.uasset" 4382
"../../Plugins/Experimental/Water/Content/Textures/Black.uasset" 4383
"/Water/Materials/Functions/Water_Underside" 4384
"/Engine/Functions/Engine_MaterialFunctions01/Coordinates/WorldPosition-XY" 4385
"/Water/Materials/Functions/WaterOpacityMaskFromDepth" 4386
"/Water/Materials/Functions/WaterHeightMappingVS" 4387
"/Water/Materials/Functions/WaterCoefficientMask" 4388
"/Water/Materials/Functions/ClipDynamicBounds" 4389
"/Water/FluidSimulation/Materials/Functions/Fluidsim_WorldPosition_to_UV" 4390
"/Water/Materials/Functions/SetWaveAttributes" 4391
"../../Plugins/Experimental/Water/Content/Materials/Layers/WaterAttributes.uasset" 4392
"/Water/Materials/WaterSurface/Water_Material_CustomMesh" 4393
"../../Plugins/Experimental/Water/Content/Materials/WaterSurface/Water_Material.uasset" 4394
"../../../Engine/Content/Functions/Engine_MaterialFunctions01/Opacity/AlphaOffset.uasset" 4395
"../../../Engine/Content/Functions/Engine_MaterialFunctions01/Texturing/ComputeMipLevel.uasset" 4396
"../../../Engine/Content/Functions/Engine_MaterialFunctions02/Math/AddComponents.uasset" 4397
"../../../Engine/Content/Functions/Engine_MaterialFunctions02/Math/MakeVectorsOrthogonal.uasset" 4398
"../../../Engine/Content/Functions/Engine_MaterialFunctions02/Math/TimeWithSpeedVariable.uasset" 4399
"../../../Engine/Content/Functions/Engine_MaterialFunctions02/Utility/LinearSine.uasset" 4400
"../../../Engine/Content/Functions/Engine_MaterialFunctions03/Procedurals/NormalFromHeightmap.uasset" 4401
"../../Plugins/Experimental/Water/Content/Caustics/Materials/Functions/GetDistortionUV.uasset" 4402
"../../Plugins/Experimental/Water/Content/Caustics/Materials/Functions/WaterCaustics_GerstnerWaves.uasset" 4403
"../../Plugins/Experimental/Water/Content/Materials/Functions/ComputeGerstnerWaves.uasset" 4404
"../../Plugins/Experimental/Water/Content/Materials/Functions/ComputeWavesAttenuationFactor.uasset" 4405
"../../Plugins/Experimental/Water/Content/Materials/Functions/GetWaterTime.uasset" 4406
"../../Plugins/Experimental/Water/Content/Materials/Functions/WaterTextureSurface.uasset" 4407
"../../Plugins/Experimental/Water/Content/Materials/Functions/WaterTextureWaves.uasset" 4408
"../../Plugins/Experimental/Water/Content/Materials/Functions/WaveDepthFalloff_Overrides.uasset" 4409
"../../Plugins/Experimental/Water/Content/Materials/Functions/WorldNormalBehindWater.uasset" 4410
"../../Plugins/Experimental/Water/Content/Materials/Functions/WorldPositionBehindWater.uasset" 4411
"../../Plugins/Experimental/Water/Content/Materials/Layers/BeachFoam.uasset" 4412
"../../../Engine/Content/EngineMaterials/DefaultNormal.uasset" 4413
"../../../Engine/Content/EngineSky/VolumetricClouds/T_VolumeNoiseShape128.uasset" 4414
"../../Plugins/Experimental/Water/Content/FluidSimulation/WaveFoam/FoamRT.uasset" 4415
"../../Plugins/Experimental/Water/Content/FluidSimulation/WaveFoam/WaterDistanceField.uasset" 4416
"../../Plugins/Experimental/Water/Content/Textures/Flowmaps/RiverFlowmap_Diffuse.uasset" 4417
"../../Plugins/Experimental/Water/Content/Textures/Flowmaps/RiverFlowmap_Normal.uasset" 4418
"../../Plugins/Experimental/Water/Content/Textures/Foam/T_WaterFlow_01_Foam_Tiled.uasset" 4419
"../../Plugins/Experimental/Water/Content/Textures/Foam/T_WaterFlow_01_Foam_Tiled_N.uasset" 4420
"../../Plugins/Experimental/Water/Content/Textures/Normals/T_Water_TilingNormal_With_Height_02_Softened.uasset" 4421
"../../../Engine/Content/EngineSky/VolumetricClouds/T_NoiseShape.uasset" 4422
"/Water/Meshes/S_WaterPlane_256" 4423
"/Water/Materials/WaterInfo/DrawWaterInfo" 4424
"/Engine/Functions/Engine_MaterialFunctions02/Utility/DebugScalarValues" 4425
"../../../Engine/Plugins/Experimental/Water/Content/Materials/WaterSurface/Water_FarMesh.uasset" 4426
"../../../Engine/Plugins/Experimental/Water/Content/Materials/HLOD/HLODWater.uasset" 4427
"../../../Engine/Content/EngineSky/C_Sky_Cloud_Color.uasset" 4428
"../../../Engine/Content/EngineSky/C_Sky_Horizon_Color.uasset" 4429
"../../../Engine/Content/EngineSky/C_Sky_Zenith_Color.uasset" 4430
"../../../Engine/Content/EngineSky/T_Sky_Stars.uasset" 4431
"../../../Engine/Content/EngineSky/T_Sky_Clouds_M.uasset" 4432
"../../../Engine/Content/EngineSky/T_Sky_Blue.uasset" 4433
"../../../Engine/Content/EngineSky/M_Sky_Panning_Clouds2.uasset" 4434
"../../../Engine/Content/EngineSky/SM_SkySphere.uasset" 4435
"../../../Engine/Content/EngineSky/BP_Sky_Sphere.uasset" 4436
"C:/Users/rexge/Documents/Unreal Projects/TheBigHunt/Content/VRTemplate/Maps/VRTemplateMap.umap" 4437
"../../../Engine/Content/EngineSounds/Submixes/MasterReverbEffectPreset.uasset" 4438
"../../../Engine/Content/EngineSounds/Submixes/MasterEQEffectPreset.uasset" 4439
"../../../Engine/Content/EngineSounds/Submixes/MasterEQSubmixDefault.uasset" 4440
"/Water/Materials/PostProcessing/MI_UnderWater_PostProcess_Volume_Custom" 4441
"../../../Engine/Plugins/Experimental/Water/Shaders/Private/GerstnerWaveFunctions.ush" 4442
"../../../Engine/Plugins/Experimental/Water/Shaders/Private/WaterDataFunctions.ush" 4443
"../../../Engine/Content/EngineSounds/Submixes/MasterSubmixDefault.uasset" 4444
"../../../Engine/Content/EngineSounds/Submixes/MasterReverbSubmixDefault.uasset" 4445
"/Engine/EngineSounds/Submixes/MasterEQEffectPreset" 4446
"/Engine/EngineSounds/Submixes/MasterReverbEffectPreset" 4447
"/Game/VRTemplate/Maps/VRTemplateMap" 4448
"../../../Engine/Plugins/Interchange/Assets/Content/gltf/MaterialFunctions/MF_Clearcoat.uasset" 4449
"../../../Engine/Content/Functions/Engine_MaterialFunctions03/Math/RemapValueRange.uasset" 4450
"../../../Engine/Plugins/Interchange/Assets/Content/gltf/MaterialInstances/MI_ClearCoat_Mask.uasset" 4451
"../../../Engine/Plugins/Interchange/Assets/Content/gltf/MaterialInstances/MI_Default_Blend.uasset" 4452
"../../../Engine/Plugins/Interchange/Assets/Content/gltf/MaterialInstances/MI_Default_Opaque.uasset" 4453
"../../../Engine/Plugins/Interchange/Assets/Content/gltf/MaterialInstances/MI_ClearCoat_Blend_DS.uasset" 4454
"../../../Engine/Plugins/Interchange/Assets/Content/gltf/MaterialInstances/MI_Default_Mask.uasset" 4455
"../../../Engine/Plugins/Interchange/Assets/Content/Functions/MF_Iridescence.uasset" 4456
"../../../Engine/Plugins/Interchange/Assets/Content/gltf/M_ClearCoat.uasset" 4457
"../../../Engine/Plugins/Interchange/Assets/Content/Utilities/New_LUT.uasset" 4458
"../../../Engine/Plugins/Interchange/Assets/Content/gltf/MaterialInstances/MI_ClearCoat_Opaque.uasset" 4459
"../../../Engine/Plugins/Interchange/Assets/Content/gltf/MaterialBodies/MF_ClearCoat_Body.uasset" 4460
"../../../Engine/Plugins/Interchange/Assets/Content/gltf/MaterialInstances/MI_ClearCoat_Blend.uasset" 4461
"../../../Engine/Plugins/Interchange/Assets/Content/gltf/MaterialInstances/MI_ClearCoat_Mask_DS.uasset" 4462
"../../../Engine/Plugins/Interchange/Assets/Content/gltf/MaterialInstances/MI_ClearCoat_Opaque_DS.uasset" 4463
"../../../../../../Users/rexge/Documents/Unreal Projects/TheBigHunt/Content/VRTemplate/Maps/VRTemplateMap.umap" 4464
"/Engine/EngineSounds/Submixes/MasterEQSubmixDefault" 4465
"/InterchangeAssets/gltf/MaterialInstances/MI_Default_Blend" 4466
"/InterchangeAssets/gltf/MaterialInstances/MI_Default_Mask" 4467
"/InterchangeAssets/gltf/MaterialInstances/MI_Default_Opaque" 4468
"/InterchangeAssets/gltf/MaterialInstances/MI_ClearCoat_Blend_DS" 4469
"../../../Engine/Plugins/Interchange/Assets/Content/gltf/M_Sheen.uasset" 4470
"../../../Engine/Plugins/Interchange/Assets/Content/gltf/MaterialBodies/MF_Sheen_Body.uasset" 4471
"../../../Engine/Plugins/Interchange/Assets/Content/gltf/MaterialFunctions/MF_Fresnel_DS.uasset" 4472
"../../../Engine/Plugins/Interchange/Assets/Content/gltf/MaterialInstances/MI_Sheen_Blend_DS.uasset" 4473
"../../../Engine/Plugins/Interchange/Assets/Content/gltf/MaterialInstances/MI_Default_Blend_DS.uasset" 4474
"../../../Engine/Plugins/Interchange/Assets/Content/gltf/MaterialFunctions/MF_Sheen.uasset" 4475
"../../../Engine/Plugins/Interchange/Assets/Content/gltf/MaterialInstances/MI_Sheen_Opaque_DS.uasset" 4476
"../../../Engine/Plugins/Interchange/Assets/Content/gltf/MaterialInstances/MI_Sheen_Mask.uasset" 4477
"../../../Engine/Plugins/Interchange/Assets/Content/gltf/MaterialInstances/MI_Sheen_Opaque.uasset" 4478
"../../../Engine/Plugins/Interchange/Assets/Content/gltf/MaterialInstances/MI_Default_Mask_DS.uasset" 4479
"../../../Engine/Plugins/Interchange/Assets/Content/gltf/MaterialInstances/MI_Sheen_Blend.uasset" 4480
"../../../Engine/Plugins/Interchange/Assets/Content/gltf/MaterialInstances/MI_Sheen_Mask_DS.uasset" 4481
"../../../Engine/Plugins/Interchange/Assets/Content/gltf/MaterialFunctions/MF_Transmission.uasset" 4482
"../../../Engine/Plugins/Interchange/Assets/Content/gltf/MaterialFunctions/MF_Temporal_Blur.uasset" 4483
"/InterchangeAssets/gltf/MaterialInstances/MI_ClearCoat_Mask_DS" 4484
"/InterchangeAssets/gltf/MaterialInstances/MI_ClearCoat_Opaque_DS" 4485
"/InterchangeAssets/gltf/MaterialInstances/MI_ClearCoat_Blend" 4486
"/InterchangeAssets/gltf/MaterialInstances/MI_ClearCoat_Mask" 4487
"/InterchangeAssets/gltf/MaterialInstances/MI_ClearCoat_Opaque" 4488
"/InterchangeAssets/gltf/MaterialFunctions/MF_Fresnel_DS" 4489
"/InterchangeAssets/gltf/MaterialFunctions/MF_Transmission" 4490
"/InterchangeAssets/gltf/MaterialInstances/MI_Sheen_Blend_DS" 4491
"../../../Engine/Plugins/Interchange/Assets/Content/gltf/MaterialFunctions/MF_DiffuseSpecGloss.uasset" 4492
"../../../Engine/Plugins/Interchange/Assets/Content/gltf/MaterialInstances/MI_Transmission.uasset" 4493
"../../../Engine/Plugins/Interchange/Assets/Content/gltf/MaterialFunctions/MF_PerceivedBrightness.uasset" 4494
"../../../Engine/Plugins/Interchange/Assets/Content/gltf/MaterialBodies/MF_Transmission_Body.uasset" 4495
"../../../Engine/Plugins/Interchange/Assets/Content/gltf/M_SpecularGlossiness.uasset" 4496
"../../../Engine/Plugins/Interchange/Assets/Content/gltf/MaterialInstances/MI_SpecularGlossiness_Mask.uasset" 4497
"../../../Engine/Plugins/Interchange/Assets/Content/gltf/MaterialFunctions/MF_MaxComponentValue.uasset" 4498
"../../../Engine/Plugins/Interchange/Assets/Content/gltf/MaterialInstances/MI_SpecularGlossiness_Blend.uasset" 4499
"../../../Engine/Content/Functions/Engine_MaterialFunctions02/Texturing/ScreenAlignedPixelToPixelUVs.uasset" 4500
"../../../Engine/Plugins/Interchange/Assets/Content/gltf/MaterialBodies/MF_SpecularGlossiness_Body.uasset" 4501
"../../../Engine/Plugins/Interchange/Assets/Content/gltf/M_Transmission.uasset" 4502
"../../../Engine/Plugins/Interchange/Assets/Content/gltf/MaterialInstances/MI_SpecularGlossiness_Mask_DS.uasset" 4503
"../../../Engine/Plugins/Interchange/Assets/Content/gltf/MaterialFunctions/MF_SpecGlossToMetalRoughness.uasset" 4504
"../../../Engine/Plugins/Interchange/Assets/Content/gltf/MaterialInstances/MI_Transmission_DS.uasset" 4505
"../../../Engine/Plugins/Interchange/Assets/Content/gltf/MaterialInstances/MI_SpecularGlossiness_Opaque_DS.uasset" 4506
"../../../Engine/Plugins/Interchange/Assets/Content/gltf/MaterialInstances/MI_SpecularGlossiness_Opaque.uasset" 4507
"../../../Engine/Plugins/Interchange/Assets/Content/gltf/MaterialInstances/MI_SpecularGlossiness_Blend_DS.uasset" 4508
"/InterchangeAssets/gltf/MaterialInstances/MI_Sheen_Mask_DS" 4509
"/InterchangeAssets/gltf/MaterialInstances/MI_Sheen_Opaque_DS" 4510
"/InterchangeAssets/gltf/MaterialInstances/MI_Sheen_Blend" 4511
"/InterchangeAssets/gltf/MaterialInstances/MI_Sheen_Mask" 4512
"/InterchangeAssets/gltf/MaterialInstances/MI_Sheen_Opaque" 4513
"/InterchangeAssets/gltf/MaterialInstances/MI_Default_Blend_DS" 4514
"/InterchangeAssets/gltf/MaterialInstances/MI_Default_Mask_DS" 4515
"/Engine/EditorResources/EmptyActor" 4516
"../../../Engine/Content/EditorResources/EmptyActor.uasset" 4517
"/Water/Icons/WaterBodyCustomSprite" 4518
"../../Plugins/Experimental/Water/Content/Icons/WaterBodyCustomSprite.uasset" 4519
"/Engine/EditorResources/AudioIcons/S_AudioComponent_AutoActivate" 4520
"../../../Engine/Content/EditorResources/AudioIcons/S_AudioComponent_AutoActivate.uasset" 4521
"/InterchangeAssets/gltf/MaterialFunctions/MF_Temporal_Blur" 4522
"/InterchangeAssets/gltf/MaterialInstances/MI_SpecularGlossiness_Blend_DS" 4523
"/InterchangeAssets/gltf/MaterialInstances/MI_SpecularGlossiness_Mask_DS" 4524
"/InterchangeAssets/gltf/MaterialInstances/MI_SpecularGlossiness_Opaque_DS" 4525
"/InterchangeAssets/gltf/MaterialInstances/MI_SpecularGlossiness_Blend" 4526
"/InterchangeAssets/gltf/MaterialInstances/MI_SpecularGlossiness_Mask" 4527
"/InterchangeAssets/gltf/MaterialInstances/MI_SpecularGlossiness_Opaque" 4528
"/InterchangeAssets/gltf/MaterialInstances/MI_Transmission_DS" 4529
"/InterchangeAssets/gltf/MaterialInstances/MI_Transmission" 4530
"../../../Engine/Plugins/Interchange/Assets/Content/Functions/MX_OpenPBR_Translucent.uasset" 4531
"../../../Engine/Plugins/Interchange/Assets/Content/gltf/MaterialBodies/MF_Unlit_Body.uasset" 4532
"../../../Engine/Plugins/Interchange/Assets/Content/Functions/MX_Transmission.uasset" 4533
"../../../Engine/Plugins/Interchange/Assets/Content/gltf/MaterialInstances/MI_Unlit_Blend.uasset" 4534
"../../../Engine/Plugins/Interchange/Assets/Content/Functions/MX_TransmissionSurface.uasset" 4535
"../../../Engine/Plugins/Interchange/Assets/Content/Functions/MX_StandardSurface.uasset" 4536
"../../../Engine/Plugins/Interchange/Assets/Content/gltf/M_Unlit.uasset" 4537
"../../../Engine/Plugins/Interchange/Assets/Content/gltf/MaterialInstances/MI_Unlit_Mask.uasset" 4538
"../../../Engine/Plugins/Interchange/Assets/Content/Functions/MF_OrenNayerView.uasset" 4539
"../../../Engine/Plugins/Interchange/Assets/Content/gltf/MaterialInstances/MI_Unlit_Opaque_DS.uasset" 4540
"../../../Engine/Content/Functions/Substrate/MF_SchlickInternal.uasset" 4541
"../../../Engine/Plugins/Interchange/Assets/Content/gltf/MaterialInstances/MI_Unlit_Opaque.uasset" 4542
"../../../Engine/Plugins/Interchange/Assets/Content/gltf/MaterialInstances/MI_Unlit_Mask_DS.uasset" 4543
"../../../Engine/Plugins/Interchange/Assets/Content/gltf/MaterialInstances/MI_Unlit_Blend_DS.uasset" 4544
"../../../Engine/Content/Functions/Engine_MaterialFunctions01/Volumetrics/BeersLaw.uasset" 4545
"/InterchangeAssets/gltf/MaterialInstances/MI_Unlit_Blend_DS" 4546
"/InterchangeAssets/gltf/MaterialInstances/MI_Unlit_Mask_DS" 4547
"/InterchangeAssets/gltf/MaterialInstances/MI_Unlit_Opaque_DS" 4548
"/InterchangeAssets/gltf/MaterialInstances/MI_Unlit_Blend" 4549
"/InterchangeAssets/gltf/MaterialInstances/MI_Unlit_Mask" 4550
"/InterchangeAssets/gltf/MaterialInstances/MI_Unlit_Opaque" 4551
"/InterchangeAssets/Functions/MX_OpenPBR_Translucent" 4552
"../../../Engine/Plugins/Animation/ControlRig/Content/Controls/ControlRig_Arrow2_1mm.uasset" 4553
"../../../Engine/Plugins/Interchange/Assets/Content/Functions/MX_OpenPBR_Opaque.uasset" 4554
"../../../Engine/Plugins/Animation/ControlRig/Content/Controls/ControlRig_Arrow2_solid.uasset" 4555
"../../../Engine/Plugins/Animation/ControlRig/Content/Controls/ControlRig_Arrow2_3mm.uasset" 4556
"../../../Engine/Plugins/Animation/ControlRig/Content/Controls/ControlRig_Sphere_solid.uasset" 4557
"../../../Engine/Plugins/Animation/ControlRig/Content/Controls/ControlRig_Arrow4_1mm.uasset" 4558
"/ControlRig/Controls/ControlRig_Arrow4_1mm" 4559
"/ControlRig/Controls/ControlRig_Arrow2_solid" 4560
"/ControlRig/Controls/ControlRig_Arrow2_3mm" 4561
"/ControlRig/Controls/ControlRig_Arrow2_1mm" 4562
"/ControlRig/Controls/ControlRig_Sphere_solid" 4563
"/InterchangeAssets/Functions/MX_OpenPBR_Opaque" 4564
"../../../Engine/Plugins/Animation/ControlRig/Content/Controls/ControlRig_Box_1mm.uasset" 4565
"../../../Engine/Plugins/Animation/ControlRig/Content/Controls/ControlRig_Arrow4_3mm.uasset" 4566
"../../../Engine/Plugins/Animation/ControlRig/Content/Controls/ControlRig_Circle_3mm.uasset" 4567
"../../../Engine/Plugins/Animation/ControlRig/Content/Controls/ControlRig_Box_solid.uasset" 4568
"../../../Engine/Plugins/Animation/ControlRig/Content/Controls/ControlRig_Diamond_1mm.uasset" 4569
"../../../Engine/Plugins/Animation/ControlRig/Content/Controls/ControlRig_Circle_solid.uasset" 4570
"../../../Engine/Plugins/Animation/ControlRig/Content/Controls/ControlRig_Circle_1mm.uasset" 4571
"../../../Engine/Plugins/Animation/ControlRig/Content/Controls/ControlRig_Arrow4_solid.uasset" 4572
"../../../Engine/Plugins/Animation/ControlRig/Content/Controls/ControlRig_Arrow_3mm.uasset" 4573
"../../../Engine/Plugins/Animation/ControlRig/Content/Controls/ControlRig_Arrow_solid.uasset" 4574
"../../../Engine/Plugins/Animation/ControlRig/Content/Controls/ControlRig_Arrow_1mm.uasset" 4575
"../../../Engine/Plugins/Animation/ControlRig/Content/Controls/ControlRig_Box_3mm.uasset" 4576
"/ControlRig/Controls/ControlRig_Diamond_1mm" 4577
"/ControlRig/Controls/ControlRig_Circle_solid" 4578
"../../../Engine/Plugins/Animation/ControlRig/Content/Controls/ControlRig_Diamond_solid.uasset" 4579
"../../../Engine/Plugins/Animation/ControlRig/Content/Controls/ControlRig_HalfCircle_solid.uasset" 4580
"../../../Engine/Plugins/Animation/ControlRig/Content/Controls/ControlRig_Octagon_1mm.uasset" 4581
"../../../Engine/Plugins/Animation/ControlRig/Content/Controls/ControlRig_HalfCircle_3mm.uasset" 4582
"/ControlRig/Controls/ControlRig_Circle_3mm" 4583
"../../../Engine/Plugins/Animation/ControlRig/Content/Controls/ControlRig_Octagon_solid.uasset" 4584
"../../../Engine/Plugins/Animation/ControlRig/Content/Controls/ControlRig_Diamond_3mm.uasset" 4585
"../../../Engine/Plugins/Animation/ControlRig/Content/Controls/ControlRig_Hexagon_3mm.uasset" 4586
"../../../Engine/Plugins/Animation/ControlRig/Content/Controls/ControlRig_Hexagon_solid.uasset" 4587
"../../../Engine/Plugins/Animation/ControlRig/Content/Controls/ControlRig_HalfCircle_1mm.uasset" 4588
"../../../Engine/Plugins/Animation/ControlRig/Content/Controls/ControlRig_Octagon_3mm.uasset" 4589
"../../../Engine/Plugins/Animation/ControlRig/Content/Controls/ControlRig_Hexagon_1mm.uasset" 4590
"/ControlRig/Controls/ControlRig_Circle_1mm" 4591
"../../../Engine/Plugins/Animation/ControlRig/Content/Controls/ControlRig_Pyramid_1mm.uasset" 4592
"/ControlRig/Controls/ControlRig_Box_solid" 4593
"/ControlRig/Controls/ControlRig_Box_3mm" 4594
"/ControlRig/Controls/ControlRig_Box_1mm" 4595
"../../../Engine/Plugins/Animation/ControlRig/Content/Controls/ControlRig_Pyramid_solid.uasset" 4596
"../../../Engine/Plugins/Animation/ControlRig/Content/Controls/ControlRig_QuarterCircle_1mm.uasset" 4597
"../../../Engine/Plugins/Animation/ControlRig/Content/Controls/ControlRig_QuarterCircle_3mm.uasset" 4598
"../../../Engine/Plugins/Animation/ControlRig/Content/Controls/ControlRig_Pyramid_3mm.uasset" 4599
"/ControlRig/Controls/ControlRig_Arrow_solid" 4600
"../../../Engine/Plugins/Animation/ControlRig/Content/Controls/ControlRig_RoundedSquare_3mm.uasset" 4601
"../../../Engine/Plugins/Animation/ControlRig/Content/Controls/ControlRig_QuarterCircle_solid.uasset" 4602
"../../../Engine/Plugins/Animation/ControlRig/Content/Controls/ControlRig_RoundedSquare_solid.uasset" 4603
"../../../Engine/Plugins/Animation/ControlRig/Content/Controls/ControlRig_RoundedSquare_1mm.uasset" 4604
"/ControlRig/Controls/ControlRig_Arrow_3mm" 4605
"/ControlRig/Controls/ControlRig_Arrow_1mm" 4606
"/ControlRig/Controls/ControlRig_Arrow4_solid" 4607
"/ControlRig/Controls/ControlRig_Arrow4_3mm" 4608
"/ControlRig/Controls/ControlRig_Pyramid_solid" 4609
"/ControlRig/Controls/ControlRig_Pyramid_3mm" 4610
"/ControlRig/Controls/ControlRig_Pyramid_1mm" 4611
"/ControlRig/Controls/ControlRig_Octagon_solid" 4612
"/ControlRig/Controls/ControlRig_Octagon_3mm" 4613
"/ControlRig/Controls/ControlRig_Octagon_1mm" 4614
"/ControlRig/Controls/ControlRig_Hexagon_solid" 4615
"/ControlRig/Controls/ControlRig_Hexagon_3mm" 4616
"/ControlRig/Controls/ControlRig_Hexagon_1mm" 4617
"/ControlRig/Controls/ControlRig_HalfCircle_solid" 4618
"/ControlRig/Controls/ControlRig_HalfCircle_3mm" 4619
"/ControlRig/Controls/ControlRig_HalfCircle_1mm" 4620
"/ControlRig/Controls/ControlRig_Diamond_solid" 4621
"/ControlRig/Controls/ControlRig_Diamond_3mm" 4622
"/ControlRig/Controls/ControlRig_RoundedSquare_solid" 4623
"/ControlRig/Controls/ControlRig_RoundedSquare_3mm" 4624
"/ControlRig/Controls/ControlRig_RoundedSquare_1mm" 4625
"/ControlRig/Controls/ControlRig_QuarterCircle_solid" 4626
"/ControlRig/Controls/ControlRig_QuarterCircle_3mm" 4627
"/ControlRig/Controls/ControlRig_QuarterCircle_1mm" 4628
"../../../Engine/Plugins/Animation/ControlRig/Content/Controls/ControlRig_Star4_solid.uasset" 4629
"../../../Engine/Plugins/Animation/ControlRig/Content/Controls/ControlRig_RoundedTriangle_3mm.uasset" 4630
"../../../Engine/Plugins/Animation/ControlRig/Content/Controls/ControlRig_Sphere_3mm.uasset" 4631
"../../../Engine/Plugins/Animation/ControlRig/Content/Controls/ControlRig_Square_3mm.uasset" 4632
"../../../Engine/Plugins/Animation/ControlRig/Content/Controls/ControlRig_RoundedTriangle_1mm.uasset" 4633
"../../../Engine/Plugins/Animation/ControlRig/Content/Controls/ControlRig_Sphere_1mm.uasset" 4634
"../../../Engine/Plugins/Animation/ControlRig/Content/Controls/ControlRig_Square_1mm.uasset" 4635
"../../../Engine/Plugins/Animation/ControlRig/Content/Controls/ControlRig_Star4_3mm.uasset" 4636
"../../../Engine/Plugins/Animation/ControlRig/Content/Controls/ControlRig_Square_solid.uasset" 4637
"../../../Engine/Plugins/Animation/ControlRig/Content/Controls/ControlRig_RoundedTriangle_solid.uasset" 4638
"../../../Engine/Plugins/Animation/ControlRig/Content/Controls/ControlRig_Star4_1mm.uasset" 4639
"../../../Engine/Plugins/Animation/ControlRig/Content/Controls/ControlRig_Triangle_1mm.uasset" 4640
"../../../Engine/Plugins/Animation/ControlRig/Content/Controls/ControlRig_Wedge_solid.uasset" 4641
"../../../Engine/Content/Maps/Entry.umap" 4642
"../../../Engine/Plugins/Animation/ControlRig/Content/Controls/ControlRig_Triangle_3mm.uasset" 4643
"../../../Engine/Plugins/Animation/ControlRig/Content/Controls/ControlRig_Triangle_solid.uasset" 4644
"../../../Engine/Plugins/Animation/ControlRig/Content/Controls/ControlRig_Wedge_1mm.uasset" 4645
"../../../Engine/Content/Maps/Entry_BuiltData.uasset" 4646
"../../../Engine/Plugins/Animation/ControlRig/Content/Controls/ControlRig_Wedge_3mm.uasset" 4647
"/Engine/Maps/Entry" 4648
"/ControlRig/Controls/ControlRig_Wedge_solid" 4649
"/ControlRig/Controls/ControlRig_Wedge_3mm" 4650
"/ControlRig/Controls/ControlRig_Wedge_1mm" 4651
"/ControlRig/Controls/ControlRig_Triangle_solid" 4652
"/ControlRig/Controls/ControlRig_Triangle_3mm" 4653
"/ControlRig/Controls/ControlRig_Triangle_1mm" 4654
"/ControlRig/Controls/ControlRig_Star4_solid" 4655
"/ControlRig/Controls/ControlRig_Star4_3mm" 4656
"/ControlRig/Controls/ControlRig_Star4_1mm" 4657
"/ControlRig/Controls/ControlRig_Square_solid" 4658
"/ControlRig/Controls/ControlRig_Square_3mm" 4659
"/ControlRig/Controls/ControlRig_Square_1mm" 4660
"/ControlRig/Controls/ControlRig_Sphere_3mm" 4661
"/ControlRig/Controls/ControlRig_Sphere_1mm" 4662
"/ControlRig/Controls/ControlRig_RoundedTriangle_solid" 4663
"/ControlRig/Controls/ControlRig_RoundedTriangle_3mm" 4664
"/ControlRig/Controls/ControlRig_RoundedTriangle_1mm" 4665
"../../../Engine/Content/EditorMaterials/PreviewShadowIndicator.uasset" 4666
"../../../Engine/Content/EditorMaterials/PreviewShadowIndicatorMaterial.uasset" 4667
"../../../Engine/Content/EngineMaterials/Substrate/GLints/dict_16_192_64_0p5_0p02_0000_0000.uasset" 4668
"../../../Engine/Content/EngineMaterials/Substrate/GLints/dict_16_192_64_0p5_0p02_0000_0008.uasset" 4669
"../../../Engine/Content/EngineMaterials/Substrate/GLints/dict_16_192_64_0p5_0p02_0000_0003.uasset" 4670
"../../../Engine/Content/EngineMaterials/Substrate/GLints/dict_16_192_64_0p5_0p02_0000_0001.uasset" 4671
"../../../Engine/Content/EngineMaterials/Substrate/GLints/dict_16_192_64_0p5_0p02_0000_0005.uasset" 4672
"../../../Engine/Content/EngineMaterials/Substrate/GLints/dict_16_192_64_0p5_0p02_0000_0004.uasset" 4673
"../../../Engine/Content/EngineMaterials/Substrate/GLints/dict_16_192_64_0p5_0p02_0000_0002.uasset" 4674
"../../../Engine/Content/EngineMaterials/Substrate/GLints/dict_16_192_64_0p5_0p02_0000_0006.uasset" 4675
"../../../Engine/Content/EngineMaterials/Substrate/GLints/dict_16_192_64_0p5_0p02_0000_0007.uasset" 4676
"../../../Engine/Content/EngineMaterials/Substrate/GLints/dict_16_192_64_0p5_0p02_0000_0015.uasset" 4677
"../../../Engine/Content/EngineMaterials/Substrate/GLints/dict_16_192_64_0p5_0p02_0000_0009.uasset" 4678
"../../../Engine/Content/EngineMaterials/Substrate/GLints/dict_16_192_64_0p5_0p02_0000_0010.uasset" 4679
"../../../Engine/Content/EngineMaterials/Substrate/GLints/dict_16_192_64_0p5_0p02_0000_0012.uasset" 4680
"../../../Engine/Content/EngineMaterials/Substrate/GLints/dict_16_192_64_0p5_0p02_0000_0014.uasset" 4681
"../../../Engine/Content/EngineMaterials/Substrate/GLints/dict_16_192_64_0p5_0p02_0000_0011.uasset" 4682
"../../../Engine/Content/EngineMaterials/Substrate/GLints/dict_16_192_64_0p5_0p02_0001_0000.uasset" 4683
"../../../Engine/Content/EngineMaterials/Substrate/GLints/dict_16_192_64_0p5_0p02_0000_0013.uasset" 4684
"../../../Engine/Content/EngineMaterials/Substrate/GLints/dict_16_192_64_0p5_0p02_0001_0002.uasset" 4685
"../../../Engine/Content/EngineMaterials/Substrate/GLints/dict_16_192_64_0p5_0p02_0001_0001.uasset" 4686
"../../../Engine/Content/EngineMaterials/Substrate/GLints/dict_16_192_64_0p5_0p02_0001_0003.uasset" 4687
"../../../Engine/Content/EngineMaterials/Substrate/GLints/dict_16_192_64_0p5_0p02_0001_0007.uasset" 4688
"../../../Engine/Content/EngineMaterials/Substrate/GLints/dict_16_192_64_0p5_0p02_0001_0005.uasset" 4689
"../../../Engine/Content/EngineMaterials/Substrate/GLints/dict_16_192_64_0p5_0p02_0001_0010.uasset" 4690
"../../../Engine/Content/EngineMaterials/Substrate/GLints/dict_16_192_64_0p5_0p02_0001_0006.uasset" 4691
"../../../Engine/Content/EngineMaterials/Substrate/GLints/dict_16_192_64_0p5_0p02_0001_0004.uasset" 4692
"../../../Engine/Content/EngineMaterials/Substrate/GLints/dict_16_192_64_0p5_0p02_0001_0009.uasset" 4693
"../../../Engine/Content/EngineMaterials/Substrate/GLints/dict_16_192_64_0p5_0p02_0001_0008.uasset" 4694
"../../../Engine/Content/EngineMaterials/Substrate/GLints/dict_16_192_64_0p5_0p02_0001_0012.uasset" 4695
"../../../Engine/Content/EngineMaterials/Substrate/GLints/dict_16_192_64_0p5_0p02_0001_0013.uasset" 4696
"../../../Engine/Content/EngineMaterials/Substrate/GLints/dict_16_192_64_0p5_0p02_0001_0011.uasset" 4697
"/Engine/EditorMaterials/PreviewShadowIndicator" 4698
"/Engine/EngineMaterials/Substrate/GLints/dict_16_192_64_0p5_0p02_0001_0001" 4699
"/Engine/EngineMaterials/Substrate/GLints/dict_16_192_64_0p5_0p02_0001_0000" 4700
"/Engine/EngineMaterials/Substrate/GLints/dict_16_192_64_0p5_0p02_0001_0013" 4701
"/Engine/EngineMaterials/Substrate/GLints/dict_16_192_64_0p5_0p02_0000_0015" 4702
"/Engine/EngineMaterials/Substrate/GLints/dict_16_192_64_0p5_0p02_0000_0014" 4703
"/Engine/EngineMaterials/Substrate/GLints/dict_16_192_64_0p5_0p02_0000_0013" 4704
"/Engine/EngineMaterials/Substrate/GLints/dict_16_192_64_0p5_0p02_0000_0012" 4705
"/Engine/EngineMaterials/Substrate/GLints/dict_16_192_64_0p5_0p02_0000_0011" 4706
"/Engine/EngineMaterials/Substrate/GLints/dict_16_192_64_0p5_0p02_0000_0010" 4707
"/Engine/EngineMaterials/Substrate/GLints/dict_16_192_64_0p5_0p02_0000_0009" 4708
"/Engine/EngineMaterials/Substrate/GLints/dict_16_192_64_0p5_0p02_0000_0008" 4709
"/Engine/EngineMaterials/Substrate/GLints/dict_16_192_64_0p5_0p02_0000_0007" 4710
"/Engine/EngineMaterials/Substrate/GLints/dict_16_192_64_0p5_0p02_0000_0006" 4711
"../../../Engine/Content/EngineMaterials/Substrate/GLints/dict_16_192_64_0p5_0p02_0001_0014.uasset" 4712
"/Engine/EngineMaterials/Substrate/GLints/dict_16_192_64_0p5_0p02_0000_0005" 4713
"/Engine/EngineMaterials/Substrate/GLints/dict_16_192_64_0p5_0p02_0000_0004" 4714
"/Engine/EngineMaterials/Substrate/GLints/dict_16_192_64_0p5_0p02_0001_0012" 4715
"/Engine/EngineMaterials/Substrate/GLints/dict_16_192_64_0p5_0p02_0001_0011" 4716
"/Engine/EngineMaterials/Substrate/GLints/dict_16_192_64_0p5_0p02_0001_0010" 4717
"/Engine/EngineMaterials/Substrate/GLints/dict_16_192_64_0p5_0p02_0001_0009" 4718
"/Engine/EngineMaterials/Substrate/GLints/dict_16_192_64_0p5_0p02_0001_0008" 4719
"/Engine/EngineMaterials/Substrate/GLints/dict_16_192_64_0p5_0p02_0001_0007" 4720
"/Engine/EngineMaterials/Substrate/GLints/dict_16_192_64_0p5_0p02_0001_0006" 4721
"/Engine/EngineMaterials/Substrate/GLints/dict_16_192_64_0p5_0p02_0001_0005" 4722
"/Engine/EngineMaterials/Substrate/GLints/dict_16_192_64_0p5_0p02_0001_0004" 4723
"/Engine/EngineMaterials/Substrate/GLints/dict_16_192_64_0p5_0p02_0001_0003" 4724
"/Engine/EngineMaterials/Substrate/GLints/dict_16_192_64_0p5_0p02_0001_0002" 4725
"/Engine/EngineMaterials/Substrate/GLints/dict_16_192_64_0p5_0p02_0000_0003" 4726
"/Engine/EngineMaterials/Substrate/GLints/dict_16_192_64_0p5_0p02_0000_0002" 4727
"/Engine/EngineMaterials/Substrate/GLints/dict_16_192_64_0p5_0p02_0000_0001" 4728
"/Engine/EngineMaterials/Substrate/GLints/dict_16_192_64_0p5_0p02_0000_0000" 4729
"/Engine/EditorMaterials/PreviewShadowIndicatorMaterial" 4730
"../../../Engine/Content/EngineMaterials/Substrate/GLints/dict_16_192_64_0p5_0p02_0001_0015.uasset" 4731
"../../../Engine/Content/EngineMaterials/Substrate/GLints/dict_16_192_64_0p5_0p02_0002_0000.uasset" 4732
"../../../Engine/Content/EngineMaterials/Substrate/GLints/dict_16_192_64_0p5_0p02_0002_0002.uasset" 4733
"../../../Engine/Content/EngineMaterials/Substrate/GLints/dict_16_192_64_0p5_0p02_0002_0001.uasset" 4734
"../../../Engine/Content/EngineMaterials/Substrate/GLints/dict_16_192_64_0p5_0p02_0002_0004.uasset" 4735
"../../../Engine/Content/EngineMaterials/Substrate/GLints/dict_16_192_64_0p5_0p02_0002_0005.uasset" 4736
"../../../Engine/Content/EngineMaterials/Substrate/GLints/dict_16_192_64_0p5_0p02_0002_0003.uasset" 4737
"../../../Engine/Content/EngineMaterials/Substrate/GLints/dict_16_192_64_0p5_0p02_0002_0006.uasset" 4738
"../../../Engine/Content/EngineMaterials/Substrate/GLints/dict_16_192_64_0p5_0p02_0002_0008.uasset" 4739
"../../../Engine/Content/EngineMaterials/Substrate/GLints/dict_16_192_64_0p5_0p02_0002_0007.uasset" 4740
"../../../Engine/Content/EngineMaterials/Substrate/GLints/dict_16_192_64_0p5_0p02_0002_0009.uasset" 4741
"../../../Engine/Content/EngineMaterials/Substrate/GLints/dict_16_192_64_0p5_0p02_0002_0010.uasset" 4742
"../../../Engine/Content/EngineMaterials/Substrate/GLints/dict_16_192_64_0p5_0p02_0002_0012.uasset" 4743
"../../../Engine/Content/EngineMaterials/Substrate/GLints/dict_16_192_64_0p5_0p02_0002_0013.uasset" 4744
"../../../Engine/Content/EngineMaterials/Substrate/GLints/dict_16_192_64_0p5_0p02_0002_0011.uasset" 4745
"../../../Engine/Content/EngineMaterials/Substrate/GLints/dict_16_192_64_0p5_0p02_0002_0014.uasset" 4746
"../../../Engine/Content/EngineMaterials/Substrate/GLints/dict_16_192_64_0p5_0p02_0002_0015.uasset" 4747
"../../../Engine/Content/EngineMaterials/Substrate/GLints/dict_16_192_64_0p5_0p02_0003_0002.uasset" 4748
"../../../Engine/Content/EngineMaterials/Substrate/GLints/dict_16_192_64_0p5_0p02_0003_0006.uasset" 4749
"../../../Engine/Content/EngineMaterials/Substrate/GLints/dict_16_192_64_0p5_0p02_0003_0005.uasset" 4750
"../../../Engine/Content/EngineMaterials/Substrate/GLints/dict_16_192_64_0p5_0p02_0003_0003.uasset" 4751
"../../../Engine/Content/EngineMaterials/Substrate/GLints/dict_16_192_64_0p5_0p02_0003_0004.uasset" 4752
"../../../Engine/Content/EngineMaterials/Substrate/GLints/dict_16_192_64_0p5_0p02_0003_0000.uasset" 4753
"../../../Engine/Content/EngineMaterials/Substrate/GLints/dict_16_192_64_0p5_0p02_0003_0010.uasset" 4754
"../../../Engine/Content/EngineMaterials/Substrate/GLints/dict_16_192_64_0p5_0p02_0003_0001.uasset" 4755
"../../../Engine/Content/EngineMaterials/Substrate/GLints/dict_16_192_64_0p5_0p02_0003_0007.uasset" 4756
"../../../Engine/Content/EngineMaterials/Substrate/GLints/dict_16_192_64_0p5_0p02_0003_0009.uasset" 4757
"../../../Engine/Content/EngineMaterials/Substrate/GLints/dict_16_192_64_0p5_0p02_0003_0012.uasset" 4758
"../../../Engine/Content/EngineMaterials/Substrate/GLints/dict_16_192_64_0p5_0p02_0003_0008.uasset" 4759
"../../../Engine/Content/EngineMaterials/Substrate/GLints/dict_16_192_64_0p5_0p02_0003_0013.uasset" 4760
"../../../Engine/Content/EngineMaterials/Substrate/GLints/dict_16_192_64_0p5_0p02_0003_0011.uasset" 4761
"/Engine/EngineMaterials/Substrate/GLints/dict_16_192_64_0p5_0p02_0001_0014" 4762
"../../../Engine/Content/EngineMaterials/Substrate/GLints/dict_16_192_64_0p5_0p02_0003_0014.uasset" 4763
"../../../Engine/Plugins/Animation/DeformerGraph/Shaders/Private/DataInterfaceCustomComputeKernel.ush" 4764
"../../../Engine/Plugins/Animation/DeformerGraph/Shaders/Private/DataInterfaceCloth.ush" 4765
"../../../Engine/Plugins/Animation/DeformerGraph/Shaders/Private/DataInterfaceSkinnedMeshRead.ush" 4766
"../../../Engine/Plugins/Animation/DeformerGraph/Shaders/Private/DataInterfaceSkeleton.ush" 4767
"../../../Engine/Plugins/Animation/DeformerGraph/Shaders/Private/DataInterfaceSkeletonCommon.ush" 4768
"../../../Engine/Plugins/Animation/DeformerGraph/Shaders/Private/DataInterfaceMorphTarget.ush" 4769
"../../../Engine/Plugins/Animation/DeformerGraph/Shaders/Private/DataInterfaceSkinnedMeshWrite.ush" 4770
"../../../Engine/Plugins/Animation/DeformerGraph/Shaders/Private/DataInterfaceRawBuffer.ush" 4771
"../../../Engine/Plugins/Runtime/ComputeFramework/Shaders/Private/BufferAlias.ush" 4772
"../../../Engine/Plugins/Animation/DeformerGraph/Shaders/Private/DataInterfaceSkinnedMesh.ush" 4773
"../../../Engine/Plugins/Animation/DeformerGraph/Shaders/Private/DataInterfaceHalfEdge.ush" 4774
"/Engine/EngineMaterials/Substrate/GLints/dict_16_192_64_0p5_0p02_0003_0013" 4775
"/Engine/EngineMaterials/Substrate/GLints/dict_16_192_64_0p5_0p02_0003_0012" 4776
"/Engine/EngineMaterials/Substrate/GLints/dict_16_192_64_0p5_0p02_0003_0011" 4777
"/Engine/EngineMaterials/Substrate/GLints/dict_16_192_64_0p5_0p02_0003_0010" 4778
"/Engine/EngineMaterials/Substrate/GLints/dict_16_192_64_0p5_0p02_0003_0009" 4779
"/Engine/EngineMaterials/Substrate/GLints/dict_16_192_64_0p5_0p02_0003_0008" 4780
"/Engine/EngineMaterials/Substrate/GLints/dict_16_192_64_0p5_0p02_0003_0007" 4781
"/Engine/EngineMaterials/Substrate/GLints/dict_16_192_64_0p5_0p02_0003_0006" 4782
"/Engine/EngineMaterials/Substrate/GLints/dict_16_192_64_0p5_0p02_0003_0005" 4783
"/Engine/EngineMaterials/Substrate/GLints/dict_16_192_64_0p5_0p02_0003_0004" 4784
"/Engine/EngineMaterials/Substrate/GLints/dict_16_192_64_0p5_0p02_0003_0003" 4785
"/Engine/EngineMaterials/Substrate/GLints/dict_16_192_64_0p5_0p02_0003_0002" 4786
"/Engine/EngineMaterials/Substrate/GLints/dict_16_192_64_0p5_0p02_0003_0001" 4787
"/Engine/EngineMaterials/Substrate/GLints/dict_16_192_64_0p5_0p02_0003_0000" 4788
"/Engine/EngineMaterials/Substrate/GLints/dict_16_192_64_0p5_0p02_0002_0015" 4789
"/Engine/EngineMaterials/Substrate/GLints/dict_16_192_64_0p5_0p02_0002_0014" 4790
"/Engine/EngineMaterials/Substrate/GLints/dict_16_192_64_0p5_0p02_0002_0013" 4791
"/Engine/EngineMaterials/Substrate/GLints/dict_16_192_64_0p5_0p02_0002_0012" 4792
"/Engine/EngineMaterials/Substrate/GLints/dict_16_192_64_0p5_0p02_0002_0011" 4793
"/Engine/EngineMaterials/Substrate/GLints/dict_16_192_64_0p5_0p02_0002_0010" 4794
"/Engine/EngineMaterials/Substrate/GLints/dict_16_192_64_0p5_0p02_0002_0009" 4795
"/Engine/EngineMaterials/Substrate/GLints/dict_16_192_64_0p5_0p02_0002_0008" 4796
"/Engine/EngineMaterials/Substrate/GLints/dict_16_192_64_0p5_0p02_0002_0007" 4797
"/Engine/EngineMaterials/Substrate/GLints/dict_16_192_64_0p5_0p02_0002_0006" 4798
"/Engine/EngineMaterials/Substrate/GLints/dict_16_192_64_0p5_0p02_0002_0005" 4799
"/Engine/EngineMaterials/Substrate/GLints/dict_16_192_64_0p5_0p02_0002_0004" 4800
"/Engine/EngineMaterials/Substrate/GLints/dict_16_192_64_0p5_0p02_0002_0003" 4801
"/Engine/EngineMaterials/Substrate/GLints/dict_16_192_64_0p5_0p02_0002_0002" 4802
"/Engine/EngineMaterials/Substrate/GLints/dict_16_192_64_0p5_0p02_0002_0001" 4803
"/Engine/EngineMaterials/Substrate/GLints/dict_16_192_64_0p5_0p02_0002_0000" 4804
"/Engine/EngineMaterials/Substrate/GLints/dict_16_192_64_0p5_0p02_0001_0015" 4805
"../../../Engine/Content/EngineMaterials/Substrate/GLints/dict_16_192_64_0p5_0p02_0004_0003.uasset" 4806
"../../../Engine/Content/EngineMaterials/Substrate/GLints/dict_16_192_64_0p5_0p02_0004_0006.uasset" 4807
"../../../Engine/Content/EngineMaterials/Substrate/GLints/dict_16_192_64_0p5_0p02_0004_0000.uasset" 4808
"../../../Engine/Content/EngineMaterials/Substrate/GLints/dict_16_192_64_0p5_0p02_0004_0007.uasset" 4809
"../../../Engine/Content/EngineMaterials/Substrate/GLints/dict_16_192_64_0p5_0p02_0003_0015.uasset" 4810
"../../../Engine/Content/EngineMaterials/Substrate/GLints/dict_16_192_64_0p5_0p02_0004_0008.uasset" 4811
"../../../Engine/Content/EngineMaterials/Substrate/GLints/dict_16_192_64_0p5_0p02_0004_0012.uasset" 4812
"../../../Engine/Content/EngineMaterials/Substrate/GLints/dict_16_192_64_0p5_0p02_0004_0002.uasset" 4813
"../../../Engine/Content/EngineMaterials/Substrate/GLints/dict_16_192_64_0p5_0p02_0004_0014.uasset" 4814
"../../../Engine/Content/EngineMaterials/Substrate/GLints/dict_16_192_64_0p5_0p02_0004_0011.uasset" 4815
"../../../Engine/Content/EngineMaterials/Substrate/GLints/dict_16_192_64_0p5_0p02_0004_0004.uasset" 4816
"../../../Engine/Content/EngineMaterials/Substrate/GLints/dict_16_192_64_0p5_0p02_0005_0001.uasset" 4817
"../../../Engine/Content/EngineMaterials/Substrate/GLints/dict_16_192_64_0p5_0p02_0004_0015.uasset" 4818
"../../../Engine/Content/EngineMaterials/Substrate/GLints/dict_16_192_64_0p5_0p02_0005_0000.uasset" 4819
"../../../Engine/Content/EngineMaterials/Substrate/GLints/dict_16_192_64_0p5_0p02_0004_0005.uasset" 4820
"../../../Engine/Content/EngineMaterials/Substrate/GLints/dict_16_192_64_0p5_0p02_0005_0002.uasset" 4821
"../../../Engine/Content/EngineMaterials/Substrate/GLints/dict_16_192_64_0p5_0p02_0004_0009.uasset" 4822
"../../../Engine/Content/EngineMaterials/Substrate/GLints/dict_16_192_64_0p5_0p02_0004_0001.uasset" 4823
"../../../Engine/Content/EngineMaterials/Substrate/GLints/dict_16_192_64_0p5_0p02_0004_0010.uasset" 4824
"../../../Engine/Content/EngineMaterials/Substrate/GLints/dict_16_192_64_0p5_0p02_0004_0013.uasset" 4825
"../../../Engine/Content/EngineMaterials/Substrate/GLints/dict_16_192_64_0p5_0p02_0005_0004.uasset" 4826
"../../../Engine/Content/EngineMaterials/Substrate/GLints/dict_16_192_64_0p5_0p02_0005_0003.uasset" 4827
"../../../Engine/Content/EngineMaterials/Substrate/GLints/dict_16_192_64_0p5_0p02_0005_0013.uasset" 4828
"../../../Engine/Content/EngineMaterials/Substrate/GLints/dict_16_192_64_0p5_0p02_0005_0006.uasset" 4829
"../../../Engine/Content/EngineMaterials/Substrate/GLints/dict_16_192_64_0p5_0p02_0005_0012.uasset" 4830
"../../../Engine/Content/EngineMaterials/Substrate/GLints/dict_16_192_64_0p5_0p02_0005_0007.uasset" 4831
"../../../Engine/Content/EngineMaterials/Substrate/GLints/dict_16_192_64_0p5_0p02_0005_0011.uasset" 4832
"../../../Engine/Content/EngineMaterials/Substrate/GLints/dict_16_192_64_0p5_0p02_0005_0009.uasset" 4833
"../../../Engine/Content/EngineMaterials/Substrate/GLints/dict_16_192_64_0p5_0p02_0005_0008.uasset" 4834
"../../../Engine/Content/EngineMaterials/Substrate/GLints/dict_16_192_64_0p5_0p02_0005_0010.uasset" 4835
"../../../Engine/Content/EngineMaterials/Substrate/GLints/dict_16_192_64_0p5_0p02_0005_0005.uasset" 4836
"/Engine/EngineMaterials/Substrate/GLints/dict_16_192_64_0p5_0p02_0005_0013" 4837
"/Engine/EngineMaterials/Substrate/GLints/dict_16_192_64_0p5_0p02_0005_0012" 4838
"/Engine/EngineMaterials/Substrate/GLints/dict_16_192_64_0p5_0p02_0005_0011" 4839
"/Engine/EngineMaterials/Substrate/GLints/dict_16_192_64_0p5_0p02_0005_0010" 4840
"/Engine/EngineMaterials/Substrate/GLints/dict_16_192_64_0p5_0p02_0005_0009" 4841
"/Engine/EngineMaterials/Substrate/GLints/dict_16_192_64_0p5_0p02_0005_0008" 4842
"/Engine/EngineMaterials/Substrate/GLints/dict_16_192_64_0p5_0p02_0005_0007" 4843
"/Engine/EngineMaterials/Substrate/GLints/dict_16_192_64_0p5_0p02_0005_0006" 4844
"/Engine/EngineMaterials/Substrate/GLints/dict_16_192_64_0p5_0p02_0005_0005" 4845
"/Engine/EngineMaterials/Substrate/GLints/dict_16_192_64_0p5_0p02_0005_0004" 4846
"/Engine/EngineMaterials/Substrate/GLints/dict_16_192_64_0p5_0p02_0005_0003" 4847
"/Engine/EngineMaterials/Substrate/GLints/dict_16_192_64_0p5_0p02_0005_0002" 4848
"/Engine/EngineMaterials/Substrate/GLints/dict_16_192_64_0p5_0p02_0005_0001" 4849
"/Engine/EngineMaterials/Substrate/GLints/dict_16_192_64_0p5_0p02_0005_0000" 4850
"/Engine/EngineMaterials/Substrate/GLints/dict_16_192_64_0p5_0p02_0004_0015" 4851
"/Engine/EngineMaterials/Substrate/GLints/dict_16_192_64_0p5_0p02_0004_0014" 4852
"/Engine/EngineMaterials/Substrate/GLints/dict_16_192_64_0p5_0p02_0004_0013" 4853
"/Engine/EngineMaterials/Substrate/GLints/dict_16_192_64_0p5_0p02_0004_0012" 4854
"/Engine/EngineMaterials/Substrate/GLints/dict_16_192_64_0p5_0p02_0004_0011" 4855
"/Engine/EngineMaterials/Substrate/GLints/dict_16_192_64_0p5_0p02_0004_0010" 4856
"/Engine/EngineMaterials/Substrate/GLints/dict_16_192_64_0p5_0p02_0004_0009" 4857
"/Engine/EngineMaterials/Substrate/GLints/dict_16_192_64_0p5_0p02_0004_0008" 4858
"/Engine/EngineMaterials/Substrate/GLints/dict_16_192_64_0p5_0p02_0004_0007" 4859
"/Engine/EngineMaterials/Substrate/GLints/dict_16_192_64_0p5_0p02_0004_0006" 4860
"/Engine/EngineMaterials/Substrate/GLints/dict_16_192_64_0p5_0p02_0004_0005" 4861
"/Engine/EngineMaterials/Substrate/GLints/dict_16_192_64_0p5_0p02_0004_0004" 4862
"/Engine/EngineMaterials/Substrate/GLints/dict_16_192_64_0p5_0p02_0004_0003" 4863
"/Engine/EngineMaterials/Substrate/GLints/dict_16_192_64_0p5_0p02_0004_0002" 4864
"/Engine/EngineMaterials/Substrate/GLints/dict_16_192_64_0p5_0p02_0004_0001" 4865
"/Engine/EngineMaterials/Substrate/GLints/dict_16_192_64_0p5_0p02_0004_0000" 4866
"/Engine/EngineMaterials/Substrate/GLints/dict_16_192_64_0p5_0p02_0003_0015" 4867
"/Engine/EngineMaterials/Substrate/GLints/dict_16_192_64_0p5_0p02_0003_0014" 4868
"C:/Users/rexge/Documents/Unreal Projects/TheBigHunt/Content/Jeep2/textures/JeepAO.uasset" 4869
"C:/Users/rexge/Documents/Unreal Projects/TheBigHunt/Content/Jeep2/textures/JeepColor.uasset" 4870
"C:/Users/rexge/Documents/Unreal Projects/TheBigHunt/Content/Jeep2/textures/JeepMetallic.uasset" 4871
"C:/Users/rexge/Documents/Unreal Projects/TheBigHunt/Content/Jeep2/textures/JeepNormal.uasset" 4872
"/Game/Jeep2/textures/GlassMetallic" 4873
"C:/Users/rexge/Documents/Unreal Projects/TheBigHunt/Content/Jeep2/textures/JeepRoughness.uasset" 4874
"/Game/Jeep2/textures/glassColor" 4875
"/Game/RocksPackDEMO/Collection/Textures/T_Normal_Flat" 4876
"/Game/RocksPackDEMO/Collection/Textures/T_BaseColor_Flat" 4877
"/Game/LevelPrototyping/Textures/T_GridChecker_A" 4878
"/Game/AfricanAnimalsPack/Zebra/Textures/T_Zebra_Transparency" 4879
"/Game/AfricanAnimalsPack/Zebra/Textures/T_Zebra_Specular" 4880
"/Game/AfricanAnimalsPack/Zebra/Textures/T_Zebra_OcclusionRoughnessMetallic" 4881
"/Game/AfricanAnimalsPack/Zebra/Textures/T_Zebra_Nml" 4882
"/Game/AfricanAnimalsPack/Zebra/Textures/T_Zebra_BaseColor" 4883
"/Game/AfricanAnimalsPack/LionAndLioness/Textures/T_Lion_Specular" 4884
"/Game/AfricanAnimalsPack/LionAndLioness/Textures/T_Lioness_OcclusionRoughnessMetallic" 4885
"/Game/AfricanAnimalsPack/LionAndLioness/Textures/T_Lioness_Nml" 4886
"/Game/AfricanAnimalsPack/LionAndLioness/Textures/T_Lioness_BaseColor" 4887
"/Game/AfricanAnimalsPack/LionAndLioness/Textures/T_Lion_OcclusionRoughnessMetallic" 4888
"/Game/AfricanAnimalsPack/LionAndLioness/Textures/T_Lion_Nml" 4889
"../../../Engine/Content/EngineMaterials/Substrate/GLints/dict_16_192_64_0p5_0p02_0005_0015.uasset" 4890
"../../../Engine/Content/EngineMaterials/Substrate/GLints/dict_16_192_64_0p5_0p02_0005_0014.uasset" 4891
"/Game/AfricanAnimalsPack/LionAndLioness/Textures/T_Lion_BaseColor" 4892
"/Game/AfricanAnimalsPack/Crocodile/Textures/T_Crocodile_Specular" 4893
"/Game/AfricanAnimalsPack/Crocodile/Textures/T_Crocodile_OcclusionRoughnessMetallic" 4894
"/Game/AfricanAnimalsPack/Crocodile/Textures/T_Crocodile_Nml" 4895
"/Game/AfricanAnimalsPack/Crocodile/Textures/T_Crocodile_BaseColor" 4896
"/Game/Jeep2/textures/TireRoughness" 4897
"/Game/Jeep2/textures/TireNormal" 4898
"/Game/Jeep2/textures/TireColor" 4899
"/Game/Jeep2/textures/JeepRoughness" 4900
"/Game/Jeep2/textures/JeepNormal" 4901
"/Game/Jeep2/textures/JeepMetallic" 4902
"/Game/Jeep2/textures/JeepColor" 4903
"/Game/Jeep2/textures/JeepAO" 4904
"/Game/Jeep2/textures/GlassRoughness" 4905
"C:/Users/rexge/Documents/Unreal Projects/TheBigHunt/Content/Weapons/Pistol/Textures/T_Pistol_D.uasset" 4906
"C:/Users/rexge/Documents/Unreal Projects/TheBigHunt/Content/Weapons/Pistol/Textures/T_Pistol_N.uasset" 4907
"C:/Users/rexge/Documents/Unreal Projects/TheBigHunt/Content/Characters/MannequinsXR/Textures/Manny/T_Manny_02_ASAOPMASK_MSK.uasset" 4908
"C:/Users/rexge/Documents/Unreal Projects/TheBigHunt/Content/Characters/MannequinsXR/Textures/Manny/T_Manny_02_BN.uasset" 4909
"C:/Users/rexge/Documents/Unreal Projects/TheBigHunt/Content/Characters/MannequinsXR/Textures/Manny/T_Manny_02_D.uasset" 4910
"C:/Users/rexge/Documents/Unreal Projects/TheBigHunt/Content/Characters/MannequinsXR/Textures/Manny/T_Manny_02_N.uasset" 4911
"C:/Users/rexge/Documents/Unreal Projects/TheBigHunt/Content/Characters/MannequinsXR/Textures/Manny/T_Manny_02_CCRCCPlastic_MSK.uasset" 4912
"C:/Users/rexge/Documents/Unreal Projects/TheBigHunt/Content/Characters/MannequinsXR/Textures/Manny/T_Manny_02_MSR_MSK.uasset" 4913
"C:/Users/rexge/Documents/Unreal Projects/TheBigHunt/Content/Characters/MannequinsXR/Textures/Manny/T_Manny_02_Tan.uasset" 4914
"C:/Users/rexge/Documents/Unreal Projects/TheBigHunt/Content/Weapons/Pistol/Textures/T_Pistol_Masks.uasset" 4915
"C:/Users/rexge/Documents/Unreal Projects/TheBigHunt/Content/AfricanAnimalsPack/Elephant/Textures/T_Elephant_BaseColor.uasset" 4916
"C:/Users/rexge/Documents/Unreal Projects/TheBigHunt/Content/Weapons/Pistol/Textures/T_Pistol_AORM.uasset" 4917
"C:/Users/rexge/Documents/Unreal Projects/TheBigHunt/Content/AfricanAnimalsPack/Elephant/Textures/T_Elephant_Nml.uasset" 4918
"C:/Users/rexge/Documents/Unreal Projects/TheBigHunt/Content/AfricanAnimalsPack/Elephant/Textures/T_Elephant_Specular.uasset" 4919
"C:/Users/rexge/Documents/Unreal Projects/TheBigHunt/Content/AfricanAnimalsPack/Elephant/Textures/T_Elephant_OcclusionRoughnessMetallic.uasset" 4920
"/Engine/EngineMaterials/Substrate/GLints/dict_16_192_64_0p5_0p02_0005_0015" 4921
"/Engine/EngineMaterials/Substrate/GLints/dict_16_192_64_0p5_0p02_0005_0014" 4922
"C:/Users/rexge/Documents/Unreal Projects/TheBigHunt/Content/VRTemplate/Materials/M_Projectile.uasset" 4923
"/Game/AfricanAnimalsPack/Elephant/Textures/T_Elephant_Specular" 4924
"/Game/AfricanAnimalsPack/Elephant/Textures/T_Elephant_OcclusionRoughnessMetallic" 4925
"/Game/AfricanAnimalsPack/Elephant/Textures/T_Elephant_Nml" 4926
"/Game/AfricanAnimalsPack/Elephant/Textures/T_Elephant_BaseColor" 4927
"/Engine/Animation/DefaultAnimCurveCompressionSettings" 4928
"/Game/Characters/MannequinsXR/Textures/Manny/T_Manny_02_Tan" 4929
"/Game/Characters/MannequinsXR/Textures/Manny/T_Manny_02_N" 4930
"/Game/Characters/MannequinsXR/Textures/Manny/T_Manny_02_MSR_MSK" 4931
"/Game/Characters/MannequinsXR/Textures/Manny/T_Manny_02_D" 4932
"/Game/Characters/MannequinsXR/Textures/Manny/T_Manny_02_CCRCCPlastic_MSK" 4933
"/Game/Characters/MannequinsXR/Textures/Manny/T_Manny_02_BN" 4934
"/Game/Characters/MannequinsXR/Textures/Manny/T_Manny_02_ASAOPMASK_MSK" 4935
"/Engine/EditorResources/AI/S_NavLink" 4936
"../../../Engine/Content/EngineMaterials/Substrate/GLints/dict_16_192_64_0p5_0p02_0006_0000.uasset" 4937
"/Game/Weapons/Pistol/Textures/T_Pistol_N" 4938
"/Game/Weapons/Pistol/Textures/T_Pistol_Masks" 4939
"/Game/Weapons/Pistol/Textures/T_Pistol_D" 4940
"/Game/Weapons/Pistol/Textures/T_Pistol_AORM" 4941
"/Game/LevelPrototyping/Materials/M_FlatCol" 4942
"/Engine/EditorResources/MatineeCam_D" 4943
"/Engine/Functions/Engine_MaterialFunctions01/AlphaBlend/WorldAlignedBlend" 4944
"/Game/RocksPackDEMO/Textures/Landscape/T_Mountains_01_N" 4945
"/Game/RocksPackDEMO/Textures/Landscape/T_Mountains_01_BC" 4946
"/Game/RocksPackDEMO/Collection/Textures/T_Rock_MicroNoise" 4947
"/Game/RocksPackDEMO/Collection/Textures/T_RMA_Flat" 4948
"/Game/AfricanAnimalsPack/Crocodile/Meshes/SK_Crocodile_PhysicsAsset" 4949
"/Game/Fab/Megascans/Plants/Wild_Grass_vlkhcbxia/Low/vlkhcbxia_tier_3/Textures/T_vlkhcbxia_1K_Billboard_N-T" 4950
"/Game/Fab/Megascans/Plants/Wild_Grass_vlkhcbxia/Low/vlkhcbxia_tier_3/Textures/T_vlkhcbxia_1K_Billboard_B-O" 4951
"/Game/VRTemplate/Materials/M_Projectile" 4952
"/Game/AfricanAnimalsPack/Hippopotamus/Textures/T_Hippopotamus_Nml" 4953
"C:/Users/rexge/Documents/Unreal Projects/TheBigHunt/Content/AfricanAnimalsPack/Elephant/Meshes/SK_Elephant_PhysicsAsset.uasset" 4954
"C:/Users/rexge/Documents/Unreal Projects/TheBigHunt/Content/AfricanAnimalsPack/Elephant/Meshes/SK_Elephant_Skeleton.uasset" 4955
"/Engine/EngineMaterials/Substrate/GLints/dict_16_192_64_0p5_0p02_0006_0000" 4956
"/Game/AfricanAnimalsPack/Hippopotamus/Textures/T_Hippopotamus_BaseColor" 4957
"/Game/AfricanAnimalsPack/Crocodile/Meshes/SK_Crocodile_Skeleton" 4958
"../../../Engine/Plugins/Experimental/Water/Content/Materials/Functions/WaterZoneData.uasset" 4959
"/Game/AfricanAnimalsPack/Elephant/Meshes/SK_Elephant_Skeleton" 4960
"/Game/AfricanAnimalsPack/Elephant/Meshes/SK_Elephant_PhysicsAsset" 4961
"../../../Engine/Content/EngineMaterials/Substrate/GLints/dict_16_192_64_0p5_0p02_0006_0001.uasset" 4962
"../../../Engine/Content/EngineMaterials/Substrate/GLints/dict_16_192_64_0p5_0p02_0006_0002.uasset" 4963
"../../../Engine/Content/EngineMaterials/Substrate/GLints/dict_16_192_64_0p5_0p02_0006_0003.uasset" 4964
"/Engine/Functions/Engine_MaterialFunctions02/Utility/AppendMany" 4965
"/Game/RocksPackDEMO/Textures/Rocks/T_RockPack_Cliff_07_RMA" 4966
"/Game/RocksPackDEMO/Textures/Rocks/T_RockPack_Cliff_07_N" 4967
"/Game/RocksPackDEMO/Textures/Rocks/T_RockPack_Cliff_07_BC" 4968
"/Game/RocksPackDEMO/Textures/Rocks/T_RockPack_Rocks_01_RMA" 4969
"/Game/RocksPackDEMO/Textures/Rocks/T_RockPack_Rocks_01_N" 4970
"/Game/RocksPackDEMO/Textures/Rocks/T_RockPack_Rocks_01_BC" 4971
"/Game/AfricanAnimalsPack/Zebra/Meshes/SK_Zebra_Skeleton" 4972
"/Game/AfricanAnimalsPack/Zebra/Meshes/SK_Zebra_PhysicsAsset" 4973
"/Game/AfricanAnimalsPack/Rhinoceros/Textures/T_Rhinoceros_Specular" 4974
"/Game/AfricanAnimalsPack/Rhinoceros/Textures/t_Rhinoceros_OcclusionRoughnessMetallic" 4975
"/Game/AfricanAnimalsPack/Rhinoceros/Textures/T_Rhinoceros_Nml" 4976
"/Game/AfricanAnimalsPack/Rhinoceros/Textures/T_Rhinoceros_BaseColor" 4977
"/Game/AfricanAnimalsPack/LionAndLioness/Meshes/SK_Lion_LOD0_PhysicsAsset" 4978
"/Game/AfricanAnimalsPack/Hippopotamus/Textures/T_Hippopotamus_Specular" 4979
"/Game/AfricanAnimalsPack/Hippopotamus/Textures/T_Hippopotamus_OcclusionRoughnessMetallic" 4980
"/Water/Materials/Functions/WaterZoneData" 4981
"C:/Users/rexge/Documents/Unreal Projects/TheBigHunt/Content/AfricanAnimalsPack/Hippopotamus/Meshes/SK_Hippopotamus_Skeleton.uasset" 4982
"/Game/AfricanAnimalsPack/Hippopotamus/Meshes/SK_Hippopotamus_Skeleton" 4983
"C:/Users/rexge/Documents/Unreal Projects/TheBigHunt/Content/Characters/MannequinsXR/Meshes/SK_MannequinsXR.uasset" 4984
"C:/Users/rexge/Documents/Unreal Projects/TheBigHunt/Content/VRTemplate/Materials/DefaultRibbonMaterial_NoGradient.uasset" 4985
"../../../Engine/Plugins/Experimental/Water/Content/Materials/Functions/WorldNormalBehindWater.uasset" 4986
"../../../Engine/Plugins/Experimental/Water/Content/Textures/Flowmaps/RiverFlowmap_Diffuse.uasset" 4987
"../../../Engine/Plugins/Experimental/Water/Content/Textures/Flowmaps/RiverFlowmap_Normal.uasset" 4988
"../../../Engine/Plugins/Experimental/Water/Content/Textures/Foam/T_WaterFlow_01_Foam_Tiled.uasset" 4989
"../../../Engine/Plugins/Experimental/Water/Content/Textures/Normals/T_Water_TilingNormal_With_Height_02_Softened.uasset" 4990
"../../../Engine/Plugins/Experimental/Water/Content/Textures/Foam/T_WaterFlow_01_Foam_Tiled_N.uasset" 4991
"/Engine/EngineMaterials/Substrate/GLints/dict_16_192_64_0p5_0p02_0006_0003" 4992
"/Engine/EngineMaterials/Substrate/GLints/dict_16_192_64_0p5_0p02_0006_0002" 4993
"/Engine/EngineMaterials/Substrate/GLints/dict_16_192_64_0p5_0p02_0006_0001" 4994
"/Game/AfricanAnimalsPack/Hippopotamus/Meshes/SK_Hippopotamus_PhysicsAsset" 4995
"/Engine/Functions/Engine_MaterialFunctions02/Math/MakeVectorsOrthogonal" 4996
"../../../Engine/Content/EngineMaterials/Substrate/GLints/dict_16_192_64_0p5_0p02_0006_0005.uasset" 4997
"/Engine/Functions/Engine_MaterialFunctions03/Procedurals/NormalFromHeightmap" 4998
"/Engine/Functions/Engine_MaterialFunctions01/Gradient/LinearGradient" 4999
"/Engine/Functions/Engine_MaterialFunctions02/Math/TimeWithSpeedVariable" 5000
"../../../Engine/Content/EngineMaterials/Substrate/GLints/dict_16_192_64_0p5_0p02_0006_0004.uasset" 5001
"/Engine/Functions/Engine_MaterialFunctions01/Opacity/AlphaOffset" 5002
"/Water/Textures/Normals/T_Water_TilingNormal_With_Height_02_Softened" 5003
"/Water/Textures/Foam/T_WaterFlow_01_Foam_Tiled_N" 5004
"/Water/Textures/Foam/T_WaterFlow_01_Foam_Tiled" 5005
"/Water/Textures/Flowmaps/RiverFlowmap_Normal" 5006
"/Water/Textures/Flowmaps/RiverFlowmap_Diffuse" 5007
"/Water/Materials/Functions/WorldNormalBehindWater" 5008
"/Water/Materials/Functions/ComputeWavesAttenuationFactor" 5009
"/Engine/Functions/Engine_MaterialFunctions02/ExampleContent/Textures/LowResBlurredNoise" 5010
"/Water/FluidSimulation/WaveFoam/FoamRT" 5011
"/Water/FluidSimulation/WaveFoam/WaterDistanceField" 5012
"/Engine/VREditor/Devices/Generic/GenericHMDMaterial" 5013
"/Game/VRTemplate/Materials/DefaultRibbonMaterial_NoGradient" 5014
"/Game/Characters/MannequinsXR/Meshes/SK_MannequinsXR" 5015
"/Game/VRTemplate/Materials/M_VRCursor" 5016
"/Game/ButtonInput/ButtonAPressed" 5017
"/Game/Fab/Megascans/Surfaces/Dry_Cracked_Mud_xccibi1/Raw/xccibi1_tier_0/Textures/T_xccibi1_8K_B" 5018
"/Game/Fab/Megascans/Surfaces/Dry_Cracked_Mud_xccibi1/Raw/xccibi1_tier_0/Textures/T_xccibi1_8K_N" 5019
"/Game/AfricanAnimalsPack/Rhinoceros/Meshes/SK_Rhinoceros_Skeleton" 5020
"/Game/AfricanAnimalsPack/Rhinoceros/Meshes/SK_Rhinoceros_PhysicsAsset" 5021
"/Engine/Functions/Engine_MaterialFunctions01/Texturing/ComputeMipLevel" 5022
"/Engine/EngineMaterials/Substrate/GLints/dict_16_192_64_0p5_0p02_0006_0005" 5023
"/Engine/EngineMaterials/Substrate/GLints/dict_16_192_64_0p5_0p02_0006_0004" 5024
"/Engine/EngineMaterials/DefaultNormal" 5025
"../../../Engine/Content/EngineMaterials/Substrate/GLints/dict_16_192_64_0p5_0p02_0006_0015.uasset" 5026
"../../../Engine/Content/EngineMaterials/Substrate/GLints/dict_16_192_64_0p5_0p02_0006_0013.uasset" 5027
"/Engine/Functions/Engine_MaterialFunctions02/Utility/LinearSine" 5028
"../../../Engine/Content/EngineMaterials/Substrate/GLints/dict_16_192_64_0p5_0p02_0006_0012.uasset" 5029
"../../../Engine/Content/EngineMaterials/Substrate/GLints/dict_16_192_64_0p5_0p02_0007_0001.uasset" 5030
"../../../Engine/Content/EngineMaterials/Substrate/GLints/dict_16_192_64_0p5_0p02_0007_0000.uasset" 5031
"../../../Engine/Content/EngineMaterials/Substrate/GLints/dict_16_192_64_0p5_0p02_0006_0009.uasset" 5032
"../../../Engine/Content/EngineMaterials/Substrate/GLints/dict_16_192_64_0p5_0p02_0006_0014.uasset" 5033
"../../../Engine/Content/EngineMaterials/Substrate/GLints/dict_16_192_64_0p5_0p02_0006_0006.uasset" 5034
"../../../Engine/Content/EngineMaterials/Substrate/GLints/dict_16_192_64_0p5_0p02_0006_0010.uasset" 5035
"../../../Engine/Content/EngineMaterials/Substrate/GLints/dict_16_192_64_0p5_0p02_0006_0007.uasset" 5036
"../../../Engine/Content/EngineMaterials/Substrate/GLints/dict_16_192_64_0p5_0p02_0006_0011.uasset" 5037
"../../../Engine/Content/EngineMaterials/Substrate/GLints/dict_16_192_64_0p5_0p02_0007_0003.uasset" 5038
"../../../Engine/Content/EngineMaterials/Substrate/GLints/dict_16_192_64_0p5_0p02_0006_0008.uasset" 5039
"../../../Engine/Content/EngineMaterials/Substrate/GLints/dict_16_192_64_0p5_0p02_0007_0002.uasset" 5040
"../../../Engine/Content/EngineMaterials/Substrate/GLints/dict_16_192_64_0p5_0p02_0007_0004.uasset" 5041
"../../../Engine/Content/EngineMaterials/Substrate/GLints/dict_16_192_64_0p5_0p02_0007_0005.uasset" 5042
"../../../Engine/Content/EngineMaterials/Substrate/GLints/dict_16_192_64_0p5_0p02_0007_0010.uasset" 5043
"../../../Engine/Content/EngineMaterials/Substrate/GLints/dict_16_192_64_0p5_0p02_0007_0009.uasset" 5044
"../../../Engine/Content/EngineMaterials/Substrate/GLints/dict_16_192_64_0p5_0p02_0007_0007.uasset" 5045
"../../../Engine/Content/EngineMaterials/Substrate/GLints/dict_16_192_64_0p5_0p02_0007_0011.uasset" 5046
"../../../Engine/Content/EngineMaterials/Substrate/GLints/dict_16_192_64_0p5_0p02_0007_0012.uasset" 5047
"../../../Engine/Content/EngineMaterials/Substrate/GLints/dict_16_192_64_0p5_0p02_0007_0006.uasset" 5048
"../../../Engine/Content/EngineMaterials/Substrate/GLints/dict_16_192_64_0p5_0p02_0007_0008.uasset" 5049
"../../../Engine/Content/EngineMaterials/Substrate/GLints/dict_16_192_64_0p5_0p02_0007_0014.uasset" 5050
"../../../Engine/Content/EngineMaterials/Substrate/GLints/dict_16_192_64_0p5_0p02_0007_0013.uasset" 5051
"../../../Engine/Content/EngineMaterials/Substrate/GLints/dict_16_192_64_0p5_0p02_0008_0000.uasset" 5052
"../../../Engine/Content/EngineMaterials/Substrate/GLints/dict_16_192_64_0p5_0p02_0007_0015.uasset" 5053
"../../../Engine/Content/EngineMaterials/Substrate/GLints/dict_16_192_64_0p5_0p02_0008_0001.uasset" 5054
"../../../Engine/Plugins/Interchange/Assets/Content/gltf/MaterialFunctions/MF_IOR.uasset" 5055
"/Engine/EngineMaterials/Substrate/GLints/dict_16_192_64_0p5_0p02_0008_0001" 5056
"/Engine/EngineMaterials/Substrate/GLints/dict_16_192_64_0p5_0p02_0008_0000" 5057
"/Engine/EngineMaterials/Substrate/GLints/dict_16_192_64_0p5_0p02_0007_0015" 5058
"/Engine/EngineMaterials/Substrate/GLints/dict_16_192_64_0p5_0p02_0007_0014" 5059
"/Engine/EngineMaterials/Substrate/GLints/dict_16_192_64_0p5_0p02_0007_0013" 5060
"/Engine/EngineMaterials/Substrate/GLints/dict_16_192_64_0p5_0p02_0007_0012" 5061
"/Engine/EngineMaterials/Substrate/GLints/dict_16_192_64_0p5_0p02_0007_0011" 5062
"/Engine/EngineMaterials/Substrate/GLints/dict_16_192_64_0p5_0p02_0007_0010" 5063
"/Engine/EngineMaterials/Substrate/GLints/dict_16_192_64_0p5_0p02_0007_0009" 5064
"/Engine/EngineMaterials/Substrate/GLints/dict_16_192_64_0p5_0p02_0007_0008" 5065
"/Engine/EngineMaterials/Substrate/GLints/dict_16_192_64_0p5_0p02_0007_0007" 5066
"/Engine/EngineMaterials/Substrate/GLints/dict_16_192_64_0p5_0p02_0007_0006" 5067
"/Engine/EngineMaterials/Substrate/GLints/dict_16_192_64_0p5_0p02_0007_0005" 5068
"/Engine/EngineMaterials/Substrate/GLints/dict_16_192_64_0p5_0p02_0007_0004" 5069
"/Engine/EngineMaterials/Substrate/GLints/dict_16_192_64_0p5_0p02_0007_0003" 5070
"/Engine/EngineMaterials/Substrate/GLints/dict_16_192_64_0p5_0p02_0007_0002" 5071
"/Engine/EngineMaterials/Substrate/GLints/dict_16_192_64_0p5_0p02_0007_0001" 5072
"/Engine/EngineMaterials/Substrate/GLints/dict_16_192_64_0p5_0p02_0007_0000" 5073
"/Engine/EngineMaterials/Substrate/GLints/dict_16_192_64_0p5_0p02_0006_0015" 5074
"/Engine/EngineMaterials/Substrate/GLints/dict_16_192_64_0p5_0p02_0006_0014" 5075
"/Engine/EngineMaterials/Substrate/GLints/dict_16_192_64_0p5_0p02_0006_0013" 5076
"/Engine/EngineMaterials/Substrate/GLints/dict_16_192_64_0p5_0p02_0006_0012" 5077
"/Engine/EngineMaterials/Substrate/GLints/dict_16_192_64_0p5_0p02_0006_0011" 5078
"/Engine/EngineMaterials/Substrate/GLints/dict_16_192_64_0p5_0p02_0006_0010" 5079
"/Engine/EngineMaterials/Substrate/GLints/dict_16_192_64_0p5_0p02_0006_0009" 5080
"/Engine/EngineMaterials/Substrate/GLints/dict_16_192_64_0p5_0p02_0006_0008" 5081
"/Engine/EngineMaterials/Substrate/GLints/dict_16_192_64_0p5_0p02_0006_0007" 5082
"/InterchangeAssets/gltf/Textures/T_Anisotropy_Direction_Linear" 5083
"/Engine/EngineMaterials/Substrate/GLints/dict_16_192_64_0p5_0p02_0006_0006" 5084
"C:/Users/rexge/Documents/Unreal Projects/TheBigHunt/Content/VRTemplate/Haptics/PistolFireHapticEffect.uasset" 5085
"C:/Users/rexge/Documents/Unreal Projects/TheBigHunt/Content/VRTemplate/Blueprints/BPI_PawnAnim.uasset" 5086
"C:/Users/rexge/Documents/Unreal Projects/TheBigHunt/Content/VRTemplate/Haptics/GrabHapticEffect.uasset" 5087
"/Game/VRSpectator/Input/Actions/IA_VRSpectator_Look" 5088
"/Game/Fab/Megascans/Surfaces/Dried_Grass_xbrgaba/Medium/xbrgaba_tier_2/Textures/T_xbrgaba_2K_B" 5089
"/Game/Fab/Megascans/Surfaces/Dried_Grass_xbrgaba/Medium/xbrgaba_tier_2/Textures/T_xbrgaba_2K_N" 5090
"/InterchangeAssets/gltf/MaterialFunctions/MF_IOR" 5091
"/Game/VRSpectator/Input/Actions/IA_VRSpectator_ResetRotation" 5092
"/Game/VRSpectator/Input/Actions/IA_VRSpectator_Toggle" 5093
"/InterchangeAssets/Utilities/New_LUT" 5094
"/Engine/Functions/Engine_MaterialFunctions03/Math/RemapValueRange" 5095
"/Engine/EditorBlueprintResources/StandardMacros" 5096
"../../../Engine/Content/EngineMaterials/Substrate/GLints/dict_16_192_64_0p5_0p02_0008_0002.uasset" 5097
"../../../Engine/Content/EngineMaterials/Substrate/GLints/dict_16_192_64_0p5_0p02_0008_0003.uasset" 5098
"../../../Engine/Content/EngineMaterials/Substrate/GLints/dict_16_192_64_0p5_0p02_0008_0006.uasset" 5099
"../../../Engine/Content/EngineMaterials/Substrate/GLints/dict_16_192_64_0p5_0p02_0008_0005.uasset" 5100
"../../../Engine/Content/EngineMaterials/Substrate/GLints/dict_16_192_64_0p5_0p02_0008_0007.uasset" 5101
"../../../Engine/Content/EngineMaterials/Substrate/GLints/dict_16_192_64_0p5_0p02_0008_0009.uasset" 5102
"../../../Engine/Content/EngineMaterials/Substrate/GLints/dict_16_192_64_0p5_0p02_0008_0008.uasset" 5103
"../../../Engine/Content/EngineMaterials/Substrate/GLints/dict_16_192_64_0p5_0p02_0008_0004.uasset" 5104
"/Engine/EngineSky/T_Sky_Blue" 5105
"/Engine/EngineSky/T_Sky_Clouds_M" 5106
"/Engine/EngineSky/T_Sky_Stars" 5107
"/Engine/EngineSky/C_Sky_Zenith_Color" 5108
"/Engine/EngineSky/C_Sky_Horizon_Color" 5109
"/Engine/EngineSky/C_Sky_Cloud_Color" 5110
"/Engine/Functions/Engine_MaterialFunctions01/Texturing/FlattenNormal" 5111
"/Game/VRTemplate/Textures/T_Grid" 5112
"/Game/VRTemplate/Haptics/GrabHapticEffect" 5113
"/Game/VRTemplate/Blueprints/BPI_PawnAnim" 5114
"/Game/VRTemplate/Input/B_InputModifier_XAxisPositiveOnly" 5115
"/Game/VRTemplate/Input/Actions/IA_Look_DEBUG" 5116
"/Game/VRTemplate/Input/Actions/IA_Menu_Interact_Right_Pressed" 5117
"/Game/VRTemplate/Haptics/PistolFireHapticEffect" 5118
"/Game/VRSpectator/Input/Actions/IA_VRSpectator_FadeInOut" 5119
"/Game/VRSpectator/Input/Actions/IA_VRSpectator_FOV" 5120
"/Game/VRSpectator/Input/Actions/IA_VRSpectator_FOV_Reset" 5121
"/Game/VRSpectator/Input/Actions/IA_VRSpectator_Move" 5122
"/Engine/EngineMaterials/Substrate/GLints/dict_16_192_64_0p5_0p02_0008_0003" 5123
"../../../Engine/Plugins/Interchange/Assets/Content/gltf/MaterialFunctions/MF_RotateV2.uasset" 5124
"../../../Engine/Plugins/Interchange/Assets/Content/gltf/Textures/T_White_srgb.uasset" 5125
"C:/Users/rexge/Documents/Unreal Projects/TheBigHunt/Content/Blueprints/Vehicle/BP_SplineDrivePath.uasset" 5126
"/Engine/EngineMaterials/Substrate/GLints/dict_16_192_64_0p5_0p02_0008_0002" 5127
"C:/Users/rexge/Documents/Unreal Projects/TheBigHunt/Content/VRTemplate/Input/Actions/IA_Start.uasset" 5128
"C:/Users/rexge/Documents/Unreal Projects/TheBigHunt/Content/Blueprints/BP_Scorekeeper.uasset" 5129
"/Engine/EngineMaterials/Substrate/GLints/dict_16_192_64_0p5_0p02_0008_0009" 5130
"C:/Users/rexge/Documents/Unreal Projects/TheBigHunt/Content/BP_Waypoint.uasset" 5131
"/InterchangeAssets/gltf/Textures/T_Generic_N" 5132
"/Engine/EngineMaterials/Substrate/GLints/dict_16_192_64_0p5_0p02_0008_0008" 5133
"/Engine/EngineMaterials/Substrate/GLints/dict_16_192_64_0p5_0p02_0008_0007" 5134
"/Engine/EngineMaterials/Substrate/GLints/dict_16_192_64_0p5_0p02_0008_0006" 5135
"/Engine/EngineMaterials/Substrate/GLints/dict_16_192_64_0p5_0p02_0008_0005" 5136
"/Engine/EngineMaterials/Substrate/GLints/dict_16_192_64_0p5_0p02_0008_0004" 5137
"/Engine/Functions/Engine_MaterialFunctions02/Math/AddComponents" 5138
"/Game/BP_Waypoint" 5139
"../../../Engine/Content/EngineMaterials/Substrate/GLints/dict_16_192_64_0p5_0p02_0008_0010.uasset" 5140
"/Game/Blueprints/BP_Scorekeeper" 5141
"../../../Engine/Content/EngineMaterials/Substrate/GLints/dict_16_192_64_0p5_0p02_0008_0011.uasset" 5142
"../../../Engine/Content/EngineMaterials/Substrate/GLints/dict_16_192_64_0p5_0p02_0008_0012.uasset" 5143
"/Game/VRTemplate/Input/Actions/Hands/IA_Hand_ThumbUp_Right" 5144
"/Game/VRTemplate/Input/Actions/IA_Grab_Left_Pressed" 5145
"/Game/VRTemplate/Input/Actions/IA_Grab_Left_Released" 5146
"/Game/VRTemplate/Input/Actions/IA_Start" 5147
"/Game/Blueprints/Vehicle/BP_SplineDrivePath" 5148
"/InterchangeAssets/gltf/Textures/T_White_srgb" 5149
"/InterchangeAssets/gltf/MaterialFunctions/MF_RotateV2" 5150
"/InterchangeAssets/gltf/Textures/T_White_Linear" 5151
"/Engine/EngineMaterials/Substrate/GLints/dict_16_192_64_0p5_0p02_0008_0012" 5152
"/Engine/EngineMaterials/Substrate/GLints/dict_16_192_64_0p5_0p02_0008_0011" 5153
"/Engine/EngineMaterials/Substrate/GLints/dict_16_192_64_0p5_0p02_0008_0010" 5154
"/Engine/Maps/Entry_BuiltData" 5155
"/Engine/Functions/Engine_MaterialFunctions02/Texturing/ScreenAlignedPixelToPixelUVs" 5156
"../../../Engine/Content/EngineMaterials/Substrate/GLints/dict_16_192_64_0p5_0p02_0008_0014.uasset" 5157
"../../../Engine/Content/EngineMaterials/Substrate/GLints/dict_16_192_64_0p5_0p02_0009_0002.uasset" 5158
"../../../Engine/Content/EngineMaterials/Substrate/GLints/dict_16_192_64_0p5_0p02_0008_0013.uasset" 5159
"../../../Engine/Content/EngineMaterials/Substrate/GLints/dict_16_192_64_0p5_0p02_0008_0015.uasset" 5160
"../../../Engine/Content/EngineMaterials/Substrate/GLints/dict_16_192_64_0p5_0p02_0009_0001.uasset" 5161
"../../../Engine/Content/EngineMaterials/Substrate/GLints/dict_16_192_64_0p5_0p02_0009_0003.uasset" 5162
"../../../Engine/Content/EngineMaterials/Substrate/GLints/dict_16_192_64_0p5_0p02_0009_0004.uasset" 5163
"../../../Engine/Content/EngineMaterials/Substrate/GLints/dict_16_192_64_0p5_0p02_0009_0000.uasset" 5164
"../../../Engine/Content/EngineMaterials/Substrate/GLints/dict_16_192_64_0p5_0p02_0009_0005.uasset" 5165
"../../../Engine/Content/EngineMaterials/Substrate/GLints/dict_16_192_64_0p5_0p02_0009_0010.uasset" 5166
"../../../Engine/Content/EngineMaterials/Substrate/GLints/dict_16_192_64_0p5_0p02_0009_0006.uasset" 5167
"../../../Engine/Content/EngineMaterials/Substrate/GLints/dict_16_192_64_0p5_0p02_0009_0007.uasset" 5168
"../../../Engine/Content/EngineMaterials/Substrate/GLints/dict_16_192_64_0p5_0p02_0009_0009.uasset" 5169
"../../../Engine/Content/EngineMaterials/Substrate/GLints/dict_16_192_64_0p5_0p02_0009_0008.uasset" 5170
"../../../Engine/Content/EngineMaterials/Substrate/GLints/dict_16_192_64_0p5_0p02_0009_0011.uasset" 5171
"../../../Engine/Content/EngineMaterials/Substrate/GLints/dict_16_192_64_0p5_0p02_0009_0015.uasset" 5172
"../../../Engine/Content/EngineMaterials/Substrate/GLints/dict_16_192_64_0p5_0p02_0009_0014.uasset" 5173
"../../../Engine/Content/EngineMaterials/Substrate/GLints/dict_16_192_64_0p5_0p02_0009_0013.uasset" 5174
"../../../Engine/Content/EngineMaterials/Substrate/GLints/dict_16_192_64_0p5_0p02_0010_0000.uasset" 5175
"/Engine/EngineMaterials/Substrate/GLints/dict_16_192_64_0p5_0p02_0009_0015" 5176
"../../../Engine/Content/EngineMaterials/Substrate/GLints/dict_16_192_64_0p5_0p02_0010_0001.uasset" 5177
"/Engine/EngineMaterials/Substrate/GLints/dict_16_192_64_0p5_0p02_0009_0014" 5178
"../../../Engine/Content/EngineMaterials/Substrate/GLints/dict_16_192_64_0p5_0p02_0010_0007.uasset" 5179
"/Engine/EngineMaterials/Substrate/GLints/dict_16_192_64_0p5_0p02_0009_0011" 5180
"/Engine/EngineMaterials/Substrate/GLints/dict_16_192_64_0p5_0p02_0009_0010" 5181
"/Engine/EngineMaterials/Substrate/GLints/dict_16_192_64_0p5_0p02_0009_0009" 5182
"/Engine/EngineMaterials/Substrate/GLints/dict_16_192_64_0p5_0p02_0009_0008" 5183
"/Engine/EngineMaterials/Substrate/GLints/dict_16_192_64_0p5_0p02_0009_0007" 5184
"/Engine/EngineMaterials/Substrate/GLints/dict_16_192_64_0p5_0p02_0009_0006" 5185
"../../../Engine/Content/EngineMaterials/Substrate/GLints/dict_16_192_64_0p5_0p02_0010_0003.uasset" 5186
"/Engine/EngineMaterials/Substrate/GLints/dict_16_192_64_0p5_0p02_0009_0005" 5187
"../../../Engine/Content/EngineMaterials/Substrate/GLints/dict_16_192_64_0p5_0p02_0010_0005.uasset" 5188
"/Engine/EngineMaterials/Substrate/GLints/dict_16_192_64_0p5_0p02_0009_0004" 5189
"/Engine/EngineMaterials/Substrate/GLints/dict_16_192_64_0p5_0p02_0009_0003" 5190
"../../../Engine/Content/EngineMaterials/Substrate/GLints/dict_16_192_64_0p5_0p02_0010_0004.uasset" 5191
"/Engine/EngineMaterials/Substrate/GLints/dict_16_192_64_0p5_0p02_0009_0002" 5192
"../../../Engine/Content/EngineMaterials/Substrate/GLints/dict_16_192_64_0p5_0p02_0009_0012.uasset" 5193
"/Engine/EngineMaterials/Substrate/GLints/dict_16_192_64_0p5_0p02_0009_0001" 5194
"/Engine/EngineMaterials/Substrate/GLints/dict_16_192_64_0p5_0p02_0009_0000" 5195
"/Engine/EngineMaterials/Substrate/GLints/dict_16_192_64_0p5_0p02_0008_0015" 5196
"../../../Engine/Content/EngineMaterials/Substrate/GLints/dict_16_192_64_0p5_0p02_0010_0006.uasset" 5197
"/Engine/EngineMaterials/Substrate/GLints/dict_16_192_64_0p5_0p02_0008_0014" 5198
"../../../Engine/Content/EngineMaterials/Substrate/GLints/dict_16_192_64_0p5_0p02_0010_0009.uasset" 5199
"../../../Engine/Content/EngineMaterials/Substrate/GLints/dict_16_192_64_0p5_0p02_0010_0010.uasset" 5200
"/Engine/EngineMaterials/Substrate/GLints/dict_16_192_64_0p5_0p02_0008_0013" 5201
"../../../Engine/Content/EngineMaterials/Substrate/GLints/dict_16_192_64_0p5_0p02_0010_0008.uasset" 5202
"/Engine/EngineMaterials/Substrate/GLints/dict_16_192_64_0p5_0p02_0010_0004" 5203
"/Engine/EngineMaterials/Substrate/GLints/dict_16_192_64_0p5_0p02_0010_0003" 5204
"/Engine/EngineMaterials/Substrate/GLints/dict_16_192_64_0p5_0p02_0010_0001" 5205
"/Engine/EngineMaterials/Substrate/GLints/dict_16_192_64_0p5_0p02_0010_0000" 5206
"/Engine/EngineMaterials/Substrate/GLints/dict_16_192_64_0p5_0p02_0009_0013" 5207
"../../../Engine/Content/EngineMaterials/Substrate/GLints/dict_16_192_64_0p5_0p02_0010_0011.uasset" 5208
"../../../Engine/Content/EngineMaterials/Substrate/GLints/dict_16_192_64_0p5_0p02_0010_0012.uasset" 5209
"/Engine/EngineMaterials/Substrate/GLints/dict_16_192_64_0p5_0p02_0009_0012" 5210
"../../../Engine/Content/EngineMaterials/Substrate/GLints/dict_16_192_64_0p5_0p02_0010_0002.uasset" 5211
"../../../Engine/Content/EngineMaterials/Substrate/GLints/dict_16_192_64_0p5_0p02_0010_0014.uasset" 5212
"/Engine/EngineMaterials/Substrate/GLints/dict_16_192_64_0p5_0p02_0010_0010" 5213
"/Engine/EngineMaterials/Substrate/GLints/dict_16_192_64_0p5_0p02_0010_0009" 5214
"/Engine/EngineMaterials/Substrate/GLints/dict_16_192_64_0p5_0p02_0010_0008" 5215
"/Engine/EngineMaterials/Substrate/GLints/dict_16_192_64_0p5_0p02_0010_0007" 5216
"/Engine/EngineMaterials/Substrate/GLints/dict_16_192_64_0p5_0p02_0010_0006" 5217
"/Engine/EngineMaterials/Substrate/GLints/dict_16_192_64_0p5_0p02_0010_0005" 5218
"/Engine/EngineMaterials/Substrate/GLints/dict_16_192_64_0p5_0p02_0010_0012" 5219
"/Engine/EngineMaterials/Substrate/GLints/dict_16_192_64_0p5_0p02_0010_0011" 5220
"/Engine/EngineMaterials/Substrate/GLints/dict_16_192_64_0p5_0p02_0010_0002" 5221
"/Engine/EngineMaterials/Substrate/GLints/dict_16_192_64_0p5_0p02_0010_0014" 5222
"../../../Engine/Content/EngineMaterials/Substrate/GLints/dict_16_192_64_0p5_0p02_0010_0015.uasset" 5223
"/Engine/EngineMaterials/Substrate/GLints/dict_16_192_64_0p5_0p02_0010_0015" 5224
"../../../Engine/Content/EngineMaterials/Substrate/GLints/dict_16_192_64_0p5_0p02_0011_0000.uasset" 5225
"../../../Engine/Content/EngineMaterials/Substrate/GLints/dict_16_192_64_0p5_0p02_0010_0013.uasset" 5226
"/Engine/EngineMaterials/Substrate/GLints/dict_16_192_64_0p5_0p02_0011_0000" 5227
"/Engine/EngineMaterials/Substrate/GLints/dict_16_192_64_0p5_0p02_0010_0013" 5228
"../../../Engine/Content/EngineMaterials/Substrate/GLints/dict_16_192_64_0p5_0p02_0011_0001.uasset" 5229
"/Engine/EngineMaterials/Substrate/GLints/dict_16_192_64_0p5_0p02_0011_0001" 5230
"../../../Engine/Content/EngineMaterials/Substrate/GLints/dict_16_192_64_0p5_0p02_0011_0003.uasset" 5231
"../../../Engine/Content/EngineMaterials/Substrate/GLints/dict_16_192_64_0p5_0p02_0011_0002.uasset" 5232
"../../../Engine/Content/EngineMaterials/Substrate/GLints/dict_16_192_64_0p5_0p02_0011_0004.uasset" 5233
"../../../Engine/Content/EngineMaterials/Substrate/GLints/dict_16_192_64_0p5_0p02_0011_0007.uasset" 5234
"../../../Engine/Content/EngineMaterials/Substrate/GLints/dict_16_192_64_0p5_0p02_0011_0009.uasset" 5235
"../../../Engine/Content/EngineMaterials/Substrate/GLints/dict_16_192_64_0p5_0p02_0011_0010.uasset" 5236
"../../../Engine/Content/EngineMaterials/Substrate/GLints/dict_16_192_64_0p5_0p02_0011_0008.uasset" 5237
"../../../Engine/Content/EngineMaterials/Substrate/GLints/dict_16_192_64_0p5_0p02_0011_0006.uasset" 5238
"../../../Engine/Content/EngineMaterials/Substrate/GLints/dict_16_192_64_0p5_0p02_0011_0005.uasset" 5239
"../../../Engine/Content/EngineMaterials/Substrate/GLints/dict_16_192_64_0p5_0p02_0011_0014.uasset" 5240
"../../../Engine/Content/EngineMaterials/Substrate/GLints/dict_16_192_64_0p5_0p02_0011_0011.uasset" 5241
"../../../Engine/Content/EngineMaterials/Substrate/GLints/dict_16_192_64_0p5_0p02_0011_0012.uasset" 5242
"../../../Engine/Content/EngineMaterials/Substrate/GLints/dict_16_192_64_0p5_0p02_0011_0013.uasset" 5243
"../../../Engine/Content/EngineMaterials/Substrate/GLints/dict_16_192_64_0p5_0p02_0011_0015.uasset" 5244
"../../../Engine/Content/EngineMaterials/Substrate/GLints/dict_16_192_64_0p5_0p02_0012_0000.uasset" 5245
"../../../Engine/Content/EngineMaterials/Substrate/GLints/dict_16_192_64_0p5_0p02_0012_0005.uasset" 5246
"../../../Engine/Content/EngineMaterials/Substrate/GLints/dict_16_192_64_0p5_0p02_0012_0006.uasset" 5247
"../../../Engine/Content/EngineMaterials/Substrate/GLints/dict_16_192_64_0p5_0p02_0012_0004.uasset" 5248
"../../../Engine/Content/EngineMaterials/Substrate/GLints/dict_16_192_64_0p5_0p02_0012_0008.uasset" 5249
"../../../Engine/Content/EngineMaterials/Substrate/GLints/dict_16_192_64_0p5_0p02_0012_0007.uasset" 5250
"../../../Engine/Content/EngineMaterials/Substrate/GLints/dict_16_192_64_0p5_0p02_0012_0001.uasset" 5251
"../../../Engine/Content/EngineMaterials/Substrate/GLints/dict_16_192_64_0p5_0p02_0012_0002.uasset" 5252
"../../../Engine/Content/EngineMaterials/Substrate/GLints/dict_16_192_64_0p5_0p02_0012_0011.uasset" 5253
"../../../Engine/Content/EngineMaterials/Substrate/GLints/dict_16_192_64_0p5_0p02_0012_0015.uasset" 5254
"../../../Engine/Content/EngineMaterials/Substrate/GLints/dict_16_192_64_0p5_0p02_0012_0003.uasset" 5255
"../../../Engine/Content/EngineMaterials/Substrate/GLints/dict_16_192_64_0p5_0p02_0012_0009.uasset" 5256
"../../../Engine/Content/EngineMaterials/Substrate/GLints/dict_16_192_64_0p5_0p02_0012_0010.uasset" 5257
"../../../Engine/Content/EngineMaterials/Substrate/GLints/dict_16_192_64_0p5_0p02_0012_0014.uasset" 5258
"../../../Engine/Content/EngineMaterials/Substrate/GLints/dict_16_192_64_0p5_0p02_0012_0012.uasset" 5259
"../../../Engine/Content/EngineMaterials/Substrate/GLints/dict_16_192_64_0p5_0p02_0012_0013.uasset" 5260
"../../../Engine/Content/EngineMaterials/Substrate/GLints/dict_16_192_64_0p5_0p02_0013_0000.uasset" 5261
"/Engine/EngineMaterials/Substrate/GLints/dict_16_192_64_0p5_0p02_0012_0013" 5262
"/Engine/EngineMaterials/Substrate/GLints/dict_16_192_64_0p5_0p02_0012_0012" 5263
"/Engine/EngineMaterials/Substrate/GLints/dict_16_192_64_0p5_0p02_0012_0009" 5264
"/Engine/EngineMaterials/Substrate/GLints/dict_16_192_64_0p5_0p02_0012_0008" 5265
"/Engine/EngineMaterials/Substrate/GLints/dict_16_192_64_0p5_0p02_0012_0011" 5266
"/Engine/EngineMaterials/Substrate/GLints/dict_16_192_64_0p5_0p02_0012_0007" 5267
"/Engine/EngineMaterials/Substrate/GLints/dict_16_192_64_0p5_0p02_0012_0006" 5268
"/Engine/EngineMaterials/Substrate/GLints/dict_16_192_64_0p5_0p02_0011_0013" 5269
"/Engine/EngineMaterials/Substrate/GLints/dict_16_192_64_0p5_0p02_0011_0012" 5270
"/Engine/EngineMaterials/Substrate/GLints/dict_16_192_64_0p5_0p02_0012_0005" 5271
"/Engine/EngineMaterials/Substrate/GLints/dict_16_192_64_0p5_0p02_0012_0004" 5272
"/Engine/EngineMaterials/Substrate/GLints/dict_16_192_64_0p5_0p02_0011_0011" 5273
"/Engine/EngineMaterials/Substrate/GLints/dict_16_192_64_0p5_0p02_0011_0010" 5274
"/Engine/EngineMaterials/Substrate/GLints/dict_16_192_64_0p5_0p02_0011_0009" 5275
"/Engine/EngineMaterials/Substrate/GLints/dict_16_192_64_0p5_0p02_0011_0008" 5276
"/Engine/EngineMaterials/Substrate/GLints/dict_16_192_64_0p5_0p02_0011_0007" 5277
"/Engine/EngineMaterials/Substrate/GLints/dict_16_192_64_0p5_0p02_0011_0006" 5278
"/Engine/EngineMaterials/Substrate/GLints/dict_16_192_64_0p5_0p02_0011_0005" 5279
"/Engine/EngineMaterials/Substrate/GLints/dict_16_192_64_0p5_0p02_0011_0004" 5280
"/Engine/EngineMaterials/Substrate/GLints/dict_16_192_64_0p5_0p02_0011_0003" 5281
"/Engine/EngineMaterials/Substrate/GLints/dict_16_192_64_0p5_0p02_0011_0002" 5282
"/InterchangeAssets/Functions/MF_IridescenceNoLUT" 5283
"/Engine/EngineMaterials/Substrate/GLints/dict_16_192_64_0p5_0p02_0012_0015" 5284
"/Engine/EngineMaterials/Substrate/GLints/dict_16_192_64_0p5_0p02_0012_0014" 5285
"/Engine/EngineMaterials/Substrate/GLints/dict_16_192_64_0p5_0p02_0012_0010" 5286
"/Engine/EngineMaterials/Substrate/GLints/dict_16_192_64_0p5_0p02_0012_0003" 5287
"/Engine/EngineMaterials/Substrate/GLints/dict_16_192_64_0p5_0p02_0012_0002" 5288
"/Engine/EngineMaterials/Substrate/GLints/dict_16_192_64_0p5_0p02_0012_0001" 5289
"/Engine/EngineMaterials/Substrate/GLints/dict_16_192_64_0p5_0p02_0012_0000" 5290
"/Engine/EngineMaterials/Substrate/GLints/dict_16_192_64_0p5_0p02_0011_0015" 5291
"/Engine/EngineMaterials/Substrate/GLints/dict_16_192_64_0p5_0p02_0011_0014" 5292
"/Engine/EngineMaterials/Substrate/GLints/dict_16_192_64_0p5_0p02_0013_0000" 5293
"C:/Users/rexge/Documents/Unreal Projects/TheBigHunt/Content/VRTemplate/Input/Actions/IA_Shoot_Left.uasset" 5294
"C:/Users/rexge/Documents/Unreal Projects/TheBigHunt/Content/VRTemplate/Input/Actions/IA_Shoot_Right.uasset" 5295
"/Game/VRTemplate/Input/Actions/IA_Shoot_Right" 5296
"/Game/VRTemplate/Input/Actions/IA_Shoot_Left" 5297
"/Engine/Functions/Engine_MaterialFunctions02/Utility/BlendAngleCorrectedNormals" 5298
"/Game/VRTemplate/Input/Actions/Hands/IA_Hand_Grasp_Right" 5299
"../../../Engine/Content/EngineMaterials/Substrate/GLints/dict_16_192_64_0p5_0p02_0013_0001.uasset" 5300
"../../../Engine/Content/EngineMaterials/Substrate/GLints/dict_16_192_64_0p5_0p02_0013_0003.uasset" 5301
"../../../Engine/Content/EngineMaterials/Substrate/GLints/dict_16_192_64_0p5_0p02_0013_0002.uasset" 5302
"../../../Engine/Content/EngineMaterials/Substrate/GLints/dict_16_192_64_0p5_0p02_0013_0005.uasset" 5303
"../../../Engine/Content/EngineMaterials/Substrate/GLints/dict_16_192_64_0p5_0p02_0013_0004.uasset" 5304
"../../../Engine/Content/EngineMaterials/Substrate/GLints/dict_16_192_64_0p5_0p02_0013_0006.uasset" 5305
"../../../Engine/Content/EngineMaterials/Substrate/GLints/dict_16_192_64_0p5_0p02_0013_0007.uasset" 5306
"../../../Engine/Content/EngineMaterials/Substrate/GLints/dict_16_192_64_0p5_0p02_0013_0008.uasset" 5307
"../../../Engine/Content/EngineMaterials/Substrate/GLints/dict_16_192_64_0p5_0p02_0013_0009.uasset" 5308
"../../../Engine/Content/EngineMaterials/Substrate/GLints/dict_16_192_64_0p5_0p02_0013_0010.uasset" 5309
"../../../Engine/Content/EngineMaterials/Substrate/GLints/dict_16_192_64_0p5_0p02_0013_0014.uasset" 5310
"../../../Engine/Content/EngineMaterials/Substrate/GLints/dict_16_192_64_0p5_0p02_0013_0011.uasset" 5311
"../../../Engine/Content/EngineMaterials/Substrate/GLints/dict_16_192_64_0p5_0p02_0014_0003.uasset" 5312
"../../../Engine/Content/EngineMaterials/Substrate/GLints/dict_16_192_64_0p5_0p02_0014_0002.uasset" 5313
"../../../Engine/Content/EngineMaterials/Substrate/GLints/dict_16_192_64_0p5_0p02_0014_0006.uasset" 5314
"../../../Engine/Content/EngineMaterials/Substrate/GLints/dict_16_192_64_0p5_0p02_0013_0013.uasset" 5315
"../../../Engine/Content/EngineMaterials/Substrate/GLints/dict_16_192_64_0p5_0p02_0013_0012.uasset" 5316
"../../../Engine/Content/EngineMaterials/Substrate/GLints/dict_16_192_64_0p5_0p02_0013_0015.uasset" 5317
"../../../Engine/Content/EngineMaterials/Substrate/GLints/dict_16_192_64_0p5_0p02_0014_0001.uasset" 5318
"../../../Engine/Content/EngineMaterials/Substrate/GLints/dict_16_192_64_0p5_0p02_0014_0000.uasset" 5319
"../../../Engine/Content/EngineMaterials/Substrate/GLints/dict_16_192_64_0p5_0p02_0014_0004.uasset" 5320
"../../../Engine/Content/EngineMaterials/Substrate/GLints/dict_16_192_64_0p5_0p02_0014_0005.uasset" 5321
"/Game/VRTemplate/Input/Actions/Hands/IA_Hand_IndexCurl_Left" 5322
"/Game/VRTemplate/Input/Actions/Hands/IA_Hand_IndexCurl_Right" 5323
"/Game/VRTemplate/Input/Actions/Hands/IA_Hand_Point_Left" 5324
"/Game/VRTemplate/Input/Actions/Hands/IA_Hand_Point_Right" 5325
"/Game/VRTemplate/Input/Actions/Hands/IA_Hand_ThumbUp_Left" 5326
"/Game/VRTemplate/Input/Actions/IA_Menu_Cursor_Left" 5327
"/Game/VRTemplate/Input/Actions/IA_Menu_Cursor_Right" 5328
"/Engine/EngineMaterials/Substrate/GLints/dict_16_192_64_0p5_0p02_0014_0004" 5329
"/Engine/EngineMaterials/Substrate/GLints/dict_16_192_64_0p5_0p02_0014_0003" 5330
"/Engine/EngineMaterials/Substrate/GLints/dict_16_192_64_0p5_0p02_0014_0002" 5331
"/Engine/EngineMaterials/Substrate/GLints/dict_16_192_64_0p5_0p02_0014_0001" 5332
"/Engine/EngineMaterials/Substrate/GLints/dict_16_192_64_0p5_0p02_0014_0000" 5333
"/Engine/EngineMaterials/Substrate/GLints/dict_16_192_64_0p5_0p02_0013_0015" 5334
"/Engine/EngineMaterials/Substrate/GLints/dict_16_192_64_0p5_0p02_0013_0014" 5335
"/Engine/EngineMaterials/Substrate/GLints/dict_16_192_64_0p5_0p02_0013_0013" 5336
"/Engine/EngineMaterials/Substrate/GLints/dict_16_192_64_0p5_0p02_0013_0012" 5337
"/Engine/EngineMaterials/Substrate/GLints/dict_16_192_64_0p5_0p02_0013_0011" 5338
"/Engine/EngineMaterials/Substrate/GLints/dict_16_192_64_0p5_0p02_0013_0010" 5339
"/Engine/EngineMaterials/Substrate/GLints/dict_16_192_64_0p5_0p02_0013_0009" 5340
"/Engine/EngineMaterials/Substrate/GLints/dict_16_192_64_0p5_0p02_0013_0008" 5341
"../../../Engine/Content/EngineMaterials/Substrate/GLints/dict_16_192_64_0p5_0p02_0014_0007.uasset" 5342
"/Engine/EngineMaterials/Substrate/GLints/dict_16_192_64_0p5_0p02_0013_0007" 5343
"../../../Engine/Content/EngineMaterials/Substrate/GLints/dict_16_192_64_0p5_0p02_0014_0009.uasset" 5344
"/Engine/EngineMaterials/Substrate/GLints/dict_16_192_64_0p5_0p02_0013_0006" 5345
"../../../Engine/Content/EngineMaterials/Substrate/GLints/dict_16_192_64_0p5_0p02_0014_0008.uasset" 5346
"/Engine/EngineMaterials/Substrate/GLints/dict_16_192_64_0p5_0p02_0013_0005" 5347
"/Engine/EngineMaterials/Substrate/GLints/dict_16_192_64_0p5_0p02_0013_0004" 5348
"/Engine/EngineMaterials/Substrate/GLints/dict_16_192_64_0p5_0p02_0013_0003" 5349
"/Engine/EngineMaterials/Substrate/GLints/dict_16_192_64_0p5_0p02_0013_0002" 5350
"/Engine/EngineMaterials/Substrate/GLints/dict_16_192_64_0p5_0p02_0013_0001" 5351
"/Game/VRTemplate/Input/Actions/Hands/IA_Hand_Grasp_Left" 5352
"/Engine/EngineMaterials/Substrate/GLints/dict_16_192_64_0p5_0p02_0014_0006" 5353
"/Engine/EngineMaterials/Substrate/GLints/dict_16_192_64_0p5_0p02_0014_0005" 5354
"/Engine/EngineMaterials/Substrate/GLints/dict_16_192_64_0p5_0p02_0014_0009" 5355
"/Engine/EngineMaterials/Substrate/GLints/dict_16_192_64_0p5_0p02_0014_0008" 5356
"/Engine/EngineMaterials/Substrate/GLints/dict_16_192_64_0p5_0p02_0014_0007" 5357
"../../../Engine/Content/EngineMaterials/Substrate/GLints/dict_16_192_64_0p5_0p02_0014_0011.uasset" 5358
"../../../Engine/Content/EngineMaterials/Substrate/GLints/dict_16_192_64_0p5_0p02_0014_0012.uasset" 5359
"../../../Engine/Content/EngineMaterials/Substrate/GLints/dict_16_192_64_0p5_0p02_0014_0010.uasset" 5360
"../../../Engine/Content/EngineMaterials/Substrate/GLints/dict_16_192_64_0p5_0p02_0014_0013.uasset" 5361
"/Engine/EngineMaterials/Substrate/GLints/dict_16_192_64_0p5_0p02_0014_0013" 5362
"../../../Engine/Content/EngineMaterials/Substrate/GLints/dict_16_192_64_0p5_0p02_0015_0003.uasset" 5363
"/Engine/EngineMaterials/Substrate/GLints/dict_16_192_64_0p5_0p02_0014_0012" 5364
"/Engine/EngineMaterials/Substrate/GLints/dict_16_192_64_0p5_0p02_0014_0011" 5365
"/Engine/EngineMaterials/Substrate/GLints/dict_16_192_64_0p5_0p02_0014_0010" 5366
"/Engine/EngineMaterials/Substrate/GLints/dict_16_192_64_0p5_0p02_0015_0003" 5367
"../../../Engine/Content/EngineMaterials/Substrate/GLints/dict_16_192_64_0p5_0p02_0014_0015.uasset" 5368
"/Engine/EngineMaterials/Substrate/GLints/dict_16_192_64_0p5_0p02_0014_0015" 5369
"../../../Engine/Content/EngineMaterials/Substrate/GLints/dict_16_192_64_0p5_0p02_0014_0014.uasset" 5370
"/Engine/EngineMaterials/Substrate/GLints/dict_16_192_64_0p5_0p02_0014_0014" 5371
"../../../Engine/Content/EngineMaterials/Substrate/GLints/dict_16_192_64_0p5_0p02_0015_0000.uasset" 5372
"/Engine/EngineMaterials/Substrate/GLints/dict_16_192_64_0p5_0p02_0015_0000" 5373
"../../../Engine/Content/EngineMaterials/Substrate/GLints/dict_16_192_64_0p5_0p02_0015_0001.uasset" 5374
"../../../Engine/Content/EngineMaterials/Substrate/GLints/dict_16_192_64_0p5_0p02_0015_0004.uasset" 5375
"../../../Engine/Content/EngineMaterials/Substrate/GLints/dict_16_192_64_0p5_0p02_0015_0002.uasset" 5376
"../../../Engine/Content/EngineMaterials/Substrate/GLints/dict_16_192_64_0p5_0p02_0015_0005.uasset" 5377
"../../../Engine/Content/EngineMaterials/Substrate/GLints/dict_16_192_64_0p5_0p02_0015_0006.uasset" 5378
"../../../Engine/Content/EngineMaterials/Substrate/GLints/dict_16_192_64_0p5_0p02_0015_0008.uasset" 5379
"../../../Engine/Content/EngineMaterials/Substrate/GLints/dict_16_192_64_0p5_0p02_0015_0013.uasset" 5380
"../../../Engine/Content/EngineMaterials/Substrate/GLints/dict_16_192_64_0p5_0p02_0015_0009.uasset" 5381
"../../../Engine/Content/EngineMaterials/Substrate/GLints/dict_16_192_64_0p5_0p02_0015_0011.uasset" 5382
"../../../Engine/Content/EngineMaterials/Substrate/GLints/dict_16_192_64_0p5_0p02_0015_0015.uasset" 5383
"../../../Engine/Content/EngineMaterials/Substrate/GLints/dict_16_192_64_0p5_0p02_0015_0007.uasset" 5384
"../../../Engine/Content/EngineMaterials/Substrate/GLints/dict_16_192_64_0p5_0p02_0015_0012.uasset" 5385
"../../../Engine/Content/EngineMaterials/Substrate/GLints/dict_16_192_64_0p5_0p02_0016_0002.uasset" 5386
"../../../Engine/Content/EngineMaterials/Substrate/GLints/dict_16_192_64_0p5_0p02_0016_0005.uasset" 5387
"../../../Engine/Content/EngineMaterials/Substrate/GLints/dict_16_192_64_0p5_0p02_0015_0010.uasset" 5388
"../../../Engine/Content/EngineMaterials/Substrate/GLints/dict_16_192_64_0p5_0p02_0015_0014.uasset" 5389
"../../../Engine/Content/EngineMaterials/Substrate/GLints/dict_16_192_64_0p5_0p02_0016_0001.uasset" 5390
"../../../Engine/Content/EngineMaterials/Substrate/GLints/dict_16_192_64_0p5_0p02_0016_0008.uasset" 5391
"../../../Engine/Content/EngineMaterials/Substrate/GLints/dict_16_192_64_0p5_0p02_0016_0000.uasset" 5392
"../../../Engine/Content/EngineMaterials/Substrate/GLints/dict_16_192_64_0p5_0p02_0016_0006.uasset" 5393
"../../../Engine/Content/EngineMaterials/Substrate/GLints/dict_16_192_64_0p5_0p02_0016_0004.uasset" 5394
"../../../Engine/Content/EngineMaterials/Substrate/GLints/dict_16_192_64_0p5_0p02_0016_0013.uasset" 5395
"../../../Engine/Content/EngineMaterials/Substrate/GLints/dict_16_192_64_0p5_0p02_0016_0007.uasset" 5396
"../../../Engine/Content/EngineMaterials/Substrate/GLints/dict_16_192_64_0p5_0p02_0016_0012.uasset" 5397
"../../../Engine/Content/EngineMaterials/Substrate/GLints/dict_16_192_64_0p5_0p02_0016_0003.uasset" 5398
"../../../Engine/Content/EngineMaterials/Substrate/GLints/dict_16_192_64_0p5_0p02_0016_0010.uasset" 5399
"../../../Engine/Content/EngineMaterials/Substrate/GLints/dict_16_192_64_0p5_0p02_0016_0011.uasset" 5400
"../../../Engine/Content/EngineMaterials/Substrate/GLints/dict_16_192_64_0p5_0p02_0016_0015.uasset" 5401
"../../../Engine/Content/EngineMaterials/Substrate/GLints/dict_16_192_64_0p5_0p02_0016_0009.uasset" 5402
"../../../Engine/Content/EngineMaterials/Substrate/GLints/dict_16_192_64_0p5_0p02_0016_0014.uasset" 5403
"../../../Engine/Content/EngineMaterials/Substrate/GLints/dict_16_192_64_0p5_0p02_0017_0001.uasset" 5404
"../../../Engine/Content/EngineMaterials/Substrate/GLints/dict_16_192_64_0p5_0p02_0017_0000.uasset" 5405
"/Engine/EngineMaterials/Substrate/GLints/dict_16_192_64_0p5_0p02_0016_0006" 5406
"/Engine/EngineMaterials/Substrate/GLints/dict_16_192_64_0p5_0p02_0016_0005" 5407
"/Engine/EngineMaterials/Substrate/GLints/dict_16_192_64_0p5_0p02_0016_0004" 5408
"/Engine/EngineMaterials/Substrate/GLints/dict_16_192_64_0p5_0p02_0016_0003" 5409
"/Engine/EngineMaterials/Substrate/GLints/dict_16_192_64_0p5_0p02_0016_0002" 5410
"/Engine/EngineMaterials/Substrate/GLints/dict_16_192_64_0p5_0p02_0016_0001" 5411
"/Engine/EngineMaterials/Substrate/GLints/dict_16_192_64_0p5_0p02_0016_0000" 5412
"/Engine/EngineMaterials/Substrate/GLints/dict_16_192_64_0p5_0p02_0015_0015" 5413
"/Engine/EngineMaterials/Substrate/GLints/dict_16_192_64_0p5_0p02_0015_0014" 5414
"/Engine/EngineMaterials/Substrate/GLints/dict_16_192_64_0p5_0p02_0015_0013" 5415
"/Engine/EngineMaterials/Substrate/GLints/dict_16_192_64_0p5_0p02_0015_0012" 5416
"/Engine/EngineMaterials/Substrate/GLints/dict_16_192_64_0p5_0p02_0015_0011" 5417
"/Engine/EngineMaterials/Substrate/GLints/dict_16_192_64_0p5_0p02_0015_0010" 5418
"/Engine/EngineMaterials/Substrate/GLints/dict_16_192_64_0p5_0p02_0015_0009" 5419
"/Engine/EngineMaterials/Substrate/GLints/dict_16_192_64_0p5_0p02_0015_0008" 5420
"/Engine/EngineMaterials/Substrate/GLints/dict_16_192_64_0p5_0p02_0015_0007" 5421
"/Engine/EngineMaterials/Substrate/GLints/dict_16_192_64_0p5_0p02_0015_0006" 5422
"/Engine/EngineMaterials/Substrate/GLints/dict_16_192_64_0p5_0p02_0015_0005" 5423
"/Engine/EngineMaterials/Substrate/GLints/dict_16_192_64_0p5_0p02_0015_0004" 5424
"/Engine/EngineMaterials/Substrate/GLints/dict_16_192_64_0p5_0p02_0016_0014" 5425
"/Engine/EngineMaterials/Substrate/GLints/dict_16_192_64_0p5_0p02_0016_0015" 5426
"/Engine/EngineMaterials/Substrate/GLints/dict_16_192_64_0p5_0p02_0015_0002" 5427
"/Engine/EngineMaterials/Substrate/GLints/dict_16_192_64_0p5_0p02_0017_0000" 5428
"/Engine/EngineMaterials/Substrate/GLints/dict_16_192_64_0p5_0p02_0016_0013" 5429
"/Engine/EngineMaterials/Substrate/GLints/dict_16_192_64_0p5_0p02_0016_0012" 5430
"/Engine/EngineMaterials/Substrate/GLints/dict_16_192_64_0p5_0p02_0016_0011" 5431
"/Engine/EngineMaterials/Substrate/GLints/dict_16_192_64_0p5_0p02_0016_0010" 5432
"/Engine/EngineMaterials/Substrate/GLints/dict_16_192_64_0p5_0p02_0016_0009" 5433
"/Engine/EngineMaterials/Substrate/GLints/dict_16_192_64_0p5_0p02_0016_0008" 5434
"/Engine/EngineMaterials/Substrate/GLints/dict_16_192_64_0p5_0p02_0016_0007" 5435
"/Engine/EngineMaterials/Substrate/GLints/dict_16_192_64_0p5_0p02_0015_0001" 5436
"/Engine/EngineMaterials/Substrate/GLints/dict_16_192_64_0p5_0p02_0017_0001" 5437
"../../../Engine/Content/EngineMaterials/Substrate/GLints/dict_16_192_64_0p5_0p02_0017_0003.uasset" 5438
"../../../Engine/Content/EngineMaterials/Substrate/GLints/dict_16_192_64_0p5_0p02_0017_0004.uasset" 5439
"../../../Engine/Content/EngineMaterials/Substrate/GLints/dict_16_192_64_0p5_0p02_0017_0002.uasset" 5440
"../../../Engine/Content/EngineMaterials/Substrate/GLints/dict_16_192_64_0p5_0p02_0017_0005.uasset" 5441
"../../../Engine/Content/EngineMaterials/Substrate/GLints/dict_16_192_64_0p5_0p02_0017_0006.uasset" 5442
"../../../Engine/Content/EngineMaterials/Substrate/GLints/dict_16_192_64_0p5_0p02_0017_0007.uasset" 5443
"../../../Engine/Content/EngineMaterials/Substrate/GLints/dict_16_192_64_0p5_0p02_0017_0008.uasset" 5444
"../../../Engine/Content/EngineMaterials/Substrate/GLints/dict_16_192_64_0p5_0p02_0017_0009.uasset" 5445
"../../../Engine/Content/EngineMaterials/Substrate/GLints/dict_16_192_64_0p5_0p02_0017_0011.uasset" 5446
"../../../Engine/Content/EngineMaterials/Substrate/GLints/dict_16_192_64_0p5_0p02_0017_0012.uasset" 5447
"../../../Engine/Content/EngineMaterials/Substrate/GLints/dict_16_192_64_0p5_0p02_0017_0010.uasset" 5448
"../../../Engine/Content/EngineMaterials/Substrate/GLints/dict_16_192_64_0p5_0p02_0017_0013.uasset" 5449
"../../../Engine/Content/EngineMaterials/Substrate/GLints/dict_16_192_64_0p5_0p02_0017_0014.uasset" 5450
"../../../Engine/Content/EngineMaterials/Substrate/GLints/dict_16_192_64_0p5_0p02_0017_0015.uasset" 5451
"../../../Engine/Content/EngineMaterials/Substrate/GLints/dict_16_192_64_0p5_0p02_0018_0004.uasset" 5452
"../../../Engine/Content/EngineMaterials/Substrate/GLints/dict_16_192_64_0p5_0p02_0018_0000.uasset" 5453
"../../../Engine/Content/EngineMaterials/Substrate/GLints/dict_16_192_64_0p5_0p02_0018_0003.uasset" 5454
"../../../Engine/Content/EngineMaterials/Substrate/GLints/dict_16_192_64_0p5_0p02_0018_0002.uasset" 5455
"../../../Engine/Content/EngineMaterials/Substrate/GLints/dict_16_192_64_0p5_0p02_0018_0001.uasset" 5456
"/Engine/EngineMaterials/Substrate/GLints/dict_16_192_64_0p5_0p02_0018_0004" 5457
"../../../Engine/Content/EngineMaterials/Substrate/GLints/dict_16_192_64_0p5_0p02_0018_0005.uasset" 5458
"../../../Engine/Content/EngineMaterials/Substrate/GLints/dict_16_192_64_0p5_0p02_0018_0006.uasset" 5459
"/Engine/EngineMaterials/Substrate/GLints/dict_16_192_64_0p5_0p02_0018_0003" 5460
"/Engine/EngineMaterials/Substrate/GLints/dict_16_192_64_0p5_0p02_0018_0002" 5461
"/Engine/EngineMaterials/Substrate/GLints/dict_16_192_64_0p5_0p02_0018_0001" 5462
"/Engine/EngineMaterials/Substrate/GLints/dict_16_192_64_0p5_0p02_0018_0000" 5463
"/Engine/EngineMaterials/Substrate/GLints/dict_16_192_64_0p5_0p02_0017_0015" 5464
"/Engine/EngineMaterials/Substrate/GLints/dict_16_192_64_0p5_0p02_0017_0014" 5465
"/Engine/EngineMaterials/Substrate/GLints/dict_16_192_64_0p5_0p02_0017_0013" 5466
"/Engine/EngineMaterials/Substrate/GLints/dict_16_192_64_0p5_0p02_0017_0012" 5467
"/Engine/EngineMaterials/Substrate/GLints/dict_16_192_64_0p5_0p02_0017_0011" 5468
"/Engine/EngineMaterials/Substrate/GLints/dict_16_192_64_0p5_0p02_0017_0010" 5469
"/Engine/EngineMaterials/Substrate/GLints/dict_16_192_64_0p5_0p02_0017_0009" 5470
"../../../Engine/Content/EngineMaterials/Substrate/GLints/dict_16_192_64_0p5_0p02_0018_0008.uasset" 5471
"/Engine/EngineMaterials/Substrate/GLints/dict_16_192_64_0p5_0p02_0017_0008" 5472
"/Engine/EngineMaterials/Substrate/GLints/dict_16_192_64_0p5_0p02_0017_0007" 5473
"../../../Engine/Content/EngineMaterials/Substrate/GLints/dict_16_192_64_0p5_0p02_0018_0009.uasset" 5474
"/Engine/EngineMaterials/Substrate/GLints/dict_16_192_64_0p5_0p02_0017_0006" 5475
"../../../Engine/Content/EngineMaterials/Substrate/GLints/dict_16_192_64_0p5_0p02_0018_0007.uasset" 5476
"/Engine/EngineMaterials/Substrate/GLints/dict_16_192_64_0p5_0p02_0017_0005" 5477
"../../../Engine/Content/EngineMaterials/Substrate/GLints/dict_16_192_64_0p5_0p02_0018_0011.uasset" 5478
"/Engine/EngineMaterials/Substrate/GLints/dict_16_192_64_0p5_0p02_0017_0004" 5479
"../../../Engine/Content/EngineMaterials/Substrate/GLints/dict_16_192_64_0p5_0p02_0018_0010.uasset" 5480
"/Engine/EngineMaterials/Substrate/GLints/dict_16_192_64_0p5_0p02_0017_0003" 5481
"../../../Engine/Content/EngineMaterials/Substrate/GLints/dict_16_192_64_0p5_0p02_0018_0012.uasset" 5482
"/Engine/EngineMaterials/Substrate/GLints/dict_16_192_64_0p5_0p02_0017_0002" 5483
"/Engine/EngineMaterials/Substrate/GLints/dict_16_192_64_0p5_0p02_0018_0012" 5484
"/Engine/EngineMaterials/Substrate/GLints/dict_16_192_64_0p5_0p02_0018_0011" 5485
"/Engine/EngineMaterials/Substrate/GLints/dict_16_192_64_0p5_0p02_0018_0010" 5486
"/Engine/EngineMaterials/Substrate/GLints/dict_16_192_64_0p5_0p02_0018_0009" 5487
"/Engine/EngineMaterials/Substrate/GLints/dict_16_192_64_0p5_0p02_0018_0008" 5488
"/Engine/EngineMaterials/Substrate/GLints/dict_16_192_64_0p5_0p02_0018_0007" 5489
"/Engine/EngineMaterials/Substrate/GLints/dict_16_192_64_0p5_0p02_0018_0006" 5490
"/Engine/EngineMaterials/Substrate/GLints/dict_16_192_64_0p5_0p02_0018_0005" 5491
"../../../Engine/Content/EngineMaterials/Substrate/GLints/dict_16_192_64_0p5_0p02_0018_0014.uasset" 5492
"../../../Engine/Content/EngineMaterials/Substrate/GLints/dict_16_192_64_0p5_0p02_0018_0013.uasset" 5493
"../../../Engine/Content/EngineMaterials/Substrate/GLints/dict_16_192_64_0p5_0p02_0018_0015.uasset" 5494
"../../../Engine/Content/EngineMaterials/Substrate/GLints/dict_16_192_64_0p5_0p02_0019_0000.uasset" 5495
"../../../Engine/Content/EngineMaterials/Substrate/GLints/dict_16_192_64_0p5_0p02_0019_0003.uasset" 5496
"../../../Engine/Content/EngineMaterials/Substrate/GLints/dict_16_192_64_0p5_0p02_0019_0002.uasset" 5497
"../../../Engine/Content/EngineMaterials/Substrate/GLints/dict_16_192_64_0p5_0p02_0019_0001.uasset" 5498
"../../../Engine/Content/EngineMaterials/Substrate/GLints/dict_16_192_64_0p5_0p02_0019_0006.uasset" 5499
"../../../Engine/Content/EngineMaterials/Substrate/GLints/dict_16_192_64_0p5_0p02_0019_0008.uasset" 5500
"../../../Engine/Content/EngineMaterials/Substrate/GLints/dict_16_192_64_0p5_0p02_0019_0007.uasset" 5501
"../../../Engine/Content/EngineMaterials/Substrate/GLints/dict_16_192_64_0p5_0p02_0019_0004.uasset" 5502
"../../../Engine/Content/EngineMaterials/Substrate/GLints/dict_16_192_64_0p5_0p02_0019_0009.uasset" 5503
"../../../Engine/Content/EngineMaterials/Substrate/GLints/dict_16_192_64_0p5_0p02_0019_0005.uasset" 5504
"../../../Engine/Content/EngineMaterials/Substrate/GLints/dict_16_192_64_0p5_0p02_0019_0011.uasset" 5505
"../../../Engine/Content/EngineMaterials/Substrate/GLints/dict_16_192_64_0p5_0p02_0019_0010.uasset" 5506
"../../../Engine/Content/EngineMaterials/Substrate/GLints/dict_16_192_64_0p5_0p02_0019_0012.uasset" 5507
"../../../Engine/Content/EngineMaterials/Substrate/GLints/dict_16_192_64_0p5_0p02_0019_0014.uasset" 5508
"../../../Engine/Content/EngineMaterials/Substrate/GLints/dict_16_192_64_0p5_0p02_0019_0013.uasset" 5509
"../../../Engine/Content/EngineMaterials/Substrate/GLints/dict_16_192_64_0p5_0p02_0019_0015.uasset" 5510
"../../../Engine/Content/EngineMaterials/Substrate/GLints/dict_16_192_64_0p5_0p02_0020_0002.uasset" 5511
"../../../Engine/Content/EngineMaterials/Substrate/GLints/dict_16_192_64_0p5_0p02_0020_0001.uasset" 5512
"../../../Engine/Content/EngineMaterials/Substrate/GLints/dict_16_192_64_0p5_0p02_0020_0000.uasset" 5513
"../../../Engine/Content/EngineMaterials/Substrate/GLints/dict_16_192_64_0p5_0p02_0020_0004.uasset" 5514
"../../../Engine/Content/EngineMaterials/Substrate/GLints/dict_16_192_64_0p5_0p02_0020_0011.uasset" 5515
"../../../Engine/Content/EngineMaterials/Substrate/GLints/dict_16_192_64_0p5_0p02_0020_0008.uasset" 5516
"../../../Engine/Content/EngineMaterials/Substrate/GLints/dict_16_192_64_0p5_0p02_0020_0007.uasset" 5517
"../../../Engine/Content/EngineMaterials/Substrate/GLints/dict_16_192_64_0p5_0p02_0020_0005.uasset" 5518
"../../../Engine/Content/EngineMaterials/Substrate/GLints/dict_16_192_64_0p5_0p02_0020_0006.uasset" 5519
"../../../Engine/Content/EngineMaterials/Substrate/GLints/dict_16_192_64_0p5_0p02_0020_0003.uasset" 5520
"../../../Engine/Content/EngineMaterials/Substrate/GLints/dict_16_192_64_0p5_0p02_0020_0010.uasset" 5521
"../../../Engine/Content/EngineMaterials/Substrate/GLints/dict_16_192_64_0p5_0p02_0020_0012.uasset" 5522
"../../../Engine/Content/EngineMaterials/Substrate/GLints/dict_16_192_64_0p5_0p02_0020_0009.uasset" 5523
"/Engine/EngineMaterials/Substrate/GLints/dict_16_192_64_0p5_0p02_0019_0001" 5524
"/Engine/EngineMaterials/Substrate/GLints/dict_16_192_64_0p5_0p02_0019_0000" 5525
"/Engine/EngineMaterials/Substrate/GLints/dict_16_192_64_0p5_0p02_0018_0015" 5526
"/Engine/EngineMaterials/Substrate/GLints/dict_16_192_64_0p5_0p02_0018_0014" 5527
"/Engine/EngineMaterials/Substrate/GLints/dict_16_192_64_0p5_0p02_0018_0013" 5528
"/Engine/EngineMaterials/Substrate/GLints/dict_16_192_64_0p5_0p02_0020_0012" 5529
"/Engine/EngineMaterials/Substrate/GLints/dict_16_192_64_0p5_0p02_0020_0011" 5530
"/Engine/EngineMaterials/Substrate/GLints/dict_16_192_64_0p5_0p02_0020_0010" 5531
"/Engine/EngineMaterials/Substrate/GLints/dict_16_192_64_0p5_0p02_0020_0009" 5532
"/Engine/EngineMaterials/Substrate/GLints/dict_16_192_64_0p5_0p02_0020_0008" 5533
"/Engine/EngineMaterials/Substrate/GLints/dict_16_192_64_0p5_0p02_0020_0007" 5534
"/Engine/EngineMaterials/Substrate/GLints/dict_16_192_64_0p5_0p02_0020_0006" 5535
"/Engine/EngineMaterials/Substrate/GLints/dict_16_192_64_0p5_0p02_0020_0005" 5536
"/Engine/EngineMaterials/Substrate/GLints/dict_16_192_64_0p5_0p02_0020_0004" 5537
"/Engine/EngineMaterials/Substrate/GLints/dict_16_192_64_0p5_0p02_0020_0003" 5538
"/Engine/EngineMaterials/Substrate/GLints/dict_16_192_64_0p5_0p02_0020_0002" 5539
"/Engine/EngineMaterials/Substrate/GLints/dict_16_192_64_0p5_0p02_0020_0001" 5540
"/Engine/EngineMaterials/Substrate/GLints/dict_16_192_64_0p5_0p02_0020_0000" 5541
"/Engine/EngineMaterials/Substrate/GLints/dict_16_192_64_0p5_0p02_0019_0015" 5542
"/Engine/EngineMaterials/Substrate/GLints/dict_16_192_64_0p5_0p02_0019_0014" 5543
"/Engine/EngineMaterials/Substrate/GLints/dict_16_192_64_0p5_0p02_0019_0013" 5544
"/Engine/EngineMaterials/Substrate/GLints/dict_16_192_64_0p5_0p02_0019_0012" 5545
"/Engine/EngineMaterials/Substrate/GLints/dict_16_192_64_0p5_0p02_0019_0011" 5546
"/Engine/EngineMaterials/Substrate/GLints/dict_16_192_64_0p5_0p02_0019_0010" 5547
"/Engine/EngineMaterials/Substrate/GLints/dict_16_192_64_0p5_0p02_0019_0009" 5548
"/Engine/EngineMaterials/Substrate/GLints/dict_16_192_64_0p5_0p02_0019_0008" 5549
"/Engine/EngineMaterials/Substrate/GLints/dict_16_192_64_0p5_0p02_0019_0007" 5550
"/Engine/EngineMaterials/Substrate/GLints/dict_16_192_64_0p5_0p02_0019_0006" 5551
"/Engine/EngineMaterials/Substrate/GLints/dict_16_192_64_0p5_0p02_0019_0005" 5552
"/Engine/EngineMaterials/Substrate/GLints/dict_16_192_64_0p5_0p02_0019_0004" 5553
"/Engine/EngineMaterials/Substrate/GLints/dict_16_192_64_0p5_0p02_0019_0003" 5554
"/Engine/EngineMaterials/Substrate/GLints/dict_16_192_64_0p5_0p02_0019_0002" 5555
"../../../Engine/Content/EngineMaterials/Substrate/GLints/dict_16_192_64_0p5_0p02_0020_0014.uasset" 5556
"../../../Engine/Content/EngineMaterials/Substrate/GLints/dict_16_192_64_0p5_0p02_0021_0002.uasset" 5557
"../../../Engine/Content/EngineMaterials/Substrate/GLints/dict_16_192_64_0p5_0p02_0020_0013.uasset" 5558
"/Engine/EngineMaterials/Substrate/GLints/dict_16_192_64_0p5_0p02_0021_0002" 5559
"/Engine/EngineMaterials/Substrate/GLints/dict_16_192_64_0p5_0p02_0020_0014" 5560
"/Engine/EngineMaterials/Substrate/GLints/dict_16_192_64_0p5_0p02_0020_0013" 5561
"../../../Engine/Content/EngineMaterials/Substrate/GLints/dict_16_192_64_0p5_0p02_0021_0003.uasset" 5562
"../../../Engine/Content/EngineMaterials/Substrate/GLints/dict_16_192_64_0p5_0p02_0021_0006.uasset" 5563
"../../../Engine/Content/EngineMaterials/Substrate/GLints/dict_16_192_64_0p5_0p02_0021_0000.uasset" 5564
"../../../Engine/Content/EngineMaterials/Substrate/GLints/dict_16_192_64_0p5_0p02_0020_0015.uasset" 5565
"../../../Engine/Content/EngineMaterials/Substrate/GLints/dict_16_192_64_0p5_0p02_0021_0004.uasset" 5566
"../../../Engine/Content/EngineMaterials/Substrate/GLints/dict_16_192_64_0p5_0p02_0021_0001.uasset" 5567
"../../../Engine/Content/EngineMaterials/Substrate/GLints/dict_16_192_64_0p5_0p02_0021_0005.uasset" 5568
"../../../Engine/Content/EngineMaterials/Substrate/GLints/dict_16_192_64_0p5_0p02_0021_0009.uasset" 5569
"../../../Engine/Content/EngineMaterials/Substrate/GLints/dict_16_192_64_0p5_0p02_0021_0008.uasset" 5570
"../../../Engine/Content/EngineMaterials/Substrate/GLints/dict_16_192_64_0p5_0p02_0021_0007.uasset" 5571
"../../../Engine/Content/EngineMaterials/Substrate/GLints/dict_16_192_64_0p5_0p02_0021_0014.uasset" 5572
"../../../Engine/Content/EngineMaterials/Substrate/GLints/dict_16_192_64_0p5_0p02_0021_0011.uasset" 5573
"../../../Engine/Content/EngineMaterials/Substrate/GLints/dict_16_192_64_0p5_0p02_0021_0012.uasset" 5574
"../../../Engine/Content/EngineMaterials/Substrate/GLints/dict_16_192_64_0p5_0p02_0021_0013.uasset" 5575
"../../../Engine/Content/EngineMaterials/Substrate/GLints/dict_16_192_64_0p5_0p02_0021_0010.uasset" 5576
"../../../Engine/Content/EngineMaterials/Substrate/GLints/dict_16_192_64_0p5_0p02_0021_0015.uasset" 5577
"../../../Engine/Content/EngineMaterials/Substrate/GLints/dict_16_192_64_0p5_0p02_0022_0001.uasset" 5578
"../../../Engine/Content/EngineMaterials/Substrate/GLints/dict_16_192_64_0p5_0p02_0022_0000.uasset" 5579
"../../../Engine/Content/EngineMaterials/Substrate/GLints/dict_16_192_64_0p5_0p02_0022_0006.uasset" 5580
"../../../Engine/Content/EngineMaterials/Substrate/GLints/dict_16_192_64_0p5_0p02_0022_0002.uasset" 5581
"../../../Engine/Content/EngineMaterials/Substrate/GLints/dict_16_192_64_0p5_0p02_0022_0003.uasset" 5582
"../../../Engine/Content/EngineMaterials/Substrate/GLints/dict_16_192_64_0p5_0p02_0022_0008.uasset" 5583
"../../../Engine/Content/EngineMaterials/Substrate/GLints/dict_16_192_64_0p5_0p02_0022_0014.uasset" 5584
"../../../Engine/Content/EngineMaterials/Substrate/GLints/dict_16_192_64_0p5_0p02_0022_0005.uasset" 5585
"../../../Engine/Content/EngineMaterials/Substrate/GLints/dict_16_192_64_0p5_0p02_0022_0007.uasset" 5586
"../../../Engine/Content/EngineMaterials/Substrate/GLints/dict_16_192_64_0p5_0p02_0022_0011.uasset" 5587
"../../../Engine/Content/EngineMaterials/Substrate/GLints/dict_16_192_64_0p5_0p02_0022_0004.uasset" 5588
"../../../Engine/Content/EngineMaterials/Substrate/GLints/dict_16_192_64_0p5_0p02_0022_0009.uasset" 5589
"../../../Engine/Content/EngineMaterials/Substrate/GLints/dict_16_192_64_0p5_0p02_0022_0010.uasset" 5590
"../../../Engine/Content/EngineMaterials/Substrate/GLints/dict_16_192_64_0p5_0p02_0022_0013.uasset" 5591
"../../../Engine/Content/EngineMaterials/Substrate/GLints/dict_16_192_64_0p5_0p02_0022_0012.uasset" 5592
"../../../Engine/Content/EngineMaterials/Substrate/GLints/dict_16_192_64_0p5_0p02_0022_0015.uasset" 5593
"/Engine/EngineMaterials/Substrate/GLints/dict_16_192_64_0p5_0p02_0022_0012" 5594
"/Engine/EngineMaterials/Substrate/GLints/dict_16_192_64_0p5_0p02_0022_0011" 5595
"/Engine/EngineMaterials/Substrate/GLints/dict_16_192_64_0p5_0p02_0022_0010" 5596
"/Engine/EngineMaterials/Substrate/GLints/dict_16_192_64_0p5_0p02_0022_0009" 5597
"/Engine/EngineMaterials/Substrate/GLints/dict_16_192_64_0p5_0p02_0022_0008" 5598
"/Engine/EngineMaterials/Substrate/GLints/dict_16_192_64_0p5_0p02_0022_0007" 5599
"/Engine/EngineMaterials/Substrate/GLints/dict_16_192_64_0p5_0p02_0022_0006" 5600
"/Engine/EngineMaterials/Substrate/GLints/dict_16_192_64_0p5_0p02_0022_0005" 5601
"/Engine/EngineMaterials/Substrate/GLints/dict_16_192_64_0p5_0p02_0022_0004" 5602
"/Engine/EngineMaterials/Substrate/GLints/dict_16_192_64_0p5_0p02_0022_0003" 5603
"/Engine/EngineMaterials/Substrate/GLints/dict_16_192_64_0p5_0p02_0022_0002" 5604
"/Engine/EngineMaterials/Substrate/GLints/dict_16_192_64_0p5_0p02_0022_0001" 5605
"/Engine/EngineMaterials/Substrate/GLints/dict_16_192_64_0p5_0p02_0022_0000" 5606
"/Engine/EngineMaterials/Substrate/GLints/dict_16_192_64_0p5_0p02_0021_0015" 5607
"/Engine/EngineMaterials/Substrate/GLints/dict_16_192_64_0p5_0p02_0021_0014" 5608
"/Engine/EngineMaterials/Substrate/GLints/dict_16_192_64_0p5_0p02_0021_0013" 5609
"/Engine/EngineMaterials/Substrate/GLints/dict_16_192_64_0p5_0p02_0021_0012" 5610
"/Engine/EngineMaterials/Substrate/GLints/dict_16_192_64_0p5_0p02_0021_0011" 5611
"/Engine/EngineMaterials/Substrate/GLints/dict_16_192_64_0p5_0p02_0021_0010" 5612
"/Engine/EngineMaterials/Substrate/GLints/dict_16_192_64_0p5_0p02_0021_0009" 5613
"/Engine/EngineMaterials/Substrate/GLints/dict_16_192_64_0p5_0p02_0021_0008" 5614
"/Engine/EngineMaterials/Substrate/GLints/dict_16_192_64_0p5_0p02_0021_0007" 5615
"/Engine/EngineMaterials/Substrate/GLints/dict_16_192_64_0p5_0p02_0021_0006" 5616
"/Engine/EngineMaterials/Substrate/GLints/dict_16_192_64_0p5_0p02_0021_0005" 5617
"/Engine/EngineMaterials/Substrate/GLints/dict_16_192_64_0p5_0p02_0021_0004" 5618
"/Engine/EngineMaterials/Substrate/GLints/dict_16_192_64_0p5_0p02_0021_0003" 5619
"/Engine/EngineMaterials/Substrate/GLints/dict_16_192_64_0p5_0p02_0022_0015" 5620
"/Engine/EngineMaterials/Substrate/GLints/dict_16_192_64_0p5_0p02_0021_0001" 5621
"/Engine/EngineMaterials/Substrate/GLints/dict_16_192_64_0p5_0p02_0021_0000" 5622
"/Engine/EngineMaterials/Substrate/GLints/dict_16_192_64_0p5_0p02_0020_0015" 5623
"/Engine/EngineMaterials/Substrate/GLints/dict_16_192_64_0p5_0p02_0022_0014" 5624
"/Engine/EngineMaterials/Substrate/GLints/dict_16_192_64_0p5_0p02_0022_0013" 5625
"../../../Engine/Content/EngineMaterials/Substrate/GLints/dict_16_192_64_0p5_0p02_0023_0006.uasset" 5626
"../../../Engine/Content/EngineMaterials/Substrate/GLints/dict_16_192_64_0p5_0p02_0023_0000.uasset" 5627
"../../../Engine/Content/EngineMaterials/Substrate/GLints/dict_16_192_64_0p5_0p02_0023_0002.uasset" 5628
"../../../Engine/Content/EngineMaterials/Substrate/GLints/dict_16_192_64_0p5_0p02_0023_0007.uasset" 5629
"../../../Engine/Content/EngineMaterials/Substrate/GLints/dict_16_192_64_0p5_0p02_0023_0005.uasset" 5630
"../../../Engine/Content/EngineMaterials/Substrate/GLints/dict_16_192_64_0p5_0p02_0023_0004.uasset" 5631
"../../../Engine/Content/EngineMaterials/Substrate/GLints/dict_16_192_64_0p5_0p02_0023_0003.uasset" 5632
"../../../Engine/Content/EngineMaterials/Substrate/GLints/dict_16_192_64_0p5_0p02_0023_0001.uasset" 5633
"../../../Engine/Content/EngineMaterials/Substrate/GLints/dict_16_192_64_0p5_0p02_0023_0010.uasset" 5634
"../../../Engine/Content/EngineMaterials/Substrate/GLints/dict_16_192_64_0p5_0p02_0023_0009.uasset" 5635
"../../../Engine/Content/EngineMaterials/Substrate/GLints/dict_16_192_64_0p5_0p02_0023_0008.uasset" 5636
"../../../Engine/Content/EngineMaterials/Substrate/GLints/dict_16_192_64_0p5_0p02_0023_0014.uasset" 5637
"../../../Engine/Content/EngineMaterials/Substrate/GLints/dict_16_192_64_0p5_0p02_0023_0012.uasset" 5638
"../../../Engine/Content/EngineMaterials/Substrate/GLints/dict_16_192_64_0p5_0p02_0023_0013.uasset" 5639
"../../../Engine/Content/EngineMaterials/Substrate/GLints/dict_16_192_64_0p5_0p02_0024_0000.uasset" 5640
"../../../Engine/Content/EngineMaterials/Substrate/GLints/dict_16_192_64_0p5_0p02_0024_0001.uasset" 5641
"../../../Engine/Content/EngineMaterials/Substrate/GLints/dict_16_192_64_0p5_0p02_0024_0002.uasset" 5642
"../../../Engine/Content/EngineMaterials/Substrate/GLints/dict_16_192_64_0p5_0p02_0023_0015.uasset" 5643
"../../../Engine/Content/EngineMaterials/Substrate/GLints/dict_16_192_64_0p5_0p02_0023_0011.uasset" 5644
"/Engine/EngineMaterials/Substrate/GLints/dict_16_192_64_0p5_0p02_0024_0002" 5645
"/Engine/EngineMaterials/Substrate/GLints/dict_16_192_64_0p5_0p02_0024_0001" 5646
"../../../Engine/Content/EngineMaterials/Substrate/GLints/dict_16_192_64_0p5_0p02_0024_0005.uasset" 5647
"/Engine/EngineMaterials/Substrate/GLints/dict_16_192_64_0p5_0p02_0024_0000" 5648
"/Engine/EngineMaterials/Substrate/GLints/dict_16_192_64_0p5_0p02_0023_0015" 5649
"../../../Engine/Content/EngineMaterials/Substrate/GLints/dict_16_192_64_0p5_0p02_0024_0003.uasset" 5650
"/Engine/EngineMaterials/Substrate/GLints/dict_16_192_64_0p5_0p02_0023_0014" 5651
"/Engine/EngineMaterials/Substrate/GLints/dict_16_192_64_0p5_0p02_0023_0013" 5652
"/Engine/EngineMaterials/Substrate/GLints/dict_16_192_64_0p5_0p02_0023_0012" 5653
"/Engine/EngineMaterials/Substrate/GLints/dict_16_192_64_0p5_0p02_0023_0010" 5654
"/Engine/EngineMaterials/Substrate/GLints/dict_16_192_64_0p5_0p02_0023_0009" 5655
"../../../Engine/Content/EngineMaterials/Substrate/GLints/dict_16_192_64_0p5_0p02_0024_0004.uasset" 5656
"../../../Engine/Content/EngineMaterials/Substrate/GLints/dict_16_192_64_0p5_0p02_0024_0008.uasset" 5657
"/Engine/EngineMaterials/Substrate/GLints/dict_16_192_64_0p5_0p02_0023_0008" 5658
"../../../Engine/Content/EngineMaterials/Substrate/GLints/dict_16_192_64_0p5_0p02_0024_0006.uasset" 5659
"../../../Engine/Content/EngineMaterials/Substrate/GLints/dict_16_192_64_0p5_0p02_0024_0007.uasset" 5660
"/Engine/EngineMaterials/Substrate/GLints/dict_16_192_64_0p5_0p02_0023_0007" 5661
"/Engine/EngineMaterials/Substrate/GLints/dict_16_192_64_0p5_0p02_0023_0006" 5662
"../../../Engine/Content/EngineMaterials/Substrate/GLints/dict_16_192_64_0p5_0p02_0024_0009.uasset" 5663
"/Engine/EngineMaterials/Substrate/GLints/dict_16_192_64_0p5_0p02_0023_0005" 5664
"../../../Engine/Content/EngineMaterials/Substrate/GLints/dict_16_192_64_0p5_0p02_0024_0011.uasset" 5665
"../../../Engine/Content/EngineMaterials/Substrate/GLints/dict_16_192_64_0p5_0p02_0024_0010.uasset" 5666
"/Engine/EngineMaterials/Substrate/GLints/dict_16_192_64_0p5_0p02_0023_0004" 5667
"../../../Engine/Content/EngineMaterials/Substrate/GLints/dict_16_192_64_0p5_0p02_0024_0014.uasset" 5668
"/Engine/EngineMaterials/Substrate/GLints/dict_16_192_64_0p5_0p02_0023_0003" 5669
"/Engine/EngineMaterials/Substrate/GLints/dict_16_192_64_0p5_0p02_0023_0002" 5670
"../../../Engine/Content/EngineMaterials/Substrate/GLints/dict_16_192_64_0p5_0p02_0024_0013.uasset" 5671
"/Engine/EngineMaterials/Substrate/GLints/dict_16_192_64_0p5_0p02_0023_0001" 5672
"../../../Engine/Content/EngineMaterials/Substrate/GLints/dict_16_192_64_0p5_0p02_0024_0015.uasset" 5673
"/Engine/EngineMaterials/Substrate/GLints/dict_16_192_64_0p5_0p02_0023_0000" 5674
"/Engine/EngineMaterials/Substrate/GLints/dict_16_192_64_0p5_0p02_0024_0015" 5675
"/Engine/EngineMaterials/Substrate/GLints/dict_16_192_64_0p5_0p02_0024_0014" 5676
"/Engine/EngineMaterials/Substrate/GLints/dict_16_192_64_0p5_0p02_0024_0013" 5677
"/Engine/EngineMaterials/Substrate/GLints/dict_16_192_64_0p5_0p02_0024_0011" 5678
"/Engine/EngineMaterials/Substrate/GLints/dict_16_192_64_0p5_0p02_0024_0010" 5679
"/Engine/EngineMaterials/Substrate/GLints/dict_16_192_64_0p5_0p02_0024_0009" 5680
"/Engine/EngineMaterials/Substrate/GLints/dict_16_192_64_0p5_0p02_0024_0008" 5681
"/Engine/EngineMaterials/Substrate/GLints/dict_16_192_64_0p5_0p02_0024_0007" 5682
"../../../Engine/Content/EngineMaterials/Substrate/GLints/dict_16_192_64_0p5_0p02_0024_0012.uasset" 5683
"/Engine/EngineMaterials/Substrate/GLints/dict_16_192_64_0p5_0p02_0024_0006" 5684
"/Engine/EngineMaterials/Substrate/GLints/dict_16_192_64_0p5_0p02_0024_0005" 5685
"/Engine/EngineMaterials/Substrate/GLints/dict_16_192_64_0p5_0p02_0024_0004" 5686
"/Engine/EngineMaterials/Substrate/GLints/dict_16_192_64_0p5_0p02_0024_0003" 5687
"/Engine/EngineMaterials/Substrate/GLints/dict_16_192_64_0p5_0p02_0023_0011" 5688
"/Engine/EngineMaterials/Substrate/GLints/dict_16_192_64_0p5_0p02_0024_0012" 5689
"../../../Engine/Content/EngineMaterials/Substrate/GLints/dict_16_192_64_0p5_0p02_0025_0001.uasset" 5690
"../../../Engine/Content/EngineMaterials/Substrate/GLints/dict_16_192_64_0p5_0p02_0025_0000.uasset" 5691
"../../../Engine/Content/EngineMaterials/Substrate/GLints/dict_16_192_64_0p5_0p02_0025_0002.uasset" 5692
"/Engine/EngineMaterials/Substrate/GLints/dict_16_192_64_0p5_0p02_0025_0001" 5693
"/Engine/EngineMaterials/Substrate/GLints/dict_16_192_64_0p5_0p02_0025_0000" 5694
"/Engine/EngineMaterials/Substrate/GLints/dict_16_192_64_0p5_0p02_0025_0002" 5695
"../../../Engine/Content/EngineMaterials/Substrate/GLints/dict_16_192_64_0p5_0p02_0025_0004.uasset" 5696
"../../../Engine/Content/EngineMaterials/Substrate/GLints/dict_16_192_64_0p5_0p02_0025_0005.uasset" 5697
"../../../Engine/Content/EngineMaterials/Substrate/GLints/dict_16_192_64_0p5_0p02_0025_0006.uasset" 5698
"../../../Engine/Content/EngineMaterials/Substrate/GLints/dict_16_192_64_0p5_0p02_0025_0007.uasset" 5699
"../../../Engine/Content/EngineMaterials/Substrate/GLints/dict_16_192_64_0p5_0p02_0025_0008.uasset" 5700
"../../../Engine/Content/EngineMaterials/Substrate/GLints/dict_16_192_64_0p5_0p02_0025_0010.uasset" 5701
"../../../Engine/Content/EngineMaterials/Substrate/GLints/dict_16_192_64_0p5_0p02_0025_0003.uasset" 5702
"../../../Engine/Content/EngineMaterials/Substrate/GLints/dict_16_192_64_0p5_0p02_0025_0009.uasset" 5703
"../../../Engine/Content/EngineMaterials/Substrate/GLints/dict_16_192_64_0p5_0p02_0025_0012.uasset" 5704
"../../../Engine/Content/EngineMaterials/Substrate/GLints/dict_16_192_64_0p5_0p02_0025_0011.uasset" 5705
"../../../Engine/Content/EngineMaterials/Substrate/GLints/dict_16_192_64_0p5_0p02_0025_0014.uasset" 5706
"../../../Engine/Content/EngineMaterials/Substrate/GLints/dict_16_192_64_0p5_0p02_0026_0000.uasset" 5707
"../../../Engine/Content/EngineMaterials/Substrate/GLints/dict_16_192_64_0p5_0p02_0026_0007.uasset" 5708
"../../../Engine/Content/EngineMaterials/Substrate/GLints/dict_16_192_64_0p5_0p02_0025_0015.uasset" 5709
"../../../Engine/Content/EngineMaterials/Substrate/GLints/dict_16_192_64_0p5_0p02_0026_0010.uasset" 5710
"/Engine/EngineMaterials/Substrate/GLints/dict_16_192_64_0p5_0p02_0026_0007" 5711
"../../../Engine/Content/EngineMaterials/Substrate/GLints/dict_16_192_64_0p5_0p02_0026_0003.uasset" 5712
"../../../Engine/Content/EngineMaterials/Substrate/GLints/dict_16_192_64_0p5_0p02_0026_0002.uasset" 5713
"../../../Engine/Content/EngineMaterials/Substrate/GLints/dict_16_192_64_0p5_0p02_0025_0013.uasset" 5714
"../../../Engine/Content/EngineMaterials/Substrate/GLints/dict_16_192_64_0p5_0p02_0026_0001.uasset" 5715
"/Engine/EngineMaterials/Substrate/GLints/dict_16_192_64_0p5_0p02_0026_0000" 5716
"../../../Engine/Content/EngineMaterials/Substrate/GLints/dict_16_192_64_0p5_0p02_0026_0005.uasset" 5717
"/Engine/EngineMaterials/Substrate/GLints/dict_16_192_64_0p5_0p02_0025_0015" 5718
"/Engine/EngineMaterials/Substrate/GLints/dict_16_192_64_0p5_0p02_0025_0014" 5719
"/Engine/EngineMaterials/Substrate/GLints/dict_16_192_64_0p5_0p02_0025_0012" 5720
"/Engine/EngineMaterials/Substrate/GLints/dict_16_192_64_0p5_0p02_0025_0011" 5721
"/Engine/EngineMaterials/Substrate/GLints/dict_16_192_64_0p5_0p02_0025_0010" 5722
"/Engine/EngineMaterials/Substrate/GLints/dict_16_192_64_0p5_0p02_0025_0009" 5723
"/Engine/EngineMaterials/Substrate/GLints/dict_16_192_64_0p5_0p02_0025_0008" 5724
"/Engine/EngineMaterials/Substrate/GLints/dict_16_192_64_0p5_0p02_0025_0007" 5725
"/Engine/EngineMaterials/Substrate/GLints/dict_16_192_64_0p5_0p02_0025_0006" 5726
"/Engine/EngineMaterials/Substrate/GLints/dict_16_192_64_0p5_0p02_0025_0005" 5727
"../../../Engine/Content/EngineMaterials/Substrate/GLints/dict_16_192_64_0p5_0p02_0026_0009.uasset" 5728
"/Engine/EngineMaterials/Substrate/GLints/dict_16_192_64_0p5_0p02_0025_0004" 5729
"../../../Engine/Content/EngineMaterials/Substrate/GLints/dict_16_192_64_0p5_0p02_0026_0014.uasset" 5730
"/Engine/EngineMaterials/Substrate/GLints/dict_16_192_64_0p5_0p02_0025_0003" 5731
"../../../Engine/Content/EngineMaterials/Substrate/GLints/dict_16_192_64_0p5_0p02_0026_0004.uasset" 5732
"/Engine/EngineMaterials/Substrate/GLints/dict_16_192_64_0p5_0p02_0026_0014" 5733
"../../../Engine/Content/EngineMaterials/Substrate/GLints/dict_16_192_64_0p5_0p02_0027_0000.uasset" 5734
"../../../Engine/Content/EngineMaterials/Substrate/GLints/dict_16_192_64_0p5_0p02_0026_0008.uasset" 5735
"/Engine/EngineMaterials/Substrate/GLints/dict_16_192_64_0p5_0p02_0026_0010" 5736
"../../../Engine/Content/EngineMaterials/Substrate/GLints/dict_16_192_64_0p5_0p02_0026_0011.uasset" 5737
"../../../Engine/Content/EngineMaterials/Substrate/GLints/dict_16_192_64_0p5_0p02_0027_0001.uasset" 5738
"../../../Engine/Content/EngineMaterials/Substrate/GLints/dict_16_192_64_0p5_0p02_0026_0006.uasset" 5739
"/Engine/EngineMaterials/Substrate/GLints/dict_16_192_64_0p5_0p02_0026_0009" 5740
"../../../Engine/Content/EngineMaterials/Substrate/GLints/dict_16_192_64_0p5_0p02_0026_0013.uasset" 5741
"../../../Engine/Content/EngineMaterials/Substrate/GLints/dict_16_192_64_0p5_0p02_0026_0015.uasset" 5742
"/Engine/EngineMaterials/Substrate/GLints/dict_16_192_64_0p5_0p02_0026_0005" 5743
"/Engine/EngineMaterials/Substrate/GLints/dict_16_192_64_0p5_0p02_0026_0004" 5744
"../../../Engine/Content/EngineMaterials/Substrate/GLints/dict_16_192_64_0p5_0p02_0026_0012.uasset" 5745
"../../../Engine/Content/EngineMaterials/Substrate/GLints/dict_16_192_64_0p5_0p02_0027_0007.uasset" 5746
"/Engine/EngineMaterials/Substrate/GLints/dict_16_192_64_0p5_0p02_0026_0003" 5747
"../../../Engine/Content/EngineMaterials/Substrate/GLints/dict_16_192_64_0p5_0p02_0027_0006.uasset" 5748
"/Engine/EngineMaterials/Substrate/GLints/dict_16_192_64_0p5_0p02_0026_0001" 5749
"/Engine/EngineMaterials/Substrate/GLints/dict_16_192_64_0p5_0p02_0025_0013" 5750
"/Engine/EngineMaterials/Substrate/GLints/dict_16_192_64_0p5_0p02_0026_0002" 5751
"/Engine/EngineMaterials/Substrate/GLints/dict_16_192_64_0p5_0p02_0026_0013" 5752
"/Engine/EngineMaterials/Substrate/GLints/dict_16_192_64_0p5_0p02_0026_0012" 5753
"/Engine/EngineMaterials/Substrate/GLints/dict_16_192_64_0p5_0p02_0026_0015" 5754
"/Engine/EngineMaterials/Substrate/GLints/dict_16_192_64_0p5_0p02_0026_0011" 5755
"/Engine/EngineMaterials/Substrate/GLints/dict_16_192_64_0p5_0p02_0026_0008" 5756
"../../../Engine/Content/EngineMaterials/Substrate/GLints/dict_16_192_64_0p5_0p02_0027_0002.uasset" 5757
"/Engine/EngineMaterials/Substrate/GLints/dict_16_192_64_0p5_0p02_0026_0006" 5758
"../../../Engine/Content/EngineMaterials/Substrate/GLints/dict_16_192_64_0p5_0p02_0027_0005.uasset" 5759
"/Engine/EngineMaterials/Substrate/GLints/dict_16_192_64_0p5_0p02_0027_0007" 5760
"../../../Engine/Content/EngineMaterials/Substrate/GLints/dict_16_192_64_0p5_0p02_0027_0003.uasset" 5761
"/Engine/EngineMaterials/Substrate/GLints/dict_16_192_64_0p5_0p02_0027_0006" 5762
"../../../Engine/Content/EngineMaterials/Substrate/GLints/dict_16_192_64_0p5_0p02_0027_0011.uasset" 5763
"/Engine/EngineMaterials/Substrate/GLints/dict_16_192_64_0p5_0p02_0027_0001" 5764
"../../../Engine/Content/EngineMaterials/Substrate/GLints/dict_16_192_64_0p5_0p02_0027_0008.uasset" 5765
"/Engine/EngineMaterials/Substrate/GLints/dict_16_192_64_0p5_0p02_0027_0000" 5766
"/Engine/EngineMaterials/Substrate/GLints/dict_16_192_64_0p5_0p02_0027_0011" 5767
"/Engine/EngineMaterials/Substrate/GLints/dict_16_192_64_0p5_0p02_0027_0008" 5768
"../../../Engine/Content/EngineMaterials/Substrate/GLints/dict_16_192_64_0p5_0p02_0027_0004.uasset" 5769
"../../../Engine/Content/EngineMaterials/Substrate/GLints/dict_16_192_64_0p5_0p02_0027_0010.uasset" 5770
"/Engine/EngineMaterials/Substrate/GLints/dict_16_192_64_0p5_0p02_0027_0005" 5771
"../../../Engine/Content/EngineMaterials/Substrate/GLints/dict_16_192_64_0p5_0p02_0027_0009.uasset" 5772
"/Engine/EngineMaterials/Substrate/GLints/dict_16_192_64_0p5_0p02_0027_0003" 5773
"/Engine/EngineMaterials/Substrate/GLints/dict_16_192_64_0p5_0p02_0027_0002" 5774
"../../../Engine/Content/EngineMaterials/Substrate/GLints/dict_16_192_64_0p5_0p02_0027_0015.uasset" 5775
"/Engine/EngineMaterials/Substrate/GLints/dict_16_192_64_0p5_0p02_0027_0015" 5776
"/Engine/EngineMaterials/Substrate/GLints/dict_16_192_64_0p5_0p02_0027_0010" 5777
"/Engine/EngineMaterials/Substrate/GLints/dict_16_192_64_0p5_0p02_0027_0009" 5778
"../../../Engine/Content/EngineMaterials/Substrate/GLints/dict_16_192_64_0p5_0p02_0028_0005.uasset" 5779
"../../../Engine/Content/EngineMaterials/Substrate/GLints/dict_16_192_64_0p5_0p02_0027_0012.uasset" 5780
"../../../Engine/Content/EngineMaterials/Substrate/GLints/dict_16_192_64_0p5_0p02_0027_0013.uasset" 5781
"/Engine/EngineMaterials/Substrate/GLints/dict_16_192_64_0p5_0p02_0027_0004" 5782
"../../../Engine/Content/EngineMaterials/Substrate/GLints/dict_16_192_64_0p5_0p02_0028_0000.uasset" 5783
"../../../Engine/Content/EngineMaterials/Substrate/GLints/dict_16_192_64_0p5_0p02_0028_0001.uasset" 5784
"/Engine/EngineMaterials/Substrate/GLints/dict_16_192_64_0p5_0p02_0028_0000" 5785
"../../../Engine/Content/EngineMaterials/Substrate/GLints/dict_16_192_64_0p5_0p02_0027_0014.uasset" 5786
"/Engine/EngineMaterials/Substrate/GLints/dict_16_192_64_0p5_0p02_0028_0005" 5787
"/Engine/EngineMaterials/Substrate/GLints/dict_16_192_64_0p5_0p02_0027_0013" 5788
"/Engine/EngineMaterials/Substrate/GLints/dict_16_192_64_0p5_0p02_0027_0012" 5789
"/Engine/EngineMaterials/Substrate/GLints/dict_16_192_64_0p5_0p02_0027_0014" 5790
"/Engine/EngineMaterials/Substrate/GLints/dict_16_192_64_0p5_0p02_0028_0001" 5791
"../../../Engine/Content/EngineMaterials/Substrate/GLints/dict_16_192_64_0p5_0p02_0028_0003.uasset" 5792
"../../../Engine/Content/EngineMaterials/Substrate/GLints/dict_16_192_64_0p5_0p02_0028_0009.uasset" 5793
"../../../Engine/Content/EngineMaterials/Substrate/GLints/dict_16_192_64_0p5_0p02_0028_0002.uasset" 5794
"../../../Engine/Content/EngineMaterials/Substrate/GLints/dict_16_192_64_0p5_0p02_0028_0004.uasset" 5795
"../../../Engine/Content/EngineMaterials/Substrate/GLints/dict_16_192_64_0p5_0p02_0028_0007.uasset" 5796
"../../../Engine/Content/EngineMaterials/Substrate/GLints/dict_16_192_64_0p5_0p02_0028_0011.uasset" 5797
"../../../Engine/Content/EngineMaterials/Substrate/GLints/dict_16_192_64_0p5_0p02_0028_0010.uasset" 5798
"../../../Engine/Content/EngineMaterials/Substrate/GLints/dict_16_192_64_0p5_0p02_0028_0008.uasset" 5799
"../../../Engine/Content/EngineMaterials/Substrate/GLints/dict_16_192_64_0p5_0p02_0028_0013.uasset" 5800
"../../../Engine/Content/EngineMaterials/Substrate/GLints/dict_16_192_64_0p5_0p02_0029_0001.uasset" 5801
"../../../Engine/Content/EngineMaterials/Substrate/GLints/dict_16_192_64_0p5_0p02_0028_0014.uasset" 5802
"../../../Engine/Content/EngineMaterials/Substrate/GLints/dict_16_192_64_0p5_0p02_0028_0006.uasset" 5803
"../../../Engine/Content/EngineMaterials/Substrate/GLints/dict_16_192_64_0p5_0p02_0029_0003.uasset" 5804
"../../../Engine/Content/EngineMaterials/Substrate/GLints/dict_16_192_64_0p5_0p02_0029_0004.uasset" 5805
"../../../Engine/Content/EngineMaterials/Substrate/GLints/dict_16_192_64_0p5_0p02_0028_0012.uasset" 5806
"../../../Engine/Content/EngineMaterials/Substrate/GLints/dict_16_192_64_0p5_0p02_0029_0002.uasset" 5807
"../../../Engine/Content/EngineMaterials/Substrate/GLints/dict_16_192_64_0p5_0p02_0029_0000.uasset" 5808
"../../../Engine/Content/EngineMaterials/Substrate/GLints/dict_16_192_64_0p5_0p02_0028_0015.uasset" 5809
"../../../Engine/Content/EngineMaterials/Substrate/GLints/dict_16_192_64_0p5_0p02_0029_0006.uasset" 5810
"../../../Engine/Content/EngineMaterials/Substrate/GLints/dict_16_192_64_0p5_0p02_0029_0005.uasset" 5811
"../../../Engine/Content/EngineMaterials/Substrate/GLints/dict_16_192_64_0p5_0p02_0029_0007.uasset" 5812
"../../../Engine/Content/EngineMaterials/Substrate/GLints/dict_16_192_64_0p5_0p02_0029_0009.uasset" 5813
"../../../Engine/Content/EngineMaterials/Substrate/GLints/dict_16_192_64_0p5_0p02_0029_0008.uasset" 5814
"../../../Engine/Content/EngineMaterials/Substrate/GLints/dict_16_192_64_0p5_0p02_0029_0011.uasset" 5815
"../../../Engine/Content/EngineMaterials/Substrate/GLints/dict_16_192_64_0p5_0p02_0029_0010.uasset" 5816
"../../../Engine/Content/EngineMaterials/Substrate/GLints/dict_16_192_64_0p5_0p02_0029_0012.uasset" 5817
"../../../Engine/Content/EngineMaterials/Substrate/GLints/dict_16_192_64_0p5_0p02_0029_0013.uasset" 5818
"../../../Engine/Content/EngineMaterials/Substrate/GLints/dict_16_192_64_0p5_0p02_0030_0002.uasset" 5819
"../../../Engine/Content/EngineMaterials/Substrate/GLints/dict_16_192_64_0p5_0p02_0029_0015.uasset" 5820
"../../../Engine/Content/EngineMaterials/Substrate/GLints/dict_16_192_64_0p5_0p02_0030_0001.uasset" 5821
"../../../Engine/Content/EngineMaterials/Substrate/GLints/dict_16_192_64_0p5_0p02_0029_0014.uasset" 5822
"/Engine/EngineMaterials/Substrate/GLints/dict_16_192_64_0p5_0p02_0028_0009" 5823
"/Engine/EngineMaterials/Substrate/GLints/dict_16_192_64_0p5_0p02_0029_0003" 5824
"/Engine/EngineMaterials/Substrate/GLints/dict_16_192_64_0p5_0p02_0029_0002" 5825
"/Engine/EngineMaterials/Substrate/GLints/dict_16_192_64_0p5_0p02_0029_0001" 5826
"/Engine/EngineMaterials/Substrate/GLints/dict_16_192_64_0p5_0p02_0029_0000" 5827
"/Engine/EngineMaterials/Substrate/GLints/dict_16_192_64_0p5_0p02_0028_0008" 5828
"/Engine/EngineMaterials/Substrate/GLints/dict_16_192_64_0p5_0p02_0028_0007" 5829
"../../../Engine/Content/EngineMaterials/Substrate/GLints/dict_16_192_64_0p5_0p02_0030_0000.uasset" 5830
"/Engine/EngineMaterials/Substrate/GLints/dict_16_192_64_0p5_0p02_0028_0015" 5831
"/Engine/EngineMaterials/Substrate/GLints/dict_16_192_64_0p5_0p02_0028_0014" 5832
"/Engine/EngineMaterials/Substrate/GLints/dict_16_192_64_0p5_0p02_0028_0006" 5833
"/Engine/EngineMaterials/Substrate/GLints/dict_16_192_64_0p5_0p02_0029_0015" 5834
"/Engine/EngineMaterials/Substrate/GLints/dict_16_192_64_0p5_0p02_0028_0004" 5835
"/Engine/EngineMaterials/Substrate/GLints/dict_16_192_64_0p5_0p02_0028_0003" 5836
"/Engine/EngineMaterials/Substrate/GLints/dict_16_192_64_0p5_0p02_0029_0012" 5837
"/Engine/EngineMaterials/Substrate/GLints/dict_16_192_64_0p5_0p02_0030_0002" 5838
"/Engine/EngineMaterials/Substrate/GLints/dict_16_192_64_0p5_0p02_0029_0014" 5839
"/Engine/EngineMaterials/Substrate/GLints/dict_16_192_64_0p5_0p02_0028_0002" 5840
"/Engine/EngineMaterials/Substrate/GLints/dict_16_192_64_0p5_0p02_0029_0013" 5841
"/Engine/EngineMaterials/Substrate/GLints/dict_16_192_64_0p5_0p02_0029_0008" 5842
"/Engine/EngineMaterials/Substrate/GLints/dict_16_192_64_0p5_0p02_0030_0001" 5843
"/Engine/EngineMaterials/Substrate/GLints/dict_16_192_64_0p5_0p02_0029_0011" 5844
"/Engine/EngineMaterials/Substrate/GLints/dict_16_192_64_0p5_0p02_0029_0010" 5845
"/Engine/EngineMaterials/Substrate/GLints/dict_16_192_64_0p5_0p02_0029_0007" 5846
"/Engine/EngineMaterials/Substrate/GLints/dict_16_192_64_0p5_0p02_0028_0013" 5847
"/Engine/EngineMaterials/Substrate/GLints/dict_16_192_64_0p5_0p02_0028_0012" 5848
"/Engine/EngineMaterials/Substrate/GLints/dict_16_192_64_0p5_0p02_0029_0006" 5849
"/Engine/EngineMaterials/Substrate/GLints/dict_16_192_64_0p5_0p02_0029_0009" 5850
"/Engine/EngineMaterials/Substrate/GLints/dict_16_192_64_0p5_0p02_0029_0005" 5851
"/Engine/EngineMaterials/Substrate/GLints/dict_16_192_64_0p5_0p02_0029_0004" 5852
"/Engine/EngineMaterials/Substrate/GLints/dict_16_192_64_0p5_0p02_0028_0011" 5853
"/Engine/EngineMaterials/Substrate/GLints/dict_16_192_64_0p5_0p02_0028_0010" 5854
"/Engine/EngineMaterials/Substrate/GLints/dict_16_192_64_0p5_0p02_0030_0000" 5855
"../../../Engine/Content/EngineMaterials/Substrate/GLints/dict_16_192_64_0p5_0p02_0030_0003.uasset" 5856
"../../../Engine/Content/EngineMaterials/Substrate/GLints/dict_16_192_64_0p5_0p02_0030_0004.uasset" 5857
"../../../Engine/Content/EngineMaterials/Substrate/GLints/dict_16_192_64_0p5_0p02_0030_0006.uasset" 5858
"../../../Engine/Content/EngineMaterials/Substrate/GLints/dict_16_192_64_0p5_0p02_0030_0011.uasset" 5859
"../../../Engine/Content/EngineMaterials/Substrate/GLints/dict_16_192_64_0p5_0p02_0030_0005.uasset" 5860
"../../../Engine/Content/EngineMaterials/Substrate/GLints/dict_16_192_64_0p5_0p02_0030_0007.uasset" 5861
"../../../Engine/Content/EngineMaterials/Substrate/GLints/dict_16_192_64_0p5_0p02_0030_0009.uasset" 5862
"../../../Engine/Content/EngineMaterials/Substrate/GLints/dict_16_192_64_0p5_0p02_0030_0010.uasset" 5863
"../../../Engine/Content/EngineMaterials/Substrate/GLints/dict_16_192_64_0p5_0p02_0031_0000.uasset" 5864
"/Engine/EngineMaterials/Substrate/GLints/dict_16_192_64_0p5_0p02_0031_0000" 5865
"../../../Engine/Content/EngineMaterials/Substrate/GLints/dict_16_192_64_0p5_0p02_0030_0012.uasset" 5866
"/Engine/EngineMaterials/Substrate/GLints/dict_16_192_64_0p5_0p02_0030_0011" 5867
"/Engine/EngineMaterials/Substrate/GLints/dict_16_192_64_0p5_0p02_0030_0010" 5868
"/Engine/EngineMaterials/Substrate/GLints/dict_16_192_64_0p5_0p02_0030_0009" 5869
"../../../Engine/Content/EngineMaterials/Substrate/GLints/dict_16_192_64_0p5_0p02_0031_0006.uasset" 5870
"/Engine/EngineMaterials/Substrate/GLints/dict_16_192_64_0p5_0p02_0030_0007" 5871
"/Engine/EngineMaterials/Substrate/GLints/dict_16_192_64_0p5_0p02_0030_0006" 5872
"/Engine/EngineMaterials/Substrate/GLints/dict_16_192_64_0p5_0p02_0030_0005" 5873
"/Engine/EngineMaterials/Substrate/GLints/dict_16_192_64_0p5_0p02_0030_0004" 5874
"../../../Engine/Content/EngineMaterials/Substrate/GLints/dict_16_192_64_0p5_0p02_0030_0008.uasset" 5875
"/Engine/EngineMaterials/Substrate/GLints/dict_16_192_64_0p5_0p02_0030_0003" 5876
"/Engine/EngineMaterials/Substrate/GLints/dict_16_192_64_0p5_0p02_0031_0006" 5877
"../../../Engine/Content/EngineMaterials/Substrate/GLints/dict_16_192_64_0p5_0p02_0031_0003.uasset" 5878
"../../../Engine/Content/EngineMaterials/Substrate/GLints/dict_16_192_64_0p5_0p02_0031_0002.uasset" 5879
"../../../Engine/Content/EngineMaterials/Substrate/GLints/dict_16_192_64_0p5_0p02_0030_0013.uasset" 5880
"/Engine/EngineMaterials/Substrate/GLints/dict_16_192_64_0p5_0p02_0030_0012" 5881
"../../../Engine/Content/EngineMaterials/Substrate/GLints/dict_16_192_64_0p5_0p02_0030_0015.uasset" 5882
"/Engine/EngineMaterials/Substrate/GLints/dict_16_192_64_0p5_0p02_0030_0008" 5883
"../../../Engine/Content/EngineMaterials/Substrate/GLints/dict_16_192_64_0p5_0p02_0031_0004.uasset" 5884
"../../../Engine/Content/EngineMaterials/Substrate/GLints/dict_16_192_64_0p5_0p02_0031_0001.uasset" 5885
"/Engine/EngineMaterials/Substrate/GLints/dict_16_192_64_0p5_0p02_0031_0004" 5886
"/Engine/EngineMaterials/Substrate/GLints/dict_16_192_64_0p5_0p02_0031_0003" 5887
"/Engine/EngineMaterials/Substrate/GLints/dict_16_192_64_0p5_0p02_0031_0002" 5888
"/Engine/EngineMaterials/Substrate/GLints/dict_16_192_64_0p5_0p02_0031_0001" 5889
"../../../Engine/Content/EngineMaterials/Substrate/GLints/dict_16_192_64_0p5_0p02_0031_0007.uasset" 5890
"/Engine/EngineMaterials/Substrate/GLints/dict_16_192_64_0p5_0p02_0030_0015" 5891
"/Engine/EngineMaterials/Substrate/GLints/dict_16_192_64_0p5_0p02_0030_0013" 5892
"/Engine/EngineMaterials/Substrate/GLints/dict_16_192_64_0p5_0p02_0031_0007" 5893
"../../../Engine/Content/EngineMaterials/Substrate/GLints/dict_16_192_64_0p5_0p02_0031_0014.uasset" 5894
"/Engine/EngineMaterials/Substrate/GLints/dict_16_192_64_0p5_0p02_0031_0014" 5895
"../../../Engine/Content/EngineMaterials/Substrate/GLints/dict_16_192_64_0p5_0p02_0030_0014.uasset" 5896
"../../../Engine/Content/EngineMaterials/Substrate/GLints/dict_16_192_64_0p5_0p02_0031_0009.uasset" 5897
"../../../Engine/Content/EngineMaterials/Substrate/GLints/dict_16_192_64_0p5_0p02_0031_0005.uasset" 5898
"../../../Engine/Content/EngineMaterials/Substrate/GLints/dict_16_192_64_0p5_0p02_0031_0010.uasset" 5899
"../../../Engine/Content/EngineMaterials/Substrate/GLints/dict_16_192_64_0p5_0p02_0031_0011.uasset" 5900
"../../../Engine/Content/EngineMaterials/Substrate/GLints/dict_16_192_64_0p5_0p02_0031_0015.uasset" 5901
"../../../Engine/Content/EngineMaterials/Substrate/GLints/dict_16_192_64_0p5_0p02_0032_0003.uasset" 5902
"../../../Engine/Content/EngineMaterials/Substrate/GLints/dict_16_192_64_0p5_0p02_0031_0012.uasset" 5903
"../../../Engine/Content/EngineMaterials/Substrate/GLints/dict_16_192_64_0p5_0p02_0031_0008.uasset" 5904
"../../../Engine/Content/EngineMaterials/Substrate/GLints/dict_16_192_64_0p5_0p02_0032_0002.uasset" 5905
"../../../Engine/Content/EngineMaterials/Substrate/GLints/dict_16_192_64_0p5_0p02_0032_0000.uasset" 5906
"../../../Engine/Content/EngineMaterials/Substrate/GLints/dict_16_192_64_0p5_0p02_0031_0013.uasset" 5907
"../../../Engine/Content/EngineMaterials/Substrate/GLints/dict_16_192_64_0p5_0p02_0032_0011.uasset" 5908
"../../../Engine/Content/EngineMaterials/Substrate/GLints/dict_16_192_64_0p5_0p02_0032_0006.uasset" 5909
"../../../Engine/Content/EngineMaterials/Substrate/GLints/dict_16_192_64_0p5_0p02_0032_0007.uasset" 5910
"../../../Engine/Content/EngineMaterials/Substrate/GLints/dict_16_192_64_0p5_0p02_0032_0014.uasset" 5911
"../../../Engine/Content/EngineMaterials/Substrate/GLints/dict_16_192_64_0p5_0p02_0032_0001.uasset" 5912
"../../../Engine/Content/EngineMaterials/Substrate/GLints/dict_16_192_64_0p5_0p02_0032_0004.uasset" 5913
"../../../Engine/Content/EngineMaterials/Substrate/GLints/dict_16_192_64_0p5_0p02_0032_0005.uasset" 5914
"../../../Engine/Content/EngineMaterials/Substrate/GLints/dict_16_192_64_0p5_0p02_0033_0003.uasset" 5915
"../../../Engine/Content/EngineMaterials/Substrate/GLints/dict_16_192_64_0p5_0p02_0033_0005.uasset" 5916
"../../../Engine/Content/EngineMaterials/Substrate/GLints/dict_16_192_64_0p5_0p02_0032_0008.uasset" 5917
"../../../Engine/Content/EngineMaterials/Substrate/GLints/dict_16_192_64_0p5_0p02_0032_0015.uasset" 5918
"../../../Engine/Content/EngineMaterials/Substrate/GLints/dict_16_192_64_0p5_0p02_0032_0009.uasset" 5919
"../../../Engine/Content/EngineMaterials/Substrate/GLints/dict_16_192_64_0p5_0p02_0032_0013.uasset" 5920
"../../../Engine/Content/EngineMaterials/Substrate/GLints/dict_16_192_64_0p5_0p02_0032_0012.uasset" 5921
"../../../Engine/Content/EngineMaterials/Substrate/GLints/dict_16_192_64_0p5_0p02_0033_0001.uasset" 5922
"../../../Engine/Content/EngineMaterials/Substrate/GLints/dict_16_192_64_0p5_0p02_0033_0000.uasset" 5923
"../../../Engine/Content/EngineMaterials/Substrate/GLints/dict_16_192_64_0p5_0p02_0032_0010.uasset" 5924
"../../../Engine/Content/EngineMaterials/Substrate/GLints/dict_16_192_64_0p5_0p02_0033_0004.uasset" 5925
"../../../Engine/Content/EngineMaterials/Substrate/GLints/dict_16_192_64_0p5_0p02_0033_0006.uasset" 5926
"../../../Engine/Content/EngineMaterials/Substrate/GLints/dict_16_192_64_0p5_0p02_0033_0002.uasset" 5927
"/Engine/EngineMaterials/Substrate/GLints/dict_16_192_64_0p5_0p02_0032_0001" 5928
"/Engine/EngineMaterials/Substrate/GLints/dict_16_192_64_0p5_0p02_0032_0000" 5929
"/Engine/EngineMaterials/Substrate/GLints/dict_16_192_64_0p5_0p02_0031_0015" 5930
"/Engine/EngineMaterials/Substrate/GLints/dict_16_192_64_0p5_0p02_0033_0006" 5931
"/Engine/EngineMaterials/Substrate/GLints/dict_16_192_64_0p5_0p02_0031_0013" 5932
"/Engine/EngineMaterials/Substrate/GLints/dict_16_192_64_0p5_0p02_0031_0012" 5933
"/Engine/EngineMaterials/Substrate/GLints/dict_16_192_64_0p5_0p02_0031_0011" 5934
"/Engine/EngineMaterials/Substrate/GLints/dict_16_192_64_0p5_0p02_0031_0010" 5935
"/Engine/EngineMaterials/Substrate/GLints/dict_16_192_64_0p5_0p02_0032_0002" 5936
"/Engine/EngineMaterials/Substrate/GLints/dict_16_192_64_0p5_0p02_0031_0009" 5937
"/Engine/EngineMaterials/Substrate/GLints/dict_16_192_64_0p5_0p02_0031_0008" 5938
"/Engine/EngineMaterials/Substrate/GLints/dict_16_192_64_0p5_0p02_0033_0005" 5939
"/Engine/EngineMaterials/Substrate/GLints/dict_16_192_64_0p5_0p02_0032_0014" 5940
"/Engine/EngineMaterials/Substrate/GLints/dict_16_192_64_0p5_0p02_0031_0005" 5941
"/Engine/EngineMaterials/Substrate/GLints/dict_16_192_64_0p5_0p02_0033_0004" 5942
"/Engine/EngineMaterials/Substrate/GLints/dict_16_192_64_0p5_0p02_0033_0003" 5943
"/Engine/EngineMaterials/Substrate/GLints/dict_16_192_64_0p5_0p02_0033_0002" 5944
"/Engine/EngineMaterials/Substrate/GLints/dict_16_192_64_0p5_0p02_0033_0001" 5945
"/Engine/EngineMaterials/Substrate/GLints/dict_16_192_64_0p5_0p02_0032_0011" 5946
"/Engine/EngineMaterials/Substrate/GLints/dict_16_192_64_0p5_0p02_0033_0000" 5947
"/Engine/EngineMaterials/Substrate/GLints/dict_16_192_64_0p5_0p02_0030_0014" 5948
"/Engine/EngineMaterials/Substrate/GLints/dict_16_192_64_0p5_0p02_0032_0015" 5949
"/Engine/EngineMaterials/Substrate/GLints/dict_16_192_64_0p5_0p02_0032_0013" 5950
"/Engine/EngineMaterials/Substrate/GLints/dict_16_192_64_0p5_0p02_0032_0010" 5951
"/Engine/EngineMaterials/Substrate/GLints/dict_16_192_64_0p5_0p02_0032_0009" 5952
"/Engine/EngineMaterials/Substrate/GLints/dict_16_192_64_0p5_0p02_0032_0008" 5953
"/Engine/EngineMaterials/Substrate/GLints/dict_16_192_64_0p5_0p02_0032_0012" 5954
"/Engine/EngineMaterials/Substrate/GLints/dict_16_192_64_0p5_0p02_0032_0007" 5955
"/Engine/EngineMaterials/Substrate/GLints/dict_16_192_64_0p5_0p02_0032_0006" 5956
"/Engine/EngineMaterials/Substrate/GLints/dict_16_192_64_0p5_0p02_0032_0005" 5957
"/Engine/EngineMaterials/Substrate/GLints/dict_16_192_64_0p5_0p02_0032_0004" 5958
"/Engine/EngineMaterials/Substrate/GLints/dict_16_192_64_0p5_0p02_0032_0003" 5959
"../../../Engine/Content/EngineMaterials/Substrate/GLints/dict_16_192_64_0p5_0p02_0034_0009.uasset" 5960
"../../../Engine/Content/EngineMaterials/Substrate/GLints/dict_16_192_64_0p5_0p02_0033_0013.uasset" 5961
"../../../Engine/Content/EngineMaterials/Substrate/GLints/dict_16_192_64_0p5_0p02_0034_0011.uasset" 5962
"../../../Engine/Content/EngineMaterials/Substrate/GLints/dict_16_192_64_0p5_0p02_0033_0008.uasset" 5963
"../../../Engine/Content/EngineMaterials/Substrate/GLints/dict_16_192_64_0p5_0p02_0034_0001.uasset" 5964
"../../../Engine/Content/EngineMaterials/Substrate/GLints/dict_16_192_64_0p5_0p02_0033_0014.uasset" 5965
"../../../Engine/Content/EngineMaterials/Substrate/GLints/dict_16_192_64_0p5_0p02_0034_0004.uasset" 5966
"../../../Engine/Content/EngineMaterials/Substrate/GLints/dict_16_192_64_0p5_0p02_0033_0010.uasset" 5967
"../../../Engine/Content/EngineMaterials/Substrate/GLints/dict_16_192_64_0p5_0p02_0033_0009.uasset" 5968
"../../../Engine/Content/EngineMaterials/Substrate/GLints/dict_16_192_64_0p5_0p02_0034_0005.uasset" 5969
"../../../Engine/Content/EngineMaterials/Substrate/GLints/dict_16_192_64_0p5_0p02_0033_0012.uasset" 5970
"../../../Engine/Content/EngineMaterials/Substrate/GLints/dict_16_192_64_0p5_0p02_0033_0007.uasset" 5971
"../../../Engine/Content/EngineMaterials/Substrate/GLints/dict_16_192_64_0p5_0p02_0034_0006.uasset" 5972
"../../../Engine/Content/EngineMaterials/Substrate/GLints/dict_16_192_64_0p5_0p02_0034_0003.uasset" 5973
"../../../Engine/Content/EngineMaterials/Substrate/GLints/dict_16_192_64_0p5_0p02_0034_0007.uasset" 5974
"../../../Engine/Content/EngineMaterials/Substrate/GLints/dict_16_192_64_0p5_0p02_0034_0002.uasset" 5975
"../../../Engine/Content/EngineMaterials/Substrate/GLints/dict_16_192_64_0p5_0p02_0034_0000.uasset" 5976
"../../../Engine/Content/EngineMaterials/Substrate/GLints/dict_16_192_64_0p5_0p02_0033_0011.uasset" 5977
"../../../Engine/Content/EngineMaterials/Substrate/GLints/dict_16_192_64_0p5_0p02_0034_0014.uasset" 5978
"../../../Engine/Content/EngineMaterials/Substrate/GLints/dict_16_192_64_0p5_0p02_0034_0008.uasset" 5979
"../../../Engine/Content/EngineMaterials/Substrate/GLints/dict_16_192_64_0p5_0p02_0035_0003.uasset" 5980
"../../../Engine/Content/EngineMaterials/Substrate/GLints/dict_16_192_64_0p5_0p02_0033_0015.uasset" 5981
"../../../Engine/Content/EngineMaterials/Substrate/GLints/dict_16_192_64_0p5_0p02_0034_0010.uasset" 5982
"../../../Engine/Content/EngineMaterials/Substrate/GLints/dict_16_192_64_0p5_0p02_0035_0001.uasset" 5983
"../../../Engine/Content/EngineMaterials/Substrate/GLints/dict_16_192_64_0p5_0p02_0035_0002.uasset" 5984
"../../../Engine/Content/EngineMaterials/Substrate/GLints/dict_16_192_64_0p5_0p02_0034_0012.uasset" 5985
"../../../Engine/Content/EngineMaterials/Substrate/GLints/dict_16_192_64_0p5_0p02_0034_0015.uasset" 5986
"../../../Engine/Content/EngineMaterials/Substrate/GLints/dict_16_192_64_0p5_0p02_0035_0005.uasset" 5987
"../../../Engine/Content/EngineMaterials/Substrate/GLints/dict_16_192_64_0p5_0p02_0035_0000.uasset" 5988
"../../../Engine/Content/EngineMaterials/Substrate/GLints/dict_16_192_64_0p5_0p02_0035_0004.uasset" 5989
"../../../Engine/Content/EngineMaterials/Substrate/GLints/dict_16_192_64_0p5_0p02_0035_0006.uasset" 5990
"../../../Engine/Content/EngineMaterials/Substrate/GLints/dict_16_192_64_0p5_0p02_0034_0013.uasset" 5991
"/Engine/EngineMaterials/Substrate/GLints/dict_16_192_64_0p5_0p02_0035_0006" 5992
"/Engine/EngineMaterials/Substrate/GLints/dict_16_192_64_0p5_0p02_0035_0005" 5993
"/Engine/EngineMaterials/Substrate/GLints/dict_16_192_64_0p5_0p02_0035_0004" 5994
"/Engine/EngineMaterials/Substrate/GLints/dict_16_192_64_0p5_0p02_0035_0003" 5995
"/Engine/EngineMaterials/Substrate/GLints/dict_16_192_64_0p5_0p02_0035_0002" 5996
"/Engine/EngineMaterials/Substrate/GLints/dict_16_192_64_0p5_0p02_0035_0001" 5997
"/Engine/EngineMaterials/Substrate/GLints/dict_16_192_64_0p5_0p02_0035_0000" 5998
"/Engine/EngineMaterials/Substrate/GLints/dict_16_192_64_0p5_0p02_0034_0015" 5999
"/Engine/EngineMaterials/Substrate/GLints/dict_16_192_64_0p5_0p02_0034_0014" 6000
"/Engine/EngineMaterials/Substrate/GLints/dict_16_192_64_0p5_0p02_0034_0013" 6001
"/Engine/EngineMaterials/Substrate/GLints/dict_16_192_64_0p5_0p02_0034_0012" 6002
"/Engine/EngineMaterials/Substrate/GLints/dict_16_192_64_0p5_0p02_0034_0011" 6003
"/Engine/EngineMaterials/Substrate/GLints/dict_16_192_64_0p5_0p02_0034_0010" 6004
"/Engine/EngineMaterials/Substrate/GLints/dict_16_192_64_0p5_0p02_0034_0009" 6005
"/Engine/EngineMaterials/Substrate/GLints/dict_16_192_64_0p5_0p02_0034_0008" 6006
"/Engine/EngineMaterials/Substrate/GLints/dict_16_192_64_0p5_0p02_0034_0007" 6007
"/Engine/EngineMaterials/Substrate/GLints/dict_16_192_64_0p5_0p02_0034_0006" 6008
"/Engine/EngineMaterials/Substrate/GLints/dict_16_192_64_0p5_0p02_0034_0005" 6009
"/Engine/EngineMaterials/Substrate/GLints/dict_16_192_64_0p5_0p02_0034_0004" 6010
"/Engine/EngineMaterials/Substrate/GLints/dict_16_192_64_0p5_0p02_0034_0003" 6011
"/Engine/EngineMaterials/Substrate/GLints/dict_16_192_64_0p5_0p02_0034_0002" 6012
"/Engine/EngineMaterials/Substrate/GLints/dict_16_192_64_0p5_0p02_0034_0001" 6013
"/Engine/EngineMaterials/Substrate/GLints/dict_16_192_64_0p5_0p02_0034_0000" 6014
"/Engine/EngineMaterials/Substrate/GLints/dict_16_192_64_0p5_0p02_0033_0015" 6015
"/Engine/EngineMaterials/Substrate/GLints/dict_16_192_64_0p5_0p02_0033_0014" 6016
"/Engine/EngineMaterials/Substrate/GLints/dict_16_192_64_0p5_0p02_0033_0013" 6017
"/Engine/EngineMaterials/Substrate/GLints/dict_16_192_64_0p5_0p02_0033_0012" 6018
"/Engine/EngineMaterials/Substrate/GLints/dict_16_192_64_0p5_0p02_0033_0011" 6019
"/Engine/EngineMaterials/Substrate/GLints/dict_16_192_64_0p5_0p02_0033_0010" 6020
"/Engine/EngineMaterials/Substrate/GLints/dict_16_192_64_0p5_0p02_0033_0009" 6021
"/Engine/EngineMaterials/Substrate/GLints/dict_16_192_64_0p5_0p02_0033_0008" 6022
"/Engine/EngineMaterials/Substrate/GLints/dict_16_192_64_0p5_0p02_0033_0007" 6023
"../../../Engine/Content/EngineMaterials/Substrate/GLints/dict_16_192_64_0p5_0p02_0035_0007.uasset" 6024
"../../../Engine/Content/EngineMaterials/Substrate/GLints/dict_16_192_64_0p5_0p02_0036_0003.uasset" 6025
"../../../Engine/Content/EngineMaterials/Substrate/GLints/dict_16_192_64_0p5_0p02_0036_0007.uasset" 6026
"../../../Engine/Content/EngineMaterials/Substrate/GLints/dict_16_192_64_0p5_0p02_0035_0010.uasset" 6027
"../../../Engine/Content/EngineMaterials/Substrate/GLints/dict_16_192_64_0p5_0p02_0035_0012.uasset" 6028
"../../../Engine/Content/EngineMaterials/Substrate/GLints/dict_16_192_64_0p5_0p02_0035_0015.uasset" 6029
"../../../Engine/Content/EngineMaterials/Substrate/GLints/dict_16_192_64_0p5_0p02_0035_0013.uasset" 6030
"../../../Engine/Content/EngineMaterials/Substrate/GLints/dict_16_192_64_0p5_0p02_0035_0009.uasset" 6031
"../../../Engine/Content/EngineMaterials/Substrate/GLints/dict_16_192_64_0p5_0p02_0036_0001.uasset" 6032
"../../../Engine/Content/EngineMaterials/Substrate/GLints/dict_16_192_64_0p5_0p02_0035_0014.uasset" 6033
"../../../Engine/Content/EngineMaterials/Substrate/GLints/dict_16_192_64_0p5_0p02_0036_0008.uasset" 6034
"../../../Engine/Content/EngineMaterials/Substrate/GLints/dict_16_192_64_0p5_0p02_0036_0002.uasset" 6035
"../../../Engine/Content/EngineMaterials/Substrate/GLints/dict_16_192_64_0p5_0p02_0036_0000.uasset" 6036
"../../../Engine/Content/EngineMaterials/Substrate/GLints/dict_16_192_64_0p5_0p02_0036_0012.uasset" 6037
"../../../Engine/Content/EngineMaterials/Substrate/GLints/dict_16_192_64_0p5_0p02_0036_0006.uasset" 6038
"../../../Engine/Content/EngineMaterials/Substrate/GLints/dict_16_192_64_0p5_0p02_0036_0005.uasset" 6039
"../../../Engine/Content/EngineMaterials/Substrate/GLints/dict_16_192_64_0p5_0p02_0035_0011.uasset" 6040
"../../../Engine/Content/EngineMaterials/Substrate/GLints/dict_16_192_64_0p5_0p02_0036_0015.uasset" 6041
"../../../Engine/Content/EngineMaterials/Substrate/GLints/dict_16_192_64_0p5_0p02_0036_0004.uasset" 6042
"../../../Engine/Content/EngineMaterials/Substrate/GLints/dict_16_192_64_0p5_0p02_0035_0008.uasset" 6043
"../../../Engine/Content/EngineMaterials/Substrate/GLints/dict_16_192_64_0p5_0p02_0036_0010.uasset" 6044
"../../../Engine/Content/EngineMaterials/Substrate/GLints/dict_16_192_64_0p5_0p02_0036_0009.uasset" 6045
"../../../Engine/Content/EngineMaterials/Substrate/GLints/dict_16_192_64_0p5_0p02_0036_0014.uasset" 6046
"../../../Engine/Content/EngineMaterials/Substrate/GLints/dict_16_192_64_0p5_0p02_0036_0013.uasset" 6047
"../../../Engine/Content/EngineMaterials/Substrate/GLints/dict_16_192_64_0p5_0p02_0037_0000.uasset" 6048
"../../../Engine/Content/EngineMaterials/Substrate/GLints/dict_16_192_64_0p5_0p02_0037_0001.uasset" 6049
"../../../Engine/Content/EngineMaterials/Substrate/GLints/dict_16_192_64_0p5_0p02_0037_0003.uasset" 6050
"../../../Engine/Content/EngineMaterials/Substrate/GLints/dict_16_192_64_0p5_0p02_0037_0002.uasset" 6051
"../../../Engine/Content/EngineMaterials/Substrate/GLints/dict_16_192_64_0p5_0p02_0036_0011.uasset" 6052
"../../../Engine/Content/EngineMaterials/Substrate/GLints/dict_16_192_64_0p5_0p02_0037_0006.uasset" 6053
"../../../Engine/Content/EngineMaterials/Substrate/GLints/dict_16_192_64_0p5_0p02_0037_0004.uasset" 6054
"../../../Engine/Content/EngineMaterials/Substrate/GLints/dict_16_192_64_0p5_0p02_0037_0005.uasset" 6055
"/Engine/EngineMaterials/Substrate/GLints/dict_16_192_64_0p5_0p02_0037_0006" 6056
"/Engine/EngineMaterials/Substrate/GLints/dict_16_192_64_0p5_0p02_0037_0005" 6057
"/Engine/EngineMaterials/Substrate/GLints/dict_16_192_64_0p5_0p02_0037_0004" 6058
"/Engine/EngineMaterials/Substrate/GLints/dict_16_192_64_0p5_0p02_0037_0003" 6059
"/Engine/EngineMaterials/Substrate/GLints/dict_16_192_64_0p5_0p02_0037_0002" 6060
"/Engine/EngineMaterials/Substrate/GLints/dict_16_192_64_0p5_0p02_0037_0001" 6061
"/Engine/EngineMaterials/Substrate/GLints/dict_16_192_64_0p5_0p02_0037_0000" 6062
"/Engine/EngineMaterials/Substrate/GLints/dict_16_192_64_0p5_0p02_0036_0015" 6063
"/Engine/EngineMaterials/Substrate/GLints/dict_16_192_64_0p5_0p02_0036_0014" 6064
"/Engine/EngineMaterials/Substrate/GLints/dict_16_192_64_0p5_0p02_0036_0013" 6065
"/Engine/EngineMaterials/Substrate/GLints/dict_16_192_64_0p5_0p02_0036_0012" 6066
"/Engine/EngineMaterials/Substrate/GLints/dict_16_192_64_0p5_0p02_0036_0011" 6067
"/Engine/EngineMaterials/Substrate/GLints/dict_16_192_64_0p5_0p02_0036_0010" 6068
"/Engine/EngineMaterials/Substrate/GLints/dict_16_192_64_0p5_0p02_0036_0009" 6069
"/Engine/EngineMaterials/Substrate/GLints/dict_16_192_64_0p5_0p02_0036_0008" 6070
"/Engine/EngineMaterials/Substrate/GLints/dict_16_192_64_0p5_0p02_0036_0007" 6071
"/Engine/EngineMaterials/Substrate/GLints/dict_16_192_64_0p5_0p02_0036_0006" 6072
"/Engine/EngineMaterials/Substrate/GLints/dict_16_192_64_0p5_0p02_0036_0005" 6073
"/Engine/EngineMaterials/Substrate/GLints/dict_16_192_64_0p5_0p02_0036_0004" 6074
"/Engine/EngineMaterials/Substrate/GLints/dict_16_192_64_0p5_0p02_0036_0003" 6075
"/Engine/EngineMaterials/Substrate/GLints/dict_16_192_64_0p5_0p02_0036_0002" 6076
"/Engine/EngineMaterials/Substrate/GLints/dict_16_192_64_0p5_0p02_0036_0001" 6077
"/Engine/EngineMaterials/Substrate/GLints/dict_16_192_64_0p5_0p02_0036_0000" 6078
"/Engine/EngineMaterials/Substrate/GLints/dict_16_192_64_0p5_0p02_0035_0015" 6079
"/Engine/EngineMaterials/Substrate/GLints/dict_16_192_64_0p5_0p02_0035_0014" 6080
"/Engine/EngineMaterials/Substrate/GLints/dict_16_192_64_0p5_0p02_0035_0013" 6081
"/Engine/EngineMaterials/Substrate/GLints/dict_16_192_64_0p5_0p02_0035_0012" 6082
"/Engine/EngineMaterials/Substrate/GLints/dict_16_192_64_0p5_0p02_0035_0011" 6083
"/Engine/EngineMaterials/Substrate/GLints/dict_16_192_64_0p5_0p02_0035_0010" 6084
"/Engine/EngineMaterials/Substrate/GLints/dict_16_192_64_0p5_0p02_0035_0009" 6085
"/Engine/EngineMaterials/Substrate/GLints/dict_16_192_64_0p5_0p02_0035_0008" 6086
"/Engine/EngineMaterials/Substrate/GLints/dict_16_192_64_0p5_0p02_0035_0007" 6087
"../../../Engine/Content/EngineMaterials/Substrate/GLints/dict_16_192_64_0p5_0p02_0037_0015.uasset" 6088
"../../../Engine/Content/EngineMaterials/Substrate/GLints/dict_16_192_64_0p5_0p02_0037_0007.uasset" 6089
"../../../Engine/Content/EngineMaterials/Substrate/GLints/dict_16_192_64_0p5_0p02_0037_0009.uasset" 6090
"../../../Engine/Content/EngineMaterials/Substrate/GLints/dict_16_192_64_0p5_0p02_0037_0014.uasset" 6091
"../../../Engine/Content/EngineMaterials/Substrate/GLints/dict_16_192_64_0p5_0p02_0038_0004.uasset" 6092
"../../../Engine/Content/EngineMaterials/Substrate/GLints/dict_16_192_64_0p5_0p02_0038_0003.uasset" 6093
"../../../Engine/Content/EngineMaterials/Substrate/GLints/dict_16_192_64_0p5_0p02_0037_0010.uasset" 6094
"../../../Engine/Content/EngineMaterials/Substrate/GLints/dict_16_192_64_0p5_0p02_0038_0000.uasset" 6095
"../../../Engine/Content/EngineMaterials/Substrate/GLints/dict_16_192_64_0p5_0p02_0037_0008.uasset" 6096
"../../../Engine/Content/EngineMaterials/Substrate/GLints/dict_16_192_64_0p5_0p02_0038_0008.uasset" 6097
"../../../Engine/Content/EngineMaterials/Substrate/GLints/dict_16_192_64_0p5_0p02_0038_0006.uasset" 6098
"../../../Engine/Content/EngineMaterials/Substrate/GLints/dict_16_192_64_0p5_0p02_0038_0002.uasset" 6099
"../../../Engine/Content/EngineMaterials/Substrate/GLints/dict_16_192_64_0p5_0p02_0037_0011.uasset" 6100
"../../../Engine/Content/EngineMaterials/Substrate/GLints/dict_16_192_64_0p5_0p02_0038_0007.uasset" 6101
"../../../Engine/Content/EngineMaterials/Substrate/GLints/dict_16_192_64_0p5_0p02_0038_0001.uasset" 6102
"../../../Engine/Content/EngineMaterials/Substrate/GLints/dict_16_192_64_0p5_0p02_0037_0013.uasset" 6103
"../../../Engine/Content/EngineMaterials/Substrate/GLints/dict_16_192_64_0p5_0p02_0037_0012.uasset" 6104
"../../../Engine/Content/EngineMaterials/Substrate/GLints/dict_16_192_64_0p5_0p02_0038_0005.uasset" 6105
"../../../Engine/Content/EngineMaterials/Substrate/GLints/dict_16_192_64_0p5_0p02_0039_0001.uasset" 6106
"../../../Engine/Content/EngineMaterials/Substrate/GLints/dict_16_192_64_0p5_0p02_0038_0010.uasset" 6107
"../../../Engine/Content/EngineMaterials/Substrate/GLints/dict_16_192_64_0p5_0p02_0038_0011.uasset" 6108
"../../../Engine/Content/EngineMaterials/Substrate/GLints/dict_16_192_64_0p5_0p02_0038_0012.uasset" 6109
"../../../Engine/Content/EngineMaterials/Substrate/GLints/dict_16_192_64_0p5_0p02_0038_0009.uasset" 6110
"../../../Engine/Content/EngineMaterials/Substrate/GLints/dict_16_192_64_0p5_0p02_0038_0013.uasset" 6111
"../../../Engine/Content/EngineMaterials/Substrate/GLints/dict_16_192_64_0p5_0p02_0039_0000.uasset" 6112
"../../../Engine/Content/EngineMaterials/Substrate/GLints/dict_16_192_64_0p5_0p02_0039_0002.uasset" 6113
"../../../Engine/Content/EngineMaterials/Substrate/GLints/dict_16_192_64_0p5_0p02_0038_0014.uasset" 6114
"../../../Engine/Content/EngineMaterials/Substrate/GLints/dict_16_192_64_0p5_0p02_0039_0004.uasset" 6115
"../../../Engine/Content/EngineMaterials/Substrate/GLints/dict_16_192_64_0p5_0p02_0039_0005.uasset" 6116
"../../../Engine/Content/EngineMaterials/Substrate/GLints/dict_16_192_64_0p5_0p02_0038_0015.uasset" 6117
"../../../Engine/Content/EngineMaterials/Substrate/GLints/dict_16_192_64_0p5_0p02_0039_0006.uasset" 6118
"../../../Engine/Content/EngineMaterials/Substrate/GLints/dict_16_192_64_0p5_0p02_0039_0003.uasset" 6119
"/Engine/EngineMaterials/Substrate/GLints/dict_16_192_64_0p5_0p02_0039_0006" 6120
"/Engine/EngineMaterials/Substrate/GLints/dict_16_192_64_0p5_0p02_0039_0005" 6121
"/Engine/EngineMaterials/Substrate/GLints/dict_16_192_64_0p5_0p02_0039_0004" 6122
"/Engine/EngineMaterials/Substrate/GLints/dict_16_192_64_0p5_0p02_0039_0003" 6123
"/Engine/EngineMaterials/Substrate/GLints/dict_16_192_64_0p5_0p02_0039_0002" 6124
"/Engine/EngineMaterials/Substrate/GLints/dict_16_192_64_0p5_0p02_0039_0001" 6125
"/Engine/EngineMaterials/Substrate/GLints/dict_16_192_64_0p5_0p02_0039_0000" 6126
"/Engine/EngineMaterials/Substrate/GLints/dict_16_192_64_0p5_0p02_0038_0015" 6127
"/Engine/EngineMaterials/Substrate/GLints/dict_16_192_64_0p5_0p02_0038_0014" 6128
"/Engine/EngineMaterials/Substrate/GLints/dict_16_192_64_0p5_0p02_0038_0013" 6129
"/Engine/EngineMaterials/Substrate/GLints/dict_16_192_64_0p5_0p02_0038_0012" 6130
"/Engine/EngineMaterials/Substrate/GLints/dict_16_192_64_0p5_0p02_0038_0011" 6131
"/Engine/EngineMaterials/Substrate/GLints/dict_16_192_64_0p5_0p02_0038_0010" 6132
"/Engine/EngineMaterials/Substrate/GLints/dict_16_192_64_0p5_0p02_0038_0009" 6133
"/Engine/EngineMaterials/Substrate/GLints/dict_16_192_64_0p5_0p02_0038_0008" 6134
"/Engine/EngineMaterials/Substrate/GLints/dict_16_192_64_0p5_0p02_0038_0007" 6135
"/Engine/EngineMaterials/Substrate/GLints/dict_16_192_64_0p5_0p02_0038_0006" 6136
"/Engine/EngineMaterials/Substrate/GLints/dict_16_192_64_0p5_0p02_0038_0005" 6137
"/Engine/EngineMaterials/Substrate/GLints/dict_16_192_64_0p5_0p02_0038_0004" 6138
"/Engine/EngineMaterials/Substrate/GLints/dict_16_192_64_0p5_0p02_0038_0003" 6139
"/Engine/EngineMaterials/Substrate/GLints/dict_16_192_64_0p5_0p02_0038_0002" 6140
"/Engine/EngineMaterials/Substrate/GLints/dict_16_192_64_0p5_0p02_0038_0001" 6141
"/Engine/EngineMaterials/Substrate/GLints/dict_16_192_64_0p5_0p02_0038_0000" 6142
"/Engine/EngineMaterials/Substrate/GLints/dict_16_192_64_0p5_0p02_0037_0015" 6143
"/Engine/EngineMaterials/Substrate/GLints/dict_16_192_64_0p5_0p02_0037_0014" 6144
"/Engine/EngineMaterials/Substrate/GLints/dict_16_192_64_0p5_0p02_0037_0013" 6145
"/Engine/EngineMaterials/Substrate/GLints/dict_16_192_64_0p5_0p02_0037_0012" 6146
"/Engine/EngineMaterials/Substrate/GLints/dict_16_192_64_0p5_0p02_0037_0011" 6147
"/Engine/EngineMaterials/Substrate/GLints/dict_16_192_64_0p5_0p02_0037_0010" 6148
"/Engine/EngineMaterials/Substrate/GLints/dict_16_192_64_0p5_0p02_0037_0009" 6149
"/Engine/EngineMaterials/Substrate/GLints/dict_16_192_64_0p5_0p02_0037_0008" 6150
"/Engine/EngineMaterials/Substrate/GLints/dict_16_192_64_0p5_0p02_0037_0007" 6151
"../../../Engine/Content/EngineMaterials/Substrate/GLints/dict_16_192_64_0p5_0p02_0039_0009.uasset" 6152
"../../../Engine/Content/EngineMaterials/Substrate/GLints/dict_16_192_64_0p5_0p02_0040_0003.uasset" 6153
"../../../Engine/Content/EngineMaterials/Substrate/GLints/dict_16_192_64_0p5_0p02_0039_0011.uasset" 6154
"../../../Engine/Content/EngineMaterials/Substrate/GLints/dict_16_192_64_0p5_0p02_0040_0007.uasset" 6155
"../../../Engine/Content/EngineMaterials/Substrate/GLints/dict_16_192_64_0p5_0p02_0039_0014.uasset" 6156
"../../../Engine/Content/EngineMaterials/Substrate/GLints/dict_16_192_64_0p5_0p02_0039_0007.uasset" 6157
"../../../Engine/Content/EngineMaterials/Substrate/GLints/dict_16_192_64_0p5_0p02_0039_0008.uasset" 6158
"../../../Engine/Content/EngineMaterials/Substrate/GLints/dict_16_192_64_0p5_0p02_0040_0002.uasset" 6159
"../../../Engine/Content/EngineMaterials/Substrate/GLints/dict_16_192_64_0p5_0p02_0040_0001.uasset" 6160
"../../../Engine/Content/EngineMaterials/Substrate/GLints/dict_16_192_64_0p5_0p02_0040_0004.uasset" 6161
"../../../Engine/Content/EngineMaterials/Substrate/GLints/dict_16_192_64_0p5_0p02_0040_0000.uasset" 6162
"../../../Engine/Content/EngineMaterials/Substrate/GLints/dict_16_192_64_0p5_0p02_0040_0008.uasset" 6163
"../../../Engine/Content/EngineMaterials/Substrate/GLints/dict_16_192_64_0p5_0p02_0039_0015.uasset" 6164
"../../../Engine/Content/EngineMaterials/Substrate/GLints/dict_16_192_64_0p5_0p02_0039_0010.uasset" 6165
"../../../Engine/Content/EngineMaterials/Substrate/GLints/dict_16_192_64_0p5_0p02_0039_0012.uasset" 6166
"../../../Engine/Content/EngineMaterials/Substrate/GLints/dict_16_192_64_0p5_0p02_0040_0009.uasset" 6167
"../../../Engine/Content/EngineMaterials/Substrate/GLints/dict_16_192_64_0p5_0p02_0040_0006.uasset" 6168
"../../../Engine/Content/EngineMaterials/Substrate/GLints/dict_16_192_64_0p5_0p02_0040_0005.uasset" 6169
"../../../Engine/Content/EngineMaterials/Substrate/GLints/dict_16_192_64_0p5_0p02_0039_0013.uasset" 6170
"../../../Engine/Content/EngineMaterials/Substrate/GLints/dict_16_192_64_0p5_0p02_0040_0010.uasset" 6171
"../../../Engine/Content/EngineMaterials/Substrate/GLints/dict_16_192_64_0p5_0p02_0041_0000.uasset" 6172
"../../../Engine/Content/EngineMaterials/Substrate/GLints/dict_16_192_64_0p5_0p02_0040_0012.uasset" 6173
"../../../Engine/Content/EngineMaterials/Substrate/GLints/dict_16_192_64_0p5_0p02_0041_0004.uasset" 6174
"../../../Engine/Content/EngineMaterials/Substrate/GLints/dict_16_192_64_0p5_0p02_0040_0011.uasset" 6175
"../../../Engine/Content/EngineMaterials/Substrate/GLints/dict_16_192_64_0p5_0p02_0040_0013.uasset" 6176
"../../../Engine/Content/EngineMaterials/Substrate/GLints/dict_16_192_64_0p5_0p02_0041_0003.uasset" 6177
"../../../Engine/Content/EngineMaterials/Substrate/GLints/dict_16_192_64_0p5_0p02_0041_0006.uasset" 6178
"../../../Engine/Content/EngineMaterials/Substrate/GLints/dict_16_192_64_0p5_0p02_0040_0015.uasset" 6179
"../../../Engine/Content/EngineMaterials/Substrate/GLints/dict_16_192_64_0p5_0p02_0041_0005.uasset" 6180
"../../../Engine/Content/EngineMaterials/Substrate/GLints/dict_16_192_64_0p5_0p02_0041_0002.uasset" 6181
"/Engine/EngineMaterials/Substrate/GLints/dict_16_192_64_0p5_0p02_0041_0006" 6182
"/Engine/EngineMaterials/Substrate/GLints/dict_16_192_64_0p5_0p02_0041_0005" 6183
"../../../Engine/Content/EngineMaterials/Substrate/GLints/dict_16_192_64_0p5_0p02_0041_0001.uasset" 6184
"/Engine/EngineMaterials/Substrate/GLints/dict_16_192_64_0p5_0p02_0041_0004" 6185
"/Engine/EngineMaterials/Substrate/GLints/dict_16_192_64_0p5_0p02_0041_0003" 6186
"/Engine/EngineMaterials/Substrate/GLints/dict_16_192_64_0p5_0p02_0041_0002" 6187
"/Engine/EngineMaterials/Substrate/GLints/dict_16_192_64_0p5_0p02_0041_0000" 6188
"/Engine/EngineMaterials/Substrate/GLints/dict_16_192_64_0p5_0p02_0040_0015" 6189
"/Engine/EngineMaterials/Substrate/GLints/dict_16_192_64_0p5_0p02_0040_0013" 6190
"/Engine/EngineMaterials/Substrate/GLints/dict_16_192_64_0p5_0p02_0040_0012" 6191
"/Engine/EngineMaterials/Substrate/GLints/dict_16_192_64_0p5_0p02_0040_0011" 6192
"/Engine/EngineMaterials/Substrate/GLints/dict_16_192_64_0p5_0p02_0040_0010" 6193
"/Engine/EngineMaterials/Substrate/GLints/dict_16_192_64_0p5_0p02_0040_0009" 6194
"../../../Engine/Content/EngineMaterials/Substrate/GLints/dict_16_192_64_0p5_0p02_0040_0014.uasset" 6195
"/Engine/EngineMaterials/Substrate/GLints/dict_16_192_64_0p5_0p02_0040_0008" 6196
"/Engine/EngineMaterials/Substrate/GLints/dict_16_192_64_0p5_0p02_0040_0007" 6197
"/Engine/EngineMaterials/Substrate/GLints/dict_16_192_64_0p5_0p02_0040_0006" 6198
"/Engine/EngineMaterials/Substrate/GLints/dict_16_192_64_0p5_0p02_0040_0005" 6199
"/Engine/EngineMaterials/Substrate/GLints/dict_16_192_64_0p5_0p02_0040_0004" 6200
"/Engine/EngineMaterials/Substrate/GLints/dict_16_192_64_0p5_0p02_0040_0003" 6201
"/Engine/EngineMaterials/Substrate/GLints/dict_16_192_64_0p5_0p02_0040_0002" 6202
"/Engine/EngineMaterials/Substrate/GLints/dict_16_192_64_0p5_0p02_0040_0001" 6203
"/Engine/EngineMaterials/Substrate/GLints/dict_16_192_64_0p5_0p02_0040_0000" 6204
"/Engine/EngineMaterials/Substrate/GLints/dict_16_192_64_0p5_0p02_0039_0015" 6205
"/Engine/EngineMaterials/Substrate/GLints/dict_16_192_64_0p5_0p02_0039_0014" 6206
"/Engine/EngineMaterials/Substrate/GLints/dict_16_192_64_0p5_0p02_0039_0013" 6207
"/Engine/EngineMaterials/Substrate/GLints/dict_16_192_64_0p5_0p02_0039_0012" 6208
"/Engine/EngineMaterials/Substrate/GLints/dict_16_192_64_0p5_0p02_0039_0011" 6209
"/Engine/EngineMaterials/Substrate/GLints/dict_16_192_64_0p5_0p02_0039_0010" 6210
"/Engine/EngineMaterials/Substrate/GLints/dict_16_192_64_0p5_0p02_0039_0009" 6211
"/Engine/EngineMaterials/Substrate/GLints/dict_16_192_64_0p5_0p02_0039_0008" 6212
"/Engine/EngineMaterials/Substrate/GLints/dict_16_192_64_0p5_0p02_0039_0007" 6213
"/Engine/EngineMaterials/Substrate/GLints/dict_16_192_64_0p5_0p02_0041_0001" 6214
"/Engine/EngineMaterials/Substrate/GLints/dict_16_192_64_0p5_0p02_0040_0014" 6215
"../../../Engine/Content/EngineMaterials/Substrate/GLints/dict_16_192_64_0p5_0p02_0042_0006.uasset" 6216
"../../../Engine/Content/EngineMaterials/Substrate/GLints/dict_16_192_64_0p5_0p02_0041_0010.uasset" 6217
"../../../Engine/Content/EngineMaterials/Substrate/GLints/dict_16_192_64_0p5_0p02_0041_0008.uasset" 6218
"../../../Engine/Content/EngineMaterials/Substrate/GLints/dict_16_192_64_0p5_0p02_0041_0014.uasset" 6219
"../../../Engine/Content/EngineMaterials/Substrate/GLints/dict_16_192_64_0p5_0p02_0042_0003.uasset" 6220
"../../../Engine/Content/EngineMaterials/Substrate/GLints/dict_16_192_64_0p5_0p02_0041_0015.uasset" 6221
"../../../Engine/Content/EngineMaterials/Substrate/GLints/dict_16_192_64_0p5_0p02_0041_0009.uasset" 6222
"../../../Engine/Content/EngineMaterials/Substrate/GLints/dict_16_192_64_0p5_0p02_0042_0002.uasset" 6223
"../../../Engine/Content/EngineMaterials/Substrate/GLints/dict_16_192_64_0p5_0p02_0042_0000.uasset" 6224
"../../../Engine/Content/EngineMaterials/Substrate/GLints/dict_16_192_64_0p5_0p02_0042_0005.uasset" 6225
"../../../Engine/Content/EngineMaterials/Substrate/GLints/dict_16_192_64_0p5_0p02_0042_0004.uasset" 6226
"../../../Engine/Content/EngineMaterials/Substrate/GLints/dict_16_192_64_0p5_0p02_0042_0001.uasset" 6227
"../../../Engine/Content/EngineMaterials/Substrate/GLints/dict_16_192_64_0p5_0p02_0041_0013.uasset" 6228
"../../../Engine/Content/EngineMaterials/Substrate/GLints/dict_16_192_64_0p5_0p02_0041_0007.uasset" 6229
"../../../Engine/Content/EngineMaterials/Substrate/GLints/dict_16_192_64_0p5_0p02_0041_0011.uasset" 6230
"../../../Engine/Content/EngineMaterials/Substrate/GLints/dict_16_192_64_0p5_0p02_0041_0012.uasset" 6231
"../../../Engine/Content/EngineMaterials/Substrate/GLints/dict_16_192_64_0p5_0p02_0042_0013.uasset" 6232
"../../../Engine/Content/EngineMaterials/Substrate/GLints/dict_16_192_64_0p5_0p02_0042_0010.uasset" 6233
"../../../Engine/Content/EngineMaterials/Substrate/GLints/dict_16_192_64_0p5_0p02_0043_0002.uasset" 6234
"../../../Engine/Content/EngineMaterials/Substrate/GLints/dict_16_192_64_0p5_0p02_0043_0001.uasset" 6235
"../../../Engine/Content/EngineMaterials/Substrate/GLints/dict_16_192_64_0p5_0p02_0042_0008.uasset" 6236
"../../../Engine/Content/EngineMaterials/Substrate/GLints/dict_16_192_64_0p5_0p02_0042_0009.uasset" 6237
"../../../Engine/Content/EngineMaterials/Substrate/GLints/dict_16_192_64_0p5_0p02_0043_0003.uasset" 6238
"../../../Engine/Content/EngineMaterials/Substrate/GLints/dict_16_192_64_0p5_0p02_0043_0000.uasset" 6239
"../../../Engine/Content/EngineMaterials/Substrate/GLints/dict_16_192_64_0p5_0p02_0042_0014.uasset" 6240
"../../../Engine/Content/EngineMaterials/Substrate/GLints/dict_16_192_64_0p5_0p02_0042_0015.uasset" 6241
"../../../Engine/Content/EngineMaterials/Substrate/GLints/dict_16_192_64_0p5_0p02_0042_0012.uasset" 6242
"../../../Engine/Content/EngineMaterials/Substrate/GLints/dict_16_192_64_0p5_0p02_0043_0004.uasset" 6243
"../../../Engine/Content/EngineMaterials/Substrate/GLints/dict_16_192_64_0p5_0p02_0042_0011.uasset" 6244
"../../../Engine/Content/EngineMaterials/Substrate/GLints/dict_16_192_64_0p5_0p02_0043_0006.uasset" 6245
"../../../Engine/Content/EngineMaterials/Substrate/GLints/dict_16_192_64_0p5_0p02_0043_0005.uasset" 6246
"../../../Engine/Content/EngineMaterials/Substrate/GLints/dict_16_192_64_0p5_0p02_0042_0007.uasset" 6247
"/Engine/EngineMaterials/Substrate/GLints/dict_16_192_64_0p5_0p02_0043_0004" 6248
"/Engine/EngineMaterials/Substrate/GLints/dict_16_192_64_0p5_0p02_0043_0003" 6249
"/Engine/EngineMaterials/Substrate/GLints/dict_16_192_64_0p5_0p02_0043_0002" 6250
"/Engine/EngineMaterials/Substrate/GLints/dict_16_192_64_0p5_0p02_0043_0001" 6251
"/Engine/EngineMaterials/Substrate/GLints/dict_16_192_64_0p5_0p02_0043_0000" 6252
"/Engine/EngineMaterials/Substrate/GLints/dict_16_192_64_0p5_0p02_0043_0006" 6253
"/Engine/EngineMaterials/Substrate/GLints/dict_16_192_64_0p5_0p02_0042_0015" 6254
"/Engine/EngineMaterials/Substrate/GLints/dict_16_192_64_0p5_0p02_0042_0014" 6255
"/Engine/EngineMaterials/Substrate/GLints/dict_16_192_64_0p5_0p02_0043_0005" 6256
"/Engine/EngineMaterials/Substrate/GLints/dict_16_192_64_0p5_0p02_0042_0013" 6257
"/Engine/EngineMaterials/Substrate/GLints/dict_16_192_64_0p5_0p02_0042_0012" 6258
"/Engine/EngineMaterials/Substrate/GLints/dict_16_192_64_0p5_0p02_0042_0011" 6259
"/Engine/EngineMaterials/Substrate/GLints/dict_16_192_64_0p5_0p02_0042_0010" 6260
"/Engine/EngineMaterials/Substrate/GLints/dict_16_192_64_0p5_0p02_0042_0009" 6261
"/Engine/EngineMaterials/Substrate/GLints/dict_16_192_64_0p5_0p02_0042_0008" 6262
"/Engine/EngineMaterials/Substrate/GLints/dict_16_192_64_0p5_0p02_0042_0007" 6263
"/Engine/EngineMaterials/Substrate/GLints/dict_16_192_64_0p5_0p02_0042_0006" 6264
"/Engine/EngineMaterials/Substrate/GLints/dict_16_192_64_0p5_0p02_0042_0005" 6265
"/Engine/EngineMaterials/Substrate/GLints/dict_16_192_64_0p5_0p02_0042_0004" 6266
"/Engine/EngineMaterials/Substrate/GLints/dict_16_192_64_0p5_0p02_0042_0003" 6267
"/Engine/EngineMaterials/Substrate/GLints/dict_16_192_64_0p5_0p02_0042_0002" 6268
"/Engine/EngineMaterials/Substrate/GLints/dict_16_192_64_0p5_0p02_0042_0001" 6269
"/Engine/EngineMaterials/Substrate/GLints/dict_16_192_64_0p5_0p02_0042_0000" 6270
"/Engine/EngineMaterials/Substrate/GLints/dict_16_192_64_0p5_0p02_0041_0015" 6271
"/Engine/EngineMaterials/Substrate/GLints/dict_16_192_64_0p5_0p02_0041_0014" 6272
"/Engine/EngineMaterials/Substrate/GLints/dict_16_192_64_0p5_0p02_0041_0013" 6273
"/Engine/EngineMaterials/Substrate/GLints/dict_16_192_64_0p5_0p02_0041_0012" 6274
"/Engine/EngineMaterials/Substrate/GLints/dict_16_192_64_0p5_0p02_0041_0011" 6275
"/Engine/EngineMaterials/Substrate/GLints/dict_16_192_64_0p5_0p02_0041_0010" 6276
"/Engine/EngineMaterials/Substrate/GLints/dict_16_192_64_0p5_0p02_0041_0009" 6277
"/Engine/EngineMaterials/Substrate/GLints/dict_16_192_64_0p5_0p02_0041_0008" 6278
"/Engine/EngineMaterials/Substrate/GLints/dict_16_192_64_0p5_0p02_0041_0007" 6279
"../../../Engine/Content/EngineMaterials/Substrate/GLints/dict_16_192_64_0p5_0p02_0043_0008.uasset" 6280
"../../../Engine/Content/EngineMaterials/Substrate/GLints/dict_16_192_64_0p5_0p02_0044_0009.uasset" 6281
"../../../Engine/Content/EngineMaterials/Substrate/GLints/dict_16_192_64_0p5_0p02_0043_0015.uasset" 6282
"../../../Engine/Content/EngineMaterials/Substrate/GLints/dict_16_192_64_0p5_0p02_0044_0005.uasset" 6283
"../../../Engine/Content/EngineMaterials/Substrate/GLints/dict_16_192_64_0p5_0p02_0044_0004.uasset" 6284
"../../../Engine/Content/EngineMaterials/Substrate/GLints/dict_16_192_64_0p5_0p02_0044_0003.uasset" 6285
"../../../Engine/Content/EngineMaterials/Substrate/GLints/dict_16_192_64_0p5_0p02_0044_0000.uasset" 6286
"../../../Engine/Content/EngineMaterials/Substrate/GLints/dict_16_192_64_0p5_0p02_0044_0006.uasset" 6287
"../../../Engine/Content/EngineMaterials/Substrate/GLints/dict_16_192_64_0p5_0p02_0043_0012.uasset" 6288
"../../../Engine/Content/EngineMaterials/Substrate/GLints/dict_16_192_64_0p5_0p02_0044_0008.uasset" 6289
"../../../Engine/Content/EngineMaterials/Substrate/GLints/dict_16_192_64_0p5_0p02_0044_0001.uasset" 6290
"../../../Engine/Content/EngineMaterials/Substrate/GLints/dict_16_192_64_0p5_0p02_0043_0011.uasset" 6291
"../../../Engine/Content/EngineMaterials/Substrate/GLints/dict_16_192_64_0p5_0p02_0044_0002.uasset" 6292
"../../../Engine/Content/EngineMaterials/Substrate/GLints/dict_16_192_64_0p5_0p02_0044_0007.uasset" 6293
"../../../Engine/Content/EngineMaterials/Substrate/GLints/dict_16_192_64_0p5_0p02_0043_0014.uasset" 6294
"../../../Engine/Content/EngineMaterials/Substrate/GLints/dict_16_192_64_0p5_0p02_0043_0007.uasset" 6295
"../../../Engine/Content/EngineMaterials/Substrate/GLints/dict_16_192_64_0p5_0p02_0043_0013.uasset" 6296
"../../../Engine/Content/EngineMaterials/Substrate/GLints/dict_16_192_64_0p5_0p02_0043_0009.uasset" 6297
"../../../Engine/Content/EngineMaterials/Substrate/GLints/dict_16_192_64_0p5_0p02_0044_0012.uasset" 6298
"../../../Engine/Content/EngineMaterials/Substrate/GLints/dict_16_192_64_0p5_0p02_0045_0002.uasset" 6299
"../../../Engine/Content/EngineMaterials/Substrate/GLints/dict_16_192_64_0p5_0p02_0044_0013.uasset" 6300
"../../../Engine/Content/EngineMaterials/Substrate/GLints/dict_16_192_64_0p5_0p02_0044_0014.uasset" 6301
"../../../Engine/Content/EngineMaterials/Substrate/GLints/dict_16_192_64_0p5_0p02_0045_0000.uasset" 6302
"../../../Engine/Content/EngineMaterials/Substrate/GLints/dict_16_192_64_0p5_0p02_0045_0004.uasset" 6303
"../../../Engine/Content/EngineMaterials/Substrate/GLints/dict_16_192_64_0p5_0p02_0044_0010.uasset" 6304
"../../../Engine/Content/EngineMaterials/Substrate/GLints/dict_16_192_64_0p5_0p02_0045_0003.uasset" 6305
"../../../Engine/Content/EngineMaterials/Substrate/GLints/dict_16_192_64_0p5_0p02_0045_0006.uasset" 6306
"../../../Engine/Content/EngineMaterials/Substrate/GLints/dict_16_192_64_0p5_0p02_0044_0011.uasset" 6307
"../../../Engine/Content/EngineMaterials/Substrate/GLints/dict_16_192_64_0p5_0p02_0044_0015.uasset" 6308
"../../../Engine/Content/EngineMaterials/Substrate/GLints/dict_16_192_64_0p5_0p02_0043_0010.uasset" 6309
"../../../Engine/Content/EngineMaterials/Substrate/GLints/dict_16_192_64_0p5_0p02_0045_0001.uasset" 6310
"../../../Engine/Content/EngineMaterials/Substrate/GLints/dict_16_192_64_0p5_0p02_0045_0005.uasset" 6311
"/Engine/EngineMaterials/Substrate/GLints/dict_16_192_64_0p5_0p02_0045_0006" 6312
"/Engine/EngineMaterials/Substrate/GLints/dict_16_192_64_0p5_0p02_0045_0005" 6313
"/Engine/EngineMaterials/Substrate/GLints/dict_16_192_64_0p5_0p02_0045_0004" 6314
"/Engine/EngineMaterials/Substrate/GLints/dict_16_192_64_0p5_0p02_0045_0003" 6315
"/Engine/EngineMaterials/Substrate/GLints/dict_16_192_64_0p5_0p02_0045_0002" 6316
"/Engine/EngineMaterials/Substrate/GLints/dict_16_192_64_0p5_0p02_0045_0001" 6317
"/Engine/EngineMaterials/Substrate/GLints/dict_16_192_64_0p5_0p02_0045_0000" 6318
"/Engine/EngineMaterials/Substrate/GLints/dict_16_192_64_0p5_0p02_0044_0015" 6319
"/Engine/EngineMaterials/Substrate/GLints/dict_16_192_64_0p5_0p02_0044_0014" 6320
"/Engine/EngineMaterials/Substrate/GLints/dict_16_192_64_0p5_0p02_0044_0013" 6321
"/Engine/EngineMaterials/Substrate/GLints/dict_16_192_64_0p5_0p02_0044_0012" 6322
"/Engine/EngineMaterials/Substrate/GLints/dict_16_192_64_0p5_0p02_0044_0011" 6323
"/Engine/EngineMaterials/Substrate/GLints/dict_16_192_64_0p5_0p02_0044_0010" 6324
"/Engine/EngineMaterials/Substrate/GLints/dict_16_192_64_0p5_0p02_0044_0009" 6325
"/Engine/EngineMaterials/Substrate/GLints/dict_16_192_64_0p5_0p02_0044_0008" 6326
"/Engine/EngineMaterials/Substrate/GLints/dict_16_192_64_0p5_0p02_0044_0007" 6327
"/Engine/EngineMaterials/Substrate/GLints/dict_16_192_64_0p5_0p02_0044_0006" 6328
"/Engine/EngineMaterials/Substrate/GLints/dict_16_192_64_0p5_0p02_0044_0005" 6329
"/Engine/EngineMaterials/Substrate/GLints/dict_16_192_64_0p5_0p02_0044_0004" 6330
"/Engine/EngineMaterials/Substrate/GLints/dict_16_192_64_0p5_0p02_0044_0003" 6331
"/Engine/EngineMaterials/Substrate/GLints/dict_16_192_64_0p5_0p02_0044_0002" 6332
"/Engine/EngineMaterials/Substrate/GLints/dict_16_192_64_0p5_0p02_0044_0001" 6333
"/Engine/EngineMaterials/Substrate/GLints/dict_16_192_64_0p5_0p02_0044_0000" 6334
"/Engine/EngineMaterials/Substrate/GLints/dict_16_192_64_0p5_0p02_0043_0015" 6335
"/Engine/EngineMaterials/Substrate/GLints/dict_16_192_64_0p5_0p02_0043_0014" 6336
"/Engine/EngineMaterials/Substrate/GLints/dict_16_192_64_0p5_0p02_0043_0013" 6337
"/Engine/EngineMaterials/Substrate/GLints/dict_16_192_64_0p5_0p02_0043_0012" 6338
"/Engine/EngineMaterials/Substrate/GLints/dict_16_192_64_0p5_0p02_0043_0011" 6339
"/Engine/EngineMaterials/Substrate/GLints/dict_16_192_64_0p5_0p02_0043_0010" 6340
"/Engine/EngineMaterials/Substrate/GLints/dict_16_192_64_0p5_0p02_0043_0009" 6341
"/Engine/EngineMaterials/Substrate/GLints/dict_16_192_64_0p5_0p02_0043_0008" 6342
"/Engine/EngineMaterials/Substrate/GLints/dict_16_192_64_0p5_0p02_0043_0007" 6343
"../../../Engine/Content/EngineMaterials/Substrate/GLints/dict_16_192_64_0p5_0p02_0045_0013.uasset" 6344
"../../../Engine/Content/EngineMaterials/Substrate/GLints/dict_16_192_64_0p5_0p02_0045_0007.uasset" 6345
"../../../Engine/Content/EngineMaterials/Substrate/GLints/dict_16_192_64_0p5_0p02_0046_0001.uasset" 6346
"../../../Engine/Content/EngineMaterials/Substrate/GLints/dict_16_192_64_0p5_0p02_0045_0014.uasset" 6347
"../../../Engine/Content/EngineMaterials/Substrate/GLints/dict_16_192_64_0p5_0p02_0046_0004.uasset" 6348
"../../../Engine/Content/EngineMaterials/Substrate/GLints/dict_16_192_64_0p5_0p02_0046_0005.uasset" 6349
"../../../Engine/Content/EngineMaterials/Substrate/GLints/dict_16_192_64_0p5_0p02_0045_0010.uasset" 6350
"../../../Engine/Content/EngineMaterials/Substrate/GLints/dict_16_192_64_0p5_0p02_0046_0006.uasset" 6351
"../../../Engine/Content/EngineMaterials/Substrate/GLints/dict_16_192_64_0p5_0p02_0046_0000.uasset" 6352
"../../../Engine/Content/EngineMaterials/Substrate/GLints/dict_16_192_64_0p5_0p02_0045_0015.uasset" 6353
"../../../Engine/Content/EngineMaterials/Substrate/GLints/dict_16_192_64_0p5_0p02_0046_0007.uasset" 6354
"../../../Engine/Content/EngineMaterials/Substrate/GLints/dict_16_192_64_0p5_0p02_0046_0003.uasset" 6355
"../../../Engine/Content/EngineMaterials/Substrate/GLints/dict_16_192_64_0p5_0p02_0046_0002.uasset" 6356
"../../../Engine/Content/EngineMaterials/Substrate/GLints/dict_16_192_64_0p5_0p02_0045_0011.uasset" 6357
"../../../Engine/Content/EngineMaterials/Substrate/GLints/dict_16_192_64_0p5_0p02_0046_0008.uasset" 6358
"../../../Engine/Content/EngineMaterials/Substrate/GLints/dict_16_192_64_0p5_0p02_0045_0012.uasset" 6359
"../../../Engine/Content/EngineMaterials/Substrate/GLints/dict_16_192_64_0p5_0p02_0045_0008.uasset" 6360
"../../../Engine/Content/EngineMaterials/Substrate/GLints/dict_16_192_64_0p5_0p02_0046_0009.uasset" 6361
"../../../Engine/Content/EngineMaterials/Substrate/GLints/dict_16_192_64_0p5_0p02_0046_0010.uasset" 6362
"../../../Engine/Content/EngineMaterials/Substrate/GLints/dict_16_192_64_0p5_0p02_0045_0009.uasset" 6363
"../../../Engine/Content/EngineMaterials/Substrate/GLints/dict_16_192_64_0p5_0p02_0046_0011.uasset" 6364
"../../../Engine/Content/EngineMaterials/Substrate/GLints/dict_16_192_64_0p5_0p02_0046_0012.uasset" 6365
"../../../Engine/Content/EngineMaterials/Substrate/GLints/dict_16_192_64_0p5_0p02_0046_0014.uasset" 6366
"../../../Engine/Content/EngineMaterials/Substrate/GLints/dict_16_192_64_0p5_0p02_0047_0001.uasset" 6367
"../../../Engine/Content/EngineMaterials/Substrate/GLints/dict_16_192_64_0p5_0p02_0047_0005.uasset" 6368
"../../../Engine/Content/EngineMaterials/Substrate/GLints/dict_16_192_64_0p5_0p02_0046_0015.uasset" 6369
"../../../Engine/Content/EngineMaterials/Substrate/GLints/dict_16_192_64_0p5_0p02_0047_0006.uasset" 6370
"../../../Engine/Content/EngineMaterials/Substrate/GLints/dict_16_192_64_0p5_0p02_0047_0003.uasset" 6371
"../../../Engine/Content/EngineMaterials/Substrate/GLints/dict_16_192_64_0p5_0p02_0046_0013.uasset" 6372
"../../../Engine/Content/EngineMaterials/Substrate/GLints/dict_16_192_64_0p5_0p02_0047_0004.uasset" 6373
"../../../Engine/Content/EngineMaterials/Substrate/GLints/dict_16_192_64_0p5_0p02_0047_0002.uasset" 6374
"../../../Engine/Content/EngineMaterials/Substrate/GLints/dict_16_192_64_0p5_0p02_0047_0000.uasset" 6375
"/Engine/EngineMaterials/Substrate/GLints/dict_16_192_64_0p5_0p02_0047_0006" 6376
"/Engine/EngineMaterials/Substrate/GLints/dict_16_192_64_0p5_0p02_0047_0005" 6377
"/Engine/EngineMaterials/Substrate/GLints/dict_16_192_64_0p5_0p02_0047_0004" 6378
"/Engine/EngineMaterials/Substrate/GLints/dict_16_192_64_0p5_0p02_0047_0003" 6379
"/Engine/EngineMaterials/Substrate/GLints/dict_16_192_64_0p5_0p02_0047_0002" 6380
"/Engine/EngineMaterials/Substrate/GLints/dict_16_192_64_0p5_0p02_0047_0001" 6381
"/Engine/EngineMaterials/Substrate/GLints/dict_16_192_64_0p5_0p02_0047_0000" 6382
"/Engine/EngineMaterials/Substrate/GLints/dict_16_192_64_0p5_0p02_0046_0015" 6383
"/Engine/EngineMaterials/Substrate/GLints/dict_16_192_64_0p5_0p02_0046_0014" 6384
"/Engine/EngineMaterials/Substrate/GLints/dict_16_192_64_0p5_0p02_0046_0013" 6385
"/Engine/EngineMaterials/Substrate/GLints/dict_16_192_64_0p5_0p02_0046_0012" 6386
"/Engine/EngineMaterials/Substrate/GLints/dict_16_192_64_0p5_0p02_0046_0011" 6387
"/Engine/EngineMaterials/Substrate/GLints/dict_16_192_64_0p5_0p02_0046_0010" 6388
"/Engine/EngineMaterials/Substrate/GLints/dict_16_192_64_0p5_0p02_0046_0009" 6389
"/Engine/EngineMaterials/Substrate/GLints/dict_16_192_64_0p5_0p02_0046_0008" 6390
"/Engine/EngineMaterials/Substrate/GLints/dict_16_192_64_0p5_0p02_0046_0007" 6391
"/Engine/EngineMaterials/Substrate/GLints/dict_16_192_64_0p5_0p02_0046_0006" 6392
"/Engine/EngineMaterials/Substrate/GLints/dict_16_192_64_0p5_0p02_0046_0005" 6393
"/Engine/EngineMaterials/Substrate/GLints/dict_16_192_64_0p5_0p02_0046_0004" 6394
"/Engine/EngineMaterials/Substrate/GLints/dict_16_192_64_0p5_0p02_0046_0003" 6395
"/Engine/EngineMaterials/Substrate/GLints/dict_16_192_64_0p5_0p02_0046_0002" 6396
"/Engine/EngineMaterials/Substrate/GLints/dict_16_192_64_0p5_0p02_0046_0001" 6397
"/Engine/EngineMaterials/Substrate/GLints/dict_16_192_64_0p5_0p02_0046_0000" 6398
"/Engine/EngineMaterials/Substrate/GLints/dict_16_192_64_0p5_0p02_0045_0015" 6399
"/Engine/EngineMaterials/Substrate/GLints/dict_16_192_64_0p5_0p02_0045_0014" 6400
"/Engine/EngineMaterials/Substrate/GLints/dict_16_192_64_0p5_0p02_0045_0013" 6401
"/Engine/EngineMaterials/Substrate/GLints/dict_16_192_64_0p5_0p02_0045_0012" 6402
"/Engine/EngineMaterials/Substrate/GLints/dict_16_192_64_0p5_0p02_0045_0011" 6403
"/Engine/EngineMaterials/Substrate/GLints/dict_16_192_64_0p5_0p02_0045_0010" 6404
"/Engine/EngineMaterials/Substrate/GLints/dict_16_192_64_0p5_0p02_0045_0009" 6405
"/Engine/EngineMaterials/Substrate/GLints/dict_16_192_64_0p5_0p02_0045_0008" 6406
"/Engine/EngineMaterials/Substrate/GLints/dict_16_192_64_0p5_0p02_0045_0007" 6407
"../../../Engine/Content/EngineMaterials/Substrate/GLints/dict_16_192_64_0p5_0p02_0047_0013.uasset" 6408
"../../../Engine/Content/EngineMaterials/Substrate/GLints/dict_16_192_64_0p5_0p02_0047_0011.uasset" 6409
"../../../Engine/Content/EngineMaterials/Substrate/GLints/dict_16_192_64_0p5_0p02_0048_0003.uasset" 6410
"../../../Engine/Content/EngineMaterials/Substrate/GLints/dict_16_192_64_0p5_0p02_0047_0008.uasset" 6411
"../../../Engine/Content/EngineMaterials/Substrate/GLints/dict_16_192_64_0p5_0p02_0047_0012.uasset" 6412
"../../../Engine/Content/EngineMaterials/Substrate/GLints/dict_16_192_64_0p5_0p02_0047_0015.uasset" 6413
"../../../Engine/Content/EngineMaterials/Substrate/GLints/dict_16_192_64_0p5_0p02_0047_0010.uasset" 6414
"../../../Engine/Content/EngineMaterials/Substrate/GLints/dict_16_192_64_0p5_0p02_0047_0009.uasset" 6415
"../../../Engine/Content/EngineMaterials/Substrate/GLints/dict_16_192_64_0p5_0p02_0047_0014.uasset" 6416
"../../../Engine/Content/EngineMaterials/Substrate/GLints/dict_16_192_64_0p5_0p02_0048_0006.uasset" 6417
"../../../Engine/Content/EngineMaterials/Substrate/GLints/dict_16_192_64_0p5_0p02_0048_0001.uasset" 6418
"../../../Engine/Content/EngineMaterials/Substrate/GLints/dict_16_192_64_0p5_0p02_0048_0005.uasset" 6419
"../../../Engine/Content/EngineMaterials/Substrate/GLints/dict_16_192_64_0p5_0p02_0048_0002.uasset" 6420
"../../../Engine/Content/EngineMaterials/Substrate/GLints/dict_16_192_64_0p5_0p02_0048_0004.uasset" 6421
"../../../Engine/Content/EngineMaterials/Substrate/GLints/dict_16_192_64_0p5_0p02_0048_0000.uasset" 6422
"../../../Engine/Content/EngineMaterials/Substrate/GLints/dict_16_192_64_0p5_0p02_0048_0007.uasset" 6423
"../../../Engine/Content/EngineMaterials/Substrate/GLints/dict_16_192_64_0p5_0p02_0047_0007.uasset" 6424
"../../../Engine/Content/EngineMaterials/Substrate/GLints/dict_16_192_64_0p5_0p02_0049_0003.uasset" 6425
"../../../Engine/Content/EngineMaterials/Substrate/GLints/dict_16_192_64_0p5_0p02_0048_0008.uasset" 6426
"../../../Engine/Content/EngineMaterials/Substrate/GLints/dict_16_192_64_0p5_0p02_0048_0011.uasset" 6427
"../../../Engine/Content/EngineMaterials/Substrate/GLints/dict_16_192_64_0p5_0p02_0048_0012.uasset" 6428
"../../../Engine/Content/EngineMaterials/Substrate/GLints/dict_16_192_64_0p5_0p02_0048_0010.uasset" 6429
"../../../Engine/Content/EngineMaterials/Substrate/GLints/dict_16_192_64_0p5_0p02_0048_0014.uasset" 6430
"../../../Engine/Content/EngineMaterials/Substrate/GLints/dict_16_192_64_0p5_0p02_0048_0009.uasset" 6431
"../../../Engine/Content/EngineMaterials/Substrate/GLints/dict_16_192_64_0p5_0p02_0049_0000.uasset" 6432
"../../../Engine/Content/EngineMaterials/Substrate/GLints/dict_16_192_64_0p5_0p02_0048_0013.uasset" 6433
"../../../Engine/Content/EngineMaterials/Substrate/GLints/dict_16_192_64_0p5_0p02_0048_0015.uasset" 6434
"../../../Engine/Content/EngineMaterials/Substrate/GLints/dict_16_192_64_0p5_0p02_0049_0004.uasset" 6435
"../../../Engine/Content/EngineMaterials/Substrate/GLints/dict_16_192_64_0p5_0p02_0049_0002.uasset" 6436
"../../../Engine/Content/EngineMaterials/Substrate/GLints/dict_16_192_64_0p5_0p02_0049_0001.uasset" 6437
"../../../Engine/Content/EngineMaterials/Substrate/GLints/dict_16_192_64_0p5_0p02_0049_0006.uasset" 6438
"../../../Engine/Content/EngineMaterials/Substrate/GLints/dict_16_192_64_0p5_0p02_0049_0005.uasset" 6439
"/Engine/EngineMaterials/Substrate/GLints/dict_16_192_64_0p5_0p02_0049_0006" 6440
"/Engine/EngineMaterials/Substrate/GLints/dict_16_192_64_0p5_0p02_0049_0005" 6441
"/Engine/EngineMaterials/Substrate/GLints/dict_16_192_64_0p5_0p02_0049_0004" 6442
"/Engine/EngineMaterials/Substrate/GLints/dict_16_192_64_0p5_0p02_0049_0003" 6443
"/Engine/EngineMaterials/Substrate/GLints/dict_16_192_64_0p5_0p02_0049_0002" 6444
"/Engine/EngineMaterials/Substrate/GLints/dict_16_192_64_0p5_0p02_0049_0001" 6445
"/Engine/EngineMaterials/Substrate/GLints/dict_16_192_64_0p5_0p02_0049_0000" 6446
"/Engine/EngineMaterials/Substrate/GLints/dict_16_192_64_0p5_0p02_0048_0015" 6447
"/Engine/EngineMaterials/Substrate/GLints/dict_16_192_64_0p5_0p02_0048_0014" 6448
"/Engine/EngineMaterials/Substrate/GLints/dict_16_192_64_0p5_0p02_0048_0013" 6449
"/Engine/EngineMaterials/Substrate/GLints/dict_16_192_64_0p5_0p02_0048_0012" 6450
"/Engine/EngineMaterials/Substrate/GLints/dict_16_192_64_0p5_0p02_0048_0011" 6451
"/Engine/EngineMaterials/Substrate/GLints/dict_16_192_64_0p5_0p02_0048_0010" 6452
"/Engine/EngineMaterials/Substrate/GLints/dict_16_192_64_0p5_0p02_0048_0009" 6453
"/Engine/EngineMaterials/Substrate/GLints/dict_16_192_64_0p5_0p02_0048_0008" 6454
"/Engine/EngineMaterials/Substrate/GLints/dict_16_192_64_0p5_0p02_0048_0007" 6455
"/Engine/EngineMaterials/Substrate/GLints/dict_16_192_64_0p5_0p02_0048_0006" 6456
"/Engine/EngineMaterials/Substrate/GLints/dict_16_192_64_0p5_0p02_0048_0005" 6457
"/Engine/EngineMaterials/Substrate/GLints/dict_16_192_64_0p5_0p02_0048_0004" 6458
"/Engine/EngineMaterials/Substrate/GLints/dict_16_192_64_0p5_0p02_0048_0003" 6459
"/Engine/EngineMaterials/Substrate/GLints/dict_16_192_64_0p5_0p02_0048_0002" 6460
"/Engine/EngineMaterials/Substrate/GLints/dict_16_192_64_0p5_0p02_0048_0001" 6461
"/Engine/EngineMaterials/Substrate/GLints/dict_16_192_64_0p5_0p02_0048_0000" 6462
"/Engine/EngineMaterials/Substrate/GLints/dict_16_192_64_0p5_0p02_0047_0015" 6463
"/Engine/EngineMaterials/Substrate/GLints/dict_16_192_64_0p5_0p02_0047_0014" 6464
"/Engine/EngineMaterials/Substrate/GLints/dict_16_192_64_0p5_0p02_0047_0013" 6465
"/Engine/EngineMaterials/Substrate/GLints/dict_16_192_64_0p5_0p02_0047_0012" 6466
"/Engine/EngineMaterials/Substrate/GLints/dict_16_192_64_0p5_0p02_0047_0011" 6467
"/Engine/EngineMaterials/Substrate/GLints/dict_16_192_64_0p5_0p02_0047_0010" 6468
"/Engine/EngineMaterials/Substrate/GLints/dict_16_192_64_0p5_0p02_0047_0009" 6469
"/Engine/EngineMaterials/Substrate/GLints/dict_16_192_64_0p5_0p02_0047_0008" 6470
"/Engine/EngineMaterials/Substrate/GLints/dict_16_192_64_0p5_0p02_0047_0007" 6471
"../../../Engine/Content/EngineMaterials/Substrate/GLints/dict_16_192_64_0p5_0p02_0050_0003.uasset" 6472
"../../../Engine/Content/EngineMaterials/Substrate/GLints/dict_16_192_64_0p5_0p02_0050_0006.uasset" 6473
"../../../Engine/Content/EngineMaterials/Substrate/GLints/dict_16_192_64_0p5_0p02_0049_0014.uasset" 6474
"../../../Engine/Content/EngineMaterials/Substrate/GLints/dict_16_192_64_0p5_0p02_0050_0007.uasset" 6475
"../../../Engine/Content/EngineMaterials/Substrate/GLints/dict_16_192_64_0p5_0p02_0049_0013.uasset" 6476
"../../../Engine/Content/EngineMaterials/Substrate/GLints/dict_16_192_64_0p5_0p02_0050_0002.uasset" 6477
"../../../Engine/Content/EngineMaterials/Substrate/GLints/dict_16_192_64_0p5_0p02_0049_0012.uasset" 6478
"../../../Engine/Content/EngineMaterials/Substrate/GLints/dict_16_192_64_0p5_0p02_0049_0007.uasset" 6479
"../../../Engine/Content/EngineMaterials/Substrate/GLints/dict_16_192_64_0p5_0p02_0050_0005.uasset" 6480
"../../../Engine/Content/EngineMaterials/Substrate/GLints/dict_16_192_64_0p5_0p02_0050_0001.uasset" 6481
"../../../Engine/Content/EngineMaterials/Substrate/GLints/dict_16_192_64_0p5_0p02_0050_0004.uasset" 6482
"../../../Engine/Content/EngineMaterials/Substrate/GLints/dict_16_192_64_0p5_0p02_0050_0015.uasset" 6483
"../../../Engine/Content/EngineMaterials/Substrate/GLints/dict_16_192_64_0p5_0p02_0050_0000.uasset" 6484
"../../../Engine/Content/EngineMaterials/Substrate/GLints/dict_16_192_64_0p5_0p02_0049_0008.uasset" 6485
"../../../Engine/Content/EngineMaterials/Substrate/GLints/dict_16_192_64_0p5_0p02_0049_0009.uasset" 6486
"../../../Engine/Content/EngineMaterials/Substrate/GLints/dict_16_192_64_0p5_0p02_0049_0010.uasset" 6487
"../../../Engine/Content/EngineMaterials/Substrate/GLints/dict_16_192_64_0p5_0p02_0050_0008.uasset" 6488
"../../../Engine/Content/EngineMaterials/Substrate/GLints/dict_16_192_64_0p5_0p02_0049_0015.uasset" 6489
"../../../Engine/Content/EngineMaterials/Substrate/GLints/dict_16_192_64_0p5_0p02_0049_0011.uasset" 6490
"../../../Engine/Content/EngineMaterials/Substrate/GLints/dict_16_192_64_0p5_0p02_0050_0009.uasset" 6491
"../../../Engine/Content/EngineMaterials/Substrate/GLints/dict_16_192_64_0p5_0p02_0050_0013.uasset" 6492
"../../../Engine/Content/EngineMaterials/Substrate/GLints/dict_16_192_64_0p5_0p02_0050_0012.uasset" 6493
"../../../Engine/Content/EngineMaterials/Substrate/GLints/dict_16_192_64_0p5_0p02_0050_0011.uasset" 6494
"../../../Engine/Content/EngineMaterials/Substrate/GLints/dict_16_192_64_0p5_0p02_0050_0010.uasset" 6495
"../../../Engine/Content/EngineMaterials/Substrate/GLints/dict_16_192_64_0p5_0p02_0051_0001.uasset" 6496
"../../../Engine/Content/EngineMaterials/Substrate/GLints/dict_16_192_64_0p5_0p02_0051_0000.uasset" 6497
"../../../Engine/Content/EngineMaterials/Substrate/GLints/dict_16_192_64_0p5_0p02_0050_0014.uasset" 6498
"/Engine/EngineMaterials/Substrate/GLints/dict_16_192_64_0p5_0p02_0051_0001" 6499
"../../../Engine/Content/EngineMaterials/Substrate/GLints/dict_16_192_64_0p5_0p02_0051_0002.uasset" 6500
"/Engine/EngineMaterials/Substrate/GLints/dict_16_192_64_0p5_0p02_0051_0000" 6501
"../../../Engine/Content/EngineMaterials/Substrate/GLints/dict_16_192_64_0p5_0p02_0051_0006.uasset" 6502
"../../../Engine/Content/EngineMaterials/Substrate/GLints/dict_16_192_64_0p5_0p02_0051_0003.uasset" 6503
"../../../Engine/Content/EngineMaterials/Substrate/GLints/dict_16_192_64_0p5_0p02_0051_0004.uasset" 6504
"/Engine/EngineMaterials/Substrate/GLints/dict_16_192_64_0p5_0p02_0050_0015" 6505
"../../../Engine/Content/EngineMaterials/Substrate/GLints/dict_16_192_64_0p5_0p02_0051_0005.uasset" 6506
"/Engine/EngineMaterials/Substrate/GLints/dict_16_192_64_0p5_0p02_0050_0013" 6507
"/Engine/EngineMaterials/Substrate/GLints/dict_16_192_64_0p5_0p02_0050_0012" 6508
"/Engine/EngineMaterials/Substrate/GLints/dict_16_192_64_0p5_0p02_0050_0011" 6509
"/Engine/EngineMaterials/Substrate/GLints/dict_16_192_64_0p5_0p02_0050_0010" 6510
"/Engine/EngineMaterials/Substrate/GLints/dict_16_192_64_0p5_0p02_0050_0009" 6511
"/Engine/EngineMaterials/Substrate/GLints/dict_16_192_64_0p5_0p02_0050_0008" 6512
"/Engine/EngineMaterials/Substrate/GLints/dict_16_192_64_0p5_0p02_0050_0007" 6513
"/Engine/EngineMaterials/Substrate/GLints/dict_16_192_64_0p5_0p02_0050_0006" 6514
"/Engine/EngineMaterials/Substrate/GLints/dict_16_192_64_0p5_0p02_0050_0005" 6515
"/Engine/EngineMaterials/Substrate/GLints/dict_16_192_64_0p5_0p02_0050_0004" 6516
"/Engine/EngineMaterials/Substrate/GLints/dict_16_192_64_0p5_0p02_0050_0003" 6517
"/Engine/EngineMaterials/Substrate/GLints/dict_16_192_64_0p5_0p02_0050_0002" 6518
"/Engine/EngineMaterials/Substrate/GLints/dict_16_192_64_0p5_0p02_0050_0001" 6519
"/Engine/EngineMaterials/Substrate/GLints/dict_16_192_64_0p5_0p02_0050_0000" 6520
"/Engine/EngineMaterials/Substrate/GLints/dict_16_192_64_0p5_0p02_0049_0015" 6521
"/Engine/EngineMaterials/Substrate/GLints/dict_16_192_64_0p5_0p02_0049_0014" 6522
"/Engine/EngineMaterials/Substrate/GLints/dict_16_192_64_0p5_0p02_0049_0013" 6523
"/Engine/EngineMaterials/Substrate/GLints/dict_16_192_64_0p5_0p02_0049_0012" 6524
"/Engine/EngineMaterials/Substrate/GLints/dict_16_192_64_0p5_0p02_0049_0011" 6525
"/Engine/EngineMaterials/Substrate/GLints/dict_16_192_64_0p5_0p02_0049_0010" 6526
"/Engine/EngineMaterials/Substrate/GLints/dict_16_192_64_0p5_0p02_0049_0009" 6527
"/Engine/EngineMaterials/Substrate/GLints/dict_16_192_64_0p5_0p02_0049_0008" 6528
"/Engine/EngineMaterials/Substrate/GLints/dict_16_192_64_0p5_0p02_0049_0007" 6529
"/Engine/EngineMaterials/Substrate/GLints/dict_16_192_64_0p5_0p02_0051_0006" 6530
"/Engine/EngineMaterials/Substrate/GLints/dict_16_192_64_0p5_0p02_0051_0005" 6531
"/Engine/EngineMaterials/Substrate/GLints/dict_16_192_64_0p5_0p02_0051_0004" 6532
"/Engine/EngineMaterials/Substrate/GLints/dict_16_192_64_0p5_0p02_0051_0003" 6533
"/Engine/EngineMaterials/Substrate/GLints/dict_16_192_64_0p5_0p02_0051_0002" 6534
"../../../Engine/Content/EngineMaterials/Substrate/GLints/dict_16_192_64_0p5_0p02_0052_0003.uasset" 6535
"/Engine/EngineMaterials/Substrate/GLints/dict_16_192_64_0p5_0p02_0050_0014" 6536
"/Engine/EngineMaterials/Substrate/GLints/dict_16_192_64_0p5_0p02_0052_0003" 6537
"../../../Engine/Content/EngineMaterials/Substrate/GLints/dict_16_192_64_0p5_0p02_0052_0006.uasset" 6538
"../../../Engine/Content/EngineMaterials/Substrate/GLints/dict_16_192_64_0p5_0p02_0051_0009.uasset" 6539
"../../../Engine/Content/EngineMaterials/Substrate/GLints/dict_16_192_64_0p5_0p02_0052_0001.uasset" 6540
"../../../Engine/Content/EngineMaterials/Substrate/GLints/dict_16_192_64_0p5_0p02_0052_0008.uasset" 6541
"../../../Engine/Content/EngineMaterials/Substrate/GLints/dict_16_192_64_0p5_0p02_0051_0015.uasset" 6542
"../../../Engine/Content/EngineMaterials/Substrate/GLints/dict_16_192_64_0p5_0p02_0052_0007.uasset" 6543
"../../../Engine/Content/EngineMaterials/Substrate/GLints/dict_16_192_64_0p5_0p02_0051_0011.uasset" 6544
"../../../Engine/Content/EngineMaterials/Substrate/GLints/dict_16_192_64_0p5_0p02_0051_0008.uasset" 6545
"../../../Engine/Content/EngineMaterials/Substrate/GLints/dict_16_192_64_0p5_0p02_0051_0014.uasset" 6546
"../../../Engine/Content/EngineMaterials/Substrate/GLints/dict_16_192_64_0p5_0p02_0052_0004.uasset" 6547
"../../../Engine/Content/EngineMaterials/Substrate/GLints/dict_16_192_64_0p5_0p02_0052_0005.uasset" 6548
"../../../Engine/Content/EngineMaterials/Substrate/GLints/dict_16_192_64_0p5_0p02_0052_0002.uasset" 6549
"../../../Engine/Content/EngineMaterials/Substrate/GLints/dict_16_192_64_0p5_0p02_0052_0000.uasset" 6550
"../../../Engine/Content/EngineMaterials/Substrate/GLints/dict_16_192_64_0p5_0p02_0051_0007.uasset" 6551
"../../../Engine/Content/EngineMaterials/Substrate/GLints/dict_16_192_64_0p5_0p02_0051_0013.uasset" 6552
"../../../Engine/Content/EngineMaterials/Substrate/GLints/dict_16_192_64_0p5_0p02_0051_0012.uasset" 6553
"../../../Engine/Content/EngineMaterials/Substrate/GLints/dict_16_192_64_0p5_0p02_0051_0010.uasset" 6554
"../../../Engine/Content/EngineMaterials/Substrate/GLints/dict_16_192_64_0p5_0p02_0053_0003.uasset" 6555
"../../../Engine/Content/EngineMaterials/Substrate/GLints/dict_16_192_64_0p5_0p02_0052_0015.uasset" 6556
"../../../Engine/Content/EngineMaterials/Substrate/GLints/dict_16_192_64_0p5_0p02_0052_0010.uasset" 6557
"../../../Engine/Content/EngineMaterials/Substrate/GLints/dict_16_192_64_0p5_0p02_0052_0009.uasset" 6558
"../../../Engine/Content/EngineMaterials/Substrate/GLints/dict_16_192_64_0p5_0p02_0052_0011.uasset" 6559
"../../../Engine/Content/EngineMaterials/Substrate/GLints/dict_16_192_64_0p5_0p02_0052_0014.uasset" 6560
"../../../Engine/Content/EngineMaterials/Substrate/GLints/dict_16_192_64_0p5_0p02_0052_0013.uasset" 6561
"../../../Engine/Content/EngineMaterials/Substrate/GLints/dict_16_192_64_0p5_0p02_0053_0007.uasset" 6562
"../../../Engine/Content/EngineMaterials/Substrate/GLints/dict_16_192_64_0p5_0p02_0053_0002.uasset" 6563
"../../../Engine/Content/EngineMaterials/Substrate/GLints/dict_16_192_64_0p5_0p02_0053_0005.uasset" 6564
"../../../Engine/Content/EngineMaterials/Substrate/GLints/dict_16_192_64_0p5_0p02_0053_0006.uasset" 6565
"../../../Engine/Content/EngineMaterials/Substrate/GLints/dict_16_192_64_0p5_0p02_0053_0004.uasset" 6566
"../../../Engine/Content/EngineMaterials/Substrate/GLints/dict_16_192_64_0p5_0p02_0052_0012.uasset" 6567
"../../../Engine/Content/EngineMaterials/Substrate/GLints/dict_16_192_64_0p5_0p02_0053_0001.uasset" 6568
"../../../Engine/Content/EngineMaterials/Substrate/GLints/dict_16_192_64_0p5_0p02_0053_0000.uasset" 6569
"/Engine/EngineMaterials/Substrate/GLints/dict_16_192_64_0p5_0p02_0053_0006" 6570
"/Engine/EngineMaterials/Substrate/GLints/dict_16_192_64_0p5_0p02_0053_0005" 6571
"/Engine/EngineMaterials/Substrate/GLints/dict_16_192_64_0p5_0p02_0053_0004" 6572
"/Engine/EngineMaterials/Substrate/GLints/dict_16_192_64_0p5_0p02_0053_0003" 6573
"/Engine/EngineMaterials/Substrate/GLints/dict_16_192_64_0p5_0p02_0053_0002" 6574
"/Engine/EngineMaterials/Substrate/GLints/dict_16_192_64_0p5_0p02_0053_0000" 6575
"/Engine/EngineMaterials/Substrate/GLints/dict_16_192_64_0p5_0p02_0052_0015" 6576
"/Engine/EngineMaterials/Substrate/GLints/dict_16_192_64_0p5_0p02_0052_0014" 6577
"/Engine/EngineMaterials/Substrate/GLints/dict_16_192_64_0p5_0p02_0053_0001" 6578
"/Engine/EngineMaterials/Substrate/GLints/dict_16_192_64_0p5_0p02_0052_0013" 6579
"/Engine/EngineMaterials/Substrate/GLints/dict_16_192_64_0p5_0p02_0052_0012" 6580
"/Engine/EngineMaterials/Substrate/GLints/dict_16_192_64_0p5_0p02_0052_0011" 6581
"/Engine/EngineMaterials/Substrate/GLints/dict_16_192_64_0p5_0p02_0052_0010" 6582
"/Engine/EngineMaterials/Substrate/GLints/dict_16_192_64_0p5_0p02_0052_0009" 6583
"/Engine/EngineMaterials/Substrate/GLints/dict_16_192_64_0p5_0p02_0052_0008" 6584
"/Engine/EngineMaterials/Substrate/GLints/dict_16_192_64_0p5_0p02_0052_0007" 6585
"/Engine/EngineMaterials/Substrate/GLints/dict_16_192_64_0p5_0p02_0052_0006" 6586
"/Engine/EngineMaterials/Substrate/GLints/dict_16_192_64_0p5_0p02_0052_0005" 6587
"/Engine/EngineMaterials/Substrate/GLints/dict_16_192_64_0p5_0p02_0052_0004" 6588
"/Engine/EngineMaterials/Substrate/GLints/dict_16_192_64_0p5_0p02_0053_0007" 6589
"/Engine/EngineMaterials/Substrate/GLints/dict_16_192_64_0p5_0p02_0052_0002" 6590
"/Engine/EngineMaterials/Substrate/GLints/dict_16_192_64_0p5_0p02_0052_0001" 6591
"/Engine/EngineMaterials/Substrate/GLints/dict_16_192_64_0p5_0p02_0052_0000" 6592
"/Engine/EngineMaterials/Substrate/GLints/dict_16_192_64_0p5_0p02_0051_0015" 6593
"/Engine/EngineMaterials/Substrate/GLints/dict_16_192_64_0p5_0p02_0051_0014" 6594
"/Engine/EngineMaterials/Substrate/GLints/dict_16_192_64_0p5_0p02_0051_0013" 6595
"/Engine/EngineMaterials/Substrate/GLints/dict_16_192_64_0p5_0p02_0051_0012" 6596
"/Engine/EngineMaterials/Substrate/GLints/dict_16_192_64_0p5_0p02_0051_0011" 6597
"/Engine/EngineMaterials/Substrate/GLints/dict_16_192_64_0p5_0p02_0051_0010" 6598
"/Engine/EngineMaterials/Substrate/GLints/dict_16_192_64_0p5_0p02_0051_0009" 6599
"/Engine/EngineMaterials/Substrate/GLints/dict_16_192_64_0p5_0p02_0051_0008" 6600
"/Engine/EngineMaterials/Substrate/GLints/dict_16_192_64_0p5_0p02_0051_0007" 6601
"../../../Engine/Content/EngineMaterials/Substrate/GLints/dict_16_192_64_0p5_0p02_0053_0010.uasset" 6602
"../../../Engine/Content/EngineMaterials/Substrate/GLints/dict_16_192_64_0p5_0p02_0054_0003.uasset" 6603
"../../../Engine/Content/EngineMaterials/Substrate/GLints/dict_16_192_64_0p5_0p02_0054_0004.uasset" 6604
"../../../Engine/Content/EngineMaterials/Substrate/GLints/dict_16_192_64_0p5_0p02_0053_0011.uasset" 6605
"../../../Engine/Content/EngineMaterials/Substrate/GLints/dict_16_192_64_0p5_0p02_0053_0014.uasset" 6606
"../../../Engine/Content/EngineMaterials/Substrate/GLints/dict_16_192_64_0p5_0p02_0053_0009.uasset" 6607
"../../../Engine/Content/EngineMaterials/Substrate/GLints/dict_16_192_64_0p5_0p02_0054_0009.uasset" 6608
"../../../Engine/Content/EngineMaterials/Substrate/GLints/dict_16_192_64_0p5_0p02_0054_0006.uasset" 6609
"../../../Engine/Content/EngineMaterials/Substrate/GLints/dict_16_192_64_0p5_0p02_0053_0008.uasset" 6610
"../../../Engine/Content/EngineMaterials/Substrate/GLints/dict_16_192_64_0p5_0p02_0054_0002.uasset" 6611
"../../../Engine/Content/EngineMaterials/Substrate/GLints/dict_16_192_64_0p5_0p02_0053_0013.uasset" 6612
"../../../Engine/Content/EngineMaterials/Substrate/GLints/dict_16_192_64_0p5_0p02_0054_0000.uasset" 6613
"../../../Engine/Content/EngineMaterials/Substrate/GLints/dict_16_192_64_0p5_0p02_0053_0012.uasset" 6614
"../../../Engine/Content/EngineMaterials/Substrate/GLints/dict_16_192_64_0p5_0p02_0054_0001.uasset" 6615
"../../../Engine/Content/EngineMaterials/Substrate/GLints/dict_16_192_64_0p5_0p02_0053_0015.uasset" 6616
"../../../Engine/Content/EngineMaterials/Substrate/GLints/dict_16_192_64_0p5_0p02_0054_0007.uasset" 6617
"../../../Engine/Content/EngineMaterials/Substrate/GLints/dict_16_192_64_0p5_0p02_0054_0005.uasset" 6618
"../../../Engine/Content/EngineMaterials/Substrate/GLints/dict_16_192_64_0p5_0p02_0054_0008.uasset" 6619
"../../../Engine/Content/EngineMaterials/Substrate/GLints/dict_16_192_64_0p5_0p02_0054_0012.uasset" 6620
"../../../Engine/Content/EngineMaterials/Substrate/GLints/dict_16_192_64_0p5_0p02_0055_0005.uasset" 6621
"../../../Engine/Content/EngineMaterials/Substrate/GLints/dict_16_192_64_0p5_0p02_0054_0014.uasset" 6622
"../../../Engine/Content/EngineMaterials/Substrate/GLints/dict_16_192_64_0p5_0p02_0054_0013.uasset" 6623
"../../../Engine/Content/EngineMaterials/Substrate/GLints/dict_16_192_64_0p5_0p02_0054_0010.uasset" 6624
"../../../Engine/Content/EngineMaterials/Substrate/GLints/dict_16_192_64_0p5_0p02_0055_0001.uasset" 6625
"../../../Engine/Content/EngineMaterials/Substrate/GLints/dict_16_192_64_0p5_0p02_0054_0015.uasset" 6626
"../../../Engine/Content/EngineMaterials/Substrate/GLints/dict_16_192_64_0p5_0p02_0054_0011.uasset" 6627
"../../../Engine/Content/EngineMaterials/Substrate/GLints/dict_16_192_64_0p5_0p02_0055_0002.uasset" 6628
"../../../Engine/Content/EngineMaterials/Substrate/GLints/dict_16_192_64_0p5_0p02_0055_0006.uasset" 6629
"../../../Engine/Content/EngineMaterials/Substrate/GLints/dict_16_192_64_0p5_0p02_0055_0003.uasset" 6630
"../../../Engine/Content/EngineMaterials/Substrate/GLints/dict_16_192_64_0p5_0p02_0055_0000.uasset" 6631
"../../../Engine/Content/EngineMaterials/Substrate/GLints/dict_16_192_64_0p5_0p02_0055_0004.uasset" 6632
"../../../Engine/Content/EngineMaterials/Substrate/GLints/dict_16_192_64_0p5_0p02_0055_0007.uasset" 6633
"/Engine/EngineMaterials/Substrate/GLints/dict_16_192_64_0p5_0p02_0055_0007" 6634
"/Engine/EngineMaterials/Substrate/GLints/dict_16_192_64_0p5_0p02_0055_0006" 6635
"/Engine/EngineMaterials/Substrate/GLints/dict_16_192_64_0p5_0p02_0055_0005" 6636
"/Engine/EngineMaterials/Substrate/GLints/dict_16_192_64_0p5_0p02_0055_0004" 6637
"/Engine/EngineMaterials/Substrate/GLints/dict_16_192_64_0p5_0p02_0055_0003" 6638
"/Engine/EngineMaterials/Substrate/GLints/dict_16_192_64_0p5_0p02_0055_0002" 6639
"/Engine/EngineMaterials/Substrate/GLints/dict_16_192_64_0p5_0p02_0055_0001" 6640
"/Engine/EngineMaterials/Substrate/GLints/dict_16_192_64_0p5_0p02_0055_0000" 6641
"/Engine/EngineMaterials/Substrate/GLints/dict_16_192_64_0p5_0p02_0054_0015" 6642
"/Engine/EngineMaterials/Substrate/GLints/dict_16_192_64_0p5_0p02_0054_0014" 6643
"/Engine/EngineMaterials/Substrate/GLints/dict_16_192_64_0p5_0p02_0054_0013" 6644
"/Engine/EngineMaterials/Substrate/GLints/dict_16_192_64_0p5_0p02_0054_0012" 6645
"/Engine/EngineMaterials/Substrate/GLints/dict_16_192_64_0p5_0p02_0054_0011" 6646
"/Engine/EngineMaterials/Substrate/GLints/dict_16_192_64_0p5_0p02_0054_0010" 6647
"/Engine/EngineMaterials/Substrate/GLints/dict_16_192_64_0p5_0p02_0054_0009" 6648
"/Engine/EngineMaterials/Substrate/GLints/dict_16_192_64_0p5_0p02_0054_0008" 6649
"/Engine/EngineMaterials/Substrate/GLints/dict_16_192_64_0p5_0p02_0054_0007" 6650
"/Engine/EngineMaterials/Substrate/GLints/dict_16_192_64_0p5_0p02_0054_0006" 6651
"/Engine/EngineMaterials/Substrate/GLints/dict_16_192_64_0p5_0p02_0054_0005" 6652
"/Engine/EngineMaterials/Substrate/GLints/dict_16_192_64_0p5_0p02_0054_0004" 6653
"/Engine/EngineMaterials/Substrate/GLints/dict_16_192_64_0p5_0p02_0054_0003" 6654
"/Engine/EngineMaterials/Substrate/GLints/dict_16_192_64_0p5_0p02_0054_0002" 6655
"/Engine/EngineMaterials/Substrate/GLints/dict_16_192_64_0p5_0p02_0054_0001" 6656
"/Engine/EngineMaterials/Substrate/GLints/dict_16_192_64_0p5_0p02_0054_0000" 6657
"/Engine/EngineMaterials/Substrate/GLints/dict_16_192_64_0p5_0p02_0053_0015" 6658
"/Engine/EngineMaterials/Substrate/GLints/dict_16_192_64_0p5_0p02_0053_0014" 6659
"/Engine/EngineMaterials/Substrate/GLints/dict_16_192_64_0p5_0p02_0053_0013" 6660
"/Engine/EngineMaterials/Substrate/GLints/dict_16_192_64_0p5_0p02_0053_0012" 6661
"/Engine/EngineMaterials/Substrate/GLints/dict_16_192_64_0p5_0p02_0053_0011" 6662
"/Engine/EngineMaterials/Substrate/GLints/dict_16_192_64_0p5_0p02_0053_0010" 6663
"/Engine/EngineMaterials/Substrate/GLints/dict_16_192_64_0p5_0p02_0053_0009" 6664
"/Engine/EngineMaterials/Substrate/GLints/dict_16_192_64_0p5_0p02_0053_0008" 6665
"../../../Engine/Content/EngineMaterials/Substrate/GLints/dict_16_192_64_0p5_0p02_0055_0008.uasset" 6666
"../../../Engine/Content/EngineMaterials/Substrate/GLints/dict_16_192_64_0p5_0p02_0055_0010.uasset" 6667
"../../../Engine/Content/EngineMaterials/Substrate/GLints/dict_16_192_64_0p5_0p02_0055_0009.uasset" 6668
"../../../Engine/Content/EngineMaterials/Substrate/GLints/dict_16_192_64_0p5_0p02_0055_0012.uasset" 6669
"../../../Engine/Content/EngineMaterials/Substrate/GLints/dict_16_192_64_0p5_0p02_0055_0011.uasset" 6670
"../../../Engine/Content/EngineMaterials/Substrate/GLints/dict_16_192_64_0p5_0p02_0055_0013.uasset" 6671
"../../../Engine/Content/EngineMaterials/Substrate/GLints/dict_16_192_64_0p5_0p02_0055_0015.uasset" 6672
"../../../Engine/Content/EngineMaterials/Substrate/GLints/dict_16_192_64_0p5_0p02_0056_0000.uasset" 6673
"../../../Engine/Content/EngineMaterials/Substrate/GLints/dict_16_192_64_0p5_0p02_0055_0014.uasset" 6674
"../../../Engine/Content/EngineMaterials/Substrate/GLints/dict_16_192_64_0p5_0p02_0056_0001.uasset" 6675
"../../../Engine/Content/EngineMaterials/Substrate/GLints/dict_16_192_64_0p5_0p02_0056_0006.uasset" 6676
"../../../Engine/Content/EngineMaterials/Substrate/GLints/dict_16_192_64_0p5_0p02_0056_0002.uasset" 6677
"../../../Engine/Content/EngineMaterials/Substrate/GLints/dict_16_192_64_0p5_0p02_0056_0003.uasset" 6678
"../../../Engine/Content/EngineMaterials/Substrate/GLints/dict_16_192_64_0p5_0p02_0056_0005.uasset" 6679
"../../../Engine/Content/EngineMaterials/Substrate/GLints/dict_16_192_64_0p5_0p02_0056_0004.uasset" 6680
"../../../Engine/Content/EngineMaterials/Substrate/GLints/dict_16_192_64_0p5_0p02_0056_0007.uasset" 6681
"../../../Engine/Content/EngineMaterials/Substrate/GLints/dict_16_192_64_0p5_0p02_0056_0011.uasset" 6682
"../../../Engine/Content/EngineMaterials/Substrate/GLints/dict_16_192_64_0p5_0p02_0056_0010.uasset" 6683
"../../../Engine/Content/EngineMaterials/Substrate/GLints/dict_16_192_64_0p5_0p02_0056_0008.uasset" 6684
"../../../Engine/Content/EngineMaterials/Substrate/GLints/dict_16_192_64_0p5_0p02_0056_0012.uasset" 6685
"../../../Engine/Content/EngineMaterials/Substrate/GLints/dict_16_192_64_0p5_0p02_0056_0013.uasset" 6686
"../../../Engine/Content/EngineMaterials/Substrate/GLints/dict_16_192_64_0p5_0p02_0057_0001.uasset" 6687
"../../../Engine/Content/EngineMaterials/Substrate/GLints/dict_16_192_64_0p5_0p02_0056_0009.uasset" 6688
"../../../Engine/Content/EngineMaterials/Substrate/GLints/dict_16_192_64_0p5_0p02_0057_0000.uasset" 6689
"../../../Engine/Content/EngineMaterials/Substrate/GLints/dict_16_192_64_0p5_0p02_0056_0014.uasset" 6690
"../../../Engine/Content/EngineMaterials/Substrate/GLints/dict_16_192_64_0p5_0p02_0057_0003.uasset" 6691
"../../../Engine/Content/EngineMaterials/Substrate/GLints/dict_16_192_64_0p5_0p02_0056_0015.uasset" 6692
"../../../Engine/Content/EngineMaterials/Substrate/GLints/dict_16_192_64_0p5_0p02_0057_0002.uasset" 6693
"../../../Engine/Content/EngineMaterials/Substrate/GLints/dict_16_192_64_0p5_0p02_0057_0005.uasset" 6694
"../../../Engine/Content/EngineMaterials/Substrate/GLints/dict_16_192_64_0p5_0p02_0057_0006.uasset" 6695
"/Engine/EngineMaterials/Substrate/GLints/dict_16_192_64_0p5_0p02_0057_0006" 6696
"../../../Engine/Content/EngineMaterials/Substrate/GLints/dict_16_192_64_0p5_0p02_0057_0004.uasset" 6697
"/Engine/EngineMaterials/Substrate/GLints/dict_16_192_64_0p5_0p02_0057_0005" 6698
"/Engine/EngineMaterials/Substrate/GLints/dict_16_192_64_0p5_0p02_0057_0003" 6699
"/Engine/EngineMaterials/Substrate/GLints/dict_16_192_64_0p5_0p02_0057_0002" 6700
"/Engine/EngineMaterials/Substrate/GLints/dict_16_192_64_0p5_0p02_0057_0001" 6701
"/Engine/EngineMaterials/Substrate/GLints/dict_16_192_64_0p5_0p02_0057_0000" 6702
"../../../Engine/Content/EngineMaterials/Substrate/GLints/dict_16_192_64_0p5_0p02_0057_0007.uasset" 6703
"/Engine/EngineMaterials/Substrate/GLints/dict_16_192_64_0p5_0p02_0056_0015" 6704
"/Engine/EngineMaterials/Substrate/GLints/dict_16_192_64_0p5_0p02_0056_0014" 6705
"/Engine/EngineMaterials/Substrate/GLints/dict_16_192_64_0p5_0p02_0056_0013" 6706
"/Engine/EngineMaterials/Substrate/GLints/dict_16_192_64_0p5_0p02_0056_0012" 6707
"/Engine/EngineMaterials/Substrate/GLints/dict_16_192_64_0p5_0p02_0056_0011" 6708
"/Engine/EngineMaterials/Substrate/GLints/dict_16_192_64_0p5_0p02_0056_0010" 6709
"/Engine/EngineMaterials/Substrate/GLints/dict_16_192_64_0p5_0p02_0056_0009" 6710
"/Engine/EngineMaterials/Substrate/GLints/dict_16_192_64_0p5_0p02_0056_0008" 6711
"/Engine/EngineMaterials/Substrate/GLints/dict_16_192_64_0p5_0p02_0056_0007" 6712
"/Engine/EngineMaterials/Substrate/GLints/dict_16_192_64_0p5_0p02_0056_0006" 6713
"/Engine/EngineMaterials/Substrate/GLints/dict_16_192_64_0p5_0p02_0056_0005" 6714
"/Engine/EngineMaterials/Substrate/GLints/dict_16_192_64_0p5_0p02_0056_0004" 6715
"/Engine/EngineMaterials/Substrate/GLints/dict_16_192_64_0p5_0p02_0056_0003" 6716
"/Engine/EngineMaterials/Substrate/GLints/dict_16_192_64_0p5_0p02_0056_0002" 6717
"/Engine/EngineMaterials/Substrate/GLints/dict_16_192_64_0p5_0p02_0056_0001" 6718
"/Engine/EngineMaterials/Substrate/GLints/dict_16_192_64_0p5_0p02_0056_0000" 6719
"/Engine/EngineMaterials/Substrate/GLints/dict_16_192_64_0p5_0p02_0055_0015" 6720
"/Engine/EngineMaterials/Substrate/GLints/dict_16_192_64_0p5_0p02_0055_0014" 6721
"/Engine/EngineMaterials/Substrate/GLints/dict_16_192_64_0p5_0p02_0055_0013" 6722
"/Engine/EngineMaterials/Substrate/GLints/dict_16_192_64_0p5_0p02_0055_0012" 6723
"/Engine/EngineMaterials/Substrate/GLints/dict_16_192_64_0p5_0p02_0055_0011" 6724
"/Engine/EngineMaterials/Substrate/GLints/dict_16_192_64_0p5_0p02_0055_0010" 6725
"/Engine/EngineMaterials/Substrate/GLints/dict_16_192_64_0p5_0p02_0055_0009" 6726
"/Engine/EngineMaterials/Substrate/GLints/dict_16_192_64_0p5_0p02_0055_0008" 6727
"/Engine/EngineMaterials/Substrate/GLints/dict_16_192_64_0p5_0p02_0057_0007" 6728
"/Engine/EngineMaterials/Substrate/GLints/dict_16_192_64_0p5_0p02_0057_0004" 6729
"../../../Engine/Content/EngineMaterials/Substrate/GLints/dict_16_192_64_0p5_0p02_0057_0009.uasset" 6730
"../../../Engine/Content/EngineMaterials/Substrate/GLints/dict_16_192_64_0p5_0p02_0057_0008.uasset" 6731
"../../../Engine/Content/EngineMaterials/Substrate/GLints/dict_16_192_64_0p5_0p02_0057_0010.uasset" 6732
"../../../Engine/Content/EngineMaterials/Substrate/GLints/dict_16_192_64_0p5_0p02_0057_0012.uasset" 6733
"../../../Engine/Content/EngineMaterials/Substrate/GLints/dict_16_192_64_0p5_0p02_0057_0011.uasset" 6734
"../../../Engine/Content/EngineMaterials/Substrate/GLints/dict_16_192_64_0p5_0p02_0057_0015.uasset" 6735
"../../../Engine/Content/EngineMaterials/Substrate/GLints/dict_16_192_64_0p5_0p02_0057_0013.uasset" 6736
"../../../Engine/Content/EngineMaterials/Substrate/GLints/dict_16_192_64_0p5_0p02_0057_0014.uasset" 6737
"../../../Engine/Content/EngineMaterials/Substrate/GLints/dict_16_192_64_0p5_0p02_0058_0001.uasset" 6738
"../../../Engine/Content/EngineMaterials/Substrate/GLints/dict_16_192_64_0p5_0p02_0058_0003.uasset" 6739
"../../../Engine/Content/EngineMaterials/Substrate/GLints/dict_16_192_64_0p5_0p02_0058_0002.uasset" 6740
"../../../Engine/Content/EngineMaterials/Substrate/GLints/dict_16_192_64_0p5_0p02_0058_0000.uasset" 6741
"../../../Engine/Content/EngineMaterials/Substrate/GLints/dict_16_192_64_0p5_0p02_0058_0010.uasset" 6742
"/Engine/EngineMaterials/Substrate/GLints/dict_16_192_64_0p5_0p02_0058_0010" 6743
"/Engine/EngineMaterials/Substrate/GLints/dict_16_192_64_0p5_0p02_0058_0003" 6744
"../../../Engine/Content/EngineMaterials/Substrate/GLints/dict_16_192_64_0p5_0p02_0058_0012.uasset" 6745
"/Engine/EngineMaterials/Substrate/GLints/dict_16_192_64_0p5_0p02_0058_0002" 6746
"/Engine/EngineMaterials/Substrate/GLints/dict_16_192_64_0p5_0p02_0058_0001" 6747
"/Engine/EngineMaterials/Substrate/GLints/dict_16_192_64_0p5_0p02_0058_0000" 6748
"/Engine/EngineMaterials/Substrate/GLints/dict_16_192_64_0p5_0p02_0057_0015" 6749
"/Engine/EngineMaterials/Substrate/GLints/dict_16_192_64_0p5_0p02_0057_0014" 6750
"/Engine/EngineMaterials/Substrate/GLints/dict_16_192_64_0p5_0p02_0057_0013" 6751
"/Engine/EngineMaterials/Substrate/GLints/dict_16_192_64_0p5_0p02_0057_0012" 6752
"../../../Engine/Content/EngineMaterials/Substrate/GLints/dict_16_192_64_0p5_0p02_0058_0007.uasset" 6753
"../../../Engine/Content/EngineMaterials/Substrate/GLints/dict_16_192_64_0p5_0p02_0058_0011.uasset" 6754
"../../../Engine/Content/EngineMaterials/Substrate/GLints/dict_16_192_64_0p5_0p02_0058_0006.uasset" 6755
"/Engine/EngineMaterials/Substrate/GLints/dict_16_192_64_0p5_0p02_0057_0011" 6756
"../../../Engine/Content/EngineMaterials/Substrate/GLints/dict_16_192_64_0p5_0p02_0058_0004.uasset" 6757
"/Engine/EngineMaterials/Substrate/GLints/dict_16_192_64_0p5_0p02_0057_0010" 6758
"../../../Engine/Content/EngineMaterials/Substrate/GLints/dict_16_192_64_0p5_0p02_0058_0009.uasset" 6759
"/Engine/EngineMaterials/Substrate/GLints/dict_16_192_64_0p5_0p02_0057_0009" 6760
"../../../Engine/Content/EngineMaterials/Substrate/GLints/dict_16_192_64_0p5_0p02_0058_0005.uasset" 6761
"/Engine/EngineMaterials/Substrate/GLints/dict_16_192_64_0p5_0p02_0057_0008" 6762
"../../../Engine/Content/EngineMaterials/Substrate/GLints/dict_16_192_64_0p5_0p02_0058_0013.uasset" 6763
"../../../Engine/Content/EngineMaterials/Substrate/GLints/dict_16_192_64_0p5_0p02_0059_0003.uasset" 6764
"/Engine/EngineMaterials/Substrate/GLints/dict_16_192_64_0p5_0p02_0058_0013" 6765
"../../../Engine/Content/EngineMaterials/Substrate/GLints/dict_16_192_64_0p5_0p02_0058_0015.uasset" 6766
"/Engine/EngineMaterials/Substrate/GLints/dict_16_192_64_0p5_0p02_0058_0012" 6767
"/Engine/EngineMaterials/Substrate/GLints/dict_16_192_64_0p5_0p02_0058_0011" 6768
"../../../Engine/Content/EngineMaterials/Substrate/GLints/dict_16_192_64_0p5_0p02_0059_0006.uasset" 6769
"/Engine/EngineMaterials/Substrate/GLints/dict_16_192_64_0p5_0p02_0058_0009" 6770
"/Engine/EngineMaterials/Substrate/GLints/dict_16_192_64_0p5_0p02_0058_0007" 6771
"/Engine/EngineMaterials/Substrate/GLints/dict_16_192_64_0p5_0p02_0058_0006" 6772
"../../../Engine/Content/EngineMaterials/Substrate/GLints/dict_16_192_64_0p5_0p02_0058_0014.uasset" 6773
"../../../Engine/Content/EngineMaterials/Substrate/GLints/dict_16_192_64_0p5_0p02_0059_0009.uasset" 6774
"/Engine/EngineMaterials/Substrate/GLints/dict_16_192_64_0p5_0p02_0058_0005" 6775
"/Engine/EngineMaterials/Substrate/GLints/dict_16_192_64_0p5_0p02_0058_0004" 6776
"/Engine/EngineMaterials/Substrate/GLints/dict_16_192_64_0p5_0p02_0059_0006" 6777
"../../../Engine/Content/EngineMaterials/Substrate/GLints/dict_16_192_64_0p5_0p02_0058_0008.uasset" 6778
"/Engine/EngineMaterials/Substrate/GLints/dict_16_192_64_0p5_0p02_0059_0003" 6779
"../../../Engine/Content/EngineMaterials/Substrate/GLints/dict_16_192_64_0p5_0p02_0059_0000.uasset" 6780
"../../../Engine/Content/EngineMaterials/Substrate/GLints/dict_16_192_64_0p5_0p02_0059_0001.uasset" 6781
"../../../Engine/Content/EngineMaterials/Substrate/GLints/dict_16_192_64_0p5_0p02_0059_0002.uasset" 6782
"/Engine/EngineMaterials/Substrate/GLints/dict_16_192_64_0p5_0p02_0058_0015" 6783
"/Engine/EngineMaterials/Substrate/GLints/dict_16_192_64_0p5_0p02_0058_0014" 6784
"/Engine/EngineMaterials/Substrate/GLints/dict_16_192_64_0p5_0p02_0059_0009" 6785
"/Engine/EngineMaterials/Substrate/GLints/dict_16_192_64_0p5_0p02_0059_0002" 6786
"../../../Engine/Content/EngineMaterials/Substrate/GLints/dict_16_192_64_0p5_0p02_0059_0004.uasset" 6787
"../../../Engine/Content/EngineMaterials/Substrate/GLints/dict_16_192_64_0p5_0p02_0059_0005.uasset" 6788
"/Engine/EngineMaterials/Substrate/GLints/dict_16_192_64_0p5_0p02_0059_0001" 6789
"/Engine/EngineMaterials/Substrate/GLints/dict_16_192_64_0p5_0p02_0059_0000" 6790
"/Engine/EngineMaterials/Substrate/GLints/dict_16_192_64_0p5_0p02_0058_0008" 6791
"/Engine/EngineMaterials/Substrate/GLints/dict_16_192_64_0p5_0p02_0059_0005" 6792
"/Engine/EngineMaterials/Substrate/GLints/dict_16_192_64_0p5_0p02_0059_0004" 6793
"../../../Engine/Content/EngineMaterials/Substrate/GLints/dict_16_192_64_0p5_0p02_0059_0010.uasset" 6794
"../../../Engine/Content/EngineMaterials/Substrate/GLints/dict_16_192_64_0p5_0p02_0059_0015.uasset" 6795
"../../../Engine/Content/EngineMaterials/Substrate/GLints/dict_16_192_64_0p5_0p02_0059_0013.uasset" 6796
"../../../Engine/Content/EngineMaterials/Substrate/GLints/dict_16_192_64_0p5_0p02_0059_0008.uasset" 6797
"../../../Engine/Content/EngineMaterials/Substrate/GLints/dict_16_192_64_0p5_0p02_0059_0011.uasset" 6798
"../../../Engine/Content/EngineMaterials/Substrate/GLints/dict_16_192_64_0p5_0p02_0059_0014.uasset" 6799
"../../../Engine/Content/EngineMaterials/Substrate/GLints/dict_16_192_64_0p5_0p02_0060_0000.uasset" 6800
"../../../Engine/Content/EngineMaterials/Substrate/GLints/dict_16_192_64_0p5_0p02_0060_0003.uasset" 6801
"../../../Engine/Content/EngineMaterials/Substrate/GLints/dict_16_192_64_0p5_0p02_0060_0001.uasset" 6802
"../../../Engine/Content/EngineMaterials/Substrate/GLints/dict_16_192_64_0p5_0p02_0060_0008.uasset" 6803
"../../../Engine/Content/EngineMaterials/Substrate/GLints/dict_16_192_64_0p5_0p02_0060_0004.uasset" 6804
"../../../Engine/Content/EngineMaterials/Substrate/GLints/dict_16_192_64_0p5_0p02_0059_0007.uasset" 6805
"../../../Engine/Content/EngineMaterials/Substrate/GLints/dict_16_192_64_0p5_0p02_0059_0012.uasset" 6806
"../../../Engine/Content/EngineMaterials/Substrate/GLints/dict_16_192_64_0p5_0p02_0060_0002.uasset" 6807
"../../../Engine/Content/EngineMaterials/Substrate/GLints/dict_16_192_64_0p5_0p02_0060_0005.uasset" 6808
"../../../Engine/Content/EngineMaterials/Substrate/GLints/dict_16_192_64_0p5_0p02_0060_0009.uasset" 6809
"../../../Engine/Content/EngineMaterials/Substrate/GLints/dict_16_192_64_0p5_0p02_0060_0012.uasset" 6810
"../../../Engine/Content/EngineMaterials/Substrate/GLints/dict_16_192_64_0p5_0p02_0060_0010.uasset" 6811
"/Engine/EngineMaterials/Substrate/GLints/dict_16_192_64_0p5_0p02_0059_0007" 6812
"/Engine/EngineMaterials/Substrate/GLints/dict_16_192_64_0p5_0p02_0060_0012" 6813
"/Engine/EngineMaterials/Substrate/GLints/dict_16_192_64_0p5_0p02_0060_0010" 6814
"/Engine/EngineMaterials/Substrate/GLints/dict_16_192_64_0p5_0p02_0060_0004" 6815
"../../../Engine/Content/EngineMaterials/Substrate/GLints/dict_16_192_64_0p5_0p02_0061_0004.uasset" 6816
"/Engine/EngineMaterials/Substrate/GLints/dict_16_192_64_0p5_0p02_0060_0009" 6817
"../../../Engine/Content/EngineMaterials/Substrate/GLints/dict_16_192_64_0p5_0p02_0060_0006.uasset" 6818
"../../../Engine/Content/EngineMaterials/Substrate/GLints/dict_16_192_64_0p5_0p02_0060_0013.uasset" 6819
"../../../Engine/Content/EngineMaterials/Substrate/GLints/dict_16_192_64_0p5_0p02_0060_0007.uasset" 6820
"/Engine/EngineMaterials/Substrate/GLints/dict_16_192_64_0p5_0p02_0060_0008" 6821
"/Engine/EngineMaterials/Substrate/GLints/dict_16_192_64_0p5_0p02_0060_0005" 6822
"/Engine/EngineMaterials/Substrate/GLints/dict_16_192_64_0p5_0p02_0060_0003" 6823
"../../../Engine/Content/EngineMaterials/Substrate/GLints/dict_16_192_64_0p5_0p02_0061_0001.uasset" 6824
"../../../Engine/Content/EngineMaterials/Substrate/GLints/dict_16_192_64_0p5_0p02_0060_0011.uasset" 6825
"/Engine/EngineMaterials/Substrate/GLints/dict_16_192_64_0p5_0p02_0060_0002" 6826
"../../../Engine/Content/EngineMaterials/Substrate/GLints/dict_16_192_64_0p5_0p02_0060_0015.uasset" 6827
"/Engine/EngineMaterials/Substrate/GLints/dict_16_192_64_0p5_0p02_0060_0001" 6828
"../../../Engine/Content/EngineMaterials/Substrate/GLints/dict_16_192_64_0p5_0p02_0061_0005.uasset" 6829
"/Engine/EngineMaterials/Substrate/GLints/dict_16_192_64_0p5_0p02_0060_0000" 6830
"../../../Engine/Content/EngineMaterials/Substrate/GLints/dict_16_192_64_0p5_0p02_0061_0000.uasset" 6831
"/Engine/EngineMaterials/Substrate/GLints/dict_16_192_64_0p5_0p02_0059_0015" 6832
"/Engine/EngineMaterials/Substrate/GLints/dict_16_192_64_0p5_0p02_0059_0014" 6833
"../../../Engine/Content/EngineMaterials/Substrate/GLints/dict_16_192_64_0p5_0p02_0061_0003.uasset" 6834
"/Engine/EngineMaterials/Substrate/GLints/dict_16_192_64_0p5_0p02_0059_0013" 6835
"/Engine/EngineMaterials/Substrate/GLints/dict_16_192_64_0p5_0p02_0059_0012" 6836
"../../../Engine/Content/EngineMaterials/Substrate/GLints/dict_16_192_64_0p5_0p02_0061_0002.uasset" 6837
"../../../Engine/Content/EngineMaterials/Substrate/GLints/dict_16_192_64_0p5_0p02_0060_0014.uasset" 6838
"/Engine/EngineMaterials/Substrate/GLints/dict_16_192_64_0p5_0p02_0059_0011" 6839
"/Engine/EngineMaterials/Substrate/GLints/dict_16_192_64_0p5_0p02_0059_0010" 6840
"/Engine/EngineMaterials/Substrate/GLints/dict_16_192_64_0p5_0p02_0059_0008" 6841
"/Engine/EngineMaterials/Substrate/GLints/dict_16_192_64_0p5_0p02_0061_0001" 6842
"/Engine/EngineMaterials/Substrate/GLints/dict_16_192_64_0p5_0p02_0061_0000" 6843
"/Engine/EngineMaterials/Substrate/GLints/dict_16_192_64_0p5_0p02_0061_0005" 6844
"/Engine/EngineMaterials/Substrate/GLints/dict_16_192_64_0p5_0p02_0061_0004" 6845
"../../../Engine/Content/EngineMaterials/Substrate/GLints/dict_16_192_64_0p5_0p02_0061_0007.uasset" 6846
"/Engine/EngineMaterials/Substrate/GLints/dict_16_192_64_0p5_0p02_0061_0003" 6847
"/Engine/EngineMaterials/Substrate/GLints/dict_16_192_64_0p5_0p02_0060_0015" 6848
"/Engine/EngineMaterials/Substrate/GLints/dict_16_192_64_0p5_0p02_0060_0014" 6849
"../../../Engine/Content/EngineMaterials/Substrate/GLints/dict_16_192_64_0p5_0p02_0061_0006.uasset" 6850
"/Engine/EngineMaterials/Substrate/GLints/dict_16_192_64_0p5_0p02_0060_0011" 6851
"/Engine/EngineMaterials/Substrate/GLints/dict_16_192_64_0p5_0p02_0061_0002" 6852
"/Engine/EngineMaterials/Substrate/GLints/dict_16_192_64_0p5_0p02_0060_0007" 6853
"/Engine/EngineMaterials/Substrate/GLints/dict_16_192_64_0p5_0p02_0060_0006" 6854
"/Engine/EngineMaterials/Substrate/GLints/dict_16_192_64_0p5_0p02_0060_0013" 6855
"/Engine/EngineMaterials/Substrate/GLints/dict_16_192_64_0p5_0p02_0061_0007" 6856
"/Engine/EngineMaterials/Substrate/GLints/dict_16_192_64_0p5_0p02_0061_0006" 6857
"../../../Engine/Content/EngineMaterials/Substrate/GLints/dict_16_192_64_0p5_0p02_0061_0008.uasset" 6858
"../../../Engine/Content/EngineMaterials/Substrate/GLints/dict_16_192_64_0p5_0p02_0061_0009.uasset" 6859
"../../../Engine/Content/EngineMaterials/Substrate/GLints/dict_16_192_64_0p5_0p02_0061_0013.uasset" 6860
"../../../Engine/Content/EngineMaterials/Substrate/GLints/dict_16_192_64_0p5_0p02_0061_0014.uasset" 6861
"../../../Engine/Content/EngineMaterials/Substrate/GLints/dict_16_192_64_0p5_0p02_0061_0010.uasset" 6862
"../../../Engine/Content/EngineMaterials/Substrate/GLints/dict_16_192_64_0p5_0p02_0061_0011.uasset" 6863
"../../../Engine/Content/EngineMaterials/Substrate/GLints/dict_16_192_64_0p5_0p02_0062_0001.uasset" 6864
"../../../Engine/Content/EngineMaterials/Substrate/GLints/dict_16_192_64_0p5_0p02_0062_0003.uasset" 6865
"../../../Engine/Content/EngineMaterials/Substrate/GLints/dict_16_192_64_0p5_0p02_0061_0012.uasset" 6866
"../../../Engine/Content/EngineMaterials/Substrate/GLints/dict_16_192_64_0p5_0p02_0061_0015.uasset" 6867
"../../../Engine/Content/EngineMaterials/Substrate/GLints/dict_16_192_64_0p5_0p02_0062_0002.uasset" 6868
"../../../Engine/Content/EngineMaterials/Substrate/GLints/dict_16_192_64_0p5_0p02_0062_0000.uasset" 6869
"../../../Engine/Content/EngineMaterials/Substrate/GLints/dict_16_192_64_0p5_0p02_0062_0007.uasset" 6870
"../../../Engine/Content/EngineMaterials/Substrate/GLints/dict_16_192_64_0p5_0p02_0062_0004.uasset" 6871
"../../../Engine/Content/EngineMaterials/Substrate/GLints/dict_16_192_64_0p5_0p02_0062_0005.uasset" 6872
"../../../Engine/Content/EngineMaterials/Substrate/GLints/dict_16_192_64_0p5_0p02_0062_0006.uasset" 6873
"/Engine/EngineMaterials/Substrate/GLints/dict_16_192_64_0p5_0p02_0062_0007" 6874
"/Engine/EngineMaterials/Substrate/GLints/dict_16_192_64_0p5_0p02_0062_0006" 6875
"../../../Engine/Content/EngineMaterials/Substrate/GLints/dict_16_192_64_0p5_0p02_0062_0008.uasset" 6876
"/Engine/EngineMaterials/Substrate/GLints/dict_16_192_64_0p5_0p02_0062_0005" 6877
"../../../Engine/Content/EngineMaterials/Substrate/GLints/dict_16_192_64_0p5_0p02_0062_0009.uasset" 6878
"/Engine/EngineMaterials/Substrate/GLints/dict_16_192_64_0p5_0p02_0062_0004" 6879
"/Engine/EngineMaterials/Substrate/GLints/dict_16_192_64_0p5_0p02_0062_0003" 6880
"/Engine/EngineMaterials/Substrate/GLints/dict_16_192_64_0p5_0p02_0062_0002" 6881
"/Engine/EngineMaterials/Substrate/GLints/dict_16_192_64_0p5_0p02_0062_0001" 6882
"/Engine/EngineMaterials/Substrate/GLints/dict_16_192_64_0p5_0p02_0062_0000" 6883
"../../../Engine/Content/EngineMaterials/Substrate/GLints/dict_16_192_64_0p5_0p02_0062_0012.uasset" 6884
"/Engine/EngineMaterials/Substrate/GLints/dict_16_192_64_0p5_0p02_0061_0015" 6885
"../../../Engine/Content/EngineMaterials/Substrate/GLints/dict_16_192_64_0p5_0p02_0062_0011.uasset" 6886
"../../../Engine/Content/EngineMaterials/Substrate/GLints/dict_16_192_64_0p5_0p02_0062_0014.uasset" 6887
"/Engine/EngineMaterials/Substrate/GLints/dict_16_192_64_0p5_0p02_0061_0014" 6888
"/Engine/EngineMaterials/Substrate/GLints/dict_16_192_64_0p5_0p02_0061_0013" 6889
"/Engine/EngineMaterials/Substrate/GLints/dict_16_192_64_0p5_0p02_0061_0012" 6890
"/Engine/EngineMaterials/Substrate/GLints/dict_16_192_64_0p5_0p02_0061_0011" 6891
"/Engine/EngineMaterials/Substrate/GLints/dict_16_192_64_0p5_0p02_0061_0010" 6892
"/Engine/EngineMaterials/Substrate/GLints/dict_16_192_64_0p5_0p02_0061_0009" 6893
"/Engine/EngineMaterials/Substrate/GLints/dict_16_192_64_0p5_0p02_0061_0008" 6894
"/Engine/EngineMaterials/Substrate/GLints/dict_16_192_64_0p5_0p02_0062_0009" 6895
"/Engine/EngineMaterials/Substrate/GLints/dict_16_192_64_0p5_0p02_0062_0008" 6896
"../../../Engine/Content/EngineMaterials/Substrate/GLints/dict_16_192_64_0p5_0p02_0063_0000.uasset" 6897
"/Engine/EngineMaterials/Substrate/GLints/dict_16_192_64_0p5_0p02_0062_0014" 6898
"/Engine/EngineMaterials/Substrate/GLints/dict_16_192_64_0p5_0p02_0062_0012" 6899
"../../../Engine/Content/EngineMaterials/Substrate/GLints/dict_16_192_64_0p5_0p02_0062_0010.uasset" 6900
"/Engine/EngineMaterials/Substrate/GLints/dict_16_192_64_0p5_0p02_0062_0011" 6901
"../../../Engine/Content/EngineMaterials/Substrate/GLints/dict_16_192_64_0p5_0p02_0063_0002.uasset" 6902
"../../../Engine/Content/EngineMaterials/Substrate/GLints/dict_16_192_64_0p5_0p02_0062_0015.uasset" 6903
"/Engine/EngineMaterials/Substrate/GLints/dict_16_192_64_0p5_0p02_0063_0002" 6904
"/Engine/EngineMaterials/Substrate/GLints/dict_16_192_64_0p5_0p02_0063_0000" 6905
"../../../Engine/Content/EngineMaterials/Substrate/GLints/dict_16_192_64_0p5_0p02_0062_0013.uasset" 6906
"/Engine/EngineMaterials/Substrate/GLints/dict_16_192_64_0p5_0p02_0062_0015" 6907
"/Engine/EngineMaterials/Substrate/GLints/dict_16_192_64_0p5_0p02_0062_0010" 6908
"../../../Engine/Content/EngineMaterials/Substrate/GLints/dict_16_192_64_0p5_0p02_0063_0003.uasset" 6909
"/Engine/EngineMaterials/Substrate/GLints/dict_16_192_64_0p5_0p02_0063_0003" 6910
"../../../Engine/Content/EngineMaterials/Substrate/GLints/dict_16_192_64_0p5_0p02_0063_0009.uasset" 6911
"/Engine/EngineMaterials/Substrate/GLints/dict_16_192_64_0p5_0p02_0062_0013" 6912
"/Engine/EngineMaterials/Substrate/GLints/dict_16_192_64_0p5_0p02_0063_0009" 6913
"../../../Engine/Content/EngineMaterials/Substrate/GLints/dict_16_192_64_0p5_0p02_0063_0001.uasset" 6914
"../../../Engine/Content/EngineMaterials/Substrate/GLints/dict_16_192_64_0p5_0p02_0063_0004.uasset" 6915
"../../../Engine/Content/EngineMaterials/Substrate/GLints/dict_16_192_64_0p5_0p02_0063_0006.uasset" 6916
"../../../Engine/Content/EngineMaterials/Substrate/GLints/dict_16_192_64_0p5_0p02_0063_0007.uasset" 6917
"../../../Engine/Content/EngineMaterials/Substrate/GLints/dict_16_192_64_0p5_0p02_0063_0005.uasset" 6918
"../../../Engine/Content/EngineMaterials/Substrate/GLints/dict_16_192_64_0p5_0p02_0063_0010.uasset" 6919
"../../../Engine/Content/EngineMaterials/Substrate/GLints/dict_16_192_64_0p5_0p02_0063_0008.uasset" 6920
"../../../Engine/Content/EngineMaterials/Substrate/GLints/dict_16_192_64_0p5_0p02_0063_0011.uasset" 6921
"../../../Engine/Content/EngineMaterials/Substrate/GLints/dict_16_192_64_0p5_0p02_0063_0012.uasset" 6922
"../../../Engine/Content/EngineMaterials/Substrate/GLints/dict_16_192_64_0p5_0p02_0063_0013.uasset" 6923
"../../../Engine/Content/EngineMaterials/Substrate/Glints2/dict_0000_0003.uasset" 6924
"../../../Engine/Content/EngineMaterials/Substrate/GLints/dict_16_192_64_0p5_0p02_0063_0014.uasset" 6925
"../../../Engine/Content/EngineMaterials/Substrate/Glints2/dict_0000_0004.uasset" 6926
"../../../Engine/Content/EngineMaterials/Substrate/GLints/AGlintTex2dArray.uasset" 6927
"../../../Engine/Content/EngineMaterials/Substrate/Glints2/dict_0000_0008.uasset" 6928
"../../../Engine/Content/EngineMaterials/Substrate/Glints2/dict_0000_0001.uasset" 6929
"../../../Engine/Content/EngineMaterials/Substrate/GLints/dict_16_192_64_0p5_0p02_0063_0015.uasset" 6930
"../../../Engine/Content/EngineMaterials/Substrate/Glints2/dict_0000_0000.uasset" 6931
"../../../Engine/Content/EngineMaterials/Substrate/Glints2/dict_0000_0010.uasset" 6932
"../../../Engine/Content/EngineMaterials/Substrate/Glints2/dict_0000_0002.uasset" 6933
"../../../Engine/Content/EngineMaterials/Substrate/Glints2/dict_0000_0005.uasset" 6934
"../../../Engine/Content/EngineMaterials/Substrate/Glints2/dict_0000_0007.uasset" 6935
"../../../Engine/Content/EngineMaterials/Substrate/Glints2/dict_0000_0013.uasset" 6936
"../../../Engine/Content/EngineMaterials/Substrate/Glints2/dict_0000_0006.uasset" 6937
"/Engine/EngineMaterials/Substrate/GLints/dict_16_192_64_0p5_0p02_0063_0007" 6938
"../../../Engine/Content/EngineMaterials/Substrate/Glints2/dict_0000_0009.uasset" 6939
"/Engine/EngineMaterials/Substrate/GLints/dict_16_192_64_0p5_0p02_0063_0006" 6940
"/Engine/EngineMaterials/Substrate/GLints/dict_16_192_64_0p5_0p02_0063_0005" 6941
"/Engine/EngineMaterials/Substrate/GLints/dict_16_192_64_0p5_0p02_0063_0004" 6942
"/Engine/EngineMaterials/Substrate/GLints/dict_16_192_64_0p5_0p02_0063_0001" 6943
"/Engine/EngineMaterials/Substrate/Glints2/dict_0000_0013" 6944
"/Engine/EngineMaterials/Substrate/Glints2/dict_0000_0010" 6945
"/Engine/EngineMaterials/Substrate/Glints2/dict_0000_0006" 6946
"/Engine/EngineMaterials/Substrate/Glints2/dict_0000_0005" 6947
"../../../Engine/Content/EngineMaterials/Substrate/Glints2/dict_0000_0011.uasset" 6948
"../../../Engine/Content/EngineMaterials/Substrate/Glints2/dict_0000_0015.uasset" 6949
"../../../Engine/Content/EngineMaterials/Substrate/Glints2/dict_0000_0012.uasset" 6950
"/Engine/EngineMaterials/Substrate/Glints2/dict_0000_0004" 6951
"../../../Engine/Content/EngineMaterials/Substrate/Glints2/dict_0000_0017.uasset" 6952
"../../../Engine/Content/EngineMaterials/Substrate/Glints2/dict_0000_0016.uasset" 6953
"/Engine/EngineMaterials/Substrate/Glints2/dict_0000_0003" 6954
"/Engine/EngineMaterials/Substrate/Glints2/dict_0000_0008" 6955
"/Engine/EngineMaterials/Substrate/Glints2/dict_0000_0007" 6956
"../../../Engine/Content/EngineMaterials/Substrate/Glints2/dict_0000_0014.uasset" 6957
"/Engine/EngineMaterials/Substrate/Glints2/dict_0000_0002" 6958
"/Engine/EngineMaterials/Substrate/Glints2/dict_0000_0001" 6959
"/Engine/EngineMaterials/Substrate/Glints2/dict_0000_0000" 6960
"/Engine/EngineMaterials/Substrate/GLints/AGlintTex2dArray" 6961
"../../../Engine/Content/EngineMaterials/Substrate/Glints2/dict_0000_0018.uasset" 6962
"/Engine/EngineMaterials/Substrate/Glints2/dict_0000_0011" 6963
"/Engine/EngineMaterials/Substrate/Glints2/dict_0000_0017" 6964
"../../../Engine/Content/EngineMaterials/Substrate/Glints2/dict_0000_0021.uasset" 6965
"/Engine/EngineMaterials/Substrate/Glints2/dict_0000_0015" 6966
"/Engine/EngineMaterials/Substrate/Glints2/dict_0000_0014" 6967
"/Engine/EngineMaterials/Substrate/Glints2/dict_0000_0009" 6968
"/Engine/EngineMaterials/Substrate/Glints2/dict_0000_0016" 6969
"/Engine/EngineMaterials/Substrate/Glints2/dict_0000_0018" 6970
"/Engine/EngineMaterials/Substrate/Glints2/dict_0000_0012" 6971
"/Engine/EngineMaterials/Substrate/Glints2/dict_0000_0021" 6972
"../../../Engine/Content/EngineMaterials/Substrate/Glints2/dict_0000_0020.uasset" 6973
"../../../Engine/Content/EngineMaterials/Substrate/Glints2/dict_0000_0022.uasset" 6974
"../../../Engine/Content/EngineMaterials/Substrate/Glints2/dict_0000_0019.uasset" 6975
"../../../Engine/Content/EngineMaterials/Substrate/Glints2/dict_0000_0026.uasset" 6976
"../../../Engine/Content/EngineMaterials/Substrate/Glints2/dict_0000_0024.uasset" 6977
"../../../Engine/Content/EngineMaterials/Substrate/Glints2/dict_0000_0023.uasset" 6978
"../../../Engine/Content/EngineMaterials/Substrate/Glints2/dict_0000_0025.uasset" 6979
"../../../Engine/Content/EngineMaterials/Substrate/Glints2/dict_0000_0028.uasset" 6980
"../../../Engine/Content/EngineMaterials/Substrate/Glints2/dict_0000_0027.uasset" 6981
"../../../Engine/Content/EngineMaterials/Substrate/Glints2/dict_0000_0031.uasset" 6982
"../../../Engine/Content/EngineMaterials/Substrate/Glints2/dict_0000_0029.uasset" 6983
"../../../Engine/Content/EngineMaterials/Substrate/Glints2/dict_0000_0034.uasset" 6984
"../../../Engine/Content/EngineMaterials/Substrate/Glints2/dict_0000_0032.uasset" 6985
"../../../Engine/Content/EngineMaterials/Substrate/Glints2/dict_0000_0035.uasset" 6986
"../../../Engine/Content/EngineMaterials/Substrate/Glints2/dict_0000_0037.uasset" 6987
"../../../Engine/Content/EngineMaterials/Substrate/Glints2/dict_0000_0030.uasset" 6988
"../../../Engine/Content/EngineMaterials/Substrate/Glints2/dict_0000_0039.uasset" 6989
"../../../Engine/Content/EngineMaterials/Substrate/Glints2/dict_0000_0041.uasset" 6990
"../../../Engine/Content/EngineMaterials/Substrate/Glints2/dict_0000_0036.uasset" 6991
"../../../Engine/Content/EngineMaterials/Substrate/Glints2/dict_0000_0033.uasset" 6992
"../../../Engine/Content/EngineMaterials/Substrate/Glints2/dict_0000_0038.uasset" 6993
"../../../Engine/Content/EngineMaterials/Substrate/Glints2/dict_0000_0044.uasset" 6994
"../../../Engine/Content/EngineMaterials/Substrate/Glints2/dict_0000_0045.uasset" 6995
"../../../Engine/Content/EngineMaterials/Substrate/Glints2/dict_0000_0040.uasset" 6996
"../../../Engine/Content/EngineMaterials/Substrate/Glints2/dict_0000_0043.uasset" 6997
"../../../Engine/Content/EngineMaterials/Substrate/Glints2/dict_0000_0042.uasset" 6998
"../../../Engine/Content/EngineMaterials/Substrate/Glints2/dict_0000_0049.uasset" 6999
"../../../Engine/Content/EngineMaterials/Substrate/Glints2/dict_0000_0046.uasset" 7000
"../../../Engine/Content/EngineMaterials/Substrate/Glints2/dict_0000_0047.uasset" 7001
"../../../Engine/Content/EngineMaterials/Substrate/Glints2/dict_0000_0051.uasset" 7002
"../../../Engine/Content/EngineMaterials/Substrate/Glints2/dict_0000_0050.uasset" 7003
"../../../Engine/Content/EngineMaterials/Substrate/Glints2/dict_0000_0048.uasset" 7004
"/Engine/EngineMaterials/Substrate/Glints2/dict_0000_0050" 7005
"/Engine/EngineMaterials/Substrate/Glints2/dict_0000_0042" 7006
"/Engine/EngineMaterials/Substrate/Glints2/dict_0000_0041" 7007
"/Engine/EngineMaterials/Substrate/Glints2/dict_0000_0040" 7008
"/Engine/EngineMaterials/Substrate/Glints2/dict_0000_0039" 7009
"/Engine/EngineMaterials/Substrate/Glints2/dict_0000_0049" 7010
"/Engine/EngineMaterials/Substrate/Glints2/dict_0000_0048" 7011
"/Engine/EngineMaterials/Substrate/Glints2/dict_0000_0038" 7012
"/Engine/EngineMaterials/Substrate/Glints2/dict_0000_0047" 7013
"/Engine/EngineMaterials/Substrate/Glints2/dict_0000_0037" 7014
"/Engine/EngineMaterials/Substrate/Glints2/dict_0000_0036" 7015
"/Engine/EngineMaterials/Substrate/Glints2/dict_0000_0046" 7016
"/Engine/EngineMaterials/Substrate/Glints2/dict_0000_0035" 7017
"/Engine/EngineMaterials/Substrate/Glints2/dict_0000_0034" 7018
"/Engine/EngineMaterials/Substrate/Glints2/dict_0000_0033" 7019
"/Engine/EngineMaterials/Substrate/Glints2/dict_0000_0045" 7020
"/Engine/EngineMaterials/Substrate/Glints2/dict_0000_0032" 7021
"/Engine/EngineMaterials/Substrate/Glints2/dict_0000_0031" 7022
"/Engine/EngineMaterials/Substrate/Glints2/dict_0000_0030" 7023
"/Engine/EngineMaterials/Substrate/Glints2/dict_0000_0029" 7024
"/Engine/EngineMaterials/Substrate/Glints2/dict_0000_0028" 7025
"/Engine/EngineMaterials/Substrate/Glints2/dict_0000_0027" 7026
"/Engine/EngineMaterials/Substrate/Glints2/dict_0000_0026" 7027
"/Engine/EngineMaterials/Substrate/Glints2/dict_0000_0025" 7028
"/Engine/EngineMaterials/Substrate/Glints2/dict_0000_0024" 7029
"/Engine/EngineMaterials/Substrate/Glints2/dict_0000_0023" 7030
"/Engine/EngineMaterials/Substrate/Glints2/dict_0000_0022" 7031
"/Engine/EngineMaterials/Substrate/Glints2/dict_0000_0051" 7032
"/Engine/EngineMaterials/Substrate/Glints2/dict_0000_0020" 7033
"/Engine/EngineMaterials/Substrate/Glints2/dict_0000_0044" 7034
"/Engine/EngineMaterials/Substrate/Glints2/dict_0000_0043" 7035
"/Engine/EngineMaterials/Substrate/Glints2/dict_0000_0019" 7036
"../../../Engine/Content/EngineMaterials/Substrate/Glints2/dict_0000_0053.uasset" 7037
"../../../Engine/Content/EngineMaterials/Substrate/Glints2/dict_0000_0052.uasset" 7038
"/Engine/EngineMaterials/Substrate/Glints2/dict_0000_0053" 7039
"../../../Engine/Content/EngineMaterials/Substrate/Glints2/dict_0000_0054.uasset" 7040
"/Engine/EngineMaterials/Substrate/Glints2/dict_0000_0052" 7041
"../../../Engine/Content/EngineMaterials/Substrate/Glints2/dict_0000_0055.uasset" 7042
"/Engine/EngineMaterials/Substrate/Glints2/dict_0000_0055" 7043
"/Engine/EngineMaterials/Substrate/Glints2/dict_0000_0054" 7044
"../../../Engine/Content/EngineMaterials/Substrate/Glints2/dict_0000_0056.uasset" 7045
"../../../Engine/Content/EngineMaterials/Substrate/Glints2/dict_0000_0057.uasset" 7046
"../../../Engine/Content/EngineMaterials/Substrate/Glints2/dict_0000_0058.uasset" 7047
"../../../Engine/Content/EngineMaterials/Substrate/Glints2/dict_0000_0059.uasset" 7048
"../../../Engine/Content/EngineMaterials/Substrate/Glints2/dict_0000_0060.uasset" 7049
"../../../Engine/Content/EngineMaterials/Substrate/Glints2/dict_0000_0063.uasset" 7050
"../../../Engine/Content/EngineMaterials/Substrate/Glints2/dict_0000_0062.uasset" 7051
"../../../Engine/Content/EngineMaterials/Substrate/Glints2/dict_0000_0061.uasset" 7052
"../../../Engine/Content/EngineMaterials/Substrate/Glints2/dict_0000_0071.uasset" 7053
"../../../Engine/Content/EngineMaterials/Substrate/Glints2/dict_0000_0065.uasset" 7054
"../../../Engine/Content/EngineMaterials/Substrate/Glints2/dict_0000_0066.uasset" 7055
"../../../Engine/Content/EngineMaterials/Substrate/Glints2/dict_0000_0064.uasset" 7056
"../../../Engine/Content/EngineMaterials/Substrate/Glints2/dict_0000_0067.uasset" 7057
"../../../Engine/Content/EngineMaterials/Substrate/Glints2/dict_0000_0074.uasset" 7058
"../../../Engine/Content/EngineMaterials/Substrate/Glints2/dict_0000_0068.uasset" 7059
"../../../Engine/Content/EngineMaterials/Substrate/Glints2/dict_0000_0069.uasset" 7060
"../../../Engine/Content/EngineMaterials/Substrate/Glints2/dict_0000_0070.uasset" 7061
"../../../Engine/Content/EngineMaterials/Substrate/Glints2/dict_0000_0079.uasset" 7062
"../../../Engine/Content/EngineMaterials/Substrate/Glints2/dict_0000_0075.uasset" 7063
"../../../Engine/Content/EngineMaterials/Substrate/Glints2/dict_0000_0076.uasset" 7064
"../../../Engine/Content/EngineMaterials/Substrate/Glints2/dict_0000_0073.uasset" 7065
"../../../Engine/Content/EngineMaterials/Substrate/Glints2/dict_0000_0077.uasset" 7066
"../../../Engine/Content/EngineMaterials/Substrate/Glints2/dict_0000_0072.uasset" 7067
"../../../Engine/Content/EngineMaterials/Substrate/Glints2/dict_0000_0078.uasset" 7068
"../../../Engine/Content/EngineMaterials/Substrate/Glints2/dict_0000_0084.uasset" 7069
"/Engine/EngineMaterials/Substrate/Glints2/dict_0000_0079" 7070
"/Engine/EngineMaterials/Substrate/Glints2/dict_0000_0078" 7071
"../../../Engine/Content/EngineMaterials/Substrate/Glints2/dict_0000_0081.uasset" 7072
"/Engine/EngineMaterials/Substrate/Glints2/dict_0000_0077" 7073
"/Engine/EngineMaterials/Substrate/Glints2/dict_0000_0076" 7074
"/Engine/EngineMaterials/Substrate/Glints2/dict_0000_0075" 7075
"../../../Engine/Content/EngineMaterials/Substrate/Glints2/dict_0000_0082.uasset" 7076
"/Engine/EngineMaterials/Substrate/Glints2/dict_0000_0074" 7077
"../../../Engine/Content/EngineMaterials/Substrate/Glints2/dict_0000_0083.uasset" 7078
"/Engine/EngineMaterials/Substrate/Glints2/dict_0000_0073" 7079
"../../../Engine/Content/EngineMaterials/Substrate/Glints2/dict_0000_0087.uasset" 7080
"/Engine/EngineMaterials/Substrate/Glints2/dict_0000_0072" 7081
"/Engine/EngineMaterials/Substrate/Glints2/dict_0000_0071" 7082
"../../../Engine/Content/EngineMaterials/Substrate/Glints2/dict_0000_0080.uasset" 7083
"/Engine/EngineMaterials/Substrate/Glints2/dict_0000_0070" 7084
"/Engine/EngineMaterials/Substrate/Glints2/dict_0000_0069" 7085
"/Engine/EngineMaterials/Substrate/Glints2/dict_0000_0068" 7086
"../../../Engine/Content/EngineMaterials/Substrate/Glints2/dict_0000_0085.uasset" 7087
"/Engine/EngineMaterials/Substrate/Glints2/dict_0000_0067" 7088
"/Engine/EngineMaterials/Substrate/Glints2/dict_0000_0066" 7089
"/Engine/EngineMaterials/Substrate/Glints2/dict_0000_0065" 7090
"/Engine/EngineMaterials/Substrate/Glints2/dict_0000_0064" 7091
"/Engine/EngineMaterials/Substrate/Glints2/dict_0000_0063" 7092
"/Engine/EngineMaterials/Substrate/Glints2/dict_0000_0062" 7093
"/Engine/EngineMaterials/Substrate/Glints2/dict_0000_0061" 7094
"../../../Engine/Content/EngineMaterials/Substrate/Glints2/dict_0000_0086.uasset" 7095
"/Engine/EngineMaterials/Substrate/Glints2/dict_0000_0060" 7096
"/Engine/EngineMaterials/Substrate/Glints2/dict_0000_0059" 7097
"/Engine/EngineMaterials/Substrate/Glints2/dict_0000_0058" 7098
"/Engine/EngineMaterials/Substrate/Glints2/dict_0000_0057" 7099
"/Engine/EngineMaterials/Substrate/Glints2/dict_0000_0056" 7100
"/Engine/EngineMaterials/Substrate/Glints2/dict_0000_0084" 7101
"/Engine/EngineMaterials/Substrate/Glints2/dict_0000_0083" 7102
"/Engine/EngineMaterials/Substrate/Glints2/dict_0000_0082" 7103
"/Engine/EngineMaterials/Substrate/Glints2/dict_0000_0081" 7104
"/Engine/EngineMaterials/Substrate/Glints2/dict_0000_0080" 7105
"/Engine/EngineMaterials/Substrate/Glints2/dict_0000_0087" 7106
"/Engine/EngineMaterials/Substrate/Glints2/dict_0000_0086" 7107
"/Engine/EngineMaterials/Substrate/Glints2/dict_0000_0085" 7108
"../../../Engine/Content/EngineMaterials/Substrate/Glints2/dict_0000_0088.uasset" 7109
"../../../Engine/Content/EngineMaterials/Substrate/Glints2/dict_0000_0090.uasset" 7110
"../../../Engine/Content/EngineMaterials/Substrate/Glints2/dict_0000_0089.uasset" 7111
"../../../Engine/Content/EngineMaterials/Substrate/Glints2/dict_0000_0091.uasset" 7112
"../../../Engine/Content/EngineMaterials/Substrate/Glints2/dict_0000_0093.uasset" 7113
"../../../Engine/Content/EngineMaterials/Substrate/Glints2/dict_0000_0094.uasset" 7114
"../../../Engine/Content/EngineMaterials/Substrate/Glints2/dict_0000_0092.uasset" 7115
"/Engine/EngineMaterials/Substrate/Glints2/dict_0000_0094" 7116
"/Engine/EngineMaterials/Substrate/Glints2/dict_0000_0093" 7117
"/Engine/EngineMaterials/Substrate/Glints2/dict_0000_0092" 7118
"/Engine/EngineMaterials/Substrate/Glints2/dict_0000_0091" 7119
"../../../Engine/Content/EngineMaterials/Substrate/Glints2/dict_0000_0095.uasset" 7120
"/Engine/EngineMaterials/Substrate/Glints2/dict_0000_0090" 7121
"/Engine/EngineMaterials/Substrate/Glints2/dict_0000_0089" 7122
"/Engine/EngineMaterials/Substrate/Glints2/dict_0000_0088" 7123
"/Engine/EngineMaterials/Substrate/Glints2/dict_0000_0095" 7124
"../../../Engine/Content/EngineMaterials/Substrate/Glints2/dict_0000_0096.uasset" 7125
"../../../Engine/Content/EngineMaterials/Substrate/Glints2/dict_0000_0098.uasset" 7126
"../../../Engine/Content/EngineMaterials/Substrate/Glints2/dict_0000_0099.uasset" 7127
"../../../Engine/Content/EngineMaterials/Substrate/Glints2/dict_0000_0097.uasset" 7128
"../../../Engine/Content/EngineMaterials/Substrate/Glints2/dict_0000_0104.uasset" 7129
"../../../Engine/Content/EngineMaterials/Substrate/Glints2/dict_0000_0100.uasset" 7130
"../../../Engine/Content/EngineMaterials/Substrate/Glints2/dict_0000_0102.uasset" 7131
"../../../Engine/Content/EngineMaterials/Substrate/Glints2/dict_0000_0108.uasset" 7132
"../../../Engine/Content/EngineMaterials/Substrate/Glints2/dict_0000_0103.uasset" 7133
"../../../Engine/Content/EngineMaterials/Substrate/Glints2/dict_0000_0107.uasset" 7134
"../../../Engine/Content/EngineMaterials/Substrate/Glints2/dict_0000_0105.uasset" 7135
"/Engine/EngineMaterials/Substrate/Glints2/dict_0000_0108" 7136
"../../../Engine/Content/EngineMaterials/Substrate/Glints2/dict_0000_0106.uasset" 7137
"/Engine/EngineMaterials/Substrate/Glints2/dict_0000_0107" 7138
"../../../Engine/Content/EngineMaterials/Substrate/Glints2/dict_0000_0101.uasset" 7139
"/Engine/EngineMaterials/Substrate/Glints2/dict_0000_0105" 7140
"../../../Engine/Content/EngineMaterials/Substrate/Glints2/dict_0000_0115.uasset" 7141
"/Engine/EngineMaterials/Substrate/Glints2/dict_0000_0104" 7142
"/Engine/EngineMaterials/Substrate/Glints2/dict_0000_0103" 7143
"../../../Engine/Content/EngineMaterials/Substrate/Glints2/dict_0000_0116.uasset" 7144
"/Engine/EngineMaterials/Substrate/Glints2/dict_0000_0102" 7145
"../../../Engine/Content/EngineMaterials/Substrate/Glints2/dict_0000_0112.uasset" 7146
"/Engine/EngineMaterials/Substrate/Glints2/dict_0000_0100" 7147
"../../../Engine/Content/EngineMaterials/Substrate/Glints2/dict_0000_0111.uasset" 7148
"/Engine/EngineMaterials/Substrate/Glints2/dict_0000_0099" 7149
"../../../Engine/Content/EngineMaterials/Substrate/Glints2/dict_0000_0110.uasset" 7150
"/Engine/EngineMaterials/Substrate/Glints2/dict_0000_0098" 7151
"/Engine/EngineMaterials/Substrate/Glints2/dict_0000_0097" 7152
"/Engine/EngineMaterials/Substrate/Glints2/dict_0000_0096" 7153
"../../../Engine/Content/EngineMaterials/Substrate/Glints2/dict_0000_0114.uasset" 7154
"/Engine/EngineMaterials/Substrate/Glints2/dict_0000_0116" 7155
"/Engine/EngineMaterials/Substrate/Glints2/dict_0000_0112" 7156
"/Engine/EngineMaterials/Substrate/Glints2/dict_0000_0111" 7157
"../../../Engine/Content/EngineMaterials/Substrate/Glints2/dict_0000_0113.uasset" 7158
"/Engine/EngineMaterials/Substrate/Glints2/dict_0000_0110" 7159
"../../../Engine/Content/EngineMaterials/Substrate/Glints2/dict_0000_0109.uasset" 7160
"/Engine/EngineMaterials/Substrate/Glints2/dict_0000_0106" 7161
"/Engine/EngineMaterials/Substrate/Glints2/dict_0000_0101" 7162
"../../../Engine/Content/EngineMaterials/Substrate/Glints2/dict_0000_0117.uasset" 7163
"../../../Engine/Content/EngineMaterials/Substrate/Glints2/dict_0000_0119.uasset" 7164
"/Engine/EngineMaterials/Substrate/Glints2/dict_0000_0115" 7165
"/Engine/EngineMaterials/Substrate/Glints2/dict_0000_0114" 7166
"/Engine/EngineMaterials/Substrate/Glints2/dict_0000_0119" 7167
"../../../Engine/Content/EngineMaterials/Substrate/Glints2/dict_0000_0127.uasset" 7168
"/Engine/EngineMaterials/Substrate/Glints2/dict_0000_0117" 7169
"../../../Engine/Content/EngineMaterials/Substrate/Glints2/dict_0000_0120.uasset" 7170
"../../../Engine/Content/EngineMaterials/Substrate/Glints2/dict_0000_0121.uasset" 7171
"/Engine/EngineMaterials/Substrate/Glints2/dict_0000_0109" 7172
"/Engine/EngineMaterials/Substrate/Glints2/dict_0000_0113" 7173
"../../../Engine/Content/EngineMaterials/Substrate/Glints2/dict_0000_0131.uasset" 7174
"../../../Engine/Content/EngineMaterials/Substrate/Glints2/dict_0000_0123.uasset" 7175
"/Engine/EngineMaterials/Substrate/Glints2/dict_0000_0127" 7176
"/Engine/EngineMaterials/Substrate/Glints2/dict_0000_0121" 7177
"/Engine/EngineMaterials/Substrate/Glints2/dict_0000_0120" 7178
"../../../Engine/Content/EngineMaterials/Substrate/Glints2/dict_0000_0132.uasset" 7179
"/Engine/EngineMaterials/Substrate/Glints2/dict_0000_0132" 7180
"../../../Engine/Content/EngineMaterials/Substrate/Glints2/dict_0000_0124.uasset" 7181
"/Engine/EngineMaterials/Substrate/Glints2/dict_0000_0131" 7182
"/Engine/EngineMaterials/Substrate/Glints2/dict_0000_0123" 7183
"/Engine/EngineMaterials/Substrate/Glints2/dict_0000_0124" 7184
"../../../Engine/Content/EngineMaterials/Substrate/Glints2/dict_0000_0126.uasset" 7185
"../../../Engine/Content/EngineMaterials/Substrate/Glints2/dict_0000_0122.uasset" 7186
"../../../Engine/Content/EngineMaterials/Substrate/Glints2/dict_0000_0130.uasset" 7187
"../../../Engine/Content/EngineMaterials/Substrate/Glints2/dict_0000_0125.uasset" 7188
"../../../Engine/Content/EngineMaterials/Substrate/Glints2/dict_0000_0118.uasset" 7189
"../../../Engine/Content/EngineMaterials/Substrate/Glints2/dict_0000_0129.uasset" 7190
"../../../Engine/Content/EngineMaterials/Substrate/Glints2/dict_0000_0133.uasset" 7191
"../../../Engine/Content/EngineMaterials/Substrate/Glints2/dict_0000_0134.uasset" 7192
"../../../Engine/Content/EngineMaterials/Substrate/Glints2/dict_0000_0128.uasset" 7193
"../../../Engine/Content/EngineMaterials/Substrate/Glints2/dict_0000_0135.uasset" 7194
"../../../Engine/Content/EngineMaterials/Substrate/Glints2/dict_0000_0139.uasset" 7195
"../../../Engine/Content/EngineMaterials/Substrate/Glints2/dict_0000_0137.uasset" 7196
"../../../Engine/Content/EngineMaterials/Substrate/Glints2/dict_0000_0136.uasset" 7197
"../../../Engine/Content/EngineMaterials/Substrate/Glints2/dict_0000_0141.uasset" 7198
"../../../Engine/Content/EngineMaterials/Substrate/Glints2/dict_0000_0143.uasset" 7199
"../../../Engine/Content/EngineMaterials/Substrate/Glints2/dict_0000_0142.uasset" 7200
"../../../Engine/Content/EngineMaterials/Substrate/Glints2/dict_0000_0138.uasset" 7201
"../../../Engine/Content/EngineMaterials/Substrate/Glints2/dict_0000_0140.uasset" 7202
"../../../Engine/Content/EngineMaterials/Substrate/Glints2/dict_0000_0149.uasset" 7203
"../../../Engine/Content/EngineMaterials/Substrate/Glints2/dict_0000_0144.uasset" 7204
"../../../Engine/Content/EngineMaterials/Substrate/Glints2/dict_0000_0145.uasset" 7205
"../../../Engine/Content/EngineMaterials/Substrate/Glints2/dict_0000_0154.uasset" 7206
"../../../Engine/Content/EngineMaterials/Substrate/Glints2/dict_0000_0146.uasset" 7207
"../../../Engine/Content/EngineMaterials/Substrate/Glints2/dict_0000_0157.uasset" 7208
"../../../Engine/Content/EngineMaterials/Substrate/Glints2/dict_0000_0148.uasset" 7209
"../../../Engine/Content/EngineMaterials/Substrate/Glints2/dict_0000_0147.uasset" 7210
"../../../Engine/Content/EngineMaterials/Substrate/Glints2/dict_0000_0151.uasset" 7211
"../../../Engine/Content/EngineMaterials/Substrate/Glints2/dict_0000_0155.uasset" 7212
"/Engine/EngineMaterials/Substrate/Glints2/dict_0000_0118" 7213
"/Engine/EngineMaterials/Substrate/Glints2/dict_0000_0149" 7214
"../../../Engine/Content/EngineMaterials/Substrate/Glints2/dict_0000_0150.uasset" 7215
"../../../Engine/Content/EngineMaterials/Substrate/Glints2/dict_0000_0152.uasset" 7216
"../../../Engine/Content/EngineMaterials/Substrate/Glints2/dict_0000_0153.uasset" 7217
"/Engine/EngineMaterials/Substrate/Glints2/dict_0000_0146" 7218
"/Engine/EngineMaterials/Substrate/Glints2/dict_0000_0145" 7219
"../../../Engine/Content/EngineMaterials/Substrate/Glints2/dict_0000_0156.uasset" 7220
"/Engine/EngineMaterials/Substrate/Glints2/dict_0000_0144" 7221
"/Engine/EngineMaterials/Substrate/Glints2/dict_0000_0143" 7222
"/Engine/EngineMaterials/Substrate/Glints2/dict_0000_0148" 7223
"/Engine/EngineMaterials/Substrate/Glints2/dict_0000_0138" 7224
"/Engine/EngineMaterials/Substrate/Glints2/dict_0000_0137" 7225
"/Engine/EngineMaterials/Substrate/Glints2/dict_0000_0142" 7226
"/Engine/EngineMaterials/Substrate/Glints2/dict_0000_0136" 7227
"/Engine/EngineMaterials/Substrate/Glints2/dict_0000_0135" 7228
"/Engine/EngineMaterials/Substrate/Glints2/dict_0000_0134" 7229
"/Engine/EngineMaterials/Substrate/Glints2/dict_0000_0133" 7230
"/Engine/EngineMaterials/Substrate/Glints2/dict_0000_0141" 7231
"/Engine/EngineMaterials/Substrate/Glints2/dict_0000_0155" 7232
"/Engine/EngineMaterials/Substrate/Glints2/dict_0000_0130" 7233
"/Engine/EngineMaterials/Substrate/Glints2/dict_0000_0129" 7234
"/Engine/EngineMaterials/Substrate/Glints2/dict_0000_0128" 7235
"/Engine/EngineMaterials/Substrate/Glints2/dict_0000_0126" 7236
"/Engine/EngineMaterials/Substrate/Glints2/dict_0000_0125" 7237
"/Engine/EngineMaterials/Substrate/Glints2/dict_0000_0157" 7238
"/Engine/EngineMaterials/Substrate/Glints2/dict_0000_0154" 7239
"/Engine/EngineMaterials/Substrate/Glints2/dict_0000_0122" 7240
"/Engine/EngineMaterials/Substrate/Glints2/dict_0000_0140" 7241
"/Engine/EngineMaterials/Substrate/Glints2/dict_0000_0139" 7242
"/Engine/EngineMaterials/Substrate/Glints2/dict_0000_0147" 7243
"/Engine/EngineMaterials/Substrate/Glints2/dict_0000_0151" 7244
"/Engine/EngineMaterials/Substrate/Glints2/dict_0000_0150" 7245
"/Engine/EngineMaterials/Substrate/Glints2/dict_0000_0156" 7246
"/Engine/EngineMaterials/Substrate/Glints2/dict_0000_0153" 7247
"/Engine/EngineMaterials/Substrate/Glints2/dict_0000_0152" 7248
"../../../Engine/Content/EngineMaterials/Substrate/Glints2/dict_0000_0158.uasset" 7249
"../../../Engine/Content/EngineMaterials/Substrate/Glints2/dict_0000_0164.uasset" 7250
"../../../Engine/Content/EngineMaterials/Substrate/Glints2/dict_0000_0160.uasset" 7251
"../../../Engine/Content/EngineMaterials/Substrate/Glints2/dict_0000_0162.uasset" 7252
"../../../Engine/Content/EngineMaterials/Substrate/Glints2/dict_0000_0166.uasset" 7253
"../../../Engine/Content/EngineMaterials/Substrate/Glints2/dict_0000_0172.uasset" 7254
"../../../Engine/Content/EngineMaterials/Substrate/Glints2/dict_0000_0163.uasset" 7255
"../../../Engine/Content/EngineMaterials/Substrate/Glints2/dict_0000_0167.uasset" 7256
"../../../Engine/Content/EngineMaterials/Substrate/Glints2/dict_0000_0170.uasset" 7257
"../../../Engine/Content/EngineMaterials/Substrate/Glints2/dict_0000_0176.uasset" 7258
"../../../Engine/Content/EngineMaterials/Substrate/Glints2/dict_0000_0169.uasset" 7259
"../../../Engine/Content/EngineMaterials/Substrate/Glints2/dict_0000_0165.uasset" 7260
"../../../Engine/Content/EngineMaterials/Substrate/Glints2/dict_0000_0161.uasset" 7261
"../../../Engine/Content/EngineMaterials/Substrate/Glints2/dict_0000_0159.uasset" 7262
"../../../Engine/Content/EngineMaterials/Substrate/Glints2/dict_0000_0171.uasset" 7263
"../../../Engine/Content/EngineMaterials/Substrate/Glints2/dict_0000_0168.uasset" 7264
"../../../Engine/Content/EngineMaterials/Substrate/Glints2/dict_0000_0180.uasset" 7265
"../../../Engine/Content/EngineMaterials/Substrate/Glints2/dict_0000_0183.uasset" 7266
"../../../Engine/Content/EngineMaterials/Substrate/Glints2/dict_0000_0177.uasset" 7267
"../../../Engine/Content/EngineMaterials/Substrate/Glints2/dict_0000_0179.uasset" 7268
"../../../Engine/Content/EngineMaterials/Substrate/Glints2/dict_0000_0188.uasset" 7269
"../../../Engine/Content/EngineMaterials/Substrate/Glints2/dict_0000_0174.uasset" 7270
"/Engine/EngineMaterials/Substrate/Glints2/dict_0000_0183" 7271
"/Engine/EngineMaterials/Substrate/Glints2/dict_0000_0180" 7272
"../../../Engine/Content/EngineMaterials/Substrate/Glints2/dict_0000_0184.uasset" 7273
"../../../Engine/Content/EngineMaterials/Substrate/Glints2/dict_0000_0173.uasset" 7274
"/Engine/EngineMaterials/Substrate/Glints2/dict_0000_0179" 7275
"/Engine/EngineMaterials/Substrate/Glints2/dict_0000_0177" 7276
"/Engine/EngineMaterials/Substrate/Glints2/dict_0000_0176" 7277
"../../../Engine/Content/EngineMaterials/Substrate/Glints2/dict_0000_0182.uasset" 7278
"../../../Engine/Content/EngineMaterials/Substrate/Glints2/dict_0000_0178.uasset" 7279
"/Engine/EngineMaterials/Substrate/Glints2/dict_0000_0174" 7280
"/Engine/EngineMaterials/Substrate/Glints2/dict_0000_0172" 7281
"/Engine/EngineMaterials/Substrate/Glints2/dict_0000_0171" 7282
"/Engine/EngineMaterials/Substrate/Glints2/dict_0000_0188" 7283
"../../../Engine/Content/EngineMaterials/Substrate/Glints2/dict_0000_0185.uasset" 7284
"../../../Engine/Content/EngineMaterials/Substrate/Glints2/dict_0000_0175.uasset" 7285
"../../../Engine/Content/EngineMaterials/Substrate/Glints2/dict_0000_0181.uasset" 7286
"/Engine/EngineMaterials/Substrate/Glints2/dict_0000_0170" 7287
"../../../Engine/Content/EngineMaterials/Substrate/Glints2/dict_0000_0189.uasset" 7288
"/Engine/EngineMaterials/Substrate/Glints2/dict_0000_0169" 7289
"../../../Engine/Content/EngineMaterials/Substrate/Glints2/dict_0000_0187.uasset" 7290
"/Engine/EngineMaterials/Substrate/Glints2/dict_0000_0168" 7291
"/Engine/EngineMaterials/Substrate/Glints2/dict_0000_0167" 7292
"/Engine/EngineMaterials/Substrate/Glints2/dict_0000_0166" 7293
"/Engine/EngineMaterials/Substrate/Glints2/dict_0000_0165" 7294
"/Engine/EngineMaterials/Substrate/Glints2/dict_0000_0164" 7295
"/Engine/EngineMaterials/Substrate/Glints2/dict_0000_0163" 7296
"../../../Engine/Content/EngineMaterials/Substrate/Glints2/dict_0000_0186.uasset" 7297
"/Engine/EngineMaterials/Substrate/Glints2/dict_0000_0162" 7298
"/Engine/EngineMaterials/Substrate/Glints2/dict_0000_0161" 7299
"/Engine/EngineMaterials/Substrate/Glints2/dict_0000_0160" 7300
"/Engine/EngineMaterials/Substrate/Glints2/dict_0000_0159" 7301
"/Engine/EngineMaterials/Substrate/Glints2/dict_0000_0158" 7302
"/Engine/EngineMaterials/Substrate/Glints2/dict_0000_0189" 7303
"/Engine/EngineMaterials/Substrate/Glints2/dict_0000_0185" 7304
"/Engine/EngineMaterials/Substrate/Glints2/dict_0000_0184" 7305
"/Engine/EngineMaterials/Substrate/Glints2/dict_0000_0182" 7306
"/Engine/EngineMaterials/Substrate/Glints2/dict_0000_0181" 7307
"/Engine/EngineMaterials/Substrate/Glints2/dict_0000_0178" 7308
"/Engine/EngineMaterials/Substrate/Glints2/dict_0000_0175" 7309
"/Engine/EngineMaterials/Substrate/Glints2/dict_0000_0173" 7310
"/Engine/EngineMaterials/Substrate/Glints2/dict_0000_0187" 7311
"/Engine/EngineMaterials/Substrate/Glints2/dict_0000_0186" 7312
"../../../Engine/Content/EngineMaterials/Substrate/Glints2/dict_0000_0201.uasset" 7313
"../../../Engine/Content/EngineMaterials/Substrate/Glints2/dict_0000_0199.uasset" 7314
"../../../Engine/Content/EngineMaterials/Substrate/Glints2/dict_0000_0193.uasset" 7315
"../../../Engine/Content/EngineMaterials/Substrate/Glints2/dict_0000_0194.uasset" 7316
"../../../Engine/Content/EngineMaterials/Substrate/Glints2/dict_0000_0203.uasset" 7317
"../../../Engine/Content/EngineMaterials/Substrate/Glints2/dict_0000_0192.uasset" 7318
"../../../Engine/Content/EngineMaterials/Substrate/Glints2/dict_0000_0200.uasset" 7319
"../../../Engine/Content/EngineMaterials/Substrate/Glints2/dict_0000_0202.uasset" 7320
"../../../Engine/Content/EngineMaterials/Substrate/Glints2/dict_0000_0191.uasset" 7321
"../../../Engine/Content/EngineMaterials/Substrate/Glints2/dict_0000_0204.uasset" 7322
"../../../Engine/Content/EngineMaterials/Substrate/Glints2/dict_0000_0195.uasset" 7323
"../../../Engine/Content/EngineMaterials/Substrate/Glints2/dict_0000_0198.uasset" 7324
"../../../Engine/Content/EngineMaterials/Substrate/Glints2/dict_0000_0196.uasset" 7325
"../../../Engine/Content/EngineMaterials/Substrate/Glints2/dict_0000_0197.uasset" 7326
"../../../Engine/Content/EngineMaterials/Substrate/Glints2/dict_0000_0205.uasset" 7327
"../../../Engine/Content/EngineMaterials/Substrate/Glints2/dict_0000_0190.uasset" 7328
"../../../Engine/Content/EngineMaterials/Substrate/Glints2/dict_0000_0208.uasset" 7329
"../../../Engine/Content/EngineMaterials/Substrate/Glints2/dict_0000_0212.uasset" 7330
"../../../Engine/Content/EngineMaterials/Substrate/Glints2/dict_0000_0210.uasset" 7331
"../../../Engine/Content/EngineMaterials/Substrate/Glints2/dict_0000_0207.uasset" 7332
"../../../Engine/Content/EngineMaterials/Substrate/Glints2/dict_0000_0214.uasset" 7333
"/Engine/EngineMaterials/Substrate/Glints2/dict_0000_0210" 7334
"../../../Engine/Content/EngineMaterials/Substrate/Glints2/dict_0000_0211.uasset" 7335
"../../../Engine/Content/EngineMaterials/Substrate/Glints2/dict_0000_0215.uasset" 7336
"../../../Engine/Content/EngineMaterials/Substrate/Glints2/dict_0000_0209.uasset" 7337
"../../../Engine/Content/EngineMaterials/Substrate/Glints2/dict_0000_0216.uasset" 7338
"../../../Engine/Content/EngineMaterials/Substrate/Glints2/dict_0000_0217.uasset" 7339
"../../../Engine/Content/EngineMaterials/Substrate/Glints2/dict_0000_0206.uasset" 7340
"../../../Engine/Content/EngineMaterials/Substrate/Glints2/dict_0000_0213.uasset" 7341
"/Engine/EngineMaterials/Substrate/Glints2/dict_0000_0208" 7342
"../../../Engine/Content/EngineMaterials/Substrate/Glints2/dict_0000_0221.uasset" 7343
"/Engine/EngineMaterials/Substrate/Glints2/dict_0000_0205" 7344
"/Engine/EngineMaterials/Substrate/Glints2/dict_0000_0204" 7345
"/Engine/EngineMaterials/Substrate/Glints2/dict_0000_0203" 7346
"/Engine/EngineMaterials/Substrate/Glints2/dict_0000_0202" 7347
"../../../Engine/Content/EngineMaterials/Substrate/Glints2/dict_0000_0219.uasset" 7348
"/Engine/EngineMaterials/Substrate/Glints2/dict_0000_0201" 7349
"/Engine/EngineMaterials/Substrate/Glints2/dict_0000_0200" 7350
"/Engine/EngineMaterials/Substrate/Glints2/dict_0000_0199" 7351
"../../../Engine/Content/EngineMaterials/Substrate/Glints2/dict_0000_0218.uasset" 7352
"/Engine/EngineMaterials/Substrate/Glints2/dict_0000_0198" 7353
"/Engine/EngineMaterials/Substrate/Glints2/dict_0000_0197" 7354
"/Engine/EngineMaterials/Substrate/Glints2/dict_0000_0196" 7355
"/Engine/EngineMaterials/Substrate/Glints2/dict_0000_0195" 7356
"../../../Engine/Content/EngineMaterials/Substrate/Glints2/dict_0000_0220.uasset" 7357
"/Engine/EngineMaterials/Substrate/Glints2/dict_0000_0194" 7358
"/Engine/EngineMaterials/Substrate/Glints2/dict_0000_0212" 7359
"/Engine/EngineMaterials/Substrate/Glints2/dict_0000_0193" 7360
"/Engine/EngineMaterials/Substrate/Glints2/dict_0000_0192" 7361
"/Engine/EngineMaterials/Substrate/Glints2/dict_0000_0191" 7362
"/Engine/EngineMaterials/Substrate/Glints2/dict_0000_0190" 7363
"/Engine/EngineMaterials/Substrate/Glints2/dict_0000_0221" 7364
"/Engine/EngineMaterials/Substrate/Glints2/dict_0000_0220" 7365
"/Engine/EngineMaterials/Substrate/Glints2/dict_0000_0219" 7366
"../../../Engine/Content/EngineMaterials/Substrate/Glints2/dict_0000_0234.uasset" 7367
"../../../Engine/Content/EngineMaterials/Substrate/Glints2/dict_0000_0229.uasset" 7368
"/Engine/EngineMaterials/Substrate/Glints2/dict_0000_0211" 7369
"/Engine/EngineMaterials/Substrate/Glints2/dict_0000_0218" 7370
"/Engine/EngineMaterials/Substrate/Glints2/dict_0000_0217" 7371
"/Engine/EngineMaterials/Substrate/Glints2/dict_0000_0209" 7372
"/Engine/EngineMaterials/Substrate/Glints2/dict_0000_0216" 7373
"/Engine/EngineMaterials/Substrate/Glints2/dict_0000_0207" 7374
"/Engine/EngineMaterials/Substrate/Glints2/dict_0000_0215" 7375
"/Engine/EngineMaterials/Substrate/Glints2/dict_0000_0206" 7376
"/Engine/EngineMaterials/Substrate/Glints2/dict_0000_0214" 7377
"../../../Engine/Content/EngineMaterials/Substrate/Glints2/dict_0000_0228.uasset" 7378
"../../../Engine/Content/EngineMaterials/Substrate/Glints2/dict_0000_0223.uasset" 7379
"../../../Engine/Content/EngineMaterials/Substrate/Glints2/dict_0000_0225.uasset" 7380
"../../../Engine/Content/EngineMaterials/Substrate/Glints2/dict_0000_0231.uasset" 7381
"../../../Engine/Content/EngineMaterials/Substrate/Glints2/dict_0000_0230.uasset" 7382
"../../../Engine/Content/EngineMaterials/Substrate/Glints2/dict_0000_0235.uasset" 7383
"/Engine/EngineMaterials/Substrate/Glints2/dict_0000_0213" 7384
"../../../Engine/Content/EngineMaterials/Substrate/Glints2/dict_0000_0224.uasset" 7385
"../../../Engine/Content/EngineMaterials/Substrate/Glints2/dict_0000_0238.uasset" 7386
"../../../Engine/Content/EngineMaterials/Substrate/Glints2/dict_0000_0226.uasset" 7387
"/Engine/EngineMaterials/Substrate/Glints2/dict_0000_0238" 7388
"../../../Engine/Content/EngineMaterials/Substrate/Glints2/dict_0000_0232.uasset" 7389
"../../../Engine/Content/EngineMaterials/Substrate/Glints2/dict_0000_0233.uasset" 7390
"../../../Engine/Content/EngineMaterials/Substrate/Glints2/dict_0000_0227.uasset" 7391
"../../../Engine/Content/EngineMaterials/Substrate/Glints2/dict_0000_0222.uasset" 7392
"/Engine/EngineMaterials/Substrate/Glints2/dict_0000_0235" 7393
"/Engine/EngineMaterials/Substrate/Glints2/dict_0000_0234" 7394
"../../../Engine/Content/EngineMaterials/Substrate/Glints2/dict_0000_0244.uasset" 7395
"/Engine/EngineMaterials/Substrate/Glints2/dict_0000_0231" 7396
"../../../Engine/Content/EngineMaterials/Substrate/Glints2/dict_0000_0246.uasset" 7397
"/Engine/EngineMaterials/Substrate/Glints2/dict_0000_0230" 7398
"/Engine/EngineMaterials/Substrate/Glints2/dict_0000_0229" 7399
"/Engine/EngineMaterials/Substrate/Glints2/dict_0000_0228" 7400
"/Engine/EngineMaterials/Substrate/Glints2/dict_0000_0225" 7401
"/Engine/EngineMaterials/Substrate/Glints2/dict_0000_0224" 7402
"/Engine/EngineMaterials/Substrate/Glints2/dict_0000_0223" 7403
"../../../Engine/Content/EngineMaterials/Substrate/Glints2/dict_0000_0237.uasset" 7404
"../../../Engine/Content/EngineMaterials/Substrate/Glints2/dict_0000_0236.uasset" 7405
"/Engine/EngineMaterials/Substrate/Glints2/dict_0000_0246" 7406
"/Engine/EngineMaterials/Substrate/Glints2/dict_0000_0244" 7407
"/Engine/EngineMaterials/Substrate/Glints2/dict_0000_0237" 7408
"/Engine/EngineMaterials/Substrate/Glints2/dict_0000_0236" 7409
"../../../Engine/Content/EngineMaterials/Substrate/Glints2/dict_0000_0245.uasset" 7410
"../../../Engine/Content/EngineMaterials/Substrate/Glints2/dict_0000_0240.uasset" 7411
"../../../Engine/Content/EngineMaterials/Substrate/Glints2/dict_0000_0243.uasset" 7412
"/Engine/EngineMaterials/Substrate/Glints2/dict_0000_0233" 7413
"../../../Engine/Content/EngineMaterials/Substrate/Glints2/dict_0000_0248.uasset" 7414
"../../../Engine/Content/EngineMaterials/Substrate/Glints2/dict_0000_0247.uasset" 7415
"../../../Engine/Content/EngineMaterials/Substrate/Glints2/dict_0000_0242.uasset" 7416
"/Engine/EngineMaterials/Substrate/Glints2/dict_0000_0232" 7417
"../../../Engine/Content/EngineMaterials/Substrate/Glints2/dict_0000_0241.uasset" 7418
"../../../Engine/Content/EngineMaterials/Substrate/Glints2/dict_0000_0239.uasset" 7419
"/Engine/EngineMaterials/Substrate/Glints2/dict_0000_0227" 7420
"../../../Engine/Content/EngineMaterials/Substrate/Glints2/dict_0001_0001.uasset" 7421
"../../../Engine/Content/EngineMaterials/Substrate/Glints2/dict_0000_0249.uasset" 7422
"/Engine/EngineMaterials/Substrate/Glints2/dict_0000_0226" 7423
"/Engine/EngineMaterials/Substrate/Glints2/dict_0000_0222" 7424
"/Engine/EngineMaterials/Substrate/Glints2/dict_0000_0249" 7425
"../../../Engine/Content/EngineMaterials/Substrate/Glints2/dict_0000_0250.uasset" 7426
"../../../Engine/Content/EngineMaterials/Substrate/Glints2/dict_0000_0251.uasset" 7427
"/Engine/EngineMaterials/Substrate/Glints2/dict_0000_0248" 7428
"/Engine/EngineMaterials/Substrate/Glints2/dict_0000_0240" 7429
"/Engine/EngineMaterials/Substrate/Glints2/dict_0000_0247" 7430
"../../../Engine/Content/EngineMaterials/Substrate/Glints2/dict_0001_0010.uasset" 7431
"/Engine/EngineMaterials/Substrate/Glints2/dict_0000_0239" 7432
"../../../Engine/Content/EngineMaterials/Substrate/Glints2/dict_0000_0252.uasset" 7433
"/Engine/EngineMaterials/Substrate/Glints2/dict_0000_0245" 7434
"/Engine/EngineMaterials/Substrate/Glints2/dict_0000_0243" 7435
"../../../Engine/Content/EngineMaterials/Substrate/Glints2/dict_0001_0011.uasset" 7436
"/Engine/EngineMaterials/Substrate/Glints2/dict_0000_0242" 7437
"../../../Engine/Content/EngineMaterials/Substrate/Glints2/dict_0001_0004.uasset" 7438
"../../../Engine/Content/EngineMaterials/Substrate/Glints2/dict_0001_0012.uasset" 7439
"/Engine/EngineMaterials/Substrate/Glints2/dict_0000_0241" 7440
"../../../Engine/Content/EngineMaterials/Substrate/Glints2/dict_0001_0002.uasset" 7441
"../../../Engine/Content/EngineMaterials/Substrate/Glints2/dict_0001_0005.uasset" 7442
"../../../Engine/Content/EngineMaterials/Substrate/Glints2/dict_0001_0003.uasset" 7443
"/Engine/EngineMaterials/Substrate/Glints2/dict_0001_0001" 7444
"../../../Engine/Content/EngineMaterials/Substrate/Glints2/dict_0001_0006.uasset" 7445
"../../../Engine/Content/EngineMaterials/Substrate/Glints2/dict_0001_0000.uasset" 7446
"/Engine/EngineMaterials/Substrate/Glints2/dict_0000_0252" 7447
"../../../Engine/Content/EngineMaterials/Substrate/Glints2/dict_0001_0015.uasset" 7448
"/Engine/EngineMaterials/Substrate/Glints2/dict_0000_0251" 7449
"/Engine/EngineMaterials/Substrate/Glints2/dict_0000_0250" 7450
"/Engine/EngineMaterials/Substrate/Glints2/dict_0001_0006" 7451
"/Engine/EngineMaterials/Substrate/Glints2/dict_0001_0005" 7452
"/Engine/EngineMaterials/Substrate/Glints2/dict_0001_0012" 7453
"/Engine/EngineMaterials/Substrate/Glints2/dict_0001_0011" 7454
"../../../Engine/Content/EngineMaterials/Substrate/Glints2/dict_0000_0254.uasset" 7455
"/Engine/EngineMaterials/Substrate/Glints2/dict_0001_0004" 7456
"/Engine/EngineMaterials/Substrate/Glints2/dict_0001_0003" 7457
"../../../Engine/Content/EngineMaterials/Substrate/Glints2/dict_0001_0008.uasset" 7458
"/Engine/EngineMaterials/Substrate/Glints2/dict_0001_0002" 7459
"../../../Engine/Content/EngineMaterials/Substrate/Glints2/dict_0001_0009.uasset" 7460
"../../../Engine/Content/EngineMaterials/Substrate/Glints2/dict_0001_0014.uasset" 7461
"/Engine/EngineMaterials/Substrate/Glints2/dict_0001_0010" 7462
"../../../Engine/Content/EngineMaterials/Substrate/Glints2/dict_0001_0013.uasset" 7463
"/Engine/EngineMaterials/Substrate/Glints2/dict_0001_0015" 7464
"../../../Engine/Content/EngineMaterials/Substrate/Glints2/dict_0000_0255.uasset" 7465
"/Engine/EngineMaterials/Substrate/Glints2/dict_0001_0014" 7466
"/Engine/EngineMaterials/Substrate/Glints2/dict_0001_0013" 7467
"../../../Engine/Content/EngineMaterials/Substrate/Glints2/dict_0001_0018.uasset" 7468
"../../../Engine/Content/EngineMaterials/Substrate/Glints2/dict_0001_0020.uasset" 7469
"/Engine/EngineMaterials/Substrate/Glints2/dict_0001_0009" 7470
"../../../Engine/Content/EngineMaterials/Substrate/Glints2/dict_0001_0017.uasset" 7471
"/Engine/EngineMaterials/Substrate/Glints2/dict_0001_0000" 7472
"../../../Engine/Content/EngineMaterials/Substrate/Glints2/dict_0001_0019.uasset" 7473
"../../../Engine/Content/EngineMaterials/Substrate/Glints2/dict_0001_0016.uasset" 7474
"/Engine/EngineMaterials/Substrate/Glints2/dict_0001_0008" 7475
"/Engine/EngineMaterials/Substrate/Glints2/dict_0001_0016" 7476
"../../../Engine/Content/EngineMaterials/Substrate/Glints2/dict_0001_0022.uasset" 7477
"/Engine/EngineMaterials/Substrate/Glints2/dict_0001_0020" 7478
"../../../Engine/Content/EngineMaterials/Substrate/Glints2/dict_0001_0021.uasset" 7479
"/Engine/EngineMaterials/Substrate/Glints2/dict_0001_0019" 7480
"/Engine/EngineMaterials/Substrate/Glints2/dict_0001_0018" 7481
"/Engine/EngineMaterials/Substrate/Glints2/dict_0001_0017" 7482
"../../../Engine/Content/EngineMaterials/Substrate/Glints2/dict_0001_0024.uasset" 7483
"../../../Engine/Content/EngineMaterials/Substrate/Glints2/dict_0001_0025.uasset" 7484
"../../../Engine/Content/EngineMaterials/Substrate/Glints2/dict_0000_0253.uasset" 7485
"/Engine/EngineMaterials/Substrate/Glints2/dict_0000_0255" 7486
"../../../Engine/Content/EngineMaterials/Substrate/Glints2/dict_0001_0026.uasset" 7487
"/Engine/EngineMaterials/Substrate/Glints2/dict_0000_0254" 7488
"/Engine/EngineMaterials/Substrate/Glints2/dict_0000_0253" 7489
"../../../Engine/Content/EngineMaterials/Substrate/Glints2/dict_0001_0023.uasset" 7490
"/Engine/EngineMaterials/Substrate/Glints2/dict_0001_0026" 7491
"../../../Engine/Content/EngineMaterials/Substrate/Glints2/dict_0001_0028.uasset" 7492
"/Engine/EngineMaterials/Substrate/Glints2/dict_0001_0025" 7493
"/Engine/EngineMaterials/Substrate/Glints2/dict_0001_0024" 7494
"/Engine/EngineMaterials/Substrate/Glints2/dict_0001_0022" 7495
"../../../Engine/Content/EngineMaterials/Substrate/Glints2/dict_0001_0029.uasset" 7496
"../../../Engine/Content/EngineMaterials/Substrate/Glints2/dict_0001_0040.uasset" 7497
"../../../Engine/Content/EngineMaterials/Substrate/Glints2/dict_0001_0032.uasset" 7498
"/Engine/EngineMaterials/Substrate/Glints2/dict_0001_0021" 7499
"../../../Engine/Content/EngineMaterials/Substrate/Glints2/dict_0001_0031.uasset" 7500
"../../../Engine/Content/EngineMaterials/Substrate/Glints2/dict_0001_0034.uasset" 7501
"/Engine/EngineMaterials/Substrate/Glints2/dict_0001_0023" 7502
"/Engine/EngineMaterials/Substrate/Glints2/dict_0001_0034" 7503
"../../../Engine/Content/EngineMaterials/Substrate/Glints2/dict_0001_0035.uasset" 7504
"/Engine/EngineMaterials/Substrate/Glints2/dict_0001_0032" 7505
"../../../Engine/Content/EngineMaterials/Substrate/Glints2/dict_0001_0046.uasset" 7506
"../../../Engine/Content/EngineMaterials/Substrate/Glints2/dict_0001_0045.uasset" 7507
"/Engine/EngineMaterials/Substrate/Glints2/dict_0001_0031" 7508
"/Engine/EngineMaterials/Substrate/Glints2/dict_0001_0029" 7509
"/Engine/EngineMaterials/Substrate/Glints2/dict_0001_0028" 7510
"../../../Engine/Content/EngineMaterials/Substrate/Glints2/dict_0001_0007.uasset" 7511
"../../../Engine/Content/EngineMaterials/Substrate/Glints2/dict_0001_0048.uasset" 7512
"../../../Engine/Content/EngineMaterials/Substrate/Glints2/dict_0001_0036.uasset" 7513
"/Engine/EngineMaterials/Substrate/Glints2/dict_0001_0040" 7514
"../../../Engine/Content/EngineMaterials/Substrate/Glints2/dict_0001_0033.uasset" 7515
"../../../Engine/Content/EngineMaterials/Substrate/Glints2/dict_0001_0027.uasset" 7516
"../../../Engine/Content/EngineMaterials/Substrate/Glints2/dict_0001_0037.uasset" 7517
"/Engine/EngineMaterials/Substrate/Glints2/dict_0001_0036" 7518
"../../../Engine/Content/EngineMaterials/Substrate/Glints2/dict_0001_0030.uasset" 7519
"/Engine/EngineMaterials/Substrate/Glints2/dict_0001_0035" 7520
"../../../Engine/Content/EngineMaterials/Substrate/Glints2/dict_0001_0039.uasset" 7521
"/Engine/EngineMaterials/Substrate/Glints2/dict_0001_0048" 7522
"/Engine/EngineMaterials/Substrate/Glints2/dict_0001_0007" 7523
"/Engine/EngineMaterials/Substrate/Glints2/dict_0001_0033" 7524
"../../../Engine/Content/EngineMaterials/Substrate/Glints2/dict_0001_0041.uasset" 7525
"/Engine/EngineMaterials/Substrate/Glints2/dict_0001_0046" 7526
"/Engine/EngineMaterials/Substrate/Glints2/dict_0001_0027" 7527
"../../../Engine/Content/EngineMaterials/Substrate/Glints2/dict_0001_0044.uasset" 7528
"/Engine/EngineMaterials/Substrate/Glints2/dict_0001_0045" 7529
"/Engine/EngineMaterials/Substrate/Glints2/dict_0001_0037" 7530
"/Engine/EngineMaterials/Substrate/Glints2/dict_0001_0041" 7531
"/Engine/EngineMaterials/Substrate/Glints2/dict_0001_0030" 7532
"../../../Engine/Content/EngineMaterials/Substrate/Glints2/dict_0001_0047.uasset" 7533
"/Engine/EngineMaterials/Substrate/Glints2/dict_0001_0039" 7534
"../../../Engine/Content/EngineMaterials/Substrate/Glints2/dict_0001_0049.uasset" 7535
"../../../Engine/Content/EngineMaterials/Substrate/Glints2/dict_0001_0051.uasset" 7536
"/Engine/EngineMaterials/Substrate/Glints2/dict_0001_0044" 7537
"../../../Engine/Content/EngineMaterials/Substrate/Glints2/dict_0001_0056.uasset" 7538
"../../../Engine/Content/EngineMaterials/Substrate/Glints2/dict_0001_0052.uasset" 7539
"/Engine/EngineMaterials/Substrate/Glints2/dict_0001_0056" 7540
"../../../Engine/Content/EngineMaterials/Substrate/Glints2/dict_0001_0043.uasset" 7541
"../../../Engine/Content/EngineMaterials/Substrate/Glints2/dict_0001_0038.uasset" 7542
"/Engine/EngineMaterials/Substrate/Glints2/dict_0001_0051" 7543
"/Engine/EngineMaterials/Substrate/Glints2/dict_0001_0049" 7544
"/Engine/EngineMaterials/Substrate/Glints2/dict_0001_0047" 7545
"/Engine/EngineMaterials/Substrate/Glints2/dict_0001_0052" 7546
"../../../Engine/Content/EngineMaterials/Substrate/Glints2/dict_0001_0058.uasset" 7547
"/Engine/EngineMaterials/Substrate/Glints2/dict_0001_0043" 7548
"../../../Engine/Content/EngineMaterials/Substrate/Glints2/dict_0001_0059.uasset" 7549
"/Engine/EngineMaterials/Substrate/Glints2/dict_0001_0058" 7550
"/Engine/EngineMaterials/Substrate/Glints2/dict_0001_0059" 7551
"/Engine/EngineMaterials/Substrate/Glints2/dict_0001_0038" 7552
"../../../Engine/Content/EngineMaterials/Substrate/Glints2/dict_0001_0050.uasset" 7553
"../../../Engine/Content/EngineMaterials/Substrate/Glints2/dict_0001_0053.uasset" 7554
"/Engine/EngineMaterials/Substrate/Glints2/dict_0001_0050" 7555
"/Engine/EngineMaterials/Substrate/Glints2/dict_0001_0053" 7556
"../../../Engine/Content/EngineMaterials/Substrate/Glints2/dict_0001_0063.uasset" 7557
"../../../Engine/Content/EngineMaterials/Substrate/Glints2/dict_0001_0061.uasset" 7558
"../../../Engine/Content/EngineMaterials/Substrate/Glints2/dict_0001_0062.uasset" 7559
"../../../Engine/Content/EngineMaterials/Substrate/Glints2/dict_0001_0060.uasset" 7560
"../../../Engine/Content/EngineMaterials/Substrate/Glints2/dict_0001_0042.uasset" 7561
"../../../Engine/Content/EngineMaterials/Substrate/Glints2/dict_0001_0073.uasset" 7562
"../../../Engine/Content/EngineMaterials/Substrate/Glints2/dict_0001_0055.uasset" 7563
"../../../Engine/Content/EngineMaterials/Substrate/Glints2/dict_0001_0057.uasset" 7564
"../../../Engine/Content/EngineMaterials/Substrate/Glints2/dict_0001_0067.uasset" 7565
"../../../Engine/Content/EngineMaterials/Substrate/Glints2/dict_0001_0054.uasset" 7566
"../../../Engine/Content/EngineMaterials/Substrate/Glints2/dict_0001_0066.uasset" 7567
"../../../Engine/Content/EngineMaterials/Substrate/Glints2/dict_0001_0064.uasset" 7568
"../../../Engine/Content/EngineMaterials/Substrate/Glints2/dict_0001_0065.uasset" 7569
"../../../Engine/Content/EngineMaterials/Substrate/Glints2/dict_0001_0078.uasset" 7570
"../../../Engine/Content/EngineMaterials/Substrate/Glints2/dict_0001_0068.uasset" 7571
"../../../Engine/Content/EngineMaterials/Substrate/Glints2/dict_0001_0071.uasset" 7572
"../../../Engine/Content/EngineMaterials/Substrate/Glints2/dict_0001_0074.uasset" 7573
"../../../Engine/Content/EngineMaterials/Substrate/Glints2/dict_0001_0083.uasset" 7574
"../../../Engine/Content/EngineMaterials/Substrate/Glints2/dict_0001_0080.uasset" 7575
"../../../Engine/Content/EngineMaterials/Substrate/Glints2/dict_0001_0069.uasset" 7576
"../../../Engine/Content/EngineMaterials/Substrate/Glints2/dict_0001_0086.uasset" 7577
"../../../Engine/Content/EngineMaterials/Substrate/Glints2/dict_0001_0072.uasset" 7578
"../../../Engine/Content/EngineMaterials/Substrate/Glints2/dict_0001_0077.uasset" 7579
"../../../Engine/Content/EngineMaterials/Substrate/Glints2/dict_0001_0079.uasset" 7580
"../../../Engine/Content/EngineMaterials/Substrate/Glints2/dict_0001_0076.uasset" 7581
"../../../Engine/Content/EngineMaterials/Substrate/Glints2/dict_0001_0081.uasset" 7582
"/Engine/EngineMaterials/Substrate/Glints2/dict_0001_0080" 7583
"../../../Engine/Content/EngineMaterials/Substrate/Glints2/dict_0001_0075.uasset" 7584
"../../../Engine/Content/EngineMaterials/Substrate/Glints2/dict_0001_0084.uasset" 7585
"../../../Engine/Content/EngineMaterials/Substrate/Glints2/dict_0001_0070.uasset" 7586
"/Engine/EngineMaterials/Substrate/Glints2/dict_0001_0076" 7587
"/Engine/EngineMaterials/Substrate/Glints2/dict_0001_0071" 7588
"/Engine/EngineMaterials/Substrate/Glints2/dict_0001_0055" 7589
"/Engine/EngineMaterials/Substrate/Glints2/dict_0001_0054" 7590
"/Engine/EngineMaterials/Substrate/Glints2/dict_0001_0063" 7591
"/Engine/EngineMaterials/Substrate/Glints2/dict_0001_0086" 7592
"/Engine/EngineMaterials/Substrate/Glints2/dict_0001_0079" 7593
"../../../Engine/Content/EngineMaterials/Substrate/Glints2/dict_0001_0085.uasset" 7594
"/Engine/EngineMaterials/Substrate/Glints2/dict_0001_0081" 7595
"../../../Engine/Content/EngineMaterials/Substrate/Glints2/dict_0001_0082.uasset" 7596
"/Engine/EngineMaterials/Substrate/Glints2/dict_0001_0078" 7597
"../../../Engine/Content/EngineMaterials/Substrate/Glints2/dict_0001_0087.uasset" 7598
"/Engine/EngineMaterials/Substrate/Glints2/dict_0001_0069" 7599
"/Engine/EngineMaterials/Substrate/Glints2/dict_0001_0068" 7600
"/Engine/EngineMaterials/Substrate/Glints2/dict_0001_0042" 7601
"/Engine/EngineMaterials/Substrate/Glints2/dict_0001_0062" 7602
"/Engine/EngineMaterials/Substrate/Glints2/dict_0001_0067" 7603
"/Engine/EngineMaterials/Substrate/Glints2/dict_0001_0061" 7604
"/Engine/EngineMaterials/Substrate/Glints2/dict_0001_0060" 7605
"/Engine/EngineMaterials/Substrate/Glints2/dict_0001_0077" 7606
"/Engine/EngineMaterials/Substrate/Glints2/dict_0001_0074" 7607
"/Engine/EngineMaterials/Substrate/Glints2/dict_0001_0083" 7608
"/Engine/EngineMaterials/Substrate/Glints2/dict_0001_0066" 7609
"/Engine/EngineMaterials/Substrate/Glints2/dict_0001_0065" 7610
"/Engine/EngineMaterials/Substrate/Glints2/dict_0001_0057" 7611
"/Engine/EngineMaterials/Substrate/Glints2/dict_0001_0073" 7612
"/Engine/EngineMaterials/Substrate/Glints2/dict_0001_0064" 7613
"/Engine/EngineMaterials/Substrate/Glints2/dict_0001_0072" 7614
"/Engine/EngineMaterials/Substrate/Glints2/dict_0001_0070" 7615
"/Engine/EngineMaterials/Substrate/Glints2/dict_0001_0087" 7616
"/Engine/EngineMaterials/Substrate/Glints2/dict_0001_0082" 7617
"../../../Engine/Content/EngineMaterials/Substrate/Glints2/dict_0001_0103.uasset" 7618
"../../../Engine/Content/EngineMaterials/Substrate/Glints2/dict_0001_0090.uasset" 7619
"../../../Engine/Content/EngineMaterials/Substrate/Glints2/dict_0001_0088.uasset" 7620
"/Engine/EngineMaterials/Substrate/Glints2/dict_0001_0075" 7621
"/Engine/EngineMaterials/Substrate/Glints2/dict_0001_0085" 7622
"/Engine/EngineMaterials/Substrate/Glints2/dict_0001_0084" 7623
"/Engine/EngineMaterials/Substrate/Glints2/dict_0001_0103" 7624
"/Engine/EngineMaterials/Substrate/Glints2/dict_0001_0090" 7625
"../../../Engine/Content/EngineMaterials/Substrate/Glints2/dict_0001_0094.uasset" 7626
"/Engine/EngineMaterials/Substrate/Glints2/dict_0001_0088" 7627
"/Engine/EngineMaterials/Substrate/Glints2/dict_0001_0094" 7628
"../../../Engine/Content/EngineMaterials/Substrate/Glints2/dict_0001_0105.uasset" 7629
"/Engine/EngineMaterials/Substrate/Glints2/dict_0001_0105" 7630
"../../../Engine/Content/EngineMaterials/Substrate/Glints2/dict_0001_0096.uasset" 7631
"../../../Engine/Content/EngineMaterials/Substrate/Glints2/dict_0001_0098.uasset" 7632
"../../../Engine/Content/EngineMaterials/Substrate/Glints2/dict_0001_0099.uasset" 7633
"../../../Engine/Content/EngineMaterials/Substrate/Glints2/dict_0001_0089.uasset" 7634
"../../../Engine/Content/EngineMaterials/Substrate/Glints2/dict_0001_0092.uasset" 7635
"../../../Engine/Content/EngineMaterials/Substrate/Glints2/dict_0001_0095.uasset" 7636
"../../../Engine/Content/EngineMaterials/Substrate/Glints2/dict_0001_0108.uasset" 7637
"../../../Engine/Content/EngineMaterials/Substrate/Glints2/dict_0001_0102.uasset" 7638
"../../../Engine/Content/EngineMaterials/Substrate/Glints2/dict_0001_0097.uasset" 7639
"../../../Engine/Content/EngineMaterials/Substrate/Glints2/dict_0001_0100.uasset" 7640
"../../../Engine/Content/EngineMaterials/Substrate/Glints2/dict_0001_0091.uasset" 7641
"../../../Engine/Content/EngineMaterials/Substrate/Glints2/dict_0001_0101.uasset" 7642
"../../../Engine/Content/EngineMaterials/Substrate/Glints2/dict_0001_0106.uasset" 7643
"../../../Engine/Content/EngineMaterials/Substrate/Glints2/dict_0001_0116.uasset" 7644
"../../../Engine/Content/EngineMaterials/Substrate/Glints2/dict_0001_0117.uasset" 7645
"../../../Engine/Content/EngineMaterials/Substrate/Glints2/dict_0001_0093.uasset" 7646
"../../../Engine/Content/EngineMaterials/Substrate/Glints2/dict_0001_0107.uasset" 7647
"../../../Engine/Content/EngineMaterials/Substrate/Glints2/dict_0001_0104.uasset" 7648
"../../../Engine/Content/EngineMaterials/Substrate/Glints2/dict_0001_0109.uasset" 7649
"../../../Engine/Content/EngineMaterials/Substrate/Glints2/dict_0001_0114.uasset" 7650
"../../../Engine/Content/EngineMaterials/Substrate/Glints2/dict_0001_0110.uasset" 7651
"../../../Engine/Content/EngineMaterials/Substrate/Glints2/dict_0001_0113.uasset" 7652
"../../../Engine/Content/EngineMaterials/Substrate/Glints2/dict_0001_0120.uasset" 7653
"../../../Engine/Content/EngineMaterials/Substrate/Glints2/dict_0001_0112.uasset" 7654
"../../../Engine/Content/EngineMaterials/Substrate/Glints2/dict_0001_0119.uasset" 7655
"../../../Engine/Content/EngineMaterials/Substrate/Glints2/dict_0001_0118.uasset" 7656
"../../../Engine/Content/EngineMaterials/Substrate/Glints2/dict_0001_0111.uasset" 7657
"../../../Engine/Content/EngineMaterials/Substrate/Glints2/dict_0001_0122.uasset" 7658
"../../../Engine/Content/EngineMaterials/Substrate/Glints2/dict_0001_0115.uasset" 7659
"../../../Engine/Content/EngineMaterials/Substrate/Glints2/dict_0001_0124.uasset" 7660
"../../../Engine/Content/EngineMaterials/Substrate/Glints2/dict_0001_0121.uasset" 7661
"../../../Engine/Content/EngineMaterials/Substrate/Glints2/dict_0001_0123.uasset" 7662
"/Engine/EngineMaterials/Substrate/Glints2/dict_0001_0113" 7663
"/Engine/EngineMaterials/Substrate/Glints2/dict_0001_0112" 7664
"/Engine/EngineMaterials/Substrate/Glints2/dict_0001_0111" 7665
"/Engine/EngineMaterials/Substrate/Glints2/dict_0001_0119" 7666
"/Engine/EngineMaterials/Substrate/Glints2/dict_0001_0110" 7667
"/Engine/EngineMaterials/Substrate/Glints2/dict_0001_0109" 7668
"/Engine/EngineMaterials/Substrate/Glints2/dict_0001_0118" 7669
"/Engine/EngineMaterials/Substrate/Glints2/dict_0001_0108" 7670
"/Engine/EngineMaterials/Substrate/Glints2/dict_0001_0107" 7671
"/Engine/EngineMaterials/Substrate/Glints2/dict_0001_0117" 7672
"/Engine/EngineMaterials/Substrate/Glints2/dict_0001_0106" 7673
"/Engine/EngineMaterials/Substrate/Glints2/dict_0001_0124" 7674
"/Engine/EngineMaterials/Substrate/Glints2/dict_0001_0104" 7675
"/Engine/EngineMaterials/Substrate/Glints2/dict_0001_0122" 7676
"/Engine/EngineMaterials/Substrate/Glints2/dict_0001_0102" 7677
"/Engine/EngineMaterials/Substrate/Glints2/dict_0001_0101" 7678
"/Engine/EngineMaterials/Substrate/Glints2/dict_0001_0116" 7679
"/Engine/EngineMaterials/Substrate/Glints2/dict_0001_0100" 7680
"/Engine/EngineMaterials/Substrate/Glints2/dict_0001_0099" 7681
"/Engine/EngineMaterials/Substrate/Glints2/dict_0001_0098" 7682
"/Engine/EngineMaterials/Substrate/Glints2/dict_0001_0097" 7683
"/Engine/EngineMaterials/Substrate/Glints2/dict_0001_0096" 7684
"/Engine/EngineMaterials/Substrate/Glints2/dict_0001_0095" 7685
"/Engine/EngineMaterials/Substrate/Glints2/dict_0001_0115" 7686
"/Engine/EngineMaterials/Substrate/Glints2/dict_0001_0123" 7687
"/Engine/EngineMaterials/Substrate/Glints2/dict_0001_0093" 7688
"/Engine/EngineMaterials/Substrate/Glints2/dict_0001_0092" 7689
"/Engine/EngineMaterials/Substrate/Glints2/dict_0001_0091" 7690
"/Engine/EngineMaterials/Substrate/Glints2/dict_0001_0121" 7691
"/Engine/EngineMaterials/Substrate/Glints2/dict_0001_0089" 7692
"/Engine/EngineMaterials/Substrate/Glints2/dict_0001_0120" 7693
"/Engine/EngineMaterials/Substrate/Glints2/dict_0001_0114" 7694
"../../../Engine/Content/EngineMaterials/Substrate/Glints2/dict_0001_0130.uasset" 7695
"../../../Engine/Content/EngineMaterials/Substrate/Glints2/dict_0001_0126.uasset" 7696
"../../../Engine/Content/EngineMaterials/Substrate/Glints2/dict_0001_0137.uasset" 7697
"../../../Engine/Content/EngineMaterials/Substrate/Glints2/dict_0001_0134.uasset" 7698
"../../../Engine/Content/EngineMaterials/Substrate/Glints2/dict_0001_0138.uasset" 7699
"../../../Engine/Content/EngineMaterials/Substrate/Glints2/dict_0001_0141.uasset" 7700
"../../../Engine/Content/EngineMaterials/Substrate/Glints2/dict_0001_0128.uasset" 7701
"../../../Engine/Content/EngineMaterials/Substrate/Glints2/dict_0001_0140.uasset" 7702
"../../../Engine/Content/EngineMaterials/Substrate/Glints2/dict_0001_0127.uasset" 7703
"../../../Engine/Content/EngineMaterials/Substrate/Glints2/dict_0001_0136.uasset" 7704
"../../../Engine/Content/EngineMaterials/Substrate/Glints2/dict_0001_0129.uasset" 7705
"../../../Engine/Content/EngineMaterials/Substrate/Glints2/dict_0001_0135.uasset" 7706
"../../../Engine/Content/EngineMaterials/Substrate/Glints2/dict_0001_0133.uasset" 7707
"../../../Engine/Content/EngineMaterials/Substrate/Glints2/dict_0001_0139.uasset" 7708
"../../../Engine/Content/EngineMaterials/Substrate/Glints2/dict_0001_0145.uasset" 7709
"../../../Engine/Content/EngineMaterials/Substrate/Glints2/dict_0001_0131.uasset" 7710
"../../../Engine/Content/EngineMaterials/Substrate/Glints2/dict_0001_0132.uasset" 7711
"../../../Engine/Content/EngineMaterials/Substrate/Glints2/dict_0001_0125.uasset" 7712
"../../../Engine/Content/EngineMaterials/Substrate/Glints2/dict_0001_0142.uasset" 7713
"../../../Engine/Content/EngineMaterials/Substrate/Glints2/dict_0001_0146.uasset" 7714
"../../../Engine/Content/EngineMaterials/Substrate/Glints2/dict_0001_0155.uasset" 7715
"../../../Engine/Content/EngineMaterials/Substrate/Glints2/dict_0001_0154.uasset" 7716
"../../../Engine/Content/EngineMaterials/Substrate/Glints2/dict_0001_0147.uasset" 7717
"../../../Engine/Content/EngineMaterials/Substrate/Glints2/dict_0001_0148.uasset" 7718
"../../../Engine/Content/EngineMaterials/Substrate/Glints2/dict_0001_0152.uasset" 7719
"../../../Engine/Content/EngineMaterials/Substrate/Glints2/dict_0001_0153.uasset" 7720
"../../../Engine/Content/EngineMaterials/Substrate/Glints2/dict_0001_0144.uasset" 7721
"../../../Engine/Content/EngineMaterials/Substrate/Glints2/dict_0001_0150.uasset" 7722
"../../../Engine/Content/EngineMaterials/Substrate/Glints2/dict_0001_0151.uasset" 7723
"/Engine/EngineMaterials/Substrate/Glints2/dict_0001_0155" 7724
"../../../Engine/Content/EngineMaterials/Substrate/Glints2/dict_0001_0149.uasset" 7725
"../../../Engine/Content/EngineMaterials/Substrate/Glints2/dict_0001_0156.uasset" 7726
"/Engine/EngineMaterials/Substrate/Glints2/dict_0001_0154" 7727
"/Engine/EngineMaterials/Substrate/Glints2/dict_0001_0153" 7728
"/Engine/EngineMaterials/Substrate/Glints2/dict_0001_0152" 7729
"/Engine/EngineMaterials/Substrate/Glints2/dict_0001_0151" 7730
"../../../Engine/Content/EngineMaterials/Substrate/Glints2/dict_0001_0143.uasset" 7731
"/Engine/EngineMaterials/Substrate/Glints2/dict_0001_0150" 7732
"/Engine/EngineMaterials/Substrate/Glints2/dict_0001_0148" 7733
"/Engine/EngineMaterials/Substrate/Glints2/dict_0001_0147" 7734
"/Engine/EngineMaterials/Substrate/Glints2/dict_0001_0146" 7735
"/Engine/EngineMaterials/Substrate/Glints2/dict_0001_0145" 7736
"/Engine/EngineMaterials/Substrate/Glints2/dict_0001_0144" 7737
"/Engine/EngineMaterials/Substrate/Glints2/dict_0001_0142" 7738
"/Engine/EngineMaterials/Substrate/Glints2/dict_0001_0141" 7739
"/Engine/EngineMaterials/Substrate/Glints2/dict_0001_0140" 7740
"/Engine/EngineMaterials/Substrate/Glints2/dict_0001_0139" 7741
"/Engine/EngineMaterials/Substrate/Glints2/dict_0001_0138" 7742
"/Engine/EngineMaterials/Substrate/Glints2/dict_0001_0137" 7743
"/Engine/EngineMaterials/Substrate/Glints2/dict_0001_0136" 7744
"/Engine/EngineMaterials/Substrate/Glints2/dict_0001_0135" 7745
"/Engine/EngineMaterials/Substrate/Glints2/dict_0001_0134" 7746
"/Engine/EngineMaterials/Substrate/Glints2/dict_0001_0133" 7747
"/Engine/EngineMaterials/Substrate/Glints2/dict_0001_0132" 7748
"/Engine/EngineMaterials/Substrate/Glints2/dict_0001_0131" 7749
"/Engine/EngineMaterials/Substrate/Glints2/dict_0001_0130" 7750
"/Engine/EngineMaterials/Substrate/Glints2/dict_0001_0129" 7751
"/Engine/EngineMaterials/Substrate/Glints2/dict_0001_0128" 7752
"/Engine/EngineMaterials/Substrate/Glints2/dict_0001_0127" 7753
"/Engine/EngineMaterials/Substrate/Glints2/dict_0001_0126" 7754
"/Engine/EngineMaterials/Substrate/Glints2/dict_0001_0125" 7755
"/Engine/EngineMaterials/Substrate/Glints2/dict_0001_0156" 7756
"/Engine/EngineMaterials/Substrate/Glints2/dict_0001_0149" 7757
"/Engine/EngineMaterials/Substrate/Glints2/dict_0001_0143" 7758
"../../../Engine/Content/EngineMaterials/Substrate/Glints2/dict_0001_0163.uasset" 7759
"../../../Engine/Content/EngineMaterials/Substrate/Glints2/dict_0001_0169.uasset" 7760
"../../../Engine/Content/EngineMaterials/Substrate/Glints2/dict_0001_0167.uasset" 7761
"../../../Engine/Content/EngineMaterials/Substrate/Glints2/dict_0001_0170.uasset" 7762
"../../../Engine/Content/EngineMaterials/Substrate/Glints2/dict_0001_0166.uasset" 7763
"../../../Engine/Content/EngineMaterials/Substrate/Glints2/dict_0001_0160.uasset" 7764
"../../../Engine/Content/EngineMaterials/Substrate/Glints2/dict_0001_0173.uasset" 7765
"../../../Engine/Content/EngineMaterials/Substrate/Glints2/dict_0001_0158.uasset" 7766
"../../../Engine/Content/EngineMaterials/Substrate/Glints2/dict_0001_0165.uasset" 7767
"../../../Engine/Content/EngineMaterials/Substrate/Glints2/dict_0001_0174.uasset" 7768
"../../../Engine/Content/EngineMaterials/Substrate/Glints2/dict_0001_0162.uasset" 7769
"../../../Engine/Content/EngineMaterials/Substrate/Glints2/dict_0001_0157.uasset" 7770
"../../../Engine/Content/EngineMaterials/Substrate/Glints2/dict_0001_0172.uasset" 7771
"../../../Engine/Content/EngineMaterials/Substrate/Glints2/dict_0001_0161.uasset" 7772
"../../../Engine/Content/EngineMaterials/Substrate/Glints2/dict_0001_0159.uasset" 7773
"../../../Engine/Content/EngineMaterials/Substrate/Glints2/dict_0001_0176.uasset" 7774
"../../../Engine/Content/EngineMaterials/Substrate/Glints2/dict_0001_0164.uasset" 7775
"../../../Engine/Content/EngineMaterials/Substrate/Glints2/dict_0001_0168.uasset" 7776
"../../../Engine/Content/EngineMaterials/Substrate/Glints2/dict_0001_0171.uasset" 7777
"/Engine/EngineMaterials/Substrate/Glints2/dict_0001_0176" 7778
"/Engine/EngineMaterials/Substrate/Glints2/dict_0001_0174" 7779
"/Engine/EngineMaterials/Substrate/Glints2/dict_0001_0173" 7780
"/Engine/EngineMaterials/Substrate/Glints2/dict_0001_0172" 7781
"../../../Engine/Content/EngineMaterials/Substrate/Glints2/dict_0001_0184.uasset" 7782
"../../../Engine/Content/EngineMaterials/Substrate/Glints2/dict_0001_0186.uasset" 7783
"../../../Engine/Content/EngineMaterials/Substrate/Glints2/dict_0001_0175.uasset" 7784
"../../../Engine/Content/EngineMaterials/Substrate/Glints2/dict_0001_0178.uasset" 7785
"/Engine/EngineMaterials/Substrate/Glints2/dict_0001_0171" 7786
"../../../Engine/Content/EngineMaterials/Substrate/Glints2/dict_0001_0183.uasset" 7787
"../../../Engine/Content/EngineMaterials/Substrate/Glints2/dict_0001_0187.uasset" 7788
"../../../Engine/Content/EngineMaterials/Substrate/Glints2/dict_0001_0179.uasset" 7789
"../../../Engine/Content/EngineMaterials/Substrate/Glints2/dict_0001_0177.uasset" 7790
"../../../Engine/Content/EngineMaterials/Substrate/Glints2/dict_0001_0180.uasset" 7791
"../../../Engine/Content/EngineMaterials/Substrate/Glints2/dict_0001_0181.uasset" 7792
"/Engine/EngineMaterials/Substrate/Glints2/dict_0001_0170" 7793
"/Engine/EngineMaterials/Substrate/Glints2/dict_0001_0169" 7794
"../../../Engine/Content/EngineMaterials/Substrate/Glints2/dict_0001_0182.uasset" 7795
"/Engine/EngineMaterials/Substrate/Glints2/dict_0001_0168" 7796
"../../../Engine/Content/EngineMaterials/Substrate/Glints2/dict_0001_0188.uasset" 7797
"/Engine/EngineMaterials/Substrate/Glints2/dict_0001_0167" 7798
"/Engine/EngineMaterials/Substrate/Glints2/dict_0001_0166" 7799
"../../../Engine/Content/EngineMaterials/Substrate/Glints2/dict_0001_0185.uasset" 7800
"/Engine/EngineMaterials/Substrate/Glints2/dict_0001_0165" 7801
"/Engine/EngineMaterials/Substrate/Glints2/dict_0001_0164" 7802
"/Engine/EngineMaterials/Substrate/Glints2/dict_0001_0163" 7803
"/Engine/EngineMaterials/Substrate/Glints2/dict_0001_0162" 7804
"/Engine/EngineMaterials/Substrate/Glints2/dict_0001_0161" 7805
"/Engine/EngineMaterials/Substrate/Glints2/dict_0001_0160" 7806
"/Engine/EngineMaterials/Substrate/Glints2/dict_0001_0159" 7807
"/Engine/EngineMaterials/Substrate/Glints2/dict_0001_0158" 7808
"/Engine/EngineMaterials/Substrate/Glints2/dict_0001_0157" 7809
"/Engine/EngineMaterials/Substrate/Glints2/dict_0001_0188" 7810
"/Engine/EngineMaterials/Substrate/Glints2/dict_0001_0185" 7811
"/Engine/EngineMaterials/Substrate/Glints2/dict_0001_0184" 7812
"/Engine/EngineMaterials/Substrate/Glints2/dict_0001_0183" 7813
"../../../Engine/Content/EngineMaterials/Substrate/Glints2/dict_0001_0190.uasset" 7814
"/Engine/EngineMaterials/Substrate/Glints2/dict_0001_0182" 7815
"/Engine/EngineMaterials/Substrate/Glints2/dict_0001_0181" 7816
"../../../Engine/Content/EngineMaterials/Substrate/Glints2/dict_0001_0191.uasset" 7817
"/Engine/EngineMaterials/Substrate/Glints2/dict_0001_0180" 7818
"/Engine/EngineMaterials/Substrate/Glints2/dict_0001_0187" 7819
"/Engine/EngineMaterials/Substrate/Glints2/dict_0001_0179" 7820
"/Engine/EngineMaterials/Substrate/Glints2/dict_0001_0178" 7821
"/Engine/EngineMaterials/Substrate/Glints2/dict_0001_0177" 7822
"/Engine/EngineMaterials/Substrate/Glints2/dict_0001_0175" 7823
"/Engine/EngineMaterials/Substrate/Glints2/dict_0001_0186" 7824
"/Engine/EngineMaterials/Substrate/Glints2/dict_0001_0191" 7825
"/Engine/EngineMaterials/Substrate/Glints2/dict_0001_0190" 7826
"../../../Engine/Content/EngineMaterials/Substrate/Glints2/dict_0001_0195.uasset" 7827
"../../../Engine/Content/EngineMaterials/Substrate/Glints2/dict_0001_0197.uasset" 7828
"/Engine/EngineMaterials/Substrate/Glints2/dict_0001_0197" 7829
"../../../Engine/Content/EngineMaterials/Substrate/Glints2/dict_0001_0199.uasset" 7830
"../../../Engine/Content/EngineMaterials/Substrate/Glints2/dict_0001_0196.uasset" 7831
"../../../Engine/Content/EngineMaterials/Substrate/Glints2/dict_0001_0204.uasset" 7832
"../../../Engine/Content/EngineMaterials/Substrate/Glints2/dict_0001_0192.uasset" 7833
"../../../Engine/Content/EngineMaterials/Substrate/Glints2/dict_0001_0202.uasset" 7834
"../../../Engine/Content/EngineMaterials/Substrate/Glints2/dict_0001_0205.uasset" 7835
"/Engine/EngineMaterials/Substrate/Glints2/dict_0001_0195" 7836
"../../../Engine/Content/EngineMaterials/Substrate/Glints2/dict_0001_0206.uasset" 7837
"../../../Engine/Content/EngineMaterials/Substrate/Glints2/dict_0001_0201.uasset" 7838
"../../../Engine/Content/EngineMaterials/Substrate/Glints2/dict_0001_0193.uasset" 7839
"../../../Engine/Content/EngineMaterials/Substrate/Glints2/dict_0001_0198.uasset" 7840
"../../../Engine/Content/EngineMaterials/Substrate/Glints2/dict_0001_0203.uasset" 7841
"/Engine/EngineMaterials/Substrate/Glints2/dict_0001_0206" 7842
"../../../Engine/Content/EngineMaterials/Substrate/Glints2/dict_0001_0200.uasset" 7843
"/Engine/EngineMaterials/Substrate/Glints2/dict_0001_0205" 7844
"../../../Engine/Content/EngineMaterials/Substrate/Glints2/dict_0001_0214.uasset" 7845
"../../../Engine/Content/EngineMaterials/Substrate/Glints2/dict_0001_0209.uasset" 7846
"/Engine/EngineMaterials/Substrate/Glints2/dict_0001_0204" 7847
"../../../Engine/Content/EngineMaterials/Substrate/Glints2/dict_0001_0219.uasset" 7848
"../../../Engine/Content/EngineMaterials/Substrate/Glints2/dict_0001_0189.uasset" 7849
"/Engine/EngineMaterials/Substrate/Glints2/dict_0001_0202" 7850
"/Engine/EngineMaterials/Substrate/Glints2/dict_0001_0201" 7851
"/Engine/EngineMaterials/Substrate/Glints2/dict_0001_0199" 7852
"/Engine/EngineMaterials/Substrate/Glints2/dict_0001_0198" 7853
"../../../Engine/Content/EngineMaterials/Substrate/Glints2/dict_0001_0207.uasset" 7854
"/Engine/EngineMaterials/Substrate/Glints2/dict_0001_0196" 7855
"../../../Engine/Content/EngineMaterials/Substrate/Glints2/dict_0001_0222.uasset" 7856
"../../../Engine/Content/EngineMaterials/Substrate/Glints2/dict_0001_0194.uasset" 7857
"/Engine/EngineMaterials/Substrate/Glints2/dict_0001_0193" 7858
"/Engine/EngineMaterials/Substrate/Glints2/dict_0001_0192" 7859
"/Engine/EngineMaterials/Substrate/Glints2/dict_0001_0219" 7860
"../../../Engine/Content/EngineMaterials/Substrate/Glints2/dict_0001_0211.uasset" 7861
"/Engine/EngineMaterials/Substrate/Glints2/dict_0001_0214" 7862
"../../../Engine/Content/EngineMaterials/Substrate/Glints2/dict_0001_0210.uasset" 7863
"../../../Engine/Content/EngineMaterials/Substrate/Glints2/dict_0001_0216.uasset" 7864
"../../../Engine/Content/EngineMaterials/Substrate/Glints2/dict_0001_0208.uasset" 7865
"/Engine/EngineMaterials/Substrate/Glints2/dict_0001_0207" 7866
"../../../Engine/Content/EngineMaterials/Substrate/Glints2/dict_0001_0221.uasset" 7867
"../../../Engine/Content/EngineMaterials/Substrate/Glints2/dict_0001_0212.uasset" 7868
"../../../Engine/Content/EngineMaterials/Substrate/Glints2/dict_0001_0220.uasset" 7869
"/Engine/EngineMaterials/Substrate/Glints2/dict_0001_0209" 7870
"../../../Engine/Content/EngineMaterials/Substrate/Glints2/dict_0001_0217.uasset" 7871
"../../../Engine/Content/EngineMaterials/Substrate/Glints2/dict_0001_0215.uasset" 7872
"/Engine/EngineMaterials/Substrate/Glints2/dict_0001_0203" 7873
"/Engine/EngineMaterials/Substrate/Glints2/dict_0001_0200" 7874
"../../../Engine/Content/EngineMaterials/Substrate/Glints2/dict_0001_0223.uasset" 7875
"/Engine/EngineMaterials/Substrate/Glints2/dict_0001_0194" 7876
"/Engine/EngineMaterials/Substrate/Glints2/dict_0001_0222" 7877
"../../../Engine/Content/EngineMaterials/Substrate/Glints2/dict_0001_0213.uasset" 7878
"/Engine/EngineMaterials/Substrate/Glints2/dict_0001_0189" 7879
"../../../Engine/Content/EngineMaterials/Substrate/Glints2/dict_0001_0224.uasset" 7880
"../../../Engine/Content/EngineMaterials/Substrate/Glints2/dict_0001_0218.uasset" 7881
"/Engine/EngineMaterials/Substrate/Glints2/dict_0001_0220" 7882
"/Engine/EngineMaterials/Substrate/Glints2/dict_0001_0217" 7883
"/Engine/EngineMaterials/Substrate/Glints2/dict_0001_0216" 7884
"/Engine/EngineMaterials/Substrate/Glints2/dict_0001_0215" 7885
"../../../Engine/Content/EngineMaterials/Substrate/Glints2/dict_0001_0227.uasset" 7886
"/Engine/EngineMaterials/Substrate/Glints2/dict_0001_0213" 7887
"../../../Engine/Content/EngineMaterials/Substrate/Glints2/dict_0001_0226.uasset" 7888
"../../../Engine/Content/EngineMaterials/Substrate/Glints2/dict_0001_0230.uasset" 7889
"/Engine/EngineMaterials/Substrate/Glints2/dict_0001_0212" 7890
"../../../Engine/Content/EngineMaterials/Substrate/Glints2/dict_0001_0232.uasset" 7891
"../../../Engine/Content/EngineMaterials/Substrate/Glints2/dict_0001_0225.uasset" 7892
"../../../Engine/Content/EngineMaterials/Substrate/Glints2/dict_0001_0228.uasset" 7893
"../../../Engine/Content/EngineMaterials/Substrate/Glints2/dict_0001_0233.uasset" 7894
"/Engine/EngineMaterials/Substrate/Glints2/dict_0001_0211" 7895
"../../../Engine/Content/EngineMaterials/Substrate/Glints2/dict_0001_0231.uasset" 7896
"/Engine/EngineMaterials/Substrate/Glints2/dict_0001_0210" 7897
"../../../Engine/Content/EngineMaterials/Substrate/Glints2/dict_0001_0234.uasset" 7898
"../../../Engine/Content/EngineMaterials/Substrate/Glints2/dict_0001_0229.uasset" 7899
"/Engine/EngineMaterials/Substrate/Glints2/dict_0001_0208" 7900
"/Engine/EngineMaterials/Substrate/Glints2/dict_0001_0224" 7901
"/Engine/EngineMaterials/Substrate/Glints2/dict_0001_0223" 7902
"/Engine/EngineMaterials/Substrate/Glints2/dict_0001_0221" 7903
"/Engine/EngineMaterials/Substrate/Glints2/dict_0001_0218" 7904
"../../../Engine/Content/EngineMaterials/Substrate/Glints2/dict_0001_0237.uasset" 7905
"../../../Engine/Content/EngineMaterials/Substrate/Glints2/dict_0001_0236.uasset" 7906
"/Engine/EngineMaterials/Substrate/Glints2/dict_0001_0234" 7907
"../../../Engine/Content/EngineMaterials/Substrate/Glints2/dict_0001_0235.uasset" 7908
"/Engine/EngineMaterials/Substrate/Glints2/dict_0001_0233" 7909
"../../../Engine/Content/EngineMaterials/Substrate/Glints2/dict_0001_0249.uasset" 7910
"/Engine/EngineMaterials/Substrate/Glints2/dict_0001_0232" 7911
"/Engine/EngineMaterials/Substrate/Glints2/dict_0001_0231" 7912
"../../../Engine/Content/EngineMaterials/Substrate/Glints2/dict_0001_0241.uasset" 7913
"/Engine/EngineMaterials/Substrate/Glints2/dict_0001_0230" 7914
"../../../Engine/Content/EngineMaterials/Substrate/Glints2/dict_0001_0239.uasset" 7915
"../../../Engine/Content/EngineMaterials/Substrate/Glints2/dict_0001_0240.uasset" 7916
"../../../Engine/Content/EngineMaterials/Substrate/Glints2/dict_0001_0243.uasset" 7917
"/Engine/EngineMaterials/Substrate/Glints2/dict_0001_0229" 7918
"/Engine/EngineMaterials/Substrate/Glints2/dict_0001_0228" 7919
"/Engine/EngineMaterials/Substrate/Glints2/dict_0001_0227" 7920
"../../../Engine/Content/EngineMaterials/Substrate/Glints2/dict_0001_0245.uasset" 7921
"../../../Engine/Content/EngineMaterials/Substrate/Glints2/dict_0001_0255.uasset" 7922
"../../../Engine/Content/EngineMaterials/Substrate/Glints2/dict_0001_0244.uasset" 7923
"../../../Engine/Content/EngineMaterials/Substrate/Glints2/dict_0001_0246.uasset" 7924
"../../../Engine/Content/EngineMaterials/Substrate/Glints2/dict_0001_0251.uasset" 7925
"../../../Engine/Content/EngineMaterials/Substrate/Glints2/dict_0001_0247.uasset" 7926
"../../../Engine/Content/EngineMaterials/Substrate/Glints2/dict_0001_0250.uasset" 7927
"/Engine/EngineMaterials/Substrate/Glints2/dict_0001_0226" 7928
"../../../Engine/Content/EngineMaterials/Substrate/Glints2/dict_0001_0252.uasset" 7929
"/Engine/EngineMaterials/Substrate/Glints2/dict_0001_0225" 7930
"../../../Engine/Content/EngineMaterials/Substrate/Glints2/dict_0001_0242.uasset" 7931
"../../../Engine/Content/EngineMaterials/Substrate/Glints2/dict_0001_0248.uasset" 7932
"/Engine/EngineMaterials/Substrate/Glints2/dict_0001_0255" 7933
"/Engine/EngineMaterials/Substrate/Glints2/dict_0001_0243" 7934
"/Engine/EngineMaterials/Substrate/Glints2/dict_0001_0252" 7935
"../../../Engine/Content/EngineMaterials/Substrate/Glints2/dict_0002_0003.uasset" 7936
"../../../Engine/Content/EngineMaterials/Substrate/Glints2/dict_0002_0006.uasset" 7937
"/Engine/EngineMaterials/Substrate/Glints2/dict_0001_0242" 7938
"../../../Engine/Content/EngineMaterials/Substrate/Glints2/dict_0002_0005.uasset" 7939
"../../../Engine/Content/EngineMaterials/Substrate/Glints2/dict_0001_0254.uasset" 7940
"/Engine/EngineMaterials/Substrate/Glints2/dict_0001_0251" 7941
"../../../Engine/Content/EngineMaterials/Substrate/Glints2/dict_0001_0253.uasset" 7942
"/Engine/EngineMaterials/Substrate/Glints2/dict_0001_0250" 7943
"/Engine/EngineMaterials/Substrate/Glints2/dict_0001_0249" 7944
"/Engine/EngineMaterials/Substrate/Glints2/dict_0001_0248" 7945
"/Engine/EngineMaterials/Substrate/Glints2/dict_0001_0241" 7946
"/Engine/EngineMaterials/Substrate/Glints2/dict_0001_0240" 7947
"/Engine/EngineMaterials/Substrate/Glints2/dict_0001_0247" 7948
"/Engine/EngineMaterials/Substrate/Glints2/dict_0001_0239" 7949
"/Engine/EngineMaterials/Substrate/Glints2/dict_0001_0246" 7950
"/Engine/EngineMaterials/Substrate/Glints2/dict_0001_0245" 7951
"../../../Engine/Content/EngineMaterials/Substrate/Glints2/dict_0001_0238.uasset" 7952
"../../../Engine/Content/EngineMaterials/Substrate/Glints2/dict_0002_0002.uasset" 7953
"../../../Engine/Content/EngineMaterials/Substrate/Glints2/dict_0002_0000.uasset" 7954
"../../../Engine/Content/EngineMaterials/Substrate/Glints2/dict_0002_0009.uasset" 7955
"../../../Engine/Content/EngineMaterials/Substrate/Glints2/dict_0002_0010.uasset" 7956
"/Engine/EngineMaterials/Substrate/Glints2/dict_0001_0237" 7957
"../../../Engine/Content/EngineMaterials/Substrate/Glints2/dict_0002_0008.uasset" 7958
"../../../Engine/Content/EngineMaterials/Substrate/Glints2/dict_0002_0004.uasset" 7959
"../../../Engine/Content/EngineMaterials/Substrate/Glints2/dict_0002_0007.uasset" 7960
"../../../Engine/Content/EngineMaterials/Substrate/Glints2/dict_0002_0001.uasset" 7961
"/Engine/EngineMaterials/Substrate/Glints2/dict_0001_0236" 7962
"/Engine/EngineMaterials/Substrate/Glints2/dict_0001_0244" 7963
"/Engine/EngineMaterials/Substrate/Glints2/dict_0001_0235" 7964
"/Engine/EngineMaterials/Substrate/Glints2/dict_0002_0010" 7965
"/Engine/EngineMaterials/Substrate/Glints2/dict_0001_0254" 7966
"/Engine/EngineMaterials/Substrate/Glints2/dict_0001_0253" 7967
"/Engine/EngineMaterials/Substrate/Glints2/dict_0002_0009" 7968
"../../../Engine/Content/EngineMaterials/Substrate/Glints2/dict_0002_0018.uasset" 7969
"../../../Engine/Content/EngineMaterials/Substrate/Glints2/dict_0002_0026.uasset" 7970
"../../../Engine/Content/EngineMaterials/Substrate/Glints2/dict_0002_0014.uasset" 7971
"../../../Engine/Content/EngineMaterials/Substrate/Glints2/dict_0002_0020.uasset" 7972
"/Engine/EngineMaterials/Substrate/Glints2/dict_0002_0008" 7973
"/Engine/EngineMaterials/Substrate/Glints2/dict_0002_0007" 7974
"/Engine/EngineMaterials/Substrate/Glints2/dict_0002_0006" 7975
"/Engine/EngineMaterials/Substrate/Glints2/dict_0002_0005" 7976
"/Engine/EngineMaterials/Substrate/Glints2/dict_0001_0238" 7977
"/Engine/EngineMaterials/Substrate/Glints2/dict_0002_0004" 7978
"/Engine/EngineMaterials/Substrate/Glints2/dict_0002_0003" 7979
"/Engine/EngineMaterials/Substrate/Glints2/dict_0002_0002" 7980
"/Engine/EngineMaterials/Substrate/Glints2/dict_0002_0001" 7981
"/Engine/EngineMaterials/Substrate/Glints2/dict_0002_0000" 7982
"/Engine/EngineMaterials/Substrate/Glints2/dict_0002_0026" 7983
"../../../Engine/Content/EngineMaterials/Substrate/Glints2/dict_0002_0028.uasset" 7984
"../../../Engine/Content/EngineMaterials/Substrate/Glints2/dict_0002_0015.uasset" 7985
"/Engine/EngineMaterials/Substrate/Glints2/dict_0002_0020" 7986
"../../../Engine/Content/EngineMaterials/Substrate/Glints2/dict_0002_0027.uasset" 7987
"../../../Engine/Content/EngineMaterials/Substrate/Glints2/dict_0002_0017.uasset" 7988
"../../../Engine/Content/EngineMaterials/Substrate/Glints2/dict_0002_0021.uasset" 7989
"/Engine/EngineMaterials/Substrate/Glints2/dict_0002_0018" 7990
"../../../Engine/Content/EngineMaterials/Substrate/Glints2/dict_0002_0016.uasset" 7991
"../../../Engine/Content/EngineMaterials/Substrate/Glints2/dict_0002_0019.uasset" 7992
"/Engine/EngineMaterials/Substrate/Glints2/dict_0002_0014" 7993
"../../../Engine/Content/EngineMaterials/Substrate/Glints2/dict_0002_0012.uasset" 7994
"../../../Engine/Content/EngineMaterials/Substrate/Glints2/dict_0002_0025.uasset" 7995
"../../../Engine/Content/EngineMaterials/Substrate/Glints2/dict_0002_0022.uasset" 7996
"../../../Engine/Content/EngineMaterials/Substrate/Glints2/dict_0002_0024.uasset" 7997
"../../../Engine/Content/EngineMaterials/Substrate/Glints2/dict_0002_0013.uasset" 7998
"../../../Engine/Content/EngineMaterials/Substrate/Glints2/dict_0002_0033.uasset" 7999
"../../../Engine/Content/EngineMaterials/Substrate/Glints2/dict_0002_0023.uasset" 8000
"/Engine/EngineMaterials/Substrate/Glints2/dict_0002_0028" 8001
"/Engine/EngineMaterials/Substrate/Glints2/dict_0002_0027" 8002
"/Engine/EngineMaterials/Substrate/Glints2/dict_0002_0025" 8003
"/Engine/EngineMaterials/Substrate/Glints2/dict_0002_0024" 8004
"/Engine/EngineMaterials/Substrate/Glints2/dict_0002_0022" 8005
"/Engine/EngineMaterials/Substrate/Glints2/dict_0002_0021" 8006
"/Engine/EngineMaterials/Substrate/Glints2/dict_0002_0019" 8007
"/Engine/EngineMaterials/Substrate/Glints2/dict_0002_0017" 8008
"/Engine/EngineMaterials/Substrate/Glints2/dict_0002_0033" 8009
"/Engine/EngineMaterials/Substrate/Glints2/dict_0002_0016" 8010
"../../../Engine/Content/EngineMaterials/Substrate/Glints2/dict_0002_0035.uasset" 8011
"/Engine/EngineMaterials/Substrate/Glints2/dict_0002_0015" 8012
"../../../Engine/Content/EngineMaterials/Substrate/Glints2/dict_0002_0032.uasset" 8013
"../../../Engine/Content/EngineMaterials/Substrate/Glints2/dict_0002_0029.uasset" 8014
"/Engine/EngineMaterials/Substrate/Glints2/dict_0002_0013" 8015
"../../../Engine/Content/EngineMaterials/Substrate/Glints2/dict_0002_0034.uasset" 8016
"../../../Engine/Content/EngineMaterials/Substrate/Glints2/dict_0002_0037.uasset" 8017
"../../../Engine/Content/EngineMaterials/Substrate/Glints2/dict_0002_0041.uasset" 8018
"../../../Engine/Content/EngineMaterials/Substrate/Glints2/dict_0002_0030.uasset" 8019
"../../../Engine/Content/EngineMaterials/Substrate/Glints2/dict_0002_0031.uasset" 8020
"../../../Engine/Content/EngineMaterials/Substrate/Glints2/dict_0002_0036.uasset" 8021
"../../../Engine/Content/EngineMaterials/Substrate/Glints2/dict_0002_0042.uasset" 8022
"../../../Engine/Content/EngineMaterials/Substrate/Glints2/dict_0002_0039.uasset" 8023
"/Engine/EngineMaterials/Substrate/Glints2/dict_0002_0012" 8024
"../../../Engine/Content/EngineMaterials/Substrate/Glints2/dict_0002_0046.uasset" 8025
"/Engine/EngineMaterials/Substrate/Glints2/dict_0002_0042" 8026
"../../../Engine/Content/EngineMaterials/Substrate/Glints2/dict_0002_0040.uasset" 8027
"../../../Engine/Content/EngineMaterials/Substrate/Glints2/dict_0002_0038.uasset" 8028
"../../../Engine/Content/EngineMaterials/Substrate/Glints2/dict_0002_0044.uasset" 8029
"/Engine/EngineMaterials/Substrate/Glints2/dict_0002_0041" 8030
"/Engine/EngineMaterials/Substrate/Glints2/dict_0002_0023" 8031
"../../../Engine/Content/EngineMaterials/Substrate/Glints2/dict_0002_0045.uasset" 8032
"../../../Engine/Content/EngineMaterials/Substrate/Glints2/dict_0002_0047.uasset" 8033
"/Engine/EngineMaterials/Substrate/Glints2/dict_0002_0039" 8034
"/Engine/EngineMaterials/Substrate/Glints2/dict_0002_0037" 8035
"/Engine/EngineMaterials/Substrate/Glints2/dict_0002_0036" 8036
"/Engine/EngineMaterials/Substrate/Glints2/dict_0002_0035" 8037
"/Engine/EngineMaterials/Substrate/Glints2/dict_0002_0034" 8038
"/Engine/EngineMaterials/Substrate/Glints2/dict_0002_0032" 8039
"../../../Engine/Content/EngineMaterials/Substrate/Glints2/dict_0002_0043.uasset" 8040
"/Engine/EngineMaterials/Substrate/Glints2/dict_0002_0031" 8041
"../../../Engine/Content/EngineMaterials/Substrate/Glints2/dict_0002_0052.uasset" 8042
"/Engine/EngineMaterials/Substrate/Glints2/dict_0002_0030" 8043
"../../../Engine/Content/EngineMaterials/Substrate/Glints2/dict_0002_0048.uasset" 8044
"../../../Engine/Content/EngineMaterials/Substrate/Glints2/dict_0002_0049.uasset" 8045
"/Engine/EngineMaterials/Substrate/Glints2/dict_0002_0029" 8046
"../../../Engine/Content/EngineMaterials/Substrate/Glints2/dict_0002_0053.uasset" 8047
"../../../Engine/Content/EngineMaterials/Substrate/Glints2/dict_0002_0050.uasset" 8048
"/Engine/EngineMaterials/Substrate/Glints2/dict_0002_0040" 8049
"../../../Engine/Content/EngineMaterials/Substrate/Glints2/dict_0002_0054.uasset" 8050
"../../../Engine/Content/EngineMaterials/Substrate/Glints2/dict_0002_0057.uasset" 8051
"/Engine/EngineMaterials/Substrate/Glints2/dict_0002_0046" 8052
"../../../Engine/Content/EngineMaterials/Substrate/Glints2/dict_0002_0051.uasset" 8053
"../../../Engine/Content/EngineMaterials/Substrate/Glints2/dict_0002_0055.uasset" 8054
"/Engine/EngineMaterials/Substrate/Glints2/dict_0002_0045" 8055
"../../../Engine/Content/EngineMaterials/Substrate/Glints2/dict_0002_0056.uasset" 8056
"/Engine/EngineMaterials/Substrate/Glints2/dict_0002_0053" 8057
"../../../Engine/Content/EngineMaterials/Substrate/Glints2/dict_0002_0061.uasset" 8058
"/Engine/EngineMaterials/Substrate/Glints2/dict_0002_0044" 8059
"/Engine/EngineMaterials/Substrate/Glints2/dict_0002_0038" 8060
"../../../Engine/Content/EngineMaterials/Substrate/Glints2/dict_0002_0059.uasset" 8061
"/Engine/EngineMaterials/Substrate/Glints2/dict_0002_0052" 8062
"../../../Engine/Content/EngineMaterials/Substrate/Glints2/dict_0002_0070.uasset" 8063
"/Engine/EngineMaterials/Substrate/Glints2/dict_0002_0049" 8064
"/Engine/EngineMaterials/Substrate/Glints2/dict_0002_0043" 8065
"/Engine/EngineMaterials/Substrate/Glints2/dict_0002_0048" 8066
"../../../Engine/Content/EngineMaterials/Substrate/Glints2/dict_0002_0011.uasset" 8067
"/Engine/EngineMaterials/Substrate/Glints2/dict_0002_0047" 8068
"/Engine/EngineMaterials/Substrate/Glints2/dict_0002_0059" 8069
"/Engine/EngineMaterials/Substrate/Glints2/dict_0002_0070" 8070
"../../../Engine/Content/EngineMaterials/Substrate/Glints2/dict_0002_0064.uasset" 8071
"../../../Engine/Content/EngineMaterials/Substrate/Glints2/dict_0002_0062.uasset" 8072
"/Engine/EngineMaterials/Substrate/Glints2/dict_0002_0057" 8073
"../../../Engine/Content/EngineMaterials/Substrate/Glints2/dict_0002_0060.uasset" 8074
"../../../Engine/Content/EngineMaterials/Substrate/Glints2/dict_0002_0067.uasset" 8075
"/Engine/EngineMaterials/Substrate/Glints2/dict_0002_0056" 8076
"../../../Engine/Content/EngineMaterials/Substrate/Glints2/dict_0002_0063.uasset" 8077
"/Engine/EngineMaterials/Substrate/Glints2/dict_0002_0055" 8078
"../../../Engine/Content/EngineMaterials/Substrate/Glints2/dict_0002_0065.uasset" 8079
"../../../Engine/Content/EngineMaterials/Substrate/Glints2/dict_0002_0068.uasset" 8080
"../../../Engine/Content/EngineMaterials/Substrate/Glints2/dict_0002_0069.uasset" 8081
"../../../Engine/Content/EngineMaterials/Substrate/Glints2/dict_0002_0079.uasset" 8082
"/Engine/EngineMaterials/Substrate/Glints2/dict_0002_0054" 8083
"../../../Engine/Content/EngineMaterials/Substrate/Glints2/dict_0002_0080.uasset" 8084
"/Engine/EngineMaterials/Substrate/Glints2/dict_0002_0051" 8085
"/Engine/EngineMaterials/Substrate/Glints2/dict_0002_0050" 8086
"../../../Engine/Content/EngineMaterials/Substrate/Glints2/dict_0002_0071.uasset" 8087
"/Engine/EngineMaterials/Substrate/Glints2/dict_0002_0061" 8088
"/Engine/EngineMaterials/Substrate/Glints2/dict_0002_0011" 8089
"/Engine/EngineMaterials/Substrate/Glints2/dict_0002_0071" 8090
"/Engine/EngineMaterials/Substrate/Glints2/dict_0002_0069" 8091
"/Engine/EngineMaterials/Substrate/Glints2/dict_0002_0080" 8092
"/Engine/EngineMaterials/Substrate/Glints2/dict_0002_0079" 8093
"../../../Engine/Content/EngineMaterials/Substrate/Glints2/dict_0002_0078.uasset" 8094
"../../../Engine/Content/EngineMaterials/Substrate/Glints2/dict_0002_0084.uasset" 8095
"/Engine/EngineMaterials/Substrate/Glints2/dict_0002_0068" 8096
"../../../Engine/Content/EngineMaterials/Substrate/Glints2/dict_0002_0074.uasset" 8097
"../../../Engine/Content/EngineMaterials/Substrate/Glints2/dict_0002_0075.uasset" 8098
"../../../Engine/Content/EngineMaterials/Substrate/Glints2/dict_0002_0077.uasset" 8099
"/Engine/EngineMaterials/Substrate/Glints2/dict_0002_0067" 8100
"../../../Engine/Content/EngineMaterials/Substrate/Glints2/dict_0002_0073.uasset" 8101
"../../../Engine/Content/EngineMaterials/Substrate/Glints2/dict_0002_0082.uasset" 8102
"../../../Engine/Content/EngineMaterials/Substrate/Glints2/dict_0002_0072.uasset" 8103
"/Engine/EngineMaterials/Substrate/Glints2/dict_0002_0065" 8104
"../../../Engine/Content/EngineMaterials/Substrate/Glints2/dict_0002_0091.uasset" 8105
"../../../Engine/Content/EngineMaterials/Substrate/Glints2/dict_0002_0066.uasset" 8106
"/Engine/EngineMaterials/Substrate/Glints2/dict_0002_0064" 8107
"/Engine/EngineMaterials/Substrate/Glints2/dict_0002_0063" 8108
"../../../Engine/Content/EngineMaterials/Substrate/Glints2/dict_0002_0076.uasset" 8109
"/Engine/EngineMaterials/Substrate/Glints2/dict_0002_0062" 8110
"/Engine/EngineMaterials/Substrate/Glints2/dict_0002_0060" 8111
"/Engine/EngineMaterials/Substrate/Glints2/dict_0002_0091" 8112
"/Engine/EngineMaterials/Substrate/Glints2/dict_0002_0082" 8113
"../../../Engine/Content/EngineMaterials/Substrate/Glints2/dict_0002_0085.uasset" 8114
"../../../Engine/Content/EngineMaterials/Substrate/Glints2/dict_0002_0083.uasset" 8115
"/Engine/EngineMaterials/Substrate/Glints2/dict_0002_0078" 8116
"/Engine/EngineMaterials/Substrate/Glints2/dict_0002_0077" 8117
"../../../Engine/Content/EngineMaterials/Substrate/Glints2/dict_0002_0081.uasset" 8118
"/Engine/EngineMaterials/Substrate/Glints2/dict_0002_0076" 8119
"/Engine/EngineMaterials/Substrate/Glints2/dict_0002_0066" 8120
"../../../Engine/Content/EngineMaterials/Substrate/Glints2/dict_0002_0089.uasset" 8121
"../../../Engine/Content/EngineMaterials/Substrate/Glints2/dict_0002_0086.uasset" 8122
"../../../Engine/Content/EngineMaterials/Substrate/Glints2/dict_0002_0099.uasset" 8123
"../../../Engine/Content/EngineMaterials/Substrate/Glints2/dict_0002_0087.uasset" 8124
"/Engine/EngineMaterials/Substrate/Glints2/dict_0002_0075" 8125
"../../../Engine/Content/EngineMaterials/Substrate/Glints2/dict_0002_0090.uasset" 8126
"../../../Engine/Content/EngineMaterials/Substrate/Glints2/dict_0002_0092.uasset" 8127
"/Engine/EngineMaterials/Substrate/Glints2/dict_0002_0074" 8128
"../../../Engine/Content/EngineMaterials/Substrate/Glints2/dict_0002_0088.uasset" 8129
"/Engine/EngineMaterials/Substrate/Glints2/dict_0002_0084" 8130
"/Engine/EngineMaterials/Substrate/Glints2/dict_0002_0073" 8131
"/Engine/EngineMaterials/Substrate/Glints2/dict_0002_0072" 8132
"/Engine/EngineMaterials/Substrate/Glints2/dict_0002_0092" 8133
"/Engine/EngineMaterials/Substrate/Glints2/dict_0002_0081" 8134
"../../../Engine/Content/EngineMaterials/Substrate/Glints2/dict_0002_0097.uasset" 8135
"/Engine/EngineMaterials/Substrate/Glints2/dict_0002_0090" 8136
"../../../Engine/Content/EngineMaterials/Substrate/Glints2/dict_0002_0098.uasset" 8137
"../../../Engine/Content/EngineMaterials/Substrate/Glints2/dict_0002_0106.uasset" 8138
"../../../Engine/Content/EngineMaterials/Substrate/Glints2/dict_0002_0096.uasset" 8139
"../../../Engine/Content/EngineMaterials/Substrate/Glints2/dict_0002_0095.uasset" 8140
"/Engine/EngineMaterials/Substrate/Glints2/dict_0002_0089" 8141
"../../../Engine/Content/EngineMaterials/Substrate/Glints2/dict_0002_0093.uasset" 8142
"/Engine/EngineMaterials/Substrate/Glints2/dict_0002_0088" 8143
"/Engine/EngineMaterials/Substrate/Glints2/dict_0002_0087" 8144
"../../../Engine/Content/EngineMaterials/Substrate/Glints2/dict_0002_0100.uasset" 8145
"../../../Engine/Content/EngineMaterials/Substrate/Glints2/dict_0002_0094.uasset" 8146
"/Engine/EngineMaterials/Substrate/Glints2/dict_0002_0099" 8147
"/Engine/EngineMaterials/Substrate/Glints2/dict_0002_0086" 8148
"/Engine/EngineMaterials/Substrate/Glints2/dict_0002_0085" 8149
"../../../Engine/Content/EngineMaterials/Substrate/Glints2/dict_0002_0101.uasset" 8150
"/Engine/EngineMaterials/Substrate/Glints2/dict_0002_0083" 8151
"../../../Engine/Content/EngineMaterials/Substrate/Glints2/dict_0002_0114.uasset" 8152
"/Engine/EngineMaterials/Substrate/Glints2/dict_0002_0114" 8153
"../../../Engine/Content/EngineMaterials/Substrate/Glints2/dict_0002_0103.uasset" 8154
"/Engine/EngineMaterials/Substrate/Glints2/dict_0002_0101" 8155
"/Engine/EngineMaterials/Substrate/Glints2/dict_0002_0100" 8156
"../../../Engine/Content/EngineMaterials/Substrate/Glints2/dict_0002_0104.uasset" 8157
"/Engine/EngineMaterials/Substrate/Glints2/dict_0002_0098" 8158
"/Engine/EngineMaterials/Substrate/Glints2/dict_0002_0097" 8159
"/Engine/EngineMaterials/Substrate/Glints2/dict_0002_0096" 8160
"../../../Engine/Content/EngineMaterials/Substrate/Glints2/dict_0002_0105.uasset" 8161
"/Engine/EngineMaterials/Substrate/Glints2/dict_0002_0095" 8162
"../../../Engine/Content/EngineMaterials/Substrate/Glints2/dict_0002_0112.uasset" 8163
"../../../Engine/Content/EngineMaterials/Substrate/Glints2/dict_0002_0111.uasset" 8164
"../../../Engine/Content/EngineMaterials/Substrate/Glints2/dict_0002_0110.uasset" 8165
"../../../Engine/Content/EngineMaterials/Substrate/Glints2/dict_0002_0107.uasset" 8166
"../../../Engine/Content/EngineMaterials/Substrate/Glints2/dict_0002_0108.uasset" 8167
"/Engine/EngineMaterials/Substrate/Glints2/dict_0002_0094" 8168
"../../../Engine/Content/EngineMaterials/Substrate/Glints2/dict_0002_0113.uasset" 8169
"../../../Engine/Content/EngineMaterials/Substrate/Glints2/dict_0002_0058.uasset" 8170
"/Engine/EngineMaterials/Substrate/Glints2/dict_0002_0106" 8171
"../../../Engine/Content/EngineMaterials/Substrate/Glints2/dict_0002_0109.uasset" 8172
"/Engine/EngineMaterials/Substrate/Glints2/dict_0002_0093" 8173
"../../../Engine/Content/EngineMaterials/Substrate/Glints2/dict_0002_0120.uasset" 8174
"/Engine/EngineMaterials/Substrate/Glints2/dict_0002_0058" 8175
"/Engine/EngineMaterials/Substrate/Glints2/dict_0002_0103" 8176
"/Engine/EngineMaterials/Substrate/Glints2/dict_0002_0113" 8177
"../../../Engine/Content/EngineMaterials/Substrate/Glints2/dict_0002_0116.uasset" 8178
"../../../Engine/Content/EngineMaterials/Substrate/Glints2/dict_0002_0122.uasset" 8179
"../../../Engine/Content/EngineMaterials/Substrate/Glints2/dict_0002_0115.uasset" 8180
"../../../Engine/Content/EngineMaterials/Substrate/Glints2/dict_0002_0119.uasset" 8181
"../../../Engine/Content/EngineMaterials/Substrate/Glints2/dict_0002_0118.uasset" 8182
"../../../Engine/Content/EngineMaterials/Substrate/Glints2/dict_0002_0117.uasset" 8183
"../../../Engine/Content/EngineMaterials/Substrate/Glints2/dict_0002_0121.uasset" 8184
"/Engine/EngineMaterials/Substrate/Glints2/dict_0002_0120" 8185
"../../../Engine/Content/EngineMaterials/Substrate/Glints2/dict_0002_0123.uasset" 8186
"../../../Engine/Content/EngineMaterials/Substrate/Glints2/dict_0002_0124.uasset" 8187
"../../../Engine/Content/EngineMaterials/Substrate/Glints2/dict_0002_0127.uasset" 8188
"/Engine/EngineMaterials/Substrate/Glints2/dict_0002_0112" 8189
"../../../Engine/Content/EngineMaterials/Substrate/Glints2/dict_0002_0126.uasset" 8190
"/Engine/EngineMaterials/Substrate/Glints2/dict_0002_0111" 8191
"../../../Engine/Content/EngineMaterials/Substrate/Glints2/dict_0002_0132.uasset" 8192
"/Engine/EngineMaterials/Substrate/Glints2/dict_0002_0110" 8193
"../../../Engine/Content/EngineMaterials/Substrate/Glints2/dict_0002_0102.uasset" 8194
"/Engine/EngineMaterials/Substrate/Glints2/dict_0002_0109" 8195
"../../../Engine/Content/EngineMaterials/Substrate/Glints2/dict_0002_0128.uasset" 8196
"../../../Engine/Content/EngineMaterials/Substrate/Glints2/dict_0002_0125.uasset" 8197
"/Engine/EngineMaterials/Substrate/Glints2/dict_0002_0108" 8198
"/Engine/EngineMaterials/Substrate/Glints2/dict_0002_0107" 8199
"/Engine/EngineMaterials/Substrate/Glints2/dict_0002_0105" 8200
"/Engine/EngineMaterials/Substrate/Glints2/dict_0002_0104" 8201
"/Engine/EngineMaterials/Substrate/Glints2/dict_0002_0124" 8202
"/Engine/EngineMaterials/Substrate/Glints2/dict_0002_0123" 8203
"/Engine/EngineMaterials/Substrate/Glints2/dict_0002_0122" 8204
"/Engine/EngineMaterials/Substrate/Glints2/dict_0002_0121" 8205
"../../../Engine/Content/EngineMaterials/Substrate/Glints2/dict_0002_0145.uasset" 8206
"../../../Engine/Content/EngineMaterials/Substrate/Glints2/dict_0002_0143.uasset" 8207
"/Engine/EngineMaterials/Substrate/Glints2/dict_0002_0102" 8208
"/Engine/EngineMaterials/Substrate/Glints2/dict_0002_0119" 8209
"../../../Engine/Content/EngineMaterials/Substrate/Glints2/dict_0002_0129.uasset" 8210
"../../../Engine/Content/EngineMaterials/Substrate/Glints2/dict_0002_0133.uasset" 8211
"../../../Engine/Content/EngineMaterials/Substrate/Glints2/dict_0002_0130.uasset" 8212
"/Engine/EngineMaterials/Substrate/Glints2/dict_0002_0132" 8213
"/Engine/EngineMaterials/Substrate/Glints2/dict_0002_0118" 8214
"../../../Engine/Content/EngineMaterials/Substrate/Glints2/dict_0002_0131.uasset" 8215
"/Engine/EngineMaterials/Substrate/Glints2/dict_0002_0117" 8216
"/Engine/EngineMaterials/Substrate/Glints2/dict_0002_0128" 8217
"/Engine/EngineMaterials/Substrate/Glints2/dict_0002_0116" 8218
"/Engine/EngineMaterials/Substrate/Glints2/dict_0002_0127" 8219
"/Engine/EngineMaterials/Substrate/Glints2/dict_0002_0126" 8220
"/Engine/EngineMaterials/Substrate/Glints2/dict_0002_0125" 8221
"../../../Engine/Content/EngineMaterials/Substrate/Glints2/dict_0002_0140.uasset" 8222
"../../../Engine/Content/EngineMaterials/Substrate/Glints2/dict_0002_0136.uasset" 8223
"../../../Engine/Content/EngineMaterials/Substrate/Glints2/dict_0002_0146.uasset" 8224
"../../../Engine/Content/EngineMaterials/Substrate/Glints2/dict_0002_0139.uasset" 8225
"/Engine/EngineMaterials/Substrate/Glints2/dict_0002_0115" 8226
"../../../Engine/Content/EngineMaterials/Substrate/Glints2/dict_0002_0138.uasset" 8227
"../../../Engine/Content/EngineMaterials/Substrate/Glints2/dict_0002_0137.uasset" 8228
"../../../Engine/Content/EngineMaterials/Substrate/Glints2/dict_0002_0144.uasset" 8229
"../../../Engine/Content/EngineMaterials/Substrate/Glints2/dict_0002_0141.uasset" 8230
"/Engine/EngineMaterials/Substrate/Glints2/dict_0002_0146" 8231
"/Engine/EngineMaterials/Substrate/Glints2/dict_0002_0145" 8232
"../../../Engine/Content/EngineMaterials/Substrate/Glints2/dict_0002_0142.uasset" 8233
"/Engine/EngineMaterials/Substrate/Glints2/dict_0002_0144" 8234
"/Engine/EngineMaterials/Substrate/Glints2/dict_0002_0143" 8235
"../../../Engine/Content/EngineMaterials/Substrate/Glints2/dict_0002_0150.uasset" 8236
"../../../Engine/Content/EngineMaterials/Substrate/Glints2/dict_0002_0153.uasset" 8237
"../../../Engine/Content/EngineMaterials/Substrate/Glints2/dict_0002_0159.uasset" 8238
"/Engine/EngineMaterials/Substrate/Glints2/dict_0002_0133" 8239
"../../../Engine/Content/EngineMaterials/Substrate/Glints2/dict_0002_0154.uasset" 8240
"/Engine/EngineMaterials/Substrate/Glints2/dict_0002_0141" 8241
"/Engine/EngineMaterials/Substrate/Glints2/dict_0002_0131" 8242
"/Engine/EngineMaterials/Substrate/Glints2/dict_0002_0140" 8243
"../../../Engine/Content/EngineMaterials/Substrate/Glints2/dict_0002_0134.uasset" 8244
"/Engine/EngineMaterials/Substrate/Glints2/dict_0002_0139" 8245
"/Engine/EngineMaterials/Substrate/Glints2/dict_0002_0130" 8246
"../../../Engine/Content/EngineMaterials/Substrate/Glints2/dict_0002_0161.uasset" 8247
"../../../Engine/Content/EngineMaterials/Substrate/Glints2/dict_0002_0151.uasset" 8248
"/Engine/EngineMaterials/Substrate/Glints2/dict_0002_0129" 8249
"../../../Engine/Content/EngineMaterials/Substrate/Glints2/dict_0002_0158.uasset" 8250
"../../../Engine/Content/EngineMaterials/Substrate/Glints2/dict_0002_0148.uasset" 8251
"/Engine/EngineMaterials/Substrate/Glints2/dict_0002_0138" 8252
"../../../Engine/Content/EngineMaterials/Substrate/Glints2/dict_0002_0157.uasset" 8253
"../../../Engine/Content/EngineMaterials/Substrate/Glints2/dict_0002_0147.uasset" 8254
"../../../Engine/Content/EngineMaterials/Substrate/Glints2/dict_0002_0155.uasset" 8255
"../../../Engine/Content/EngineMaterials/Substrate/Glints2/dict_0002_0152.uasset" 8256
"../../../Engine/Content/EngineMaterials/Substrate/Glints2/dict_0002_0149.uasset" 8257
"/Engine/EngineMaterials/Substrate/Glints2/dict_0002_0137" 8258
"/Engine/EngineMaterials/Substrate/Glints2/dict_0002_0136" 8259
"../../../Engine/Content/EngineMaterials/Substrate/Glints2/dict_0002_0160.uasset" 8260
"../../../Engine/Content/EngineMaterials/Substrate/Glints2/dict_0002_0156.uasset" 8261
"/Engine/EngineMaterials/Substrate/Glints2/dict_0002_0161" 8262
"/Engine/EngineMaterials/Substrate/Glints2/dict_0002_0134" 8263
"/Engine/EngineMaterials/Substrate/Glints2/dict_0002_0160" 8264
"../../../Engine/Content/EngineMaterials/Substrate/Glints2/dict_0002_0165.uasset" 8265
"/Engine/EngineMaterials/Substrate/Glints2/dict_0002_0159" 8266
"/Engine/EngineMaterials/Substrate/Glints2/dict_0002_0158" 8267
"/Engine/EngineMaterials/Substrate/Glints2/dict_0002_0157" 8268
"/Engine/EngineMaterials/Substrate/Glints2/dict_0002_0156" 8269
"/Engine/EngineMaterials/Substrate/Glints2/dict_0002_0155" 8270
"/Engine/EngineMaterials/Substrate/Glints2/dict_0002_0142" 8271
"/Engine/EngineMaterials/Substrate/Glints2/dict_0002_0154" 8272
"/Engine/EngineMaterials/Substrate/Glints2/dict_0002_0153" 8273
"../../../Engine/Content/EngineMaterials/Substrate/Glints2/dict_0002_0135.uasset" 8274
"../../../Engine/Content/EngineMaterials/Substrate/Glints2/dict_0002_0172.uasset" 8275
"../../../Engine/Content/EngineMaterials/Substrate/Glints2/dict_0002_0171.uasset" 8276
"../../../Engine/Content/EngineMaterials/Substrate/Glints2/dict_0002_0170.uasset" 8277
"../../../Engine/Content/EngineMaterials/Substrate/Glints2/dict_0002_0162.uasset" 8278
"/Engine/EngineMaterials/Substrate/Glints2/dict_0002_0152" 8279
"../../../Engine/Content/EngineMaterials/Substrate/Glints2/dict_0002_0166.uasset" 8280
"../../../Engine/Content/EngineMaterials/Substrate/Glints2/dict_0002_0174.uasset" 8281
"../../../Engine/Content/EngineMaterials/Substrate/Glints2/dict_0002_0173.uasset" 8282
"../../../Engine/Content/EngineMaterials/Substrate/Glints2/dict_0002_0167.uasset" 8283
"../../../Engine/Content/EngineMaterials/Substrate/Glints2/dict_0002_0168.uasset" 8284
"../../../Engine/Content/EngineMaterials/Substrate/Glints2/dict_0002_0164.uasset" 8285
"/Engine/EngineMaterials/Substrate/Glints2/dict_0002_0151" 8286
"../../../Engine/Content/EngineMaterials/Substrate/Glints2/dict_0002_0169.uasset" 8287
"/Engine/EngineMaterials/Substrate/Glints2/dict_0002_0150" 8288
"/Engine/EngineMaterials/Substrate/Glints2/dict_0002_0149" 8289
"../../../Engine/Content/EngineMaterials/Substrate/Glints2/dict_0002_0175.uasset" 8290
"/Engine/EngineMaterials/Substrate/Glints2/dict_0002_0148" 8291
"/Engine/EngineMaterials/Substrate/Glints2/dict_0002_0147" 8292
"/Engine/EngineMaterials/Substrate/Glints2/dict_0002_0175" 8293
"/Engine/EngineMaterials/Substrate/Glints2/dict_0002_0174" 8294
"/Engine/EngineMaterials/Substrate/Glints2/dict_0002_0173" 8295
"../../../Engine/Content/EngineMaterials/Substrate/Glints2/dict_0002_0178.uasset" 8296
"/Engine/EngineMaterials/Substrate/Glints2/dict_0002_0172" 8297
"/Engine/EngineMaterials/Substrate/Glints2/dict_0002_0171" 8298
"/Engine/EngineMaterials/Substrate/Glints2/dict_0002_0170" 8299
"/Engine/EngineMaterials/Substrate/Glints2/dict_0002_0169" 8300
"/Engine/EngineMaterials/Substrate/Glints2/dict_0002_0168" 8301
"/Engine/EngineMaterials/Substrate/Glints2/dict_0002_0167" 8302
"../../../Engine/Content/EngineMaterials/Substrate/Glints2/dict_0002_0185.uasset" 8303
"../../../Engine/Content/EngineMaterials/Substrate/Glints2/dict_0002_0187.uasset" 8304
"/Engine/EngineMaterials/Substrate/Glints2/dict_0002_0166" 8305
"../../../Engine/Content/EngineMaterials/Substrate/Glints2/dict_0002_0180.uasset" 8306
"../../../Engine/Content/EngineMaterials/Substrate/Glints2/dict_0002_0189.uasset" 8307
"../../../Engine/Content/EngineMaterials/Substrate/Glints2/dict_0002_0183.uasset" 8308
"../../../Engine/Content/EngineMaterials/Substrate/Glints2/dict_0002_0182.uasset" 8309
"../../../Engine/Content/EngineMaterials/Substrate/Glints2/dict_0002_0179.uasset" 8310
"../../../Engine/Content/EngineMaterials/Substrate/Glints2/dict_0002_0191.uasset" 8311
"../../../Engine/Content/EngineMaterials/Substrate/Glints2/dict_0002_0188.uasset" 8312
"../../../Engine/Content/EngineMaterials/Substrate/Glints2/dict_0002_0176.uasset" 8313
"/Engine/EngineMaterials/Substrate/Glints2/dict_0002_0165" 8314
"../../../Engine/Content/EngineMaterials/Substrate/Glints2/dict_0002_0186.uasset" 8315
"../../../Engine/Content/EngineMaterials/Substrate/Glints2/dict_0002_0181.uasset" 8316
"../../../Engine/Content/EngineMaterials/Substrate/Glints2/dict_0002_0177.uasset" 8317
"/Engine/EngineMaterials/Substrate/Glints2/dict_0002_0164" 8318
"../../../Engine/Content/EngineMaterials/Substrate/Glints2/dict_0002_0190.uasset" 8319
"../../../Engine/Content/EngineMaterials/Substrate/Glints2/dict_0002_0192.uasset" 8320
"../../../Engine/Content/EngineMaterials/Substrate/Glints2/dict_0002_0184.uasset" 8321
"/Engine/EngineMaterials/Substrate/Glints2/dict_0002_0162" 8322
"/Engine/EngineMaterials/Substrate/Glints2/dict_0002_0135" 8323
"../../../Engine/Content/EngineMaterials/Substrate/Glints2/dict_0002_0163.uasset" 8324
"/Engine/EngineMaterials/Substrate/Glints2/dict_0002_0192" 8325
"/Engine/EngineMaterials/Substrate/Glints2/dict_0002_0191" 8326
"/Engine/EngineMaterials/Substrate/Glints2/dict_0002_0190" 8327
"../../../Engine/Content/EngineMaterials/Substrate/Glints2/dict_0002_0205.uasset" 8328
"/Engine/EngineMaterials/Substrate/Glints2/dict_0002_0189" 8329
"../../../Engine/Content/EngineMaterials/Substrate/Glints2/dict_0002_0201.uasset" 8330
"/Engine/EngineMaterials/Substrate/Glints2/dict_0002_0188" 8331
"/Engine/EngineMaterials/Substrate/Glints2/dict_0002_0187" 8332
"/Engine/EngineMaterials/Substrate/Glints2/dict_0002_0186" 8333
"/Engine/EngineMaterials/Substrate/Glints2/dict_0002_0185" 8334
"/Engine/EngineMaterials/Substrate/Glints2/dict_0002_0184" 8335
"/Engine/EngineMaterials/Substrate/Glints2/dict_0002_0183" 8336
"/Engine/EngineMaterials/Substrate/Glints2/dict_0002_0182" 8337
"/Engine/EngineMaterials/Substrate/Glints2/dict_0002_0181" 8338
"/Engine/EngineMaterials/Substrate/Glints2/dict_0002_0180" 8339
"/Engine/EngineMaterials/Substrate/Glints2/dict_0002_0179" 8340
"../../../Engine/Content/EngineMaterials/Substrate/Glints2/dict_0002_0199.uasset" 8341
"../../../Engine/Content/EngineMaterials/Substrate/Glints2/dict_0002_0198.uasset" 8342
"/Engine/EngineMaterials/Substrate/Glints2/dict_0002_0163" 8343
"../../../Engine/Content/EngineMaterials/Substrate/Glints2/dict_0002_0197.uasset" 8344
"../../../Engine/Content/EngineMaterials/Substrate/Glints2/dict_0002_0196.uasset" 8345
"/Engine/EngineMaterials/Substrate/Glints2/dict_0002_0178" 8346
"../../../Engine/Content/EngineMaterials/Substrate/Glints2/dict_0002_0206.uasset" 8347
"../../../Engine/Content/EngineMaterials/Substrate/Glints2/dict_0002_0202.uasset" 8348
"../../../Engine/Content/EngineMaterials/Substrate/Glints2/dict_0002_0204.uasset" 8349
"../../../Engine/Content/EngineMaterials/Substrate/Glints2/dict_0002_0200.uasset" 8350
"/Engine/EngineMaterials/Substrate/Glints2/dict_0002_0177" 8351
"../../../Engine/Content/EngineMaterials/Substrate/Glints2/dict_0002_0195.uasset" 8352
"../../../Engine/Content/EngineMaterials/Substrate/Glints2/dict_0002_0193.uasset" 8353
"../../../Engine/Content/EngineMaterials/Substrate/Glints2/dict_0002_0194.uasset" 8354
"/Engine/EngineMaterials/Substrate/Glints2/dict_0002_0176" 8355
"../../../Engine/Content/EngineMaterials/Substrate/Glints2/dict_0002_0203.uasset" 8356
"/Engine/EngineMaterials/Substrate/Glints2/dict_0002_0206" 8357
"/Engine/EngineMaterials/Substrate/Glints2/dict_0002_0205" 8358
"/Engine/EngineMaterials/Substrate/Glints2/dict_0002_0204" 8359
"/Engine/EngineMaterials/Substrate/Glints2/dict_0002_0203" 8360
"../../../Engine/Content/EngineMaterials/Substrate/Glints2/dict_0002_0217.uasset" 8361
"../../../Engine/Content/EngineMaterials/Substrate/Glints2/dict_0002_0219.uasset" 8362
"/Engine/EngineMaterials/Substrate/Glints2/dict_0002_0202" 8363
"/Engine/EngineMaterials/Substrate/Glints2/dict_0002_0201" 8364
"/Engine/EngineMaterials/Substrate/Glints2/dict_0002_0200" 8365
"/Engine/EngineMaterials/Substrate/Glints2/dict_0002_0199" 8366
"/Engine/EngineMaterials/Substrate/Glints2/dict_0002_0198" 8367
"/Engine/EngineMaterials/Substrate/Glints2/dict_0002_0197" 8368
"/Engine/EngineMaterials/Substrate/Glints2/dict_0002_0196" 8369
"../../../Engine/Content/EngineMaterials/Substrate/Glints2/dict_0002_0213.uasset" 8370
"/Engine/EngineMaterials/Substrate/Glints2/dict_0002_0195" 8371
"../../../Engine/Content/EngineMaterials/Substrate/Glints2/dict_0002_0214.uasset" 8372
"../../../Engine/Content/EngineMaterials/Substrate/Glints2/dict_0002_0223.uasset" 8373
"../../../Engine/Content/EngineMaterials/Substrate/Glints2/dict_0002_0220.uasset" 8374
"../../../Engine/Content/EngineMaterials/Substrate/Glints2/dict_0002_0207.uasset" 8375
"/Engine/EngineMaterials/Substrate/Glints2/dict_0002_0194" 8376
"../../../Engine/Content/EngineMaterials/Substrate/Glints2/dict_0002_0218.uasset" 8377
"/Engine/EngineMaterials/Substrate/Glints2/dict_0002_0193" 8378
"../../../Engine/Content/EngineMaterials/Substrate/Glints2/dict_0002_0215.uasset" 8379
"../../../Engine/Content/EngineMaterials/Substrate/Glints2/dict_0002_0208.uasset" 8380
"../../../Engine/Content/EngineMaterials/Substrate/Glints2/dict_0002_0210.uasset" 8381
"../../../Engine/Content/EngineMaterials/Substrate/Glints2/dict_0002_0212.uasset" 8382
"/Engine/EngineMaterials/Substrate/Glints2/dict_0002_0223" 8383
"../../../Engine/Content/EngineMaterials/Substrate/Glints2/dict_0002_0221.uasset" 8384
"/Engine/EngineMaterials/Substrate/Glints2/dict_0002_0220" 8385
"../../../Engine/Content/EngineMaterials/Substrate/Glints2/dict_0002_0209.uasset" 8386
"../../../Engine/Content/EngineMaterials/Substrate/Glints2/dict_0002_0216.uasset" 8387
"/Engine/EngineMaterials/Substrate/Glints2/dict_0002_0219" 8388
"../../../Engine/Content/EngineMaterials/Substrate/Glints2/dict_0002_0211.uasset" 8389
"../../../Engine/Content/EngineMaterials/Substrate/Glints2/dict_0002_0225.uasset" 8390
"../../../Engine/Content/EngineMaterials/Substrate/Glints2/dict_0002_0222.uasset" 8391
"/Engine/EngineMaterials/Substrate/Glints2/dict_0002_0218" 8392
"/Engine/EngineMaterials/Substrate/Glints2/dict_0002_0217" 8393
"/Engine/EngineMaterials/Substrate/Glints2/dict_0002_0215" 8394
"../../../Engine/Content/EngineMaterials/Substrate/Glints2/dict_0002_0236.uasset" 8395
"/Engine/EngineMaterials/Substrate/Glints2/dict_0002_0214" 8396
"/Engine/EngineMaterials/Substrate/Glints2/dict_0002_0213" 8397
"/Engine/EngineMaterials/Substrate/Glints2/dict_0002_0212" 8398
"/Engine/EngineMaterials/Substrate/Glints2/dict_0002_0210" 8399
"/Engine/EngineMaterials/Substrate/Glints2/dict_0002_0208" 8400
"../../../Engine/Content/EngineMaterials/Substrate/Glints2/dict_0002_0224.uasset" 8401
"../../../Engine/Content/EngineMaterials/Substrate/Glints2/dict_0002_0228.uasset" 8402
"../../../Engine/Content/EngineMaterials/Substrate/Glints2/dict_0002_0226.uasset" 8403
"/Engine/EngineMaterials/Substrate/Glints2/dict_0002_0207" 8404
"../../../Engine/Content/EngineMaterials/Substrate/Glints2/dict_0002_0238.uasset" 8405
"../../../Engine/Content/EngineMaterials/Substrate/Glints2/dict_0002_0230.uasset" 8406
"../../../Engine/Content/EngineMaterials/Substrate/Glints2/dict_0002_0232.uasset" 8407
"../../../Engine/Content/EngineMaterials/Substrate/Glints2/dict_0002_0229.uasset" 8408
"../../../Engine/Content/EngineMaterials/Substrate/Glints2/dict_0002_0227.uasset" 8409
"/Engine/EngineMaterials/Substrate/Glints2/dict_0002_0224" 8410
"/Engine/EngineMaterials/Substrate/Glints2/dict_0002_0238" 8411
"../../../Engine/Content/EngineMaterials/Substrate/Glints2/dict_0002_0234.uasset" 8412
"../../../Engine/Content/EngineMaterials/Substrate/Glints2/dict_0002_0241.uasset" 8413
"/Engine/EngineMaterials/Substrate/Glints2/dict_0002_0236" 8414
"../../../Engine/Content/EngineMaterials/Substrate/Glints2/dict_0002_0244.uasset" 8415
"../../../Engine/Content/EngineMaterials/Substrate/Glints2/dict_0002_0231.uasset" 8416
"../../../Engine/Content/EngineMaterials/Substrate/Glints2/dict_0002_0233.uasset" 8417
"../../../Engine/Content/EngineMaterials/Substrate/Glints2/dict_0002_0243.uasset" 8418
"/Engine/EngineMaterials/Substrate/Glints2/dict_0002_0222" 8419
"../../../Engine/Content/EngineMaterials/Substrate/Glints2/dict_0002_0235.uasset" 8420
"/Engine/EngineMaterials/Substrate/Glints2/dict_0002_0221" 8421
"../../../Engine/Content/EngineMaterials/Substrate/Glints2/dict_0002_0250.uasset" 8422
"/Engine/EngineMaterials/Substrate/Glints2/dict_0002_0216" 8423
"../../../Engine/Content/EngineMaterials/Substrate/Glints2/dict_0002_0237.uasset" 8424
"/Engine/EngineMaterials/Substrate/Glints2/dict_0002_0232" 8425
"/Engine/EngineMaterials/Substrate/Glints2/dict_0002_0230" 8426
"/Engine/EngineMaterials/Substrate/Glints2/dict_0002_0228" 8427
"/Engine/EngineMaterials/Substrate/Glints2/dict_0002_0211" 8428
"/Engine/EngineMaterials/Substrate/Glints2/dict_0002_0209" 8429
"/Engine/EngineMaterials/Substrate/Glints2/dict_0002_0226" 8430
"/Engine/EngineMaterials/Substrate/Glints2/dict_0002_0225" 8431
"../../../Engine/Content/EngineMaterials/Substrate/Glints2/dict_0002_0245.uasset" 8432
"../../../Engine/Content/EngineMaterials/Substrate/Glints2/dict_0002_0246.uasset" 8433
"/Engine/EngineMaterials/Substrate/Glints2/dict_0002_0237" 8434
"../../../Engine/Content/EngineMaterials/Substrate/Glints2/dict_0002_0242.uasset" 8435
"../../../Engine/Content/EngineMaterials/Substrate/Glints2/dict_0002_0247.uasset" 8436
"/Engine/EngineMaterials/Substrate/Glints2/dict_0002_0250" 8437
"../../../Engine/Content/EngineMaterials/Substrate/Glints2/dict_0002_0240.uasset" 8438
"../../../Engine/Content/EngineMaterials/Substrate/Glints2/dict_0002_0249.uasset" 8439
"/Engine/EngineMaterials/Substrate/Glints2/dict_0002_0235" 8440
"../../../Engine/Content/EngineMaterials/Substrate/Glints2/dict_0002_0248.uasset" 8441
"../../../Engine/Content/EngineMaterials/Substrate/Glints2/dict_0002_0239.uasset" 8442
"/Engine/EngineMaterials/Substrate/Glints2/dict_0002_0234" 8443
"/Engine/EngineMaterials/Substrate/Glints2/dict_0002_0233" 8444
"/Engine/EngineMaterials/Substrate/Glints2/dict_0002_0231" 8445
"/Engine/EngineMaterials/Substrate/Glints2/dict_0002_0229" 8446
"/Engine/EngineMaterials/Substrate/Glints2/dict_0002_0244" 8447
"/Engine/EngineMaterials/Substrate/Glints2/dict_0002_0243" 8448
"/Engine/EngineMaterials/Substrate/Glints2/dict_0002_0227" 8449
"/Engine/EngineMaterials/Substrate/Glints2/dict_0002_0241" 8450
"/Engine/EngineMaterials/Substrate/Glints2/dict_0002_0249" 8451
"../../../Engine/Content/EngineMaterials/Substrate/Glints2/dict_0002_0255.uasset" 8452
"../../../Engine/Content/EngineMaterials/Substrate/Glints2/dict_0002_0253.uasset" 8453
"/Engine/EngineMaterials/Substrate/Glints2/dict_0002_0248" 8454
"/Engine/EngineMaterials/Substrate/Glints2/dict_0002_0247" 8455
"../../../Engine/Content/EngineMaterials/Substrate/Glints2/dict_0003_0007.uasset" 8456
"../../../Engine/Content/EngineMaterials/Substrate/Glints2/dict_0003_0001.uasset" 8457
"../../../Engine/Content/EngineMaterials/Substrate/Glints2/dict_0002_0252.uasset" 8458
"/Engine/EngineMaterials/Substrate/Glints2/dict_0002_0246" 8459
"../../../Engine/Content/EngineMaterials/Substrate/Glints2/dict_0003_0000.uasset" 8460
"../../../Engine/Content/EngineMaterials/Substrate/Glints2/dict_0002_0254.uasset" 8461
"../../../Engine/Content/EngineMaterials/Substrate/Glints2/dict_0003_0010.uasset" 8462
"../../../Engine/Content/EngineMaterials/Substrate/Glints2/dict_0003_0004.uasset" 8463
"../../../Engine/Content/EngineMaterials/Substrate/Glints2/dict_0003_0002.uasset" 8464
"../../../Engine/Content/EngineMaterials/Substrate/Glints2/dict_0003_0011.uasset" 8465
"../../../Engine/Content/EngineMaterials/Substrate/Glints2/dict_0003_0003.uasset" 8466
"../../../Engine/Content/EngineMaterials/Substrate/Glints2/dict_0003_0005.uasset" 8467
"../../../Engine/Content/EngineMaterials/Substrate/Glints2/dict_0003_0006.uasset" 8468
"/Engine/EngineMaterials/Substrate/Glints2/dict_0002_0245" 8469
"/Engine/EngineMaterials/Substrate/Glints2/dict_0002_0242" 8470
"../../../Engine/Content/EngineMaterials/Substrate/Glints2/dict_0003_0017.uasset" 8471
"/Engine/EngineMaterials/Substrate/Glints2/dict_0002_0240" 8472
"../../../Engine/Content/EngineMaterials/Substrate/Glints2/dict_0003_0018.uasset" 8473
"/Engine/EngineMaterials/Substrate/Glints2/dict_0002_0239" 8474
"/Engine/EngineMaterials/Substrate/Glints2/dict_0003_0007" 8475
"/Engine/EngineMaterials/Substrate/Glints2/dict_0003_0006" 8476
"/Engine/EngineMaterials/Substrate/Glints2/dict_0003_0018" 8477
"/Engine/EngineMaterials/Substrate/Glints2/dict_0003_0017" 8478
"/Engine/EngineMaterials/Substrate/Glints2/dict_0003_0005" 8479
"/Engine/EngineMaterials/Substrate/Glints2/dict_0003_0004" 8480
"../../../Engine/Content/EngineMaterials/Substrate/Glints2/dict_0003_0023.uasset" 8481
"../../../Engine/Content/EngineMaterials/Substrate/Glints2/dict_0003_0019.uasset" 8482
"/Engine/EngineMaterials/Substrate/Glints2/dict_0003_0003" 8483
"../../../Engine/Content/EngineMaterials/Substrate/Glints2/dict_0003_0015.uasset" 8484
"../../../Engine/Content/EngineMaterials/Substrate/Glints2/dict_0003_0014.uasset" 8485
"../../../Engine/Content/EngineMaterials/Substrate/Glints2/dict_0003_0013.uasset" 8486
"../../../Engine/Content/EngineMaterials/Substrate/Glints2/dict_0003_0009.uasset" 8487
"../../../Engine/Content/EngineMaterials/Substrate/Glints2/dict_0003_0012.uasset" 8488
"../../../Engine/Content/EngineMaterials/Substrate/Glints2/dict_0003_0008.uasset" 8489
"/Engine/EngineMaterials/Substrate/Glints2/dict_0003_0002" 8490
"../../../Engine/Content/EngineMaterials/Substrate/Glints2/dict_0002_0251.uasset" 8491
"../../../Engine/Content/EngineMaterials/Substrate/Glints2/dict_0003_0026.uasset" 8492
"/Engine/EngineMaterials/Substrate/Glints2/dict_0003_0001" 8493
"../../../Engine/Content/EngineMaterials/Substrate/Glints2/dict_0003_0016.uasset" 8494
"/Engine/EngineMaterials/Substrate/Glints2/dict_0003_0000" 8495
"/Engine/EngineMaterials/Substrate/Glints2/dict_0002_0255" 8496
"/Engine/EngineMaterials/Substrate/Glints2/dict_0003_0011" 8497
"/Engine/EngineMaterials/Substrate/Glints2/dict_0003_0010" 8498
"/Engine/EngineMaterials/Substrate/Glints2/dict_0002_0254" 8499
"/Engine/EngineMaterials/Substrate/Glints2/dict_0002_0253" 8500
"../../../Engine/Content/EngineMaterials/Substrate/Glints2/dict_0003_0020.uasset" 8501
"../../../Engine/Content/EngineMaterials/Substrate/Glints2/dict_0003_0024.uasset" 8502
"/Engine/EngineMaterials/Substrate/Glints2/dict_0002_0252" 8503
"../../../Engine/Content/EngineMaterials/Substrate/Glints2/dict_0003_0022.uasset" 8504
"/Engine/EngineMaterials/Substrate/Glints2/dict_0003_0026" 8505
"/Engine/EngineMaterials/Substrate/Glints2/dict_0003_0016" 8506
"../../../Engine/Content/EngineMaterials/Substrate/Glints2/dict_0003_0021.uasset" 8507
"../../../Engine/Content/EngineMaterials/Substrate/Glints2/dict_0003_0031.uasset" 8508
"/Engine/EngineMaterials/Substrate/Glints2/dict_0003_0024" 8509
"../../../Engine/Content/EngineMaterials/Substrate/Glints2/dict_0003_0027.uasset" 8510
"/Engine/EngineMaterials/Substrate/Glints2/dict_0003_0015" 8511
"../../../Engine/Content/EngineMaterials/Substrate/Glints2/dict_0003_0042.uasset" 8512
"/Engine/EngineMaterials/Substrate/Glints2/dict_0003_0023" 8513
"/Engine/EngineMaterials/Substrate/Glints2/dict_0003_0014" 8514
"../../../Engine/Content/EngineMaterials/Substrate/Glints2/dict_0003_0034.uasset" 8515
"../../../Engine/Content/EngineMaterials/Substrate/Glints2/dict_0003_0039.uasset" 8516
"/Engine/EngineMaterials/Substrate/Glints2/dict_0003_0013" 8517
"../../../Engine/Content/EngineMaterials/Substrate/Glints2/dict_0003_0025.uasset" 8518
"/Engine/EngineMaterials/Substrate/Glints2/dict_0003_0012" 8519
"/Engine/EngineMaterials/Substrate/Glints2/dict_0003_0009" 8520
"/Engine/EngineMaterials/Substrate/Glints2/dict_0003_0008" 8521
"/Engine/EngineMaterials/Substrate/Glints2/dict_0003_0020" 8522
"/Engine/EngineMaterials/Substrate/Glints2/dict_0002_0251" 8523
"/Engine/EngineMaterials/Substrate/Glints2/dict_0003_0019" 8524
"../../../Engine/Content/EngineMaterials/Substrate/Glints2/dict_0003_0033.uasset" 8525
"../../../Engine/Content/EngineMaterials/Substrate/Glints2/dict_0003_0037.uasset" 8526
"/Engine/EngineMaterials/Substrate/Glints2/dict_0003_0042" 8527
"../../../Engine/Content/EngineMaterials/Substrate/Glints2/dict_0003_0038.uasset" 8528
"../../../Engine/Content/EngineMaterials/Substrate/Glints2/dict_0003_0032.uasset" 8529
"/Engine/EngineMaterials/Substrate/Glints2/dict_0003_0039" 8530
"../../../Engine/Content/EngineMaterials/Substrate/Glints2/dict_0003_0041.uasset" 8531
"../../../Engine/Content/EngineMaterials/Substrate/Glints2/dict_0003_0029.uasset" 8532
"/Engine/EngineMaterials/Substrate/Glints2/dict_0003_0025" 8533
"../../../Engine/Content/EngineMaterials/Substrate/Glints2/dict_0003_0030.uasset" 8534
"../../../Engine/Content/EngineMaterials/Substrate/Glints2/dict_0003_0035.uasset" 8535
"../../../Engine/Content/EngineMaterials/Substrate/Glints2/dict_0003_0036.uasset" 8536
"../../../Engine/Content/EngineMaterials/Substrate/Glints2/dict_0003_0047.uasset" 8537
"../../../Engine/Content/EngineMaterials/Substrate/Glints2/dict_0003_0040.uasset" 8538
"/Engine/EngineMaterials/Substrate/Glints2/dict_0003_0022" 8539
"../../../Engine/Content/EngineMaterials/Substrate/Glints2/dict_0003_0048.uasset" 8540
"../../../Engine/Content/EngineMaterials/Substrate/Glints2/dict_0003_0053.uasset" 8541
"/Engine/EngineMaterials/Substrate/Glints2/dict_0003_0034" 8542
"../../../Engine/Content/EngineMaterials/Substrate/Glints2/dict_0003_0045.uasset" 8543
"/Engine/EngineMaterials/Substrate/Glints2/dict_0003_0033" 8544
"/Engine/EngineMaterials/Substrate/Glints2/dict_0003_0031" 8545
"/Engine/EngineMaterials/Substrate/Glints2/dict_0003_0021" 8546
"/Engine/EngineMaterials/Substrate/Glints2/dict_0003_0027" 8547
"/Engine/EngineMaterials/Substrate/Glints2/dict_0003_0041" 8548
"/Engine/EngineMaterials/Substrate/Glints2/dict_0003_0040" 8549
"/Engine/EngineMaterials/Substrate/Glints2/dict_0003_0038" 8550
"/Engine/EngineMaterials/Substrate/Glints2/dict_0003_0037" 8551
"../../../Engine/Content/EngineMaterials/Substrate/Glints2/dict_0003_0060.uasset" 8552
"/Engine/EngineMaterials/Substrate/Glints2/dict_0003_0036" 8553
"../../../Engine/Content/EngineMaterials/Substrate/Glints2/dict_0003_0049.uasset" 8554
"/Engine/EngineMaterials/Substrate/Glints2/dict_0003_0053" 8555
"../../../Engine/Content/EngineMaterials/Substrate/Glints2/dict_0003_0043.uasset" 8556
"../../../Engine/Content/EngineMaterials/Substrate/Glints2/dict_0003_0055.uasset" 8557
"../../../Engine/Content/EngineMaterials/Substrate/Glints2/dict_0003_0051.uasset" 8558
"/Engine/EngineMaterials/Substrate/Glints2/dict_0003_0035" 8559
"../../../Engine/Content/EngineMaterials/Substrate/Glints2/dict_0003_0046.uasset" 8560
"../../../Engine/Content/EngineMaterials/Substrate/Glints2/dict_0003_0050.uasset" 8561
"../../../Engine/Content/EngineMaterials/Substrate/Glints2/dict_0003_0044.uasset" 8562
"../../../Engine/Content/EngineMaterials/Substrate/Glints2/dict_0003_0052.uasset" 8563
"../../../Engine/Content/EngineMaterials/Substrate/Glints2/dict_0003_0054.uasset" 8564
"/Engine/EngineMaterials/Substrate/Glints2/dict_0003_0048" 8565
"/Engine/EngineMaterials/Substrate/Glints2/dict_0003_0032" 8566
"/Engine/EngineMaterials/Substrate/Glints2/dict_0003_0030" 8567
"/Engine/EngineMaterials/Substrate/Glints2/dict_0003_0029" 8568
"/Engine/EngineMaterials/Substrate/Glints2/dict_0003_0047" 8569
"/Engine/EngineMaterials/Substrate/Glints2/dict_0003_0045" 8570
"../../../Engine/Content/EngineMaterials/Substrate/Glints2/dict_0003_0057.uasset" 8571
"../../../Engine/Content/EngineMaterials/Substrate/Glints2/dict_0003_0056.uasset" 8572
"../../../Engine/Content/EngineMaterials/Substrate/Glints2/dict_0003_0063.uasset" 8573
"/Engine/EngineMaterials/Substrate/Glints2/dict_0003_0063" 8574
"../../../Engine/Content/EngineMaterials/Substrate/Glints2/dict_0003_0061.uasset" 8575
"/Engine/EngineMaterials/Substrate/Glints2/dict_0003_0055" 8576
"../../../Engine/Content/EngineMaterials/Substrate/Glints2/dict_0003_0058.uasset" 8577
"/Engine/EngineMaterials/Substrate/Glints2/dict_0003_0054" 8578
"../../../Engine/Content/EngineMaterials/Substrate/Glints2/dict_0003_0062.uasset" 8579
"../../../Engine/Content/EngineMaterials/Substrate/Glints2/dict_0003_0069.uasset" 8580
"../../../Engine/Content/EngineMaterials/Substrate/Glints2/dict_0003_0064.uasset" 8581
"/Engine/EngineMaterials/Substrate/Glints2/dict_0003_0052" 8582
"/Engine/EngineMaterials/Substrate/Glints2/dict_0003_0051" 8583
"../../../Engine/Content/EngineMaterials/Substrate/Glints2/dict_0003_0059.uasset" 8584
"/Engine/EngineMaterials/Substrate/Glints2/dict_0003_0050" 8585
"/Engine/EngineMaterials/Substrate/Glints2/dict_0003_0060" 8586
"/Engine/EngineMaterials/Substrate/Glints2/dict_0003_0049" 8587
"/Engine/EngineMaterials/Substrate/Glints2/dict_0003_0057" 8588
"/Engine/EngineMaterials/Substrate/Glints2/dict_0003_0046" 8589
"/Engine/EngineMaterials/Substrate/Glints2/dict_0003_0056" 8590
"../../../Engine/Content/EngineMaterials/Substrate/Glints2/dict_0003_0070.uasset" 8591
"/Engine/EngineMaterials/Substrate/Glints2/dict_0003_0044" 8592
"../../../Engine/Content/EngineMaterials/Substrate/Glints2/dict_0003_0068.uasset" 8593
"/Engine/EngineMaterials/Substrate/Glints2/dict_0003_0043" 8594
"../../../Engine/Content/EngineMaterials/Substrate/Glints2/dict_0003_0072.uasset" 8595
"../../../Engine/Content/EngineMaterials/Substrate/Glints2/dict_0003_0075.uasset" 8596
"../../../Engine/Content/EngineMaterials/Substrate/Glints2/dict_0003_0076.uasset" 8597
"../../../Engine/Content/EngineMaterials/Substrate/Glints2/dict_0003_0067.uasset" 8598
"/Engine/EngineMaterials/Substrate/Glints2/dict_0003_0064" 8599
"../../../Engine/Content/EngineMaterials/Substrate/Glints2/dict_0003_0066.uasset" 8600
"../../../Engine/Content/EngineMaterials/Substrate/Glints2/dict_0003_0074.uasset" 8601
"/Engine/EngineMaterials/Substrate/Glints2/dict_0003_0076" 8602
"../../../Engine/Content/EngineMaterials/Substrate/Glints2/dict_0003_0073.uasset" 8603
"../../../Engine/Content/EngineMaterials/Substrate/Glints2/dict_0003_0071.uasset" 8604
"/Engine/EngineMaterials/Substrate/Glints2/dict_0003_0075" 8605
"../../../Engine/Content/EngineMaterials/Substrate/Glints2/dict_0003_0077.uasset" 8606
"../../../Engine/Content/EngineMaterials/Substrate/Glints2/dict_0003_0065.uasset" 8607
"/Engine/EngineMaterials/Substrate/Glints2/dict_0003_0062" 8608
"/Engine/EngineMaterials/Substrate/Glints2/dict_0003_0072" 8609
"/Engine/EngineMaterials/Substrate/Glints2/dict_0003_0061" 8610
"/Engine/EngineMaterials/Substrate/Glints2/dict_0003_0059" 8611
"/Engine/EngineMaterials/Substrate/Glints2/dict_0003_0070" 8612
"/Engine/EngineMaterials/Substrate/Glints2/dict_0003_0069" 8613
"../../../Engine/Content/EngineMaterials/Substrate/Glints2/dict_0003_0028.uasset" 8614
"/Engine/EngineMaterials/Substrate/Glints2/dict_0003_0058" 8615
"/Engine/EngineMaterials/Substrate/Glints2/dict_0003_0068" 8616
"/Engine/EngineMaterials/Substrate/Glints2/dict_0003_0067" 8617
"/Engine/EngineMaterials/Substrate/Glints2/dict_0003_0077" 8618
"../../../Engine/Content/EngineMaterials/Substrate/Glints2/dict_0003_0085.uasset" 8619
"../../../Engine/Content/EngineMaterials/Substrate/Glints2/dict_0003_0084.uasset" 8620
"/Engine/EngineMaterials/Substrate/Glints2/dict_0003_0074" 8621
"../../../Engine/Content/EngineMaterials/Substrate/Glints2/dict_0003_0083.uasset" 8622
"../../../Engine/Content/EngineMaterials/Substrate/Glints2/dict_0003_0080.uasset" 8623
"../../../Engine/Content/EngineMaterials/Substrate/Glints2/dict_0003_0087.uasset" 8624
"../../../Engine/Content/EngineMaterials/Substrate/Glints2/dict_0003_0079.uasset" 8625
"../../../Engine/Content/EngineMaterials/Substrate/Glints2/dict_0003_0089.uasset" 8626
"/Engine/EngineMaterials/Substrate/Glints2/dict_0003_0073" 8627
"../../../Engine/Content/EngineMaterials/Substrate/Glints2/dict_0003_0081.uasset" 8628
"../../../Engine/Content/EngineMaterials/Substrate/Glints2/dict_0003_0088.uasset" 8629
"../../../Engine/Content/EngineMaterials/Substrate/Glints2/dict_0003_0078.uasset" 8630
"../../../Engine/Content/EngineMaterials/Substrate/Glints2/dict_0003_0094.uasset" 8631
"/Engine/EngineMaterials/Substrate/Glints2/dict_0003_0071" 8632
"../../../Engine/Content/EngineMaterials/Substrate/Glints2/dict_0003_0090.uasset" 8633
"../../../Engine/Content/EngineMaterials/Substrate/Glints2/dict_0003_0100.uasset" 8634
"/Engine/EngineMaterials/Substrate/Glints2/dict_0003_0066" 8635
"/Engine/EngineMaterials/Substrate/Glints2/dict_0003_0028" 8636
"/Engine/EngineMaterials/Substrate/Glints2/dict_0003_0065" 8637
"/Engine/EngineMaterials/Substrate/Glints2/dict_0003_0090" 8638
"/Engine/EngineMaterials/Substrate/Glints2/dict_0003_0100" 8639
"../../../Engine/Content/EngineMaterials/Substrate/Glints2/dict_0003_0091.uasset" 8640
"../../../Engine/Content/EngineMaterials/Substrate/Glints2/dict_0003_0093.uasset" 8641
"/Engine/EngineMaterials/Substrate/Glints2/dict_0003_0089" 8642
"../../../Engine/Content/EngineMaterials/Substrate/Glints2/dict_0003_0097.uasset" 8643
"../../../Engine/Content/EngineMaterials/Substrate/Glints2/dict_0003_0092.uasset" 8644
"/Engine/EngineMaterials/Substrate/Glints2/dict_0003_0088" 8645
"../../../Engine/Content/EngineMaterials/Substrate/Glints2/dict_0003_0103.uasset" 8646
"../../../Engine/Content/EngineMaterials/Substrate/Glints2/dict_0003_0095.uasset" 8647
"../../../Engine/Content/EngineMaterials/Substrate/Glints2/dict_0003_0098.uasset" 8648
"/Engine/EngineMaterials/Substrate/Glints2/dict_0003_0087" 8649
"../../../Engine/Content/EngineMaterials/Substrate/Glints2/dict_0003_0086.uasset" 8650
"../../../Engine/Content/EngineMaterials/Substrate/Glints2/dict_0003_0096.uasset" 8651
"/Engine/EngineMaterials/Substrate/Glints2/dict_0003_0085" 8652
"../../../Engine/Content/EngineMaterials/Substrate/Glints2/dict_0003_0082.uasset" 8653
"../../../Engine/Content/EngineMaterials/Substrate/Glints2/dict_0003_0104.uasset" 8654
"../../../Engine/Content/EngineMaterials/Substrate/Glints2/dict_0003_0101.uasset" 8655
"/Engine/EngineMaterials/Substrate/Glints2/dict_0003_0084" 8656
"/Engine/EngineMaterials/Substrate/Glints2/dict_0003_0083" 8657
"../../../Engine/Content/EngineMaterials/Substrate/Glints2/dict_0003_0099.uasset" 8658
"/Engine/EngineMaterials/Substrate/Glints2/dict_0003_0094" 8659
"/Engine/EngineMaterials/Substrate/Glints2/dict_0003_0081" 8660
"/Engine/EngineMaterials/Substrate/Glints2/dict_0003_0080" 8661
"../../../Engine/Content/EngineMaterials/Substrate/Glints2/dict_0003_0102.uasset" 8662
"/Engine/EngineMaterials/Substrate/Glints2/dict_0003_0079" 8663
"/Engine/EngineMaterials/Substrate/Glints2/dict_0003_0078" 8664
"/Engine/EngineMaterials/Substrate/Glints2/dict_0003_0102" 8665
"/Engine/EngineMaterials/Substrate/Glints2/dict_0003_0101" 8666
"../../../Engine/Content/EngineMaterials/Substrate/Glints2/dict_0003_0106.uasset" 8667
"../../../Engine/Content/EngineMaterials/Substrate/Glints2/dict_0003_0108.uasset" 8668
"/Engine/EngineMaterials/Substrate/Glints2/dict_0003_0099" 8669
"../../../Engine/Content/EngineMaterials/Substrate/Glints2/dict_0003_0105.uasset" 8670
"../../../Engine/Content/EngineMaterials/Substrate/Glints2/dict_0003_0112.uasset" 8671
"/Engine/EngineMaterials/Substrate/Glints2/dict_0003_0098" 8672
"../../../Engine/Content/EngineMaterials/Substrate/Glints2/dict_0003_0107.uasset" 8673
"../../../Engine/Content/EngineMaterials/Substrate/Glints2/dict_0003_0119.uasset" 8674
"/Engine/EngineMaterials/Substrate/Glints2/dict_0003_0086" 8675
"../../../Engine/Content/EngineMaterials/Substrate/Glints2/dict_0003_0109.uasset" 8676
"/Engine/EngineMaterials/Substrate/Glints2/dict_0003_0097" 8677
"/Engine/EngineMaterials/Substrate/Glints2/dict_0003_0096" 8678
"/Engine/EngineMaterials/Substrate/Glints2/dict_0003_0095" 8679
"/Engine/EngineMaterials/Substrate/Glints2/dict_0003_0093" 8680
"/Engine/EngineMaterials/Substrate/Glints2/dict_0003_0092" 8681
"/Engine/EngineMaterials/Substrate/Glints2/dict_0003_0082" 8682
"/Engine/EngineMaterials/Substrate/Glints2/dict_0003_0091" 8683
"/Engine/EngineMaterials/Substrate/Glints2/dict_0003_0104" 8684
"../../../Engine/Content/EngineMaterials/Substrate/Glints2/dict_0003_0117.uasset" 8685
"../../../Engine/Content/EngineMaterials/Substrate/Glints2/dict_0003_0110.uasset" 8686
"/Engine/EngineMaterials/Substrate/Glints2/dict_0003_0103" 8687
"../../../Engine/Content/EngineMaterials/Substrate/Glints2/dict_0003_0120.uasset" 8688
"../../../Engine/Content/EngineMaterials/Substrate/Glints2/dict_0003_0113.uasset" 8689
"../../../Engine/Content/EngineMaterials/Substrate/Glints2/dict_0003_0114.uasset" 8690
"/Engine/EngineMaterials/Substrate/Glints2/dict_0003_0109" 8691
"../../../Engine/Content/EngineMaterials/Substrate/Glints2/dict_0003_0118.uasset" 8692
"../../../Engine/Content/EngineMaterials/Substrate/Glints2/dict_0003_0115.uasset" 8693
"../../../Engine/Content/EngineMaterials/Substrate/Glints2/dict_0003_0116.uasset" 8694
"../../../Engine/Content/EngineMaterials/Substrate/Glints2/dict_0003_0121.uasset" 8695
"/Engine/EngineMaterials/Substrate/Glints2/dict_0003_0108" 8696
"../../../Engine/Content/EngineMaterials/Substrate/Glints2/dict_0003_0122.uasset" 8697
"/Engine/EngineMaterials/Substrate/Glints2/dict_0003_0107" 8698
"../../../Engine/Content/EngineMaterials/Substrate/Glints2/dict_0003_0111.uasset" 8699
"../../../Engine/Content/EngineMaterials/Substrate/Glints2/dict_0003_0130.uasset" 8700
"/Engine/EngineMaterials/Substrate/Glints2/dict_0003_0120" 8701
"/Engine/EngineMaterials/Substrate/Glints2/dict_0003_0119" 8702
"/Engine/EngineMaterials/Substrate/Glints2/dict_0003_0106" 8703
"/Engine/EngineMaterials/Substrate/Glints2/dict_0003_0117" 8704
"/Engine/EngineMaterials/Substrate/Glints2/dict_0003_0105" 8705
"/Engine/EngineMaterials/Substrate/Glints2/dict_0003_0113" 8706
"/Engine/EngineMaterials/Substrate/Glints2/dict_0003_0112" 8707
"/Engine/EngineMaterials/Substrate/Glints2/dict_0003_0110" 8708
"../../../Engine/Content/EngineMaterials/Substrate/Glints2/dict_0003_0124.uasset" 8709
"/Engine/EngineMaterials/Substrate/Glints2/dict_0003_0122" 8710
"../../../Engine/Content/EngineMaterials/Substrate/Glints2/dict_0003_0128.uasset" 8711
"../../../Engine/Content/EngineMaterials/Substrate/Glints2/dict_0003_0134.uasset" 8712
"/Engine/EngineMaterials/Substrate/Glints2/dict_0003_0121" 8713
"../../../Engine/Content/EngineMaterials/Substrate/Glints2/dict_0003_0123.uasset" 8714
"/Engine/EngineMaterials/Substrate/Glints2/dict_0003_0118" 8715
"../../../Engine/Content/EngineMaterials/Substrate/Glints2/dict_0003_0126.uasset" 8716
"../../../Engine/Content/EngineMaterials/Substrate/Glints2/dict_0003_0129.uasset" 8717
"../../../Engine/Content/EngineMaterials/Substrate/Glints2/dict_0003_0125.uasset" 8718
"../../../Engine/Content/EngineMaterials/Substrate/Glints2/dict_0003_0127.uasset" 8719
"/Engine/EngineMaterials/Substrate/Glints2/dict_0003_0116" 8720
"../../../Engine/Content/EngineMaterials/Substrate/Glints2/dict_0003_0135.uasset" 8721
"../../../Engine/Content/EngineMaterials/Substrate/Glints2/dict_0003_0132.uasset" 8722
"../../../Engine/Content/EngineMaterials/Substrate/Glints2/dict_0003_0136.uasset" 8723
"../../../Engine/Content/EngineMaterials/Substrate/Glints2/dict_0003_0133.uasset" 8724
"../../../Engine/Content/EngineMaterials/Substrate/Glints2/dict_0003_0138.uasset" 8725
"/Engine/EngineMaterials/Substrate/Glints2/dict_0003_0115" 8726
"/Engine/EngineMaterials/Substrate/Glints2/dict_0003_0130" 8727
"/Engine/EngineMaterials/Substrate/Glints2/dict_0003_0114" 8728
"/Engine/EngineMaterials/Substrate/Glints2/dict_0003_0111" 8729
"/Engine/EngineMaterials/Substrate/Glints2/dict_0003_0136" 8730
"/Engine/EngineMaterials/Substrate/Glints2/dict_0003_0135" 8731
"../../../Engine/Content/EngineMaterials/Substrate/Glints2/dict_0003_0131.uasset" 8732
"/Engine/EngineMaterials/Substrate/Glints2/dict_0003_0134" 8733
"/Engine/EngineMaterials/Substrate/Glints2/dict_0003_0133" 8734
"/Engine/EngineMaterials/Substrate/Glints2/dict_0003_0132" 8735
"/Engine/EngineMaterials/Substrate/Glints2/dict_0003_0129" 8736
"../../../Engine/Content/EngineMaterials/Substrate/Glints2/dict_0003_0148.uasset" 8737
"/Engine/EngineMaterials/Substrate/Glints2/dict_0003_0128" 8738
"../../../Engine/Content/EngineMaterials/Substrate/Glints2/dict_0003_0139.uasset" 8739
"../../../Engine/Content/EngineMaterials/Substrate/Glints2/dict_0003_0144.uasset" 8740
"../../../Engine/Content/EngineMaterials/Substrate/Glints2/dict_0003_0143.uasset" 8741
"/Engine/EngineMaterials/Substrate/Glints2/dict_0003_0127" 8742
"../../../Engine/Content/EngineMaterials/Substrate/Glints2/dict_0003_0141.uasset" 8743
"../../../Engine/Content/EngineMaterials/Substrate/Glints2/dict_0003_0146.uasset" 8744
"../../../Engine/Content/EngineMaterials/Substrate/Glints2/dict_0003_0137.uasset" 8745
"../../../Engine/Content/EngineMaterials/Substrate/Glints2/dict_0003_0145.uasset" 8746
"../../../Engine/Content/EngineMaterials/Substrate/Glints2/dict_0003_0140.uasset" 8747
"../../../Engine/Content/EngineMaterials/Substrate/Glints2/dict_0003_0142.uasset" 8748
"/Engine/EngineMaterials/Substrate/Glints2/dict_0003_0126" 8749
"/Engine/EngineMaterials/Substrate/Glints2/dict_0003_0125" 8750
"/Engine/EngineMaterials/Substrate/Glints2/dict_0003_0124" 8751
"/Engine/EngineMaterials/Substrate/Glints2/dict_0003_0123" 8752
"../../../Engine/Content/EngineMaterials/Substrate/Glints2/dict_0003_0147.uasset" 8753
"/Engine/EngineMaterials/Substrate/Glints2/dict_0003_0138" 8754
"/Engine/EngineMaterials/Substrate/Glints2/dict_0003_0147" 8755
"/Engine/EngineMaterials/Substrate/Glints2/dict_0003_0146" 8756
"/Engine/EngineMaterials/Substrate/Glints2/dict_0003_0145" 8757
"/Engine/EngineMaterials/Substrate/Glints2/dict_0003_0144" 8758
"../../../Engine/Content/EngineMaterials/Substrate/Glints2/dict_0003_0166.uasset" 8759
"/Engine/EngineMaterials/Substrate/Glints2/dict_0003_0143" 8760
"../../../Engine/Content/EngineMaterials/Substrate/Glints2/dict_0003_0149.uasset" 8761
"/Engine/EngineMaterials/Substrate/Glints2/dict_0003_0142" 8762
"../../../Engine/Content/EngineMaterials/Substrate/Glints2/dict_0003_0153.uasset" 8763
"/Engine/EngineMaterials/Substrate/Glints2/dict_0003_0131" 8764
"../../../Engine/Content/EngineMaterials/Substrate/Glints2/dict_0003_0150.uasset" 8765
"../../../Engine/Content/EngineMaterials/Substrate/Glints2/dict_0003_0155.uasset" 8766
"../../../Engine/Content/EngineMaterials/Substrate/Glints2/dict_0003_0151.uasset" 8767
"../../../Engine/Content/EngineMaterials/Substrate/Glints2/dict_0003_0152.uasset" 8768
"../../../Engine/Content/EngineMaterials/Substrate/Glints2/dict_0003_0154.uasset" 8769
"/Engine/EngineMaterials/Substrate/Glints2/dict_0003_0141" 8770
"../../../Engine/Content/EngineMaterials/Substrate/Glints2/dict_0003_0167.uasset" 8771
"/Engine/EngineMaterials/Substrate/Glints2/dict_0003_0140" 8772
"/Engine/EngineMaterials/Substrate/Glints2/dict_0003_0139" 8773
"/Engine/EngineMaterials/Substrate/Glints2/dict_0003_0148" 8774
"/Engine/EngineMaterials/Substrate/Glints2/dict_0003_0137" 8775
"/Engine/EngineMaterials/Substrate/Glints2/dict_0003_0167" 8776
"/Engine/EngineMaterials/Substrate/Glints2/dict_0003_0155" 8777
"/Engine/EngineMaterials/Substrate/Glints2/dict_0003_0154" 8778
"../../../Engine/Content/EngineMaterials/Substrate/Glints2/dict_0003_0158.uasset" 8779
"../../../Engine/Content/EngineMaterials/Substrate/Glints2/dict_0003_0164.uasset" 8780
"../../../Engine/Content/EngineMaterials/Substrate/Glints2/dict_0003_0161.uasset" 8781
"../../../Engine/Content/EngineMaterials/Substrate/Glints2/dict_0003_0160.uasset" 8782
"../../../Engine/Content/EngineMaterials/Substrate/Glints2/dict_0003_0156.uasset" 8783
"../../../Engine/Content/EngineMaterials/Substrate/Glints2/dict_0003_0159.uasset" 8784
"../../../Engine/Content/EngineMaterials/Substrate/Glints2/dict_0003_0163.uasset" 8785
"/Engine/EngineMaterials/Substrate/Glints2/dict_0003_0166" 8786
"../../../Engine/Content/EngineMaterials/Substrate/Glints2/dict_0003_0165.uasset" 8787
"../../../Engine/Content/EngineMaterials/Substrate/Glints2/dict_0003_0162.uasset" 8788
"/Engine/EngineMaterials/Substrate/Glints2/dict_0003_0153" 8789
"/Engine/EngineMaterials/Substrate/Glints2/dict_0003_0152" 8790
"../../../Engine/Content/EngineMaterials/Substrate/Glints2/dict_0003_0174.uasset" 8791
"/Engine/EngineMaterials/Substrate/Glints2/dict_0003_0151" 8792
"../../../Engine/Content/EngineMaterials/Substrate/Glints2/dict_0003_0157.uasset" 8793
"../../../Engine/Content/EngineMaterials/Substrate/Glints2/dict_0003_0179.uasset" 8794
"../../../Engine/Content/EngineMaterials/Substrate/Glints2/dict_0003_0168.uasset" 8795
"/Engine/EngineMaterials/Substrate/Glints2/dict_0003_0150" 8796
"/Engine/EngineMaterials/Substrate/Glints2/dict_0003_0149" 8797
"/Engine/EngineMaterials/Substrate/Glints2/dict_0003_0168" 8798
"/Engine/EngineMaterials/Substrate/Glints2/dict_0003_0179" 8799
"../../../Engine/Content/EngineMaterials/Substrate/Glints2/dict_0003_0175.uasset" 8800
"/Engine/EngineMaterials/Substrate/Glints2/dict_0003_0165" 8801
"/Engine/EngineMaterials/Substrate/Glints2/dict_0003_0164" 8802
"../../../Engine/Content/EngineMaterials/Substrate/Glints2/dict_0003_0186.uasset" 8803
"/Engine/EngineMaterials/Substrate/Glints2/dict_0003_0174" 8804
"../../../Engine/Content/EngineMaterials/Substrate/Glints2/dict_0003_0173.uasset" 8805
"../../../Engine/Content/EngineMaterials/Substrate/Glints2/dict_0003_0172.uasset" 8806
"../../../Engine/Content/EngineMaterials/Substrate/Glints2/dict_0003_0169.uasset" 8807
"../../../Engine/Content/EngineMaterials/Substrate/Glints2/dict_0003_0170.uasset" 8808
"/Engine/EngineMaterials/Substrate/Glints2/dict_0003_0163" 8809
"../../../Engine/Content/EngineMaterials/Substrate/Glints2/dict_0003_0189.uasset" 8810
"../../../Engine/Content/EngineMaterials/Substrate/Glints2/dict_0003_0171.uasset" 8811
"../../../Engine/Content/EngineMaterials/Substrate/Glints2/dict_0003_0177.uasset" 8812
"/Engine/EngineMaterials/Substrate/Glints2/dict_0003_0162" 8813
"../../../Engine/Content/EngineMaterials/Substrate/Glints2/dict_0003_0176.uasset" 8814
"/Engine/EngineMaterials/Substrate/Glints2/dict_0003_0161" 8815
"../../../Engine/Content/EngineMaterials/Substrate/Glints2/dict_0003_0178.uasset" 8816
"/Engine/EngineMaterials/Substrate/Glints2/dict_0003_0160" 8817
"/Engine/EngineMaterials/Substrate/Glints2/dict_0003_0159" 8818
"../../../Engine/Content/EngineMaterials/Substrate/Glints2/dict_0003_0184.uasset" 8819
"../../../Engine/Content/EngineMaterials/Substrate/Glints2/dict_0003_0180.uasset" 8820
"/Engine/EngineMaterials/Substrate/Glints2/dict_0003_0158" 8821
"../../../Engine/Content/EngineMaterials/Substrate/Glints2/dict_0003_0185.uasset" 8822
"../../../Engine/Content/EngineMaterials/Substrate/Glints2/dict_0003_0187.uasset" 8823
"/Engine/EngineMaterials/Substrate/Glints2/dict_0003_0157" 8824
"../../../Engine/Content/EngineMaterials/Substrate/Glints2/dict_0003_0181.uasset" 8825
"/Engine/EngineMaterials/Substrate/Glints2/dict_0003_0156" 8826
"../../../Engine/Content/EngineMaterials/Substrate/Glints2/dict_0003_0183.uasset" 8827
"/Engine/EngineMaterials/Substrate/Glints2/dict_0003_0180" 8828
"../../../Engine/Content/EngineMaterials/Substrate/Glints2/dict_0003_0182.uasset" 8829
"/Engine/EngineMaterials/Substrate/Glints2/dict_0003_0189" 8830
"/Engine/EngineMaterials/Substrate/Glints2/dict_0003_0187" 8831
"../../../Engine/Content/EngineMaterials/Substrate/Glints2/dict_0003_0199.uasset" 8832
"../../../Engine/Content/EngineMaterials/Substrate/Glints2/dict_0003_0202.uasset" 8833
"../../../Engine/Content/EngineMaterials/Substrate/Glints2/dict_0003_0198.uasset" 8834
"/Engine/EngineMaterials/Substrate/Glints2/dict_0003_0178" 8835
"/Engine/EngineMaterials/Substrate/Glints2/dict_0003_0177" 8836
"/Engine/EngineMaterials/Substrate/Glints2/dict_0003_0186" 8837
"/Engine/EngineMaterials/Substrate/Glints2/dict_0003_0176" 8838
"../../../Engine/Content/EngineMaterials/Substrate/Glints2/dict_0003_0188.uasset" 8839
"/Engine/EngineMaterials/Substrate/Glints2/dict_0003_0185" 8840
"/Engine/EngineMaterials/Substrate/Glints2/dict_0003_0175" 8841
"/Engine/EngineMaterials/Substrate/Glints2/dict_0003_0173" 8842
"/Engine/EngineMaterials/Substrate/Glints2/dict_0003_0184" 8843
"/Engine/EngineMaterials/Substrate/Glints2/dict_0003_0183" 8844
"../../../Engine/Content/EngineMaterials/Substrate/Glints2/dict_0003_0190.uasset" 8845
"/Engine/EngineMaterials/Substrate/Glints2/dict_0003_0181" 8846
"/Engine/EngineMaterials/Substrate/Glints2/dict_0003_0172" 8847
"../../../Engine/Content/EngineMaterials/Substrate/Glints2/dict_0003_0191.uasset" 8848
"../../../Engine/Content/EngineMaterials/Substrate/Glints2/dict_0003_0197.uasset" 8849
"../../../Engine/Content/EngineMaterials/Substrate/Glints2/dict_0003_0201.uasset" 8850
"../../../Engine/Content/EngineMaterials/Substrate/Glints2/dict_0003_0193.uasset" 8851
"../../../Engine/Content/EngineMaterials/Substrate/Glints2/dict_0003_0200.uasset" 8852
"/Engine/EngineMaterials/Substrate/Glints2/dict_0003_0171" 8853
"../../../Engine/Content/EngineMaterials/Substrate/Glints2/dict_0003_0196.uasset" 8854
"../../../Engine/Content/EngineMaterials/Substrate/Glints2/dict_0003_0194.uasset" 8855
"../../../Engine/Content/EngineMaterials/Substrate/Glints2/dict_0003_0195.uasset" 8856
"/Engine/EngineMaterials/Substrate/Glints2/dict_0003_0170" 8857
"/Engine/EngineMaterials/Substrate/Glints2/dict_0003_0169" 8858
"../../../Engine/Content/EngineMaterials/Substrate/Glints2/dict_0003_0192.uasset" 8859
"/Engine/EngineMaterials/Substrate/Glints2/dict_0003_0202" 8860
"/Engine/EngineMaterials/Substrate/Glints2/dict_0003_0188" 8861
"/Engine/EngineMaterials/Substrate/Glints2/dict_0003_0201" 8862
"/Engine/EngineMaterials/Substrate/Glints2/dict_0003_0200" 8863
"/Engine/EngineMaterials/Substrate/Glints2/dict_0003_0199" 8864
"/Engine/EngineMaterials/Substrate/Glints2/dict_0003_0198" 8865
"../../../Engine/Content/EngineMaterials/Substrate/Glints2/dict_0003_0218.uasset" 8866
"/Engine/EngineMaterials/Substrate/Glints2/dict_0003_0182" 8867
"/Engine/EngineMaterials/Substrate/Glints2/dict_0003_0197" 8868
"/Engine/EngineMaterials/Substrate/Glints2/dict_0003_0196" 8869
"../../../Engine/Content/EngineMaterials/Substrate/Glints2/dict_0003_0219.uasset" 8870
"../../../Engine/Content/EngineMaterials/Substrate/Glints2/dict_0003_0209.uasset" 8871
"/Engine/EngineMaterials/Substrate/Glints2/dict_0003_0195" 8872
"/Engine/EngineMaterials/Substrate/Glints2/dict_0003_0194" 8873
"/Engine/EngineMaterials/Substrate/Glints2/dict_0003_0193" 8874
"../../../Engine/Content/EngineMaterials/Substrate/Glints2/dict_0003_0217.uasset" 8875
"../../../Engine/Content/EngineMaterials/Substrate/Glints2/dict_0003_0207.uasset" 8876
"../../../Engine/Content/EngineMaterials/Substrate/Glints2/dict_0003_0204.uasset" 8877
"../../../Engine/Content/EngineMaterials/Substrate/Glints2/dict_0003_0214.uasset" 8878
"/Engine/EngineMaterials/Substrate/Glints2/dict_0003_0192" 8879
"../../../Engine/Content/EngineMaterials/Substrate/Glints2/dict_0003_0212.uasset" 8880
"/Engine/EngineMaterials/Substrate/Glints2/dict_0003_0191" 8881
"../../../Engine/Content/EngineMaterials/Substrate/Glints2/dict_0003_0205.uasset" 8882
"../../../Engine/Content/EngineMaterials/Substrate/Glints2/dict_0003_0216.uasset" 8883
"../../../Engine/Content/EngineMaterials/Substrate/Glints2/dict_0003_0208.uasset" 8884
"../../../Engine/Content/EngineMaterials/Substrate/Glints2/dict_0003_0213.uasset" 8885
"/Engine/EngineMaterials/Substrate/Glints2/dict_0003_0190" 8886
"../../../Engine/Content/EngineMaterials/Substrate/Glints2/dict_0003_0215.uasset" 8887
"../../../Engine/Content/EngineMaterials/Substrate/Glints2/dict_0003_0203.uasset" 8888
"../../../Engine/Content/EngineMaterials/Substrate/Glints2/dict_0003_0206.uasset" 8889
"/Engine/EngineMaterials/Substrate/Glints2/dict_0003_0219" 8890
"../../../Engine/Content/EngineMaterials/Substrate/Glints2/dict_0003_0210.uasset" 8891
"/Engine/EngineMaterials/Substrate/Glints2/dict_0003_0218" 8892
"/Engine/EngineMaterials/Substrate/Glints2/dict_0003_0217" 8893
"../../../Engine/Content/EngineMaterials/Substrate/Glints2/dict_0003_0222.uasset" 8894
"/Engine/EngineMaterials/Substrate/Glints2/dict_0003_0216" 8895
"../../../Engine/Content/EngineMaterials/Substrate/Glints2/dict_0003_0229.uasset" 8896
"../../../Engine/Content/EngineMaterials/Substrate/Glints2/dict_0003_0233.uasset" 8897
"/Engine/EngineMaterials/Substrate/Glints2/dict_0003_0215" 8898
"/Engine/EngineMaterials/Substrate/Glints2/dict_0003_0214" 8899
"../../../Engine/Content/EngineMaterials/Substrate/Glints2/dict_0003_0234.uasset" 8900
"/Engine/EngineMaterials/Substrate/Glints2/dict_0003_0213" 8901
"../../../Engine/Content/EngineMaterials/Substrate/Glints2/dict_0003_0211.uasset" 8902
"/Engine/EngineMaterials/Substrate/Glints2/dict_0003_0212" 8903
"/Engine/EngineMaterials/Substrate/Glints2/dict_0003_0209" 8904
"/Engine/EngineMaterials/Substrate/Glints2/dict_0003_0208" 8905
"/Engine/EngineMaterials/Substrate/Glints2/dict_0003_0207" 8906
"/Engine/EngineMaterials/Substrate/Glints2/dict_0003_0206" 8907
"../../../Engine/Content/EngineMaterials/Substrate/Glints2/dict_0003_0227.uasset" 8908
"../../../Engine/Content/EngineMaterials/Substrate/Glints2/dict_0003_0230.uasset" 8909
"../../../Engine/Content/EngineMaterials/Substrate/Glints2/dict_0003_0221.uasset" 8910
"../../../Engine/Content/EngineMaterials/Substrate/Glints2/dict_0003_0225.uasset" 8911
"/Engine/EngineMaterials/Substrate/Glints2/dict_0003_0205" 8912
"../../../Engine/Content/EngineMaterials/Substrate/Glints2/dict_0003_0226.uasset" 8913
"/Engine/EngineMaterials/Substrate/Glints2/dict_0003_0204" 8914
"../../../Engine/Content/EngineMaterials/Substrate/Glints2/dict_0003_0224.uasset" 8915
"../../../Engine/Content/EngineMaterials/Substrate/Glints2/dict_0003_0223.uasset" 8916
"../../../Engine/Content/EngineMaterials/Substrate/Glints2/dict_0003_0220.uasset" 8917
"/Engine/EngineMaterials/Substrate/Glints2/dict_0003_0203" 8918
"../../../Engine/Content/EngineMaterials/Substrate/Glints2/dict_0003_0231.uasset" 8919
"../../../Engine/Content/EngineMaterials/Substrate/Glints2/dict_0003_0232.uasset" 8920
"/Engine/EngineMaterials/Substrate/Glints2/dict_0003_0234" 8921
"../../../Engine/Content/EngineMaterials/Substrate/Glints2/dict_0003_0228.uasset" 8922
"/Engine/EngineMaterials/Substrate/Glints2/dict_0003_0233" 8923
"/Engine/EngineMaterials/Substrate/Glints2/dict_0003_0232" 8924
"../../../Engine/Content/EngineMaterials/Substrate/Glints2/dict_0003_0241.uasset" 8925
"../../../Engine/Content/EngineMaterials/Substrate/Glints2/dict_0003_0240.uasset" 8926
"/Engine/EngineMaterials/Substrate/Glints2/dict_0003_0231" 8927
"../../../Engine/Content/EngineMaterials/Substrate/Glints2/dict_0003_0235.uasset" 8928
"../../../Engine/Content/EngineMaterials/Substrate/Glints2/dict_0003_0247.uasset" 8929
"/Engine/EngineMaterials/Substrate/Glints2/dict_0003_0230" 8930
"/Engine/EngineMaterials/Substrate/Glints2/dict_0003_0211" 8931
"/Engine/EngineMaterials/Substrate/Glints2/dict_0003_0229" 8932
"/Engine/EngineMaterials/Substrate/Glints2/dict_0003_0210" 8933
"/Engine/EngineMaterials/Substrate/Glints2/dict_0003_0227" 8934
"/Engine/EngineMaterials/Substrate/Glints2/dict_0003_0226" 8935
"/Engine/EngineMaterials/Substrate/Glints2/dict_0003_0225" 8936
"/Engine/EngineMaterials/Substrate/Glints2/dict_0003_0224" 8937
"/Engine/EngineMaterials/Substrate/Glints2/dict_0003_0223" 8938
"/Engine/EngineMaterials/Substrate/Glints2/dict_0003_0222" 8939
"/Engine/EngineMaterials/Substrate/Glints2/dict_0003_0221" 8940
"../../../Engine/Content/EngineMaterials/Substrate/Glints2/dict_0003_0246.uasset" 8941
"../../../Engine/Content/EngineMaterials/Substrate/Glints2/dict_0003_0244.uasset" 8942
"../../../Engine/Content/EngineMaterials/Substrate/Glints2/dict_0003_0243.uasset" 8943
"../../../Engine/Content/EngineMaterials/Substrate/Glints2/dict_0003_0249.uasset" 8944
"../../../Engine/Content/EngineMaterials/Substrate/Glints2/dict_0003_0239.uasset" 8945
"/Engine/EngineMaterials/Substrate/Glints2/dict_0003_0220" 8946
"../../../Engine/Content/EngineMaterials/Substrate/Glints2/dict_0003_0237.uasset" 8947
"../../../Engine/Content/EngineMaterials/Substrate/Glints2/dict_0003_0248.uasset" 8948
"../../../Engine/Content/EngineMaterials/Substrate/Glints2/dict_0003_0238.uasset" 8949
"/Engine/EngineMaterials/Substrate/Glints2/dict_0003_0249" 8950
"../../../Engine/Content/EngineMaterials/Substrate/Glints2/dict_0003_0242.uasset" 8951
"../../../Engine/Content/EngineMaterials/Substrate/Glints2/dict_0003_0245.uasset" 8952
"../../../Engine/Content/EngineMaterials/Substrate/Glints2/dict_0003_0236.uasset" 8953
"/Engine/EngineMaterials/Substrate/Glints2/dict_0003_0248" 8954
"/Engine/EngineMaterials/Substrate/Glints2/dict_0003_0247" 8955
"../../../Engine/Content/EngineMaterials/Substrate/Glints2/dict_0004_0007.uasset" 8956
"../../../Engine/Content/EngineMaterials/Substrate/Glints2/dict_0004_0005.uasset" 8957
"../../../Engine/Content/EngineMaterials/Substrate/Glints2/dict_0003_0251.uasset" 8958
"/Engine/EngineMaterials/Substrate/Glints2/dict_0003_0246" 8959
"/Engine/EngineMaterials/Substrate/Glints2/dict_0003_0244" 8960
"../../../Engine/Content/EngineMaterials/Substrate/Glints2/dict_0004_0004.uasset" 8961
"/Engine/EngineMaterials/Substrate/Glints2/dict_0003_0243" 8962
"/Engine/EngineMaterials/Substrate/Glints2/dict_0003_0241" 8963
"/Engine/EngineMaterials/Substrate/Glints2/dict_0003_0240" 8964
"/Engine/EngineMaterials/Substrate/Glints2/dict_0003_0228" 8965
"/Engine/EngineMaterials/Substrate/Glints2/dict_0003_0239" 8966
"/Engine/EngineMaterials/Substrate/Glints2/dict_0003_0238" 8967
"../../../Engine/Content/EngineMaterials/Substrate/Glints2/dict_0004_0006.uasset" 8968
"../../../Engine/Content/EngineMaterials/Substrate/Glints2/dict_0004_0009.uasset" 8969
"../../../Engine/Content/EngineMaterials/Substrate/Glints2/dict_0003_0250.uasset" 8970
"../../../Engine/Content/EngineMaterials/Substrate/Glints2/dict_0003_0254.uasset" 8971
"/Engine/EngineMaterials/Substrate/Glints2/dict_0003_0237" 8972
"../../../Engine/Content/EngineMaterials/Substrate/Glints2/dict_0003_0255.uasset" 8973
"/Engine/EngineMaterials/Substrate/Glints2/dict_0003_0235" 8974
"../../../Engine/Content/EngineMaterials/Substrate/Glints2/dict_0003_0252.uasset" 8975
"../../../Engine/Content/EngineMaterials/Substrate/Glints2/dict_0004_0000.uasset" 8976
"../../../Engine/Content/EngineMaterials/Substrate/Glints2/dict_0004_0003.uasset" 8977
"../../../Engine/Content/EngineMaterials/Substrate/Glints2/dict_0004_0008.uasset" 8978
"/Engine/EngineMaterials/Substrate/Glints2/dict_0004_0009" 8979
"../../../Engine/Content/EngineMaterials/Substrate/Glints2/dict_0004_0002.uasset" 8980
"../../../Engine/Content/EngineMaterials/Substrate/Glints2/dict_0004_0001.uasset" 8981
"/Engine/EngineMaterials/Substrate/Glints2/dict_0004_0007" 8982
"/Engine/EngineMaterials/Substrate/Glints2/dict_0003_0245" 8983
"../../../Engine/Content/EngineMaterials/Substrate/Glints2/dict_0004_0016.uasset" 8984
"../../../Engine/Content/EngineMaterials/Substrate/Glints2/dict_0004_0012.uasset" 8985
"../../../Engine/Content/EngineMaterials/Substrate/Glints2/dict_0003_0253.uasset" 8986
"../../../Engine/Content/EngineMaterials/Substrate/Glints2/dict_0004_0013.uasset" 8987
"/Engine/EngineMaterials/Substrate/Glints2/dict_0004_0006" 8988
"../../../Engine/Content/EngineMaterials/Substrate/Glints2/dict_0004_0011.uasset" 8989
"/Engine/EngineMaterials/Substrate/Glints2/dict_0003_0242" 8990
"/Engine/EngineMaterials/Substrate/Glints2/dict_0004_0005" 8991
"/Engine/EngineMaterials/Substrate/Glints2/dict_0004_0004" 8992
"/Engine/EngineMaterials/Substrate/Glints2/dict_0004_0003" 8993
"/Engine/EngineMaterials/Substrate/Glints2/dict_0004_0000" 8994
"/Engine/EngineMaterials/Substrate/Glints2/dict_0003_0255" 8995
"/Engine/EngineMaterials/Substrate/Glints2/dict_0003_0254" 8996
"/Engine/EngineMaterials/Substrate/Glints2/dict_0003_0252" 8997
"/Engine/EngineMaterials/Substrate/Glints2/dict_0003_0251" 8998
"/Engine/EngineMaterials/Substrate/Glints2/dict_0003_0250" 8999
"../../../Engine/Content/EngineMaterials/Substrate/Glints2/dict_0004_0022.uasset" 9000
"../../../Engine/Content/EngineMaterials/Substrate/Glints2/dict_0004_0010.uasset" 9001
"../../../Engine/Content/EngineMaterials/Substrate/Glints2/dict_0004_0018.uasset" 9002
"/Engine/EngineMaterials/Substrate/Glints2/dict_0003_0236" 9003
"../../../Engine/Content/EngineMaterials/Substrate/Glints2/dict_0004_0017.uasset" 9004
"../../../Engine/Content/EngineMaterials/Substrate/Glints2/dict_0004_0021.uasset" 9005
"../../../Engine/Content/EngineMaterials/Substrate/Glints2/dict_0004_0019.uasset" 9006
"/Engine/EngineMaterials/Substrate/Glints2/dict_0004_0022" 9007
"../../../Engine/Content/EngineMaterials/Substrate/Glints2/dict_0004_0020.uasset" 9008
"/Engine/EngineMaterials/Substrate/Glints2/dict_0004_0021" 9009
"/Engine/EngineMaterials/Substrate/Glints2/dict_0004_0008" 9010
"/Engine/EngineMaterials/Substrate/Glints2/dict_0004_0019" 9011
"/Engine/EngineMaterials/Substrate/Glints2/dict_0004_0018" 9012
"/Engine/EngineMaterials/Substrate/Glints2/dict_0004_0017" 9013
"/Engine/EngineMaterials/Substrate/Glints2/dict_0004_0002" 9014
"../../../Engine/Content/EngineMaterials/Substrate/Glints2/dict_0004_0014.uasset" 9015
"../../../Engine/Content/EngineMaterials/Substrate/Glints2/dict_0004_0037.uasset" 9016
"../../../Engine/Content/EngineMaterials/Substrate/Glints2/dict_0004_0033.uasset" 9017
"/Engine/EngineMaterials/Substrate/Glints2/dict_0004_0016" 9018
"/Engine/EngineMaterials/Substrate/Glints2/dict_0004_0001" 9019
"../../../Engine/Content/EngineMaterials/Substrate/Glints2/dict_0004_0015.uasset" 9020
"/Engine/EngineMaterials/Substrate/Glints2/dict_0004_0013" 9021
"../../../Engine/Content/EngineMaterials/Substrate/Glints2/dict_0004_0029.uasset" 9022
"../../../Engine/Content/EngineMaterials/Substrate/Glints2/dict_0004_0030.uasset" 9023
"../../../Engine/Content/EngineMaterials/Substrate/Glints2/dict_0004_0031.uasset" 9024
"/Engine/EngineMaterials/Substrate/Glints2/dict_0003_0253" 9025
"../../../Engine/Content/EngineMaterials/Substrate/Glints2/dict_0004_0025.uasset" 9026
"../../../Engine/Content/EngineMaterials/Substrate/Glints2/dict_0004_0023.uasset" 9027
"../../../Engine/Content/EngineMaterials/Substrate/Glints2/dict_0004_0034.uasset" 9028
"/Engine/EngineMaterials/Substrate/Glints2/dict_0004_0012" 9029
"../../../Engine/Content/EngineMaterials/Substrate/Glints2/dict_0004_0032.uasset" 9030
"../../../Engine/Content/EngineMaterials/Substrate/Glints2/dict_0004_0028.uasset" 9031
"/Engine/EngineMaterials/Substrate/Glints2/dict_0004_0011" 9032
"../../../Engine/Content/EngineMaterials/Substrate/Glints2/dict_0004_0026.uasset" 9033
"/Engine/EngineMaterials/Substrate/Glints2/dict_0004_0010" 9034
"../../../Engine/Content/EngineMaterials/Substrate/Glints2/dict_0004_0024.uasset" 9035
"../../../Engine/Content/EngineMaterials/Substrate/Glints2/dict_0004_0027.uasset" 9036
"/Engine/EngineMaterials/Substrate/Glints2/dict_0004_0037" 9037
"../../../Engine/Content/EngineMaterials/Substrate/Glints2/dict_0004_0036.uasset" 9038
"/Engine/EngineMaterials/Substrate/Glints2/dict_0004_0020" 9039
"../../../Engine/Content/EngineMaterials/Substrate/Glints2/dict_0004_0035.uasset" 9040
"/Engine/EngineMaterials/Substrate/Glints2/dict_0004_0034" 9041
"/Engine/EngineMaterials/Substrate/Glints2/dict_0004_0033" 9042
"../../../Engine/Content/EngineMaterials/Substrate/Glints2/dict_0004_0043.uasset" 9043
"/Engine/EngineMaterials/Substrate/Glints2/dict_0004_0032" 9044
"../../../Engine/Content/EngineMaterials/Substrate/Glints2/dict_0004_0044.uasset" 9045
"/Engine/EngineMaterials/Substrate/Glints2/dict_0004_0031" 9046
"../../../Engine/Content/EngineMaterials/Substrate/Glints2/dict_0004_0038.uasset" 9047
"/Engine/EngineMaterials/Substrate/Glints2/dict_0004_0030" 9048
"/Engine/EngineMaterials/Substrate/Glints2/dict_0004_0015" 9049
"/Engine/EngineMaterials/Substrate/Glints2/dict_0004_0014" 9050
"/Engine/EngineMaterials/Substrate/Glints2/dict_0004_0029" 9051
"/Engine/EngineMaterials/Substrate/Glints2/dict_0004_0028" 9052
"/Engine/EngineMaterials/Substrate/Glints2/dict_0004_0027" 9053
"../../../Engine/Content/EngineMaterials/Substrate/Glints2/dict_0004_0041.uasset" 9054
"../../../Engine/Content/EngineMaterials/Substrate/Glints2/dict_0004_0042.uasset" 9055
"/Engine/EngineMaterials/Substrate/Glints2/dict_0004_0026" 9056
"../../../Engine/Content/EngineMaterials/Substrate/Glints2/dict_0004_0051.uasset" 9057
"../../../Engine/Content/EngineMaterials/Substrate/Glints2/dict_0004_0046.uasset" 9058
"../../../Engine/Content/EngineMaterials/Substrate/Glints2/dict_0004_0049.uasset" 9059
"/Engine/EngineMaterials/Substrate/Glints2/dict_0004_0025" 9060
"../../../Engine/Content/EngineMaterials/Substrate/Glints2/dict_0004_0048.uasset" 9061
"../../../Engine/Content/EngineMaterials/Substrate/Glints2/dict_0004_0040.uasset" 9062
"/Engine/EngineMaterials/Substrate/Glints2/dict_0004_0024" 9063
"/Engine/EngineMaterials/Substrate/Glints2/dict_0004_0023" 9064
"../../../Engine/Content/EngineMaterials/Substrate/Glints2/dict_0004_0047.uasset" 9065
"../../../Engine/Content/EngineMaterials/Substrate/Glints2/dict_0004_0045.uasset" 9066
"/Engine/EngineMaterials/Substrate/Glints2/dict_0004_0051" 9067
"../../../Engine/Content/EngineMaterials/Substrate/Glints2/dict_0004_0050.uasset" 9068
"/Engine/EngineMaterials/Substrate/Glints2/dict_0004_0049" 9069
"/Engine/EngineMaterials/Substrate/Glints2/dict_0004_0036" 9070
"/Engine/EngineMaterials/Substrate/Glints2/dict_0004_0048" 9071
"../../../Engine/Content/EngineMaterials/Substrate/Glints2/dict_0004_0065.uasset" 9072
"/Engine/EngineMaterials/Substrate/Glints2/dict_0004_0035" 9073
"/Engine/EngineMaterials/Substrate/Glints2/dict_0004_0047" 9074
"/Engine/EngineMaterials/Substrate/Glints2/dict_0004_0046" 9075
"/Engine/EngineMaterials/Substrate/Glints2/dict_0004_0044" 9076
"/Engine/EngineMaterials/Substrate/Glints2/dict_0004_0043" 9077
"/Engine/EngineMaterials/Substrate/Glints2/dict_0004_0042" 9078
"/Engine/EngineMaterials/Substrate/Glints2/dict_0004_0041" 9079
"/Engine/EngineMaterials/Substrate/Glints2/dict_0004_0040" 9080
"/Engine/EngineMaterials/Substrate/Glints2/dict_0004_0038" 9081
"../../../Engine/Content/EngineMaterials/Substrate/Glints2/dict_0004_0055.uasset" 9082
"/Engine/EngineMaterials/Substrate/Glints2/dict_0004_0050" 9083
"../../../Engine/Content/EngineMaterials/Substrate/Glints2/dict_0004_0053.uasset" 9084
"../../../Engine/Content/EngineMaterials/Substrate/Glints2/dict_0004_0063.uasset" 9085
"../../../Engine/Content/EngineMaterials/Substrate/Glints2/dict_0004_0066.uasset" 9086
"/Engine/EngineMaterials/Substrate/Glints2/dict_0004_0065" 9087
"../../../Engine/Content/EngineMaterials/Substrate/Glints2/dict_0004_0059.uasset" 9088
"../../../Engine/Content/EngineMaterials/Substrate/Glints2/dict_0004_0062.uasset" 9089
"../../../Engine/Content/EngineMaterials/Substrate/Glints2/dict_0004_0064.uasset" 9090
"../../../Engine/Content/EngineMaterials/Substrate/Glints2/dict_0004_0061.uasset" 9091
"../../../Engine/Content/EngineMaterials/Substrate/Glints2/dict_0004_0054.uasset" 9092
"../../../Engine/Content/EngineMaterials/Substrate/Glints2/dict_0004_0060.uasset" 9093
"/Engine/EngineMaterials/Substrate/Glints2/dict_0004_0045" 9094
"../../../Engine/Content/EngineMaterials/Substrate/Glints2/dict_0004_0067.uasset" 9095
"../../../Engine/Content/EngineMaterials/Substrate/Glints2/dict_0004_0057.uasset" 9096
"../../../Engine/Content/EngineMaterials/Substrate/Glints2/dict_0004_0056.uasset" 9097
"../../../Engine/Content/EngineMaterials/Substrate/Glints2/dict_0004_0058.uasset" 9098
"/Engine/EngineMaterials/Substrate/Glints2/dict_0004_0055" 9099
"../../../Engine/Content/EngineMaterials/Substrate/Glints2/dict_0004_0052.uasset" 9100
"../../../Engine/Content/EngineMaterials/Substrate/Glints2/dict_0004_0069.uasset" 9101
"../../../Engine/Content/EngineMaterials/Substrate/Glints2/dict_0004_0073.uasset" 9102
"../../../Engine/Content/EngineMaterials/Substrate/Glints2/dict_0004_0072.uasset" 9103
"/Engine/EngineMaterials/Substrate/Glints2/dict_0004_0067" 9104
"/Engine/EngineMaterials/Substrate/Glints2/dict_0004_0066" 9105
"/Engine/EngineMaterials/Substrate/Glints2/dict_0004_0064" 9106
"/Engine/EngineMaterials/Substrate/Glints2/dict_0004_0063" 9107
"/Engine/EngineMaterials/Substrate/Glints2/dict_0004_0062" 9108
"/Engine/EngineMaterials/Substrate/Glints2/dict_0004_0061" 9109
"/Engine/EngineMaterials/Substrate/Glints2/dict_0004_0073" 9110
"/Engine/EngineMaterials/Substrate/Glints2/dict_0004_0060" 9111
"/Engine/EngineMaterials/Substrate/Glints2/dict_0004_0059" 9112
"/Engine/EngineMaterials/Substrate/Glints2/dict_0004_0072" 9113
"/Engine/EngineMaterials/Substrate/Glints2/dict_0004_0058" 9114
"/Engine/EngineMaterials/Substrate/Glints2/dict_0004_0057" 9115
"../../../Engine/Content/EngineMaterials/Substrate/Glints2/dict_0004_0070.uasset" 9116
"../../../Engine/Content/EngineMaterials/Substrate/Glints2/dict_0004_0075.uasset" 9117
"../../../Engine/Content/EngineMaterials/Substrate/Glints2/dict_0004_0068.uasset" 9118
"../../../Engine/Content/EngineMaterials/Substrate/Glints2/dict_0004_0078.uasset" 9119
"/Engine/EngineMaterials/Substrate/Glints2/dict_0004_0056" 9120
"../../../Engine/Content/EngineMaterials/Substrate/Glints2/dict_0004_0071.uasset" 9121
"../../../Engine/Content/EngineMaterials/Substrate/Glints2/dict_0004_0074.uasset" 9122
"../../../Engine/Content/EngineMaterials/Substrate/Glints2/dict_0004_0082.uasset" 9123
"../../../Engine/Content/EngineMaterials/Substrate/Glints2/dict_0004_0079.uasset" 9124
"../../../Engine/Content/EngineMaterials/Substrate/Glints2/dict_0004_0080.uasset" 9125
"../../../Engine/Content/EngineMaterials/Substrate/Glints2/dict_0004_0077.uasset" 9126
"/Engine/EngineMaterials/Substrate/Glints2/dict_0004_0069" 9127
"../../../Engine/Content/EngineMaterials/Substrate/Glints2/dict_0004_0076.uasset" 9128
"/Engine/EngineMaterials/Substrate/Glints2/dict_0004_0054" 9129
"/Engine/EngineMaterials/Substrate/Glints2/dict_0004_0053" 9130
"../../../Engine/Content/EngineMaterials/Substrate/Glints2/dict_0004_0081.uasset" 9131
"/Engine/EngineMaterials/Substrate/Glints2/dict_0004_0052" 9132
"/Engine/EngineMaterials/Substrate/Glints2/dict_0004_0080" 9133
"/Engine/EngineMaterials/Substrate/Glints2/dict_0004_0079" 9134
"/Engine/EngineMaterials/Substrate/Glints2/dict_0004_0078" 9135
"/Engine/EngineMaterials/Substrate/Glints2/dict_0004_0077" 9136
"../../../Engine/Content/EngineMaterials/Substrate/Glints2/dict_0004_0092.uasset" 9137
"/Engine/EngineMaterials/Substrate/Glints2/dict_0004_0076" 9138
"/Engine/EngineMaterials/Substrate/Glints2/dict_0004_0075" 9139
"/Engine/EngineMaterials/Substrate/Glints2/dict_0004_0074" 9140
"../../../Engine/Content/EngineMaterials/Substrate/Glints2/dict_0004_0083.uasset" 9141
"../../../Engine/Content/EngineMaterials/Substrate/Glints2/dict_0004_0084.uasset" 9142
"/Engine/EngineMaterials/Substrate/Glints2/dict_0004_0082" 9143
"/Engine/EngineMaterials/Substrate/Glints2/dict_0004_0071" 9144
"/Engine/EngineMaterials/Substrate/Glints2/dict_0004_0070" 9145
"../../../Engine/Content/EngineMaterials/Substrate/Glints2/dict_0004_0089.uasset" 9146
"/Engine/EngineMaterials/Substrate/Glints2/dict_0004_0081" 9147
"../../../Engine/Content/EngineMaterials/Substrate/Glints2/dict_0004_0094.uasset" 9148
"/Engine/EngineMaterials/Substrate/Glints2/dict_0004_0068" 9149
"../../../Engine/Content/EngineMaterials/Substrate/Glints2/dict_0004_0088.uasset" 9150
"../../../Engine/Content/EngineMaterials/Substrate/Glints2/dict_0004_0090.uasset" 9151
"/Engine/EngineMaterials/Substrate/Glints2/dict_0004_0084" 9152
"../../../Engine/Content/EngineMaterials/Substrate/Glints2/dict_0004_0093.uasset" 9153
"../../../Engine/Content/EngineMaterials/Substrate/Glints2/dict_0004_0098.uasset" 9154
"/Engine/EngineMaterials/Substrate/Glints2/dict_0004_0083" 9155
"../../../Engine/Content/EngineMaterials/Substrate/Glints2/dict_0004_0091.uasset" 9156
"../../../Engine/Content/EngineMaterials/Substrate/Glints2/dict_0004_0095.uasset" 9157
"../../../Engine/Content/EngineMaterials/Substrate/Glints2/dict_0004_0099.uasset" 9158
"../../../Engine/Content/EngineMaterials/Substrate/Glints2/dict_0004_0086.uasset" 9159
"/Engine/EngineMaterials/Substrate/Glints2/dict_0004_0094" 9160
"../../../Engine/Content/EngineMaterials/Substrate/Glints2/dict_0004_0087.uasset" 9161
"/Engine/EngineMaterials/Substrate/Glints2/dict_0004_0092" 9162
"../../../Engine/Content/EngineMaterials/Substrate/Glints2/dict_0004_0096.uasset" 9163
"/Engine/EngineMaterials/Substrate/Glints2/dict_0004_0090" 9164
"../../../Engine/Content/EngineMaterials/Substrate/Glints2/dict_0004_0097.uasset" 9165
"../../../Engine/Content/EngineMaterials/Substrate/Glints2/dict_0004_0107.uasset" 9166
"../../../Engine/Content/EngineMaterials/Substrate/Glints2/dict_0004_0108.uasset" 9167
"/Engine/EngineMaterials/Substrate/Glints2/dict_0004_0089" 9168
"../../../Engine/Content/EngineMaterials/Substrate/Glints2/dict_0004_0105.uasset" 9169
"../../../Engine/Content/EngineMaterials/Substrate/Glints2/dict_0004_0100.uasset" 9170
"/Engine/EngineMaterials/Substrate/Glints2/dict_0004_0088" 9171
"/Engine/EngineMaterials/Substrate/Glints2/dict_0004_0100" 9172
"../../../Engine/Content/EngineMaterials/Substrate/Glints2/dict_0004_0085.uasset" 9173
"/Engine/EngineMaterials/Substrate/Glints2/dict_0004_0108" 9174
"/Engine/EngineMaterials/Substrate/Glints2/dict_0004_0107" 9175
"../../../Engine/Content/EngineMaterials/Substrate/Glints2/dict_0004_0101.uasset" 9176
"/Engine/EngineMaterials/Substrate/Glints2/dict_0004_0099" 9177
"/Engine/EngineMaterials/Substrate/Glints2/dict_0004_0098" 9178
"/Engine/EngineMaterials/Substrate/Glints2/dict_0004_0097" 9179
"../../../Engine/Content/EngineMaterials/Substrate/Glints2/dict_0004_0039.uasset" 9180
"/Engine/EngineMaterials/Substrate/Glints2/dict_0004_0096" 9181
"../../../Engine/Content/EngineMaterials/Substrate/Glints2/dict_0004_0119.uasset" 9182
"../../../Engine/Content/EngineMaterials/Substrate/Glints2/dict_0004_0104.uasset" 9183
"../../../Engine/Content/EngineMaterials/Substrate/Glints2/dict_0004_0102.uasset" 9184
"/Engine/EngineMaterials/Substrate/Glints2/dict_0004_0095" 9185
"../../../Engine/Content/EngineMaterials/Substrate/Glints2/dict_0004_0106.uasset" 9186
"../../../Engine/Content/EngineMaterials/Substrate/Glints2/dict_0004_0112.uasset" 9187
"/Engine/EngineMaterials/Substrate/Glints2/dict_0004_0093" 9188
"../../../Engine/Content/EngineMaterials/Substrate/Glints2/dict_0004_0103.uasset" 9189
"../../../Engine/Content/EngineMaterials/Substrate/Glints2/dict_0004_0110.uasset" 9190
"../../../Engine/Content/EngineMaterials/Substrate/Glints2/dict_0004_0111.uasset" 9191
"/Engine/EngineMaterials/Substrate/Glints2/dict_0004_0105" 9192
"../../../Engine/Content/EngineMaterials/Substrate/Glints2/dict_0004_0113.uasset" 9193
"/Engine/EngineMaterials/Substrate/Glints2/dict_0004_0091" 9194
"../../../Engine/Content/EngineMaterials/Substrate/Glints2/dict_0004_0109.uasset" 9195
"/Engine/EngineMaterials/Substrate/Glints2/dict_0004_0087" 9196
"/Engine/EngineMaterials/Substrate/Glints2/dict_0004_0086" 9197
"../../../Engine/Content/EngineMaterials/Substrate/Glints2/dict_0004_0116.uasset" 9198
"../../../Engine/Content/EngineMaterials/Substrate/Glints2/dict_0004_0114.uasset" 9199
"/Engine/EngineMaterials/Substrate/Glints2/dict_0004_0101" 9200
"/Engine/EngineMaterials/Substrate/Glints2/dict_0004_0113" 9201
"../../../Engine/Content/EngineMaterials/Substrate/Glints2/dict_0004_0120.uasset" 9202
"/Engine/EngineMaterials/Substrate/Glints2/dict_0004_0112" 9203
"/Engine/EngineMaterials/Substrate/Glints2/dict_0004_0111" 9204
"/Engine/EngineMaterials/Substrate/Glints2/dict_0004_0110" 9205
"../../../Engine/Content/EngineMaterials/Substrate/Glints2/dict_0004_0118.uasset" 9206
"/Engine/EngineMaterials/Substrate/Glints2/dict_0004_0109" 9207
"/Engine/EngineMaterials/Substrate/Glints2/dict_0004_0119" 9208
"../../../Engine/Content/EngineMaterials/Substrate/Glints2/dict_0004_0133.uasset" 9209
"/Engine/EngineMaterials/Substrate/Glints2/dict_0004_0106" 9210
"../../../Engine/Content/EngineMaterials/Substrate/Glints2/dict_0004_0117.uasset" 9211
"../../../Engine/Content/EngineMaterials/Substrate/Glints2/dict_0004_0129.uasset" 9212
"/Engine/EngineMaterials/Substrate/Glints2/dict_0004_0116" 9213
"/Engine/EngineMaterials/Substrate/Glints2/dict_0004_0104" 9214
"/Engine/EngineMaterials/Substrate/Glints2/dict_0004_0114" 9215
"../../../Engine/Content/EngineMaterials/Substrate/Glints2/dict_0004_0115.uasset" 9216
"/Engine/EngineMaterials/Substrate/Glints2/dict_0004_0039" 9217
"/Engine/EngineMaterials/Substrate/Glints2/dict_0004_0103" 9218
"../../../Engine/Content/EngineMaterials/Substrate/Glints2/dict_0004_0121.uasset" 9219
"../../../Engine/Content/EngineMaterials/Substrate/Glints2/dict_0004_0126.uasset" 9220
"../../../Engine/Content/EngineMaterials/Substrate/Glints2/dict_0004_0125.uasset" 9221
"/Engine/EngineMaterials/Substrate/Glints2/dict_0004_0085" 9222
"../../../Engine/Content/EngineMaterials/Substrate/Glints2/dict_0004_0131.uasset" 9223
"../../../Engine/Content/EngineMaterials/Substrate/Glints2/dict_0004_0127.uasset" 9224
"../../../Engine/Content/EngineMaterials/Substrate/Glints2/dict_0004_0122.uasset" 9225
"../../../Engine/Content/EngineMaterials/Substrate/Glints2/dict_0004_0128.uasset" 9226
"/Engine/EngineMaterials/Substrate/Glints2/dict_0004_0102" 9227
"../../../Engine/Content/EngineMaterials/Substrate/Glints2/dict_0004_0123.uasset" 9228
"../../../Engine/Content/EngineMaterials/Substrate/Glints2/dict_0004_0132.uasset" 9229
"/Engine/EngineMaterials/Substrate/Glints2/dict_0004_0120" 9230
"/Engine/EngineMaterials/Substrate/Glints2/dict_0004_0133" 9231
"/Engine/EngineMaterials/Substrate/Glints2/dict_0004_0132" 9232
"../../../Engine/Content/EngineMaterials/Substrate/Glints2/dict_0004_0124.uasset" 9233
"/Engine/EngineMaterials/Substrate/Glints2/dict_0004_0131" 9234
"/Engine/EngineMaterials/Substrate/Glints2/dict_0004_0129" 9235
"/Engine/EngineMaterials/Substrate/Glints2/dict_0004_0128" 9236
"/Engine/EngineMaterials/Substrate/Glints2/dict_0004_0127" 9237
"/Engine/EngineMaterials/Substrate/Glints2/dict_0004_0126" 9238
"/Engine/EngineMaterials/Substrate/Glints2/dict_0004_0118" 9239
"../../../Engine/Content/EngineMaterials/Substrate/Glints2/dict_0004_0148.uasset" 9240
"../../../Engine/Content/EngineMaterials/Substrate/Glints2/dict_0004_0130.uasset" 9241
"/Engine/EngineMaterials/Substrate/Glints2/dict_0004_0125" 9242
"/Engine/EngineMaterials/Substrate/Glints2/dict_0004_0117" 9243
"/Engine/EngineMaterials/Substrate/Glints2/dict_0004_0123" 9244
"/Engine/EngineMaterials/Substrate/Glints2/dict_0004_0115" 9245
"/Engine/EngineMaterials/Substrate/Glints2/dict_0004_0122" 9246
"/Engine/EngineMaterials/Substrate/Glints2/dict_0004_0121" 9247
"../../../Engine/Content/EngineMaterials/Substrate/Glints2/dict_0004_0136.uasset" 9248
"../../../Engine/Content/EngineMaterials/Substrate/Glints2/dict_0004_0135.uasset" 9249
"/Engine/EngineMaterials/Substrate/Glints2/dict_0004_0148" 9250
"../../../Engine/Content/EngineMaterials/Substrate/Glints2/dict_0004_0143.uasset" 9251
"/Engine/EngineMaterials/Substrate/Glints2/dict_0004_0130" 9252
"../../../Engine/Content/EngineMaterials/Substrate/Glints2/dict_0004_0145.uasset" 9253
"../../../Engine/Content/EngineMaterials/Substrate/Glints2/dict_0004_0144.uasset" 9254
"../../../Engine/Content/EngineMaterials/Substrate/Glints2/dict_0004_0139.uasset" 9255
"/Engine/EngineMaterials/Substrate/Glints2/dict_0004_0124" 9256
"../../../Engine/Content/EngineMaterials/Substrate/Glints2/dict_0004_0138.uasset" 9257
"../../../Engine/Content/EngineMaterials/Substrate/Glints2/dict_0004_0134.uasset" 9258
"/Engine/EngineMaterials/Substrate/Glints2/dict_0004_0145" 9259
"../../../Engine/Content/EngineMaterials/Substrate/Glints2/dict_0004_0140.uasset" 9260
"/Engine/EngineMaterials/Substrate/Glints2/dict_0004_0144" 9261
"../../../Engine/Content/EngineMaterials/Substrate/Glints2/dict_0004_0150.uasset" 9262
"/Engine/EngineMaterials/Substrate/Glints2/dict_0004_0143" 9263
"../../../Engine/Content/EngineMaterials/Substrate/Glints2/dict_0004_0147.uasset" 9264
"../../../Engine/Content/EngineMaterials/Substrate/Glints2/dict_0004_0142.uasset" 9265
"../../../Engine/Content/EngineMaterials/Substrate/Glints2/dict_0004_0157.uasset" 9266
"../../../Engine/Content/EngineMaterials/Substrate/Glints2/dict_0004_0137.uasset" 9267
"/Engine/EngineMaterials/Substrate/Glints2/dict_0004_0139" 9268
"../../../Engine/Content/EngineMaterials/Substrate/Glints2/dict_0004_0141.uasset" 9269
"/Engine/EngineMaterials/Substrate/Glints2/dict_0004_0138" 9270
"/Engine/EngineMaterials/Substrate/Glints2/dict_0004_0136" 9271
"/Engine/EngineMaterials/Substrate/Glints2/dict_0004_0135" 9272
"../../../Engine/Content/EngineMaterials/Substrate/Glints2/dict_0004_0146.uasset" 9273
"/Engine/EngineMaterials/Substrate/Glints2/dict_0004_0147" 9274
"/Engine/EngineMaterials/Substrate/Glints2/dict_0004_0142" 9275
"/Engine/EngineMaterials/Substrate/Glints2/dict_0004_0157" 9276
"/Engine/EngineMaterials/Substrate/Glints2/dict_0004_0141" 9277
"/Engine/EngineMaterials/Substrate/Glints2/dict_0004_0140" 9278
"../../../Engine/Content/EngineMaterials/Substrate/Glints2/dict_0004_0153.uasset" 9279
"../../../Engine/Content/EngineMaterials/Substrate/Glints2/dict_0004_0152.uasset" 9280
"/Engine/EngineMaterials/Substrate/Glints2/dict_0004_0137" 9281
"../../../Engine/Content/EngineMaterials/Substrate/Glints2/dict_0004_0154.uasset" 9282
"../../../Engine/Content/EngineMaterials/Substrate/Glints2/dict_0004_0149.uasset" 9283
"/Engine/EngineMaterials/Substrate/Glints2/dict_0004_0150" 9284
"../../../Engine/Content/EngineMaterials/Substrate/Glints2/dict_0004_0151.uasset" 9285
"../../../Engine/Content/EngineMaterials/Substrate/Glints2/dict_0004_0156.uasset" 9286
"/Engine/EngineMaterials/Substrate/Glints2/dict_0004_0134" 9287
"../../../Engine/Content/EngineMaterials/Substrate/Glints2/dict_0004_0159.uasset" 9288
"../../../Engine/Content/EngineMaterials/Substrate/Glints2/dict_0004_0160.uasset" 9289
"../../../Engine/Content/EngineMaterials/Substrate/Glints2/dict_0004_0158.uasset" 9290
"../../../Engine/Content/EngineMaterials/Substrate/Glints2/dict_0004_0161.uasset" 9291
"/Engine/EngineMaterials/Substrate/Glints2/dict_0004_0146" 9292
"../../../Engine/Content/EngineMaterials/Substrate/Glints2/dict_0004_0162.uasset" 9293
"/Engine/EngineMaterials/Substrate/Glints2/dict_0004_0160" 9294
"/Engine/EngineMaterials/Substrate/Glints2/dict_0004_0159" 9295
"/Engine/EngineMaterials/Substrate/Glints2/dict_0004_0158" 9296
"/Engine/EngineMaterials/Substrate/Glints2/dict_0004_0156" 9297
"/Engine/EngineMaterials/Substrate/Glints2/dict_0004_0154" 9298
"../../../Engine/Content/EngineMaterials/Substrate/Glints2/dict_0004_0171.uasset" 9299
"../../../Engine/Content/EngineMaterials/Substrate/Glints2/dict_0004_0177.uasset" 9300
"/Engine/EngineMaterials/Substrate/Glints2/dict_0004_0153" 9301
"/Engine/EngineMaterials/Substrate/Glints2/dict_0004_0152" 9302
"../../../Engine/Content/EngineMaterials/Substrate/Glints2/dict_0004_0166.uasset" 9303
"../../../Engine/Content/EngineMaterials/Substrate/Glints2/dict_0004_0164.uasset" 9304
"../../../Engine/Content/EngineMaterials/Substrate/Glints2/dict_0004_0179.uasset" 9305
"/Engine/EngineMaterials/Substrate/Glints2/dict_0004_0151" 9306
"/Engine/EngineMaterials/Substrate/Glints2/dict_0004_0149" 9307
"../../../Engine/Content/EngineMaterials/Substrate/Glints2/dict_0004_0163.uasset" 9308
"../../../Engine/Content/EngineMaterials/Substrate/Glints2/dict_0004_0176.uasset" 9309
"/Engine/EngineMaterials/Substrate/Glints2/dict_0004_0166" 9310
"../../../Engine/Content/EngineMaterials/Substrate/Glints2/dict_0004_0174.uasset" 9311
"../../../Engine/Content/EngineMaterials/Substrate/Glints2/dict_0004_0167.uasset" 9312
"../../../Engine/Content/EngineMaterials/Substrate/Glints2/dict_0004_0170.uasset" 9313
"/Engine/EngineMaterials/Substrate/Glints2/dict_0004_0163" 9314
"../../../Engine/Content/EngineMaterials/Substrate/Glints2/dict_0004_0169.uasset" 9315
"/Engine/EngineMaterials/Substrate/Glints2/dict_0004_0162" 9316
"../../../Engine/Content/EngineMaterials/Substrate/Glints2/dict_0004_0173.uasset" 9317
"../../../Engine/Content/EngineMaterials/Substrate/Glints2/dict_0004_0165.uasset" 9318
"../../../Engine/Content/EngineMaterials/Substrate/Glints2/dict_0004_0172.uasset" 9319
"/Engine/EngineMaterials/Substrate/Glints2/dict_0004_0171" 9320
"../../../Engine/Content/EngineMaterials/Substrate/Glints2/dict_0004_0168.uasset" 9321
"/Engine/EngineMaterials/Substrate/Glints2/dict_0004_0161" 9322
"/Engine/EngineMaterials/Substrate/Glints2/dict_0004_0179" 9323
"/Engine/EngineMaterials/Substrate/Glints2/dict_0004_0164" 9324
"/Engine/EngineMaterials/Substrate/Glints2/dict_0004_0177" 9325
"/Engine/EngineMaterials/Substrate/Glints2/dict_0004_0176" 9326
"/Engine/EngineMaterials/Substrate/Glints2/dict_0004_0173" 9327
"../../../Engine/Content/EngineMaterials/Substrate/Glints2/dict_0004_0178.uasset" 9328
"../../../Engine/Content/EngineMaterials/Substrate/Glints2/dict_0004_0184.uasset" 9329
"../../../Engine/Content/EngineMaterials/Substrate/Glints2/dict_0004_0180.uasset" 9330
"/Engine/EngineMaterials/Substrate/Glints2/dict_0004_0172" 9331
"../../../Engine/Content/EngineMaterials/Substrate/Glints2/dict_0004_0186.uasset" 9332
"/Engine/EngineMaterials/Substrate/Glints2/dict_0004_0165" 9333
"../../../Engine/Content/EngineMaterials/Substrate/Glints2/dict_0004_0183.uasset" 9334
"../../../Engine/Content/EngineMaterials/Substrate/Glints2/dict_0004_0181.uasset" 9335
"../../../Engine/Content/EngineMaterials/Substrate/Glints2/dict_0004_0175.uasset" 9336
"/Engine/EngineMaterials/Substrate/Glints2/dict_0004_0170" 9337
"../../../Engine/Content/EngineMaterials/Substrate/Glints2/dict_0004_0185.uasset" 9338
"../../../Engine/Content/EngineMaterials/Substrate/Glints2/dict_0004_0189.uasset" 9339
"/Engine/EngineMaterials/Substrate/Glints2/dict_0004_0169" 9340
"../../../Engine/Content/EngineMaterials/Substrate/Glints2/dict_0004_0188.uasset" 9341
"../../../Engine/Content/EngineMaterials/Substrate/Glints2/dict_0004_0187.uasset" 9342
"/Engine/EngineMaterials/Substrate/Glints2/dict_0004_0168" 9343
"/Engine/EngineMaterials/Substrate/Glints2/dict_0004_0167" 9344
"/Engine/EngineMaterials/Substrate/Glints2/dict_0004_0174" 9345
"/Engine/EngineMaterials/Substrate/Glints2/dict_0004_0181" 9346
"/Engine/EngineMaterials/Substrate/Glints2/dict_0004_0180" 9347
"/Engine/EngineMaterials/Substrate/Glints2/dict_0004_0189" 9348
"../../../Engine/Content/EngineMaterials/Substrate/Glints2/dict_0004_0190.uasset" 9349
"/Engine/EngineMaterials/Substrate/Glints2/dict_0004_0188" 9350
"../../../Engine/Content/EngineMaterials/Substrate/Glints2/dict_0004_0193.uasset" 9351
"/Engine/EngineMaterials/Substrate/Glints2/dict_0004_0178" 9352
"../../../Engine/Content/EngineMaterials/Substrate/Glints2/dict_0004_0191.uasset" 9353
"../../../Engine/Content/EngineMaterials/Substrate/Glints2/dict_0004_0195.uasset" 9354
"/Engine/EngineMaterials/Substrate/Glints2/dict_0004_0187" 9355
"../../../Engine/Content/EngineMaterials/Substrate/Glints2/dict_0004_0197.uasset" 9356
"../../../Engine/Content/EngineMaterials/Substrate/Glints2/dict_0004_0194.uasset" 9357
"/Engine/EngineMaterials/Substrate/Glints2/dict_0004_0186" 9358
"../../../Engine/Content/EngineMaterials/Substrate/Glints2/dict_0004_0198.uasset" 9359
"/Engine/EngineMaterials/Substrate/Glints2/dict_0004_0185" 9360
"../../../Engine/Content/EngineMaterials/Substrate/Glints2/dict_0004_0196.uasset" 9361
"/Engine/EngineMaterials/Substrate/Glints2/dict_0004_0184" 9362
"../../../Engine/Content/EngineMaterials/Substrate/Glints2/dict_0004_0206.uasset" 9363
"/Engine/EngineMaterials/Substrate/Glints2/dict_0004_0183" 9364
"../../../Engine/Content/EngineMaterials/Substrate/Glints2/dict_0004_0200.uasset" 9365
"/Engine/EngineMaterials/Substrate/Glints2/dict_0004_0175" 9366
"/Engine/EngineMaterials/Substrate/Glints2/dict_0004_0200" 9367
"/Engine/EngineMaterials/Substrate/Glints2/dict_0004_0191" 9368
"/Engine/EngineMaterials/Substrate/Glints2/dict_0004_0198" 9369
"/Engine/EngineMaterials/Substrate/Glints2/dict_0004_0197" 9370
"../../../Engine/Content/EngineMaterials/Substrate/Glints2/dict_0004_0182.uasset" 9371
"/Engine/EngineMaterials/Substrate/Glints2/dict_0004_0196" 9372
"/Engine/EngineMaterials/Substrate/Glints2/dict_0004_0190" 9373
"../../../Engine/Content/EngineMaterials/Substrate/Glints2/dict_0004_0210.uasset" 9374
"/Engine/EngineMaterials/Substrate/Glints2/dict_0004_0206" 9375
"../../../Engine/Content/EngineMaterials/Substrate/Glints2/dict_0004_0201.uasset" 9376
"../../../Engine/Content/EngineMaterials/Substrate/Glints2/dict_0004_0204.uasset" 9377
"../../../Engine/Content/EngineMaterials/Substrate/Glints2/dict_0004_0202.uasset" 9378
"../../../Engine/Content/EngineMaterials/Substrate/Glints2/dict_0004_0203.uasset" 9379
"/Engine/EngineMaterials/Substrate/Glints2/dict_0004_0195" 9380
"../../../Engine/Content/EngineMaterials/Substrate/Glints2/dict_0004_0205.uasset" 9381
"/Engine/EngineMaterials/Substrate/Glints2/dict_0004_0194" 9382
"../../../Engine/Content/EngineMaterials/Substrate/Glints2/dict_0004_0207.uasset" 9383
"/Engine/EngineMaterials/Substrate/Glints2/dict_0004_0193" 9384
"/Engine/EngineMaterials/Substrate/Glints2/dict_0004_0207" 9385
"../../../Engine/Content/EngineMaterials/Substrate/Glints2/dict_0004_0208.uasset" 9386
"/Engine/EngineMaterials/Substrate/Glints2/dict_0004_0210" 9387
"../../../Engine/Content/EngineMaterials/Substrate/Glints2/dict_0004_0219.uasset" 9388
"/Engine/EngineMaterials/Substrate/Glints2/dict_0004_0205" 9389
"/Engine/EngineMaterials/Substrate/Glints2/dict_0004_0204" 9390
"/Engine/EngineMaterials/Substrate/Glints2/dict_0004_0203" 9391
"../../../Engine/Content/EngineMaterials/Substrate/Glints2/dict_0004_0214.uasset" 9392
"/Engine/EngineMaterials/Substrate/Glints2/dict_0004_0182" 9393
"../../../Engine/Content/EngineMaterials/Substrate/Glints2/dict_0004_0211.uasset" 9394
"../../../Engine/Content/EngineMaterials/Substrate/Glints2/dict_0004_0209.uasset" 9395
"/Engine/EngineMaterials/Substrate/Glints2/dict_0004_0202" 9396
"../../../Engine/Content/EngineMaterials/Substrate/Glints2/dict_0004_0212.uasset" 9397
"/Engine/EngineMaterials/Substrate/Glints2/dict_0004_0201" 9398
"/Engine/EngineMaterials/Substrate/Glints2/dict_0004_0219" 9399
"../../../Engine/Content/EngineMaterials/Substrate/Glints2/dict_0004_0213.uasset" 9400
"/Engine/EngineMaterials/Substrate/Glints2/dict_0004_0208" 9401
"../../../Engine/Content/EngineMaterials/Substrate/Glints2/dict_0004_0216.uasset" 9402
"../../../Engine/Content/EngineMaterials/Substrate/Glints2/dict_0004_0215.uasset" 9403
"../../../Engine/Content/EngineMaterials/Substrate/Glints2/dict_0004_0217.uasset" 9404
"/Engine/EngineMaterials/Substrate/Glints2/dict_0004_0214" 9405
"/Engine/EngineMaterials/Substrate/Glints2/dict_0004_0212" 9406
"../../../Engine/Content/EngineMaterials/Substrate/Glints2/dict_0004_0192.uasset" 9407
"../../../Engine/Content/EngineMaterials/Substrate/Glints2/dict_0004_0228.uasset" 9408
"../../../Engine/Content/EngineMaterials/Substrate/Glints2/dict_0004_0218.uasset" 9409
"/Engine/EngineMaterials/Substrate/Glints2/dict_0004_0211" 9410
"/Engine/EngineMaterials/Substrate/Glints2/dict_0004_0209" 9411
"/Engine/EngineMaterials/Substrate/Glints2/dict_0004_0228" 9412
"/Engine/EngineMaterials/Substrate/Glints2/dict_0004_0218" 9413
"/Engine/EngineMaterials/Substrate/Glints2/dict_0004_0217" 9414
"/Engine/EngineMaterials/Substrate/Glints2/dict_0004_0216" 9415
"../../../Engine/Content/EngineMaterials/Substrate/Glints2/dict_0004_0224.uasset" 9416
"../../../Engine/Content/EngineMaterials/Substrate/Glints2/dict_0004_0199.uasset" 9417
"../../../Engine/Content/EngineMaterials/Substrate/Glints2/dict_0004_0225.uasset" 9418
"/Engine/EngineMaterials/Substrate/Glints2/dict_0004_0215" 9419
"/Engine/EngineMaterials/Substrate/Glints2/dict_0004_0213" 9420
"../../../Engine/Content/EngineMaterials/Substrate/Glints2/dict_0004_0227.uasset" 9421
"../../../Engine/Content/EngineMaterials/Substrate/Glints2/dict_0004_0231.uasset" 9422
"../../../Engine/Content/EngineMaterials/Substrate/Glints2/dict_0004_0230.uasset" 9423
"/Engine/EngineMaterials/Substrate/Glints2/dict_0004_0192" 9424
"/Engine/EngineMaterials/Substrate/Glints2/dict_0004_0199" 9425
"../../../Engine/Content/EngineMaterials/Substrate/Glints2/dict_0004_0238.uasset" 9426
"../../../Engine/Content/EngineMaterials/Substrate/Glints2/dict_0004_0233.uasset" 9427
"../../../Engine/Content/EngineMaterials/Substrate/Glints2/dict_0004_0239.uasset" 9428
"/Engine/EngineMaterials/Substrate/Glints2/dict_0004_0227" 9429
"../../../Engine/Content/EngineMaterials/Substrate/Glints2/dict_0004_0155.uasset" 9430
"/Engine/EngineMaterials/Substrate/Glints2/dict_0004_0225" 9431
"../../../Engine/Content/EngineMaterials/Substrate/Glints2/dict_0004_0221.uasset" 9432
"/Engine/EngineMaterials/Substrate/Glints2/dict_0004_0224" 9433
"../../../Engine/Content/EngineMaterials/Substrate/Glints2/dict_0004_0242.uasset" 9434
"/Engine/EngineMaterials/Substrate/Glints2/dict_0004_0231" 9435
"/Engine/EngineMaterials/Substrate/Glints2/dict_0004_0230" 9436
"/Engine/EngineMaterials/Substrate/Glints2/dict_0004_0242" 9437
"/Engine/EngineMaterials/Substrate/Glints2/dict_0004_0155" 9438
"/Engine/EngineMaterials/Substrate/Glints2/dict_0004_0221" 9439
"/Engine/EngineMaterials/Substrate/Glints2/dict_0004_0239" 9440
"/Engine/EngineMaterials/Substrate/Glints2/dict_0004_0233" 9441
"../../../Engine/Content/EngineMaterials/Substrate/Glints2/dict_0004_0237.uasset" 9442
"../../../Engine/Content/EngineMaterials/Substrate/Glints2/dict_0004_0235.uasset" 9443
"/Engine/EngineMaterials/Substrate/Glints2/dict_0004_0238" 9444
"../../../Engine/Content/EngineMaterials/Substrate/Glints2/dict_0004_0240.uasset" 9445
"../../../Engine/Content/EngineMaterials/Substrate/Glints2/dict_0004_0223.uasset" 9446
"/Engine/EngineMaterials/Substrate/Glints2/dict_0004_0237" 9447
"../../../Engine/Content/EngineMaterials/Substrate/Glints2/dict_0004_0220.uasset" 9448
"/Engine/EngineMaterials/Substrate/Glints2/dict_0004_0240" 9449
"../../../Engine/Content/EngineMaterials/Substrate/Glints2/dict_0004_0234.uasset" 9450
"../../../Engine/Content/EngineMaterials/Substrate/Glints2/dict_0004_0241.uasset" 9451
"../../../Engine/Content/EngineMaterials/Substrate/Glints2/dict_0004_0232.uasset" 9452
"/Engine/EngineMaterials/Substrate/Glints2/dict_0004_0235" 9453
"../../../Engine/Content/EngineMaterials/Substrate/Glints2/dict_0004_0226.uasset" 9454
"../../../Engine/Content/EngineMaterials/Substrate/Glints2/dict_0004_0243.uasset" 9455
"/Engine/EngineMaterials/Substrate/Glints2/dict_0004_0226" 9456
"/Engine/EngineMaterials/Substrate/Glints2/dict_0004_0223" 9457
"../../../Engine/Content/EngineMaterials/Substrate/Glints2/dict_0004_0229.uasset" 9458
"/Engine/EngineMaterials/Substrate/Glints2/dict_0004_0241" 9459
"../../../Engine/Content/EngineMaterials/Substrate/Glints2/dict_0004_0245.uasset" 9460
"/Engine/EngineMaterials/Substrate/Glints2/dict_0004_0220" 9461
"/Engine/EngineMaterials/Substrate/Glints2/dict_0004_0234" 9462
"/Engine/EngineMaterials/Substrate/Glints2/dict_0004_0232" 9463
"/Engine/EngineMaterials/Substrate/Glints2/dict_0004_0229" 9464
"/Engine/EngineMaterials/Substrate/Glints2/dict_0004_0243" 9465
"../../../Engine/Content/EngineMaterials/Substrate/Glints2/dict_0004_0247.uasset" 9466
"/Engine/EngineMaterials/Substrate/Glints2/dict_0004_0245" 9467
"/Engine/EngineMaterials/Substrate/Glints2/dict_0004_0247" 9468
"../../../Engine/Content/EngineMaterials/Substrate/Glints2/dict_0004_0253.uasset" 9469
"/Engine/EngineMaterials/Substrate/Glints2/dict_0004_0253" 9470
"../../../Engine/Content/EngineMaterials/Substrate/Glints2/dict_0004_0249.uasset" 9471
"../../../Engine/Content/EngineMaterials/Substrate/Glints2/dict_0004_0248.uasset" 9472
"/Engine/EngineMaterials/Substrate/Glints2/dict_0004_0249" 9473
"/Engine/EngineMaterials/Substrate/Glints2/dict_0004_0248" 9474
"../../../Engine/Content/EngineMaterials/Substrate/Glints2/dict_0004_0246.uasset" 9475
"/Engine/EngineMaterials/Substrate/Glints2/dict_0004_0246" 9476
"../../../Engine/Content/EngineMaterials/Substrate/Glints2/dict_0005_0000.uasset" 9477
"../../../Engine/Content/EngineMaterials/Substrate/Glints2/dict_0004_0250.uasset" 9478
"../../../Engine/Content/EngineMaterials/Substrate/Glints2/dict_0004_0236.uasset" 9479
"../../../Engine/Content/EngineMaterials/Substrate/Glints2/dict_0005_0002.uasset" 9480
"../../../Engine/Content/EngineMaterials/Substrate/Glints2/dict_0005_0006.uasset" 9481
"../../../Engine/Content/EngineMaterials/Substrate/Glints2/dict_0005_0009.uasset" 9482
"../../../Engine/Content/EngineMaterials/Substrate/Glints2/dict_0005_0003.uasset" 9483
"../../../Engine/Content/EngineMaterials/Substrate/Glints2/dict_0004_0254.uasset" 9484
"../../../Engine/Content/EngineMaterials/Substrate/Glints2/dict_0005_0007.uasset" 9485
"../../../Engine/Content/EngineMaterials/Substrate/Glints2/dict_0004_0255.uasset" 9486
"../../../Engine/Content/EngineMaterials/Substrate/Glints2/dict_0004_0251.uasset" 9487
"../../../Engine/Content/EngineMaterials/Substrate/Glints2/dict_0005_0001.uasset" 9488
"../../../Engine/Content/EngineMaterials/Substrate/Glints2/dict_0005_0004.uasset" 9489
"../../../Engine/Content/EngineMaterials/Substrate/Glints2/dict_0005_0011.uasset" 9490
"../../../Engine/Content/EngineMaterials/Substrate/Glints2/dict_0004_0252.uasset" 9491
"../../../Engine/Content/EngineMaterials/Substrate/Glints2/dict_0005_0021.uasset" 9492
"../../../Engine/Content/EngineMaterials/Substrate/Glints2/dict_0005_0005.uasset" 9493
"../../../Engine/Content/EngineMaterials/Substrate/Glints2/dict_0005_0016.uasset" 9494
"../../../Engine/Content/EngineMaterials/Substrate/Glints2/dict_0005_0015.uasset" 9495
"../../../Engine/Content/EngineMaterials/Substrate/Glints2/dict_0005_0010.uasset" 9496
"../../../Engine/Content/EngineMaterials/Substrate/Glints2/dict_0005_0013.uasset" 9497
"../../../Engine/Content/EngineMaterials/Substrate/Glints2/dict_0005_0014.uasset" 9498
"../../../Engine/Content/EngineMaterials/Substrate/Glints2/dict_0004_0222.uasset" 9499
"../../../Engine/Content/EngineMaterials/Substrate/Glints2/dict_0005_0018.uasset" 9500
"../../../Engine/Content/EngineMaterials/Substrate/Glints2/dict_0005_0020.uasset" 9501
"../../../Engine/Content/EngineMaterials/Substrate/Glints2/dict_0005_0008.uasset" 9502
"../../../Engine/Content/EngineMaterials/Substrate/Glints2/dict_0005_0017.uasset" 9503
"/Engine/EngineMaterials/Substrate/Glints2/dict_0005_0018" 9504
"/Engine/EngineMaterials/Substrate/Glints2/dict_0005_0000" 9505
"../../../Engine/Content/EngineMaterials/Substrate/Glints2/dict_0005_0019.uasset" 9506
"/Engine/EngineMaterials/Substrate/Glints2/dict_0004_0250" 9507
"/Engine/EngineMaterials/Substrate/Glints2/dict_0004_0255" 9508
"/Engine/EngineMaterials/Substrate/Glints2/dict_0005_0006" 9509
"../../../Engine/Content/EngineMaterials/Substrate/Glints2/dict_0005_0023.uasset" 9510
"/Engine/EngineMaterials/Substrate/Glints2/dict_0005_0009" 9511
"/Engine/EngineMaterials/Substrate/Glints2/dict_0005_0015" 9512
"../../../Engine/Content/EngineMaterials/Substrate/Glints2/dict_0004_0244.uasset" 9513
"/Engine/EngineMaterials/Substrate/Glints2/dict_0004_0254" 9514
"/Engine/EngineMaterials/Substrate/Glints2/dict_0005_0020" 9515
"/Engine/EngineMaterials/Substrate/Glints2/dict_0005_0014" 9516
"/Engine/EngineMaterials/Substrate/Glints2/dict_0005_0021" 9517
"/Engine/EngineMaterials/Substrate/Glints2/dict_0004_0222" 9518
"/Engine/EngineMaterials/Substrate/Glints2/dict_0005_0013" 9519
"/Engine/EngineMaterials/Substrate/Glints2/dict_0005_0005" 9520
"/Engine/EngineMaterials/Substrate/Glints2/dict_0005_0016" 9521
"/Engine/EngineMaterials/Substrate/Glints2/dict_0005_0008" 9522
"../../../Engine/Content/EngineMaterials/Substrate/Glints2/dict_0005_0012.uasset" 9523
"../../../Engine/Content/EngineMaterials/Substrate/Glints2/dict_0005_0022.uasset" 9524
"/Engine/EngineMaterials/Substrate/Glints2/dict_0005_0004" 9525
"/Engine/EngineMaterials/Substrate/Glints2/dict_0005_0003" 9526
"/Engine/EngineMaterials/Substrate/Glints2/dict_0004_0236" 9527
"/Engine/EngineMaterials/Substrate/Glints2/dict_0005_0007" 9528
"/Engine/EngineMaterials/Substrate/Glints2/dict_0005_0011" 9529
"/Engine/EngineMaterials/Substrate/Glints2/dict_0005_0002" 9530
"/Engine/EngineMaterials/Substrate/Glints2/dict_0005_0001" 9531
"/Engine/EngineMaterials/Substrate/Glints2/dict_0005_0010" 9532
"/Engine/EngineMaterials/Substrate/Glints2/dict_0004_0252" 9533
"/Engine/EngineMaterials/Substrate/Glints2/dict_0004_0251" 9534
"/Engine/EngineMaterials/Substrate/Glints2/dict_0005_0017" 9535
"/Engine/EngineMaterials/Substrate/Glints2/dict_0005_0022" 9536
"/Engine/EngineMaterials/Substrate/Glints2/dict_0005_0019" 9537
"../../../Engine/Content/EngineMaterials/Substrate/Glints2/dict_0005_0028.uasset" 9538
"/Engine/EngineMaterials/Substrate/Glints2/dict_0005_0023" 9539
"/Engine/EngineMaterials/Substrate/Glints2/dict_0005_0012" 9540
"/Engine/EngineMaterials/Substrate/Glints2/dict_0004_0244" 9541
"/Engine/EngineMaterials/Substrate/Glints2/dict_0005_0028" 9542
"../../../Engine/Content/EngineMaterials/Substrate/Glints2/dict_0005_0027.uasset" 9543
"/Engine/EngineMaterials/Substrate/Glints2/dict_0005_0027" 9544
"../../../Engine/Content/EngineMaterials/Substrate/Glints2/dict_0005_0030.uasset" 9545
"../../../Engine/Content/EngineMaterials/Substrate/Glints2/dict_0005_0033.uasset" 9546
"../../../Engine/Content/EngineMaterials/Substrate/Glints2/dict_0005_0039.uasset" 9547
"../../../Engine/Content/EngineMaterials/Substrate/Glints2/dict_0005_0037.uasset" 9548
"../../../Engine/Content/EngineMaterials/Substrate/Glints2/dict_0005_0040.uasset" 9549
"../../../Engine/Content/EngineMaterials/Substrate/Glints2/dict_0005_0035.uasset" 9550
"../../../Engine/Content/EngineMaterials/Substrate/Glints2/dict_0005_0024.uasset" 9551
"../../../Engine/Content/EngineMaterials/Substrate/Glints2/dict_0005_0031.uasset" 9552
"../../../Engine/Content/EngineMaterials/Substrate/Glints2/dict_0005_0034.uasset" 9553
"../../../Engine/Content/EngineMaterials/Substrate/Glints2/dict_0005_0038.uasset" 9554
"../../../Engine/Content/EngineMaterials/Substrate/Glints2/dict_0005_0036.uasset" 9555
"../../../Engine/Content/EngineMaterials/Substrate/Glints2/dict_0005_0025.uasset" 9556
"../../../Engine/Content/EngineMaterials/Substrate/Glints2/dict_0005_0026.uasset" 9557
"../../../Engine/Content/EngineMaterials/Substrate/Glints2/dict_0005_0041.uasset" 9558
"../../../Engine/Content/EngineMaterials/Substrate/Glints2/dict_0005_0053.uasset" 9559
"../../../Engine/Content/EngineMaterials/Substrate/Glints2/dict_0005_0032.uasset" 9560
"../../../Engine/Content/EngineMaterials/Substrate/Glints2/dict_0005_0042.uasset" 9561
"../../../Engine/Content/EngineMaterials/Substrate/Glints2/dict_0005_0029.uasset" 9562
"../../../Engine/Content/EngineMaterials/Substrate/Glints2/dict_0005_0043.uasset" 9563
"../../../Engine/Content/EngineMaterials/Substrate/Glints2/dict_0005_0049.uasset" 9564
"../../../Engine/Content/EngineMaterials/Substrate/Glints2/dict_0005_0045.uasset" 9565
"../../../Engine/Content/EngineMaterials/Substrate/Glints2/dict_0005_0048.uasset" 9566
"../../../Engine/Content/EngineMaterials/Substrate/Glints2/dict_0005_0046.uasset" 9567
"../../../Engine/Content/EngineMaterials/Substrate/Glints2/dict_0005_0055.uasset" 9568
"../../../Engine/Content/EngineMaterials/Substrate/Glints2/dict_0005_0044.uasset" 9569
"../../../Engine/Content/EngineMaterials/Substrate/Glints2/dict_0005_0051.uasset" 9570
"../../../Engine/Content/EngineMaterials/Substrate/Glints2/dict_0005_0056.uasset" 9571
"../../../Engine/Content/EngineMaterials/Substrate/Glints2/dict_0005_0050.uasset" 9572
"../../../Engine/Content/EngineMaterials/Substrate/Glints2/dict_0005_0047.uasset" 9573
"../../../Engine/Content/EngineMaterials/Substrate/Glints2/dict_0005_0057.uasset" 9574
"../../../Engine/Content/EngineMaterials/Substrate/Glints2/dict_0005_0052.uasset" 9575
"../../../Engine/Content/EngineMaterials/Substrate/Glints2/dict_0005_0054.uasset" 9576
"/Engine/EngineMaterials/Substrate/Glints2/dict_0005_0049" 9577
"/Engine/EngineMaterials/Substrate/Glints2/dict_0005_0055" 9578
"/Engine/EngineMaterials/Substrate/Glints2/dict_0005_0048" 9579
"/Engine/EngineMaterials/Substrate/Glints2/dict_0005_0047" 9580
"/Engine/EngineMaterials/Substrate/Glints2/dict_0005_0046" 9581
"/Engine/EngineMaterials/Substrate/Glints2/dict_0005_0045" 9582
"/Engine/EngineMaterials/Substrate/Glints2/dict_0005_0044" 9583
"/Engine/EngineMaterials/Substrate/Glints2/dict_0005_0043" 9584
"/Engine/EngineMaterials/Substrate/Glints2/dict_0005_0042" 9585
"/Engine/EngineMaterials/Substrate/Glints2/dict_0005_0041" 9586
"/Engine/EngineMaterials/Substrate/Glints2/dict_0005_0054" 9587
"/Engine/EngineMaterials/Substrate/Glints2/dict_0005_0040" 9588
"/Engine/EngineMaterials/Substrate/Glints2/dict_0005_0039" 9589
"/Engine/EngineMaterials/Substrate/Glints2/dict_0005_0053" 9590
"/Engine/EngineMaterials/Substrate/Glints2/dict_0005_0038" 9591
"/Engine/EngineMaterials/Substrate/Glints2/dict_0005_0052" 9592
"/Engine/EngineMaterials/Substrate/Glints2/dict_0005_0037" 9593
"/Engine/EngineMaterials/Substrate/Glints2/dict_0005_0036" 9594
"/Engine/EngineMaterials/Substrate/Glints2/dict_0005_0035" 9595
"/Engine/EngineMaterials/Substrate/Glints2/dict_0005_0034" 9596
"/Engine/EngineMaterials/Substrate/Glints2/dict_0005_0033" 9597
"/Engine/EngineMaterials/Substrate/Glints2/dict_0005_0032" 9598
"/Engine/EngineMaterials/Substrate/Glints2/dict_0005_0051" 9599
"/Engine/EngineMaterials/Substrate/Glints2/dict_0005_0031" 9600
"/Engine/EngineMaterials/Substrate/Glints2/dict_0005_0030" 9601
"/Engine/EngineMaterials/Substrate/Glints2/dict_0005_0029" 9602
"/Engine/EngineMaterials/Substrate/Glints2/dict_0005_0050" 9603
"/Engine/EngineMaterials/Substrate/Glints2/dict_0005_0056" 9604
"/Engine/EngineMaterials/Substrate/Glints2/dict_0005_0057" 9605
"/Engine/EngineMaterials/Substrate/Glints2/dict_0005_0026" 9606
"/Engine/EngineMaterials/Substrate/Glints2/dict_0005_0025" 9607
"/Engine/EngineMaterials/Substrate/Glints2/dict_0005_0024" 9608
"../../../Engine/Content/EngineMaterials/Substrate/Glints2/dict_0005_0062.uasset" 9609
"../../../Engine/Content/EngineMaterials/Substrate/Glints2/dict_0005_0068.uasset" 9610
"../../../Engine/Content/EngineMaterials/Substrate/Glints2/dict_0005_0063.uasset" 9611
"../../../Engine/Content/EngineMaterials/Substrate/Glints2/dict_0005_0061.uasset" 9612
"../../../Engine/Content/EngineMaterials/Substrate/Glints2/dict_0005_0066.uasset" 9613
"../../../Engine/Content/EngineMaterials/Substrate/Glints2/dict_0005_0060.uasset" 9614
"../../../Engine/Content/EngineMaterials/Substrate/Glints2/dict_0005_0058.uasset" 9615
"../../../Engine/Content/EngineMaterials/Substrate/Glints2/dict_0005_0059.uasset" 9616
"../../../Engine/Content/EngineMaterials/Substrate/Glints2/dict_0005_0071.uasset" 9617
"../../../Engine/Content/EngineMaterials/Substrate/Glints2/dict_0005_0075.uasset" 9618
"../../../Engine/Content/EngineMaterials/Substrate/Glints2/dict_0005_0065.uasset" 9619
"../../../Engine/Content/EngineMaterials/Substrate/Glints2/dict_0005_0074.uasset" 9620
"../../../Engine/Content/EngineMaterials/Substrate/Glints2/dict_0005_0067.uasset" 9621
"../../../Engine/Content/EngineMaterials/Substrate/Glints2/dict_0005_0064.uasset" 9622
"../../../Engine/Content/EngineMaterials/Substrate/Glints2/dict_0005_0070.uasset" 9623
"../../../Engine/Content/EngineMaterials/Substrate/Glints2/dict_0005_0069.uasset" 9624
"../../../Engine/Content/EngineMaterials/Substrate/Glints2/dict_0005_0073.uasset" 9625
"../../../Engine/Content/EngineMaterials/Substrate/Glints2/dict_0005_0072.uasset" 9626
"../../../Engine/Content/EngineMaterials/Substrate/Glints2/dict_0005_0077.uasset" 9627
"../../../Engine/Content/EngineMaterials/Substrate/Glints2/dict_0005_0076.uasset" 9628
"../../../Engine/Content/EngineMaterials/Substrate/Glints2/dict_0005_0078.uasset" 9629
"../../../Engine/Content/EngineMaterials/Substrate/Glints2/dict_0005_0079.uasset" 9630
"../../../Engine/Content/EngineMaterials/Substrate/Glints2/dict_0005_0081.uasset" 9631
"../../../Engine/Content/EngineMaterials/Substrate/Glints2/dict_0005_0082.uasset" 9632
"../../../Engine/Content/EngineMaterials/Substrate/Glints2/dict_0005_0085.uasset" 9633
"../../../Engine/Content/EngineMaterials/Substrate/Glints2/dict_0005_0083.uasset" 9634
"../../../Engine/Content/EngineMaterials/Substrate/Glints2/dict_0005_0086.uasset" 9635
"../../../Engine/Content/EngineMaterials/Substrate/Glints2/dict_0005_0089.uasset" 9636
"../../../Engine/Content/EngineMaterials/Substrate/Glints2/dict_0005_0088.uasset" 9637
"../../../Engine/Content/EngineMaterials/Substrate/Glints2/dict_0005_0080.uasset" 9638
"../../../Engine/Content/EngineMaterials/Substrate/Glints2/dict_0005_0084.uasset" 9639
"/Engine/EngineMaterials/Substrate/Glints2/dict_0005_0089" 9640
"../../../Engine/Content/EngineMaterials/Substrate/Glints2/dict_0005_0087.uasset" 9641
"/Engine/EngineMaterials/Substrate/Glints2/dict_0005_0088" 9642
"/Engine/EngineMaterials/Substrate/Glints2/dict_0005_0086" 9643
"/Engine/EngineMaterials/Substrate/Glints2/dict_0005_0085" 9644
"/Engine/EngineMaterials/Substrate/Glints2/dict_0005_0083" 9645
"/Engine/EngineMaterials/Substrate/Glints2/dict_0005_0082" 9646
"/Engine/EngineMaterials/Substrate/Glints2/dict_0005_0081" 9647
"/Engine/EngineMaterials/Substrate/Glints2/dict_0005_0080" 9648
"/Engine/EngineMaterials/Substrate/Glints2/dict_0005_0079" 9649
"/Engine/EngineMaterials/Substrate/Glints2/dict_0005_0078" 9650
"/Engine/EngineMaterials/Substrate/Glints2/dict_0005_0077" 9651
"/Engine/EngineMaterials/Substrate/Glints2/dict_0005_0076" 9652
"/Engine/EngineMaterials/Substrate/Glints2/dict_0005_0075" 9653
"/Engine/EngineMaterials/Substrate/Glints2/dict_0005_0074" 9654
"/Engine/EngineMaterials/Substrate/Glints2/dict_0005_0073" 9655
"/Engine/EngineMaterials/Substrate/Glints2/dict_0005_0072" 9656
"/Engine/EngineMaterials/Substrate/Glints2/dict_0005_0071" 9657
"/Engine/EngineMaterials/Substrate/Glints2/dict_0005_0070" 9658
"/Engine/EngineMaterials/Substrate/Glints2/dict_0005_0069" 9659
"/Engine/EngineMaterials/Substrate/Glints2/dict_0005_0068" 9660
"/Engine/EngineMaterials/Substrate/Glints2/dict_0005_0067" 9661
"/Engine/EngineMaterials/Substrate/Glints2/dict_0005_0066" 9662
"/Engine/EngineMaterials/Substrate/Glints2/dict_0005_0065" 9663
"/Engine/EngineMaterials/Substrate/Glints2/dict_0005_0064" 9664
"/Engine/EngineMaterials/Substrate/Glints2/dict_0005_0063" 9665
"/Engine/EngineMaterials/Substrate/Glints2/dict_0005_0062" 9666
"/Engine/EngineMaterials/Substrate/Glints2/dict_0005_0061" 9667
"/Engine/EngineMaterials/Substrate/Glints2/dict_0005_0060" 9668
"/Engine/EngineMaterials/Substrate/Glints2/dict_0005_0059" 9669
"/Engine/EngineMaterials/Substrate/Glints2/dict_0005_0058" 9670
"/Engine/EngineMaterials/Substrate/Glints2/dict_0005_0087" 9671
"/Engine/EngineMaterials/Substrate/Glints2/dict_0005_0084" 9672
"../../../Engine/Content/EngineMaterials/Substrate/Glints2/dict_0005_0101.uasset" 9673
"../../../Engine/Content/EngineMaterials/Substrate/Glints2/dict_0005_0100.uasset" 9674
"../../../Engine/Content/EngineMaterials/Substrate/Glints2/dict_0005_0098.uasset" 9675
"../../../Engine/Content/EngineMaterials/Substrate/Glints2/dict_0005_0093.uasset" 9676
"../../../Engine/Content/EngineMaterials/Substrate/Glints2/dict_0005_0106.uasset" 9677
"../../../Engine/Content/EngineMaterials/Substrate/Glints2/dict_0005_0091.uasset" 9678
"../../../Engine/Content/EngineMaterials/Substrate/Glints2/dict_0005_0096.uasset" 9679
"../../../Engine/Content/EngineMaterials/Substrate/Glints2/dict_0005_0105.uasset" 9680
"../../../Engine/Content/EngineMaterials/Substrate/Glints2/dict_0005_0097.uasset" 9681
"../../../Engine/Content/EngineMaterials/Substrate/Glints2/dict_0005_0090.uasset" 9682
"../../../Engine/Content/EngineMaterials/Substrate/Glints2/dict_0005_0092.uasset" 9683
"../../../Engine/Content/EngineMaterials/Substrate/Glints2/dict_0005_0102.uasset" 9684
"../../../Engine/Content/EngineMaterials/Substrate/Glints2/dict_0005_0104.uasset" 9685
"../../../Engine/Content/EngineMaterials/Substrate/Glints2/dict_0005_0099.uasset" 9686
"../../../Engine/Content/EngineMaterials/Substrate/Glints2/dict_0005_0107.uasset" 9687
"../../../Engine/Content/EngineMaterials/Substrate/Glints2/dict_0005_0094.uasset" 9688
"../../../Engine/Content/EngineMaterials/Substrate/Glints2/dict_0005_0114.uasset" 9689
"../../../Engine/Content/EngineMaterials/Substrate/Glints2/dict_0005_0108.uasset" 9690
"../../../Engine/Content/EngineMaterials/Substrate/Glints2/dict_0005_0095.uasset" 9691
"../../../Engine/Content/EngineMaterials/Substrate/Glints2/dict_0005_0103.uasset" 9692
"../../../Engine/Content/EngineMaterials/Substrate/Glints2/dict_0005_0117.uasset" 9693
"../../../Engine/Content/EngineMaterials/Substrate/Glints2/dict_0005_0109.uasset" 9694
"../../../Engine/Content/EngineMaterials/Substrate/Glints2/dict_0005_0110.uasset" 9695
"../../../Engine/Content/EngineMaterials/Substrate/Glints2/dict_0005_0115.uasset" 9696
"../../../Engine/Content/EngineMaterials/Substrate/Glints2/dict_0005_0113.uasset" 9697
"../../../Engine/Content/EngineMaterials/Substrate/Glints2/dict_0005_0112.uasset" 9698
"../../../Engine/Content/EngineMaterials/Substrate/Glints2/dict_0005_0116.uasset" 9699
"../../../Engine/Content/EngineMaterials/Substrate/Glints2/dict_0005_0111.uasset" 9700
"../../../Engine/Content/EngineMaterials/Substrate/Glints2/dict_0005_0121.uasset" 9701
"../../../Engine/Content/EngineMaterials/Substrate/Glints2/dict_0005_0119.uasset" 9702
"../../../Engine/Content/EngineMaterials/Substrate/Glints2/dict_0005_0120.uasset" 9703
"../../../Engine/Content/EngineMaterials/Substrate/Glints2/dict_0005_0118.uasset" 9704
"/Engine/EngineMaterials/Substrate/Glints2/dict_0005_0119" 9705
"/Engine/EngineMaterials/Substrate/Glints2/dict_0005_0118" 9706
"/Engine/EngineMaterials/Substrate/Glints2/dict_0005_0121" 9707
"/Engine/EngineMaterials/Substrate/Glints2/dict_0005_0117" 9708
"/Engine/EngineMaterials/Substrate/Glints2/dict_0005_0116" 9709
"/Engine/EngineMaterials/Substrate/Glints2/dict_0005_0120" 9710
"/Engine/EngineMaterials/Substrate/Glints2/dict_0005_0115" 9711
"/Engine/EngineMaterials/Substrate/Glints2/dict_0005_0114" 9712
"/Engine/EngineMaterials/Substrate/Glints2/dict_0005_0113" 9713
"/Engine/EngineMaterials/Substrate/Glints2/dict_0005_0112" 9714
"/Engine/EngineMaterials/Substrate/Glints2/dict_0005_0111" 9715
"/Engine/EngineMaterials/Substrate/Glints2/dict_0005_0110" 9716
"/Engine/EngineMaterials/Substrate/Glints2/dict_0005_0109" 9717
"/Engine/EngineMaterials/Substrate/Glints2/dict_0005_0108" 9718
"/Engine/EngineMaterials/Substrate/Glints2/dict_0005_0107" 9719
"/Engine/EngineMaterials/Substrate/Glints2/dict_0005_0106" 9720
"/Engine/EngineMaterials/Substrate/Glints2/dict_0005_0105" 9721
"/Engine/EngineMaterials/Substrate/Glints2/dict_0005_0104" 9722
"/Engine/EngineMaterials/Substrate/Glints2/dict_0005_0103" 9723
"/Engine/EngineMaterials/Substrate/Glints2/dict_0005_0102" 9724
"/Engine/EngineMaterials/Substrate/Glints2/dict_0005_0101" 9725
"/Engine/EngineMaterials/Substrate/Glints2/dict_0005_0100" 9726
"/Engine/EngineMaterials/Substrate/Glints2/dict_0005_0099" 9727
"/Engine/EngineMaterials/Substrate/Glints2/dict_0005_0098" 9728
"/Engine/EngineMaterials/Substrate/Glints2/dict_0005_0097" 9729
"/Engine/EngineMaterials/Substrate/Glints2/dict_0005_0096" 9730
"/Engine/EngineMaterials/Substrate/Glints2/dict_0005_0095" 9731
"/Engine/EngineMaterials/Substrate/Glints2/dict_0005_0094" 9732
"/Engine/EngineMaterials/Substrate/Glints2/dict_0005_0093" 9733
"/Engine/EngineMaterials/Substrate/Glints2/dict_0005_0092" 9734
"/Engine/EngineMaterials/Substrate/Glints2/dict_0005_0091" 9735
"/Engine/EngineMaterials/Substrate/Glints2/dict_0005_0090" 9736
"../../../Engine/Content/EngineMaterials/Substrate/Glints2/dict_0005_0126.uasset" 9737
"../../../Engine/Content/EngineMaterials/Substrate/Glints2/dict_0005_0124.uasset" 9738
"../../../Engine/Content/EngineMaterials/Substrate/Glints2/dict_0005_0140.uasset" 9739
"../../../Engine/Content/EngineMaterials/Substrate/Glints2/dict_0005_0128.uasset" 9740
"../../../Engine/Content/EngineMaterials/Substrate/Glints2/dict_0005_0136.uasset" 9741
"../../../Engine/Content/EngineMaterials/Substrate/Glints2/dict_0005_0123.uasset" 9742
"../../../Engine/Content/EngineMaterials/Substrate/Glints2/dict_0005_0137.uasset" 9743
"../../../Engine/Content/EngineMaterials/Substrate/Glints2/dict_0005_0130.uasset" 9744
"../../../Engine/Content/EngineMaterials/Substrate/Glints2/dict_0005_0132.uasset" 9745
"../../../Engine/Content/EngineMaterials/Substrate/Glints2/dict_0005_0127.uasset" 9746
"../../../Engine/Content/EngineMaterials/Substrate/Glints2/dict_0005_0134.uasset" 9747
"../../../Engine/Content/EngineMaterials/Substrate/Glints2/dict_0005_0133.uasset" 9748
"../../../Engine/Content/EngineMaterials/Substrate/Glints2/dict_0005_0129.uasset" 9749
"../../../Engine/Content/EngineMaterials/Substrate/Glints2/dict_0005_0131.uasset" 9750
"../../../Engine/Content/EngineMaterials/Substrate/Glints2/dict_0005_0141.uasset" 9751
"../../../Engine/Content/EngineMaterials/Substrate/Glints2/dict_0005_0125.uasset" 9752
"../../../Engine/Content/EngineMaterials/Substrate/Glints2/dict_0005_0139.uasset" 9753
"../../../Engine/Content/EngineMaterials/Substrate/Glints2/dict_0005_0138.uasset" 9754
"../../../Engine/Content/EngineMaterials/Substrate/Glints2/dict_0005_0122.uasset" 9755
"../../../Engine/Content/EngineMaterials/Substrate/Glints2/dict_0005_0135.uasset" 9756
"../../../Engine/Content/EngineMaterials/Substrate/Glints2/dict_0005_0142.uasset" 9757
"/Engine/EngineMaterials/Substrate/Glints2/dict_0005_0142" 9758
"/Engine/EngineMaterials/Substrate/Glints2/dict_0005_0141" 9759
"../../../Engine/Content/EngineMaterials/Substrate/Glints2/dict_0005_0152.uasset" 9760
"../../../Engine/Content/EngineMaterials/Substrate/Glints2/dict_0005_0143.uasset" 9761
"../../../Engine/Content/EngineMaterials/Substrate/Glints2/dict_0005_0146.uasset" 9762
"../../../Engine/Content/EngineMaterials/Substrate/Glints2/dict_0005_0147.uasset" 9763
"/Engine/EngineMaterials/Substrate/Glints2/dict_0005_0140" 9764
"../../../Engine/Content/EngineMaterials/Substrate/Glints2/dict_0005_0148.uasset" 9765
"../../../Engine/Content/EngineMaterials/Substrate/Glints2/dict_0005_0149.uasset" 9766
"/Engine/EngineMaterials/Substrate/Glints2/dict_0005_0139" 9767
"../../../Engine/Content/EngineMaterials/Substrate/Glints2/dict_0005_0150.uasset" 9768
"../../../Engine/Content/EngineMaterials/Substrate/Glints2/dict_0005_0144.uasset" 9769
"../../../Engine/Content/EngineMaterials/Substrate/Glints2/dict_0005_0153.uasset" 9770
"../../../Engine/Content/EngineMaterials/Substrate/Glints2/dict_0005_0145.uasset" 9771
"../../../Engine/Content/EngineMaterials/Substrate/Glints2/dict_0005_0151.uasset" 9772
"/Engine/EngineMaterials/Substrate/Glints2/dict_0005_0138" 9773
"/Engine/EngineMaterials/Substrate/Glints2/dict_0005_0137" 9774
"/Engine/EngineMaterials/Substrate/Glints2/dict_0005_0136" 9775
"/Engine/EngineMaterials/Substrate/Glints2/dict_0005_0135" 9776
"/Engine/EngineMaterials/Substrate/Glints2/dict_0005_0134" 9777
"/Engine/EngineMaterials/Substrate/Glints2/dict_0005_0133" 9778
"/Engine/EngineMaterials/Substrate/Glints2/dict_0005_0132" 9779
"/Engine/EngineMaterials/Substrate/Glints2/dict_0005_0131" 9780
"/Engine/EngineMaterials/Substrate/Glints2/dict_0005_0130" 9781
"/Engine/EngineMaterials/Substrate/Glints2/dict_0005_0129" 9782
"/Engine/EngineMaterials/Substrate/Glints2/dict_0005_0128" 9783
"/Engine/EngineMaterials/Substrate/Glints2/dict_0005_0127" 9784
"/Engine/EngineMaterials/Substrate/Glints2/dict_0005_0126" 9785
"/Engine/EngineMaterials/Substrate/Glints2/dict_0005_0125" 9786
"/Engine/EngineMaterials/Substrate/Glints2/dict_0005_0124" 9787
"/Engine/EngineMaterials/Substrate/Glints2/dict_0005_0123" 9788
"/Engine/EngineMaterials/Substrate/Glints2/dict_0005_0122" 9789
"/Engine/EngineMaterials/Substrate/Glints2/dict_0005_0153" 9790
"/Engine/EngineMaterials/Substrate/Glints2/dict_0005_0152" 9791
"/Engine/EngineMaterials/Substrate/Glints2/dict_0005_0151" 9792
"/Engine/EngineMaterials/Substrate/Glints2/dict_0005_0150" 9793
"../../../Engine/Content/EngineMaterials/Substrate/Glints2/dict_0005_0155.uasset" 9794
"../../../Engine/Content/EngineMaterials/Substrate/Glints2/dict_0005_0163.uasset" 9795
"../../../Engine/Content/EngineMaterials/Substrate/Glints2/dict_0005_0170.uasset" 9796
"/Engine/EngineMaterials/Substrate/Glints2/dict_0005_0149" 9797
"/Engine/EngineMaterials/Substrate/Glints2/dict_0005_0148" 9798
"/Engine/EngineMaterials/Substrate/Glints2/dict_0005_0147" 9799
"../../../Engine/Content/EngineMaterials/Substrate/Glints2/dict_0005_0162.uasset" 9800
"/Engine/EngineMaterials/Substrate/Glints2/dict_0005_0146" 9801
"../../../Engine/Content/EngineMaterials/Substrate/Glints2/dict_0005_0164.uasset" 9802
"/Engine/EngineMaterials/Substrate/Glints2/dict_0005_0145" 9803
"../../../Engine/Content/EngineMaterials/Substrate/Glints2/dict_0005_0158.uasset" 9804
"/Engine/EngineMaterials/Substrate/Glints2/dict_0005_0144" 9805
"../../../Engine/Content/EngineMaterials/Substrate/Glints2/dict_0005_0165.uasset" 9806
"../../../Engine/Content/EngineMaterials/Substrate/Glints2/dict_0005_0154.uasset" 9807
"../../../Engine/Content/EngineMaterials/Substrate/Glints2/dict_0005_0157.uasset" 9808
"../../../Engine/Content/EngineMaterials/Substrate/Glints2/dict_0005_0169.uasset" 9809
"../../../Engine/Content/EngineMaterials/Substrate/Glints2/dict_0005_0171.uasset" 9810
"../../../Engine/Content/EngineMaterials/Substrate/Glints2/dict_0005_0161.uasset" 9811
"../../../Engine/Content/EngineMaterials/Substrate/Glints2/dict_0005_0160.uasset" 9812
"../../../Engine/Content/EngineMaterials/Substrate/Glints2/dict_0005_0168.uasset" 9813
"../../../Engine/Content/EngineMaterials/Substrate/Glints2/dict_0005_0167.uasset" 9814
"../../../Engine/Content/EngineMaterials/Substrate/Glints2/dict_0005_0156.uasset" 9815
"/Engine/EngineMaterials/Substrate/Glints2/dict_0005_0143" 9816
"/Engine/EngineMaterials/Substrate/Glints2/dict_0005_0171" 9817
"/Engine/EngineMaterials/Substrate/Glints2/dict_0005_0170" 9818
"/Engine/EngineMaterials/Substrate/Glints2/dict_0005_0169" 9819
"../../../Engine/Content/EngineMaterials/Substrate/Glints2/dict_0005_0159.uasset" 9820
"../../../Engine/Content/EngineMaterials/Substrate/Glints2/dict_0005_0174.uasset" 9821
"../../../Engine/Content/EngineMaterials/Substrate/Glints2/dict_0005_0177.uasset" 9822
"/Engine/EngineMaterials/Substrate/Glints2/dict_0005_0168" 9823
"../../../Engine/Content/EngineMaterials/Substrate/Glints2/dict_0005_0166.uasset" 9824
"/Engine/EngineMaterials/Substrate/Glints2/dict_0005_0167" 9825
"../../../Engine/Content/EngineMaterials/Substrate/Glints2/dict_0005_0178.uasset" 9826
"/Engine/EngineMaterials/Substrate/Glints2/dict_0005_0165" 9827
"../../../Engine/Content/EngineMaterials/Substrate/Glints2/dict_0005_0172.uasset" 9828
"../../../Engine/Content/EngineMaterials/Substrate/Glints2/dict_0005_0173.uasset" 9829
"/Engine/EngineMaterials/Substrate/Glints2/dict_0005_0164" 9830
"/Engine/EngineMaterials/Substrate/Glints2/dict_0005_0163" 9831
"/Engine/EngineMaterials/Substrate/Glints2/dict_0005_0162" 9832
"/Engine/EngineMaterials/Substrate/Glints2/dict_0005_0161" 9833
"../../../Engine/Content/EngineMaterials/Substrate/Glints2/dict_0005_0181.uasset" 9834
"../../../Engine/Content/EngineMaterials/Substrate/Glints2/dict_0005_0185.uasset" 9835
"/Engine/EngineMaterials/Substrate/Glints2/dict_0005_0160" 9836
"../../../Engine/Content/EngineMaterials/Substrate/Glints2/dict_0005_0182.uasset" 9837
"../../../Engine/Content/EngineMaterials/Substrate/Glints2/dict_0005_0175.uasset" 9838
"/Engine/EngineMaterials/Substrate/Glints2/dict_0005_0158" 9839
"../../../Engine/Content/EngineMaterials/Substrate/Glints2/dict_0005_0176.uasset" 9840
"/Engine/EngineMaterials/Substrate/Glints2/dict_0005_0157" 9841
"/Engine/EngineMaterials/Substrate/Glints2/dict_0005_0156" 9842
"../../../Engine/Content/EngineMaterials/Substrate/Glints2/dict_0005_0180.uasset" 9843
"/Engine/EngineMaterials/Substrate/Glints2/dict_0005_0155" 9844
"../../../Engine/Content/EngineMaterials/Substrate/Glints2/dict_0005_0183.uasset" 9845
"/Engine/EngineMaterials/Substrate/Glints2/dict_0005_0154" 9846
"../../../Engine/Content/EngineMaterials/Substrate/Glints2/dict_0005_0179.uasset" 9847
"/Engine/EngineMaterials/Substrate/Glints2/dict_0005_0185" 9848
"/Engine/EngineMaterials/Substrate/Glints2/dict_0005_0183" 9849
"../../../Engine/Content/EngineMaterials/Substrate/Glints2/dict_0005_0184.uasset" 9850
"/Engine/EngineMaterials/Substrate/Glints2/dict_0005_0182" 9851
"/Engine/EngineMaterials/Substrate/Glints2/dict_0005_0181" 9852
"/Engine/EngineMaterials/Substrate/Glints2/dict_0005_0180" 9853
"/Engine/EngineMaterials/Substrate/Glints2/dict_0005_0179" 9854
"../../../Engine/Content/EngineMaterials/Substrate/Glints2/dict_0005_0189.uasset" 9855
"/Engine/EngineMaterials/Substrate/Glints2/dict_0005_0178" 9856
"/Engine/EngineMaterials/Substrate/Glints2/dict_0005_0177" 9857
"/Engine/EngineMaterials/Substrate/Glints2/dict_0005_0176" 9858
"../../../Engine/Content/EngineMaterials/Substrate/Glints2/dict_0005_0198.uasset" 9859
"../../../Engine/Content/EngineMaterials/Substrate/Glints2/dict_0005_0200.uasset" 9860
"../../../Engine/Content/EngineMaterials/Substrate/Glints2/dict_0005_0190.uasset" 9861
"../../../Engine/Content/EngineMaterials/Substrate/Glints2/dict_0005_0188.uasset" 9862
"../../../Engine/Content/EngineMaterials/Substrate/Glints2/dict_0005_0193.uasset" 9863
"../../../Engine/Content/EngineMaterials/Substrate/Glints2/dict_0005_0196.uasset" 9864
"../../../Engine/Content/EngineMaterials/Substrate/Glints2/dict_0005_0194.uasset" 9865
"../../../Engine/Content/EngineMaterials/Substrate/Glints2/dict_0005_0199.uasset" 9866
"/Engine/EngineMaterials/Substrate/Glints2/dict_0005_0175" 9867
"../../../Engine/Content/EngineMaterials/Substrate/Glints2/dict_0005_0187.uasset" 9868
"/Engine/EngineMaterials/Substrate/Glints2/dict_0005_0174" 9869
"/Engine/EngineMaterials/Substrate/Glints2/dict_0005_0173" 9870
"../../../Engine/Content/EngineMaterials/Substrate/Glints2/dict_0005_0192.uasset" 9871
"/Engine/EngineMaterials/Substrate/Glints2/dict_0005_0172" 9872
"../../../Engine/Content/EngineMaterials/Substrate/Glints2/dict_0005_0201.uasset" 9873
"../../../Engine/Content/EngineMaterials/Substrate/Glints2/dict_0005_0197.uasset" 9874
"/Engine/EngineMaterials/Substrate/Glints2/dict_0005_0166" 9875
"/Engine/EngineMaterials/Substrate/Glints2/dict_0005_0159" 9876
"/Engine/EngineMaterials/Substrate/Glints2/dict_0005_0184" 9877
"/Engine/EngineMaterials/Substrate/Glints2/dict_0005_0201" 9878
"/Engine/EngineMaterials/Substrate/Glints2/dict_0005_0200" 9879
"../../../Engine/Content/EngineMaterials/Substrate/Glints2/dict_0005_0214.uasset" 9880
"../../../Engine/Content/EngineMaterials/Substrate/Glints2/dict_0005_0208.uasset" 9881
"../../../Engine/Content/EngineMaterials/Substrate/Glints2/dict_0005_0191.uasset" 9882
"../../../Engine/Content/EngineMaterials/Substrate/Glints2/dict_0005_0195.uasset" 9883
"../../../Engine/Content/EngineMaterials/Substrate/Glints2/dict_0005_0210.uasset" 9884
"/Engine/EngineMaterials/Substrate/Glints2/dict_0005_0199" 9885
"/Engine/EngineMaterials/Substrate/Glints2/dict_0005_0198" 9886
"/Engine/EngineMaterials/Substrate/Glints2/dict_0005_0197" 9887
"/Engine/EngineMaterials/Substrate/Glints2/dict_0005_0196" 9888
"/Engine/EngineMaterials/Substrate/Glints2/dict_0005_0194" 9889
"/Engine/EngineMaterials/Substrate/Glints2/dict_0005_0193" 9890
"/Engine/EngineMaterials/Substrate/Glints2/dict_0005_0192" 9891
"/Engine/EngineMaterials/Substrate/Glints2/dict_0005_0190" 9892
"../../../Engine/Content/EngineMaterials/Substrate/Glints2/dict_0005_0186.uasset" 9893
"/Engine/EngineMaterials/Substrate/Glints2/dict_0005_0189" 9894
"/Engine/EngineMaterials/Substrate/Glints2/dict_0005_0188" 9895
"/Engine/EngineMaterials/Substrate/Glints2/dict_0005_0187" 9896
"../../../Engine/Content/EngineMaterials/Substrate/Glints2/dict_0005_0202.uasset" 9897
"../../../Engine/Content/EngineMaterials/Substrate/Glints2/dict_0005_0204.uasset" 9898
"../../../Engine/Content/EngineMaterials/Substrate/Glints2/dict_0005_0209.uasset" 9899
"../../../Engine/Content/EngineMaterials/Substrate/Glints2/dict_0005_0205.uasset" 9900
"../../../Engine/Content/EngineMaterials/Substrate/Glints2/dict_0005_0207.uasset" 9901
"../../../Engine/Content/EngineMaterials/Substrate/Glints2/dict_0005_0211.uasset" 9902
"../../../Engine/Content/EngineMaterials/Substrate/Glints2/dict_0005_0215.uasset" 9903
"/Engine/EngineMaterials/Substrate/Glints2/dict_0005_0214" 9904
"../../../Engine/Content/EngineMaterials/Substrate/Glints2/dict_0005_0212.uasset" 9905
"../../../Engine/Content/EngineMaterials/Substrate/Glints2/dict_0005_0206.uasset" 9906
"/Engine/EngineMaterials/Substrate/Glints2/dict_0005_0211" 9907
"/Engine/EngineMaterials/Substrate/Glints2/dict_0005_0210" 9908
"../../../Engine/Content/EngineMaterials/Substrate/Glints2/dict_0005_0216.uasset" 9909
"../../../Engine/Content/EngineMaterials/Substrate/Glints2/dict_0005_0213.uasset" 9910
"../../../Engine/Content/EngineMaterials/Substrate/Glints2/dict_0005_0228.uasset" 9911
"/Engine/EngineMaterials/Substrate/Glints2/dict_0005_0209" 9912
"/Engine/EngineMaterials/Substrate/Glints2/dict_0005_0208" 9913
"/Engine/EngineMaterials/Substrate/Glints2/dict_0005_0207" 9914
"../../../Engine/Content/EngineMaterials/Substrate/Glints2/dict_0005_0218.uasset" 9915
"/Engine/EngineMaterials/Substrate/Glints2/dict_0005_0205" 9916
"/Engine/EngineMaterials/Substrate/Glints2/dict_0005_0204" 9917
"/Engine/EngineMaterials/Substrate/Glints2/dict_0005_0195" 9918
"/Engine/EngineMaterials/Substrate/Glints2/dict_0005_0191" 9919
"/Engine/EngineMaterials/Substrate/Glints2/dict_0005_0202" 9920
"/Engine/EngineMaterials/Substrate/Glints2/dict_0005_0186" 9921
"/Engine/EngineMaterials/Substrate/Glints2/dict_0005_0216" 9922
"/Engine/EngineMaterials/Substrate/Glints2/dict_0005_0215" 9923
"../../../Engine/Content/EngineMaterials/Substrate/Glints2/dict_0005_0222.uasset" 9924
"../../../Engine/Content/EngineMaterials/Substrate/Glints2/dict_0005_0230.uasset" 9925
"/Engine/EngineMaterials/Substrate/Glints2/dict_0005_0213" 9926
"../../../Engine/Content/EngineMaterials/Substrate/Glints2/dict_0005_0225.uasset" 9927
"../../../Engine/Content/EngineMaterials/Substrate/Glints2/dict_0005_0220.uasset" 9928
"../../../Engine/Content/EngineMaterials/Substrate/Glints2/dict_0005_0219.uasset" 9929
"/Engine/EngineMaterials/Substrate/Glints2/dict_0005_0212" 9930
"../../../Engine/Content/EngineMaterials/Substrate/Glints2/dict_0005_0232.uasset" 9931
"/Engine/EngineMaterials/Substrate/Glints2/dict_0005_0206" 9932
"../../../Engine/Content/EngineMaterials/Substrate/Glints2/dict_0005_0227.uasset" 9933
"../../../Engine/Content/EngineMaterials/Substrate/Glints2/dict_0005_0235.uasset" 9934
"../../../Engine/Content/EngineMaterials/Substrate/Glints2/dict_0005_0217.uasset" 9935
"../../../Engine/Content/EngineMaterials/Substrate/Glints2/dict_0005_0224.uasset" 9936
"../../../Engine/Content/EngineMaterials/Substrate/Glints2/dict_0005_0229.uasset" 9937
"../../../Engine/Content/EngineMaterials/Substrate/Glints2/dict_0005_0226.uasset" 9938
"/Engine/EngineMaterials/Substrate/Glints2/dict_0005_0228" 9939
"../../../Engine/Content/EngineMaterials/Substrate/Glints2/dict_0005_0223.uasset" 9940
"../../../Engine/Content/EngineMaterials/Substrate/Glints2/dict_0005_0221.uasset" 9941
"/Engine/EngineMaterials/Substrate/Glints2/dict_0005_0218" 9942
"/Engine/EngineMaterials/Substrate/Glints2/dict_0005_0230" 9943
"/Engine/EngineMaterials/Substrate/Glints2/dict_0005_0235" 9944
"/Engine/EngineMaterials/Substrate/Glints2/dict_0005_0229" 9945
"../../../Engine/Content/EngineMaterials/Substrate/Glints2/dict_0005_0236.uasset" 9946
"/Engine/EngineMaterials/Substrate/Glints2/dict_0005_0227" 9947
"/Engine/EngineMaterials/Substrate/Glints2/dict_0005_0226" 9948
"/Engine/EngineMaterials/Substrate/Glints2/dict_0005_0225" 9949
"/Engine/EngineMaterials/Substrate/Glints2/dict_0005_0224" 9950
"/Engine/EngineMaterials/Substrate/Glints2/dict_0005_0223" 9951
"/Engine/EngineMaterials/Substrate/Glints2/dict_0005_0222" 9952
"/Engine/EngineMaterials/Substrate/Glints2/dict_0005_0221" 9953
"../../../Engine/Content/EngineMaterials/Substrate/Glints2/dict_0005_0234.uasset" 9954
"../../../Engine/Content/EngineMaterials/Substrate/Glints2/dict_0005_0233.uasset" 9955
"../../../Engine/Content/EngineMaterials/Substrate/Glints2/dict_0005_0231.uasset" 9956
"../../../Engine/Content/EngineMaterials/Substrate/Glints2/dict_0005_0239.uasset" 9957
"/Engine/EngineMaterials/Substrate/Glints2/dict_0005_0232" 9958
"../../../Engine/Content/EngineMaterials/Substrate/Glints2/dict_0005_0240.uasset" 9959
"../../../Engine/Content/EngineMaterials/Substrate/Glints2/dict_0005_0247.uasset" 9960
"../../../Engine/Content/EngineMaterials/Substrate/Glints2/dict_0005_0237.uasset" 9961
"../../../Engine/Content/EngineMaterials/Substrate/Glints2/dict_0005_0241.uasset" 9962
"/Engine/EngineMaterials/Substrate/Glints2/dict_0005_0220" 9963
"../../../Engine/Content/EngineMaterials/Substrate/Glints2/dict_0005_0248.uasset" 9964
"../../../Engine/Content/EngineMaterials/Substrate/Glints2/dict_0005_0242.uasset" 9965
"/Engine/EngineMaterials/Substrate/Glints2/dict_0005_0219" 9966
"../../../Engine/Content/EngineMaterials/Substrate/Glints2/dict_0005_0238.uasset" 9967
"../../../Engine/Content/EngineMaterials/Substrate/Glints2/dict_0005_0203.uasset" 9968
"/Engine/EngineMaterials/Substrate/Glints2/dict_0005_0217" 9969
"/Engine/EngineMaterials/Substrate/Glints2/dict_0005_0248" 9970
"/Engine/EngineMaterials/Substrate/Glints2/dict_0005_0242" 9971
"/Engine/EngineMaterials/Substrate/Glints2/dict_0005_0247" 9972
"/Engine/EngineMaterials/Substrate/Glints2/dict_0005_0241" 9973
"/Engine/EngineMaterials/Substrate/Glints2/dict_0005_0240" 9974
"/Engine/EngineMaterials/Substrate/Glints2/dict_0005_0239" 9975
"/Engine/EngineMaterials/Substrate/Glints2/dict_0005_0238" 9976
"../../../Engine/Content/EngineMaterials/Substrate/Glints2/dict_0005_0244.uasset" 9977
"../../../Engine/Content/EngineMaterials/Substrate/Glints2/dict_0005_0253.uasset" 9978
"/Engine/EngineMaterials/Substrate/Glints2/dict_0005_0237" 9979
"../../../Engine/Content/EngineMaterials/Substrate/Glints2/dict_0005_0245.uasset" 9980
"../../../Engine/Content/EngineMaterials/Substrate/Glints2/dict_0005_0243.uasset" 9981
"/Engine/EngineMaterials/Substrate/Glints2/dict_0005_0236" 9982
"../../../Engine/Content/EngineMaterials/Substrate/Glints2/dict_0005_0246.uasset" 9983
"../../../Engine/Content/EngineMaterials/Substrate/Glints2/dict_0005_0249.uasset" 9984
"/Engine/EngineMaterials/Substrate/Glints2/dict_0005_0203" 9985
"../../../Engine/Content/EngineMaterials/Substrate/Glints2/dict_0005_0250.uasset" 9986
"/Engine/EngineMaterials/Substrate/Glints2/dict_0005_0234" 9987
"../../../Engine/Content/EngineMaterials/Substrate/Glints2/dict_0005_0254.uasset" 9988
"../../../Engine/Content/EngineMaterials/Substrate/Glints2/dict_0005_0255.uasset" 9989
"../../../Engine/Content/EngineMaterials/Substrate/Glints2/dict_0006_0007.uasset" 9990
"/Engine/EngineMaterials/Substrate/Glints2/dict_0005_0233" 9991
"/Engine/EngineMaterials/Substrate/Glints2/dict_0005_0231" 9992
"../../../Engine/Content/EngineMaterials/Substrate/Glints2/dict_0005_0252.uasset" 9993
"/Engine/EngineMaterials/Substrate/Glints2/dict_0005_0249" 9994
"../../../Engine/Content/EngineMaterials/Substrate/Glints2/dict_0006_0001.uasset" 9995
"../../../Engine/Content/EngineMaterials/Substrate/Glints2/dict_0006_0004.uasset" 9996
"/Engine/EngineMaterials/Substrate/Glints2/dict_0006_0007" 9997
"../../../Engine/Content/EngineMaterials/Substrate/Glints2/dict_0006_0006.uasset" 9998
"/Engine/EngineMaterials/Substrate/Glints2/dict_0005_0246" 9999
"../../../Engine/Content/EngineMaterials/Substrate/Glints2/dict_0005_0251.uasset" 10000
"/Engine/EngineMaterials/Substrate/Glints2/dict_0005_0245" 10001
"/Engine/EngineMaterials/Substrate/Glints2/dict_0005_0244" 10002
"../../../Engine/Content/EngineMaterials/Substrate/Glints2/dict_0006_0003.uasset" 10003
"../../../Engine/Content/EngineMaterials/Substrate/Glints2/dict_0006_0016.uasset" 10004
"../../../Engine/Content/EngineMaterials/Substrate/Glints2/dict_0006_0002.uasset" 10005
"/Engine/EngineMaterials/Substrate/Glints2/dict_0005_0255" 10006
"/Engine/EngineMaterials/Substrate/Glints2/dict_0005_0254" 10007
"../../../Engine/Content/EngineMaterials/Substrate/Glints2/dict_0006_0000.uasset" 10008
"/Engine/EngineMaterials/Substrate/Glints2/dict_0005_0253" 10009
"/Engine/EngineMaterials/Substrate/Glints2/dict_0005_0252" 10010
"../../../Engine/Content/EngineMaterials/Substrate/Glints2/dict_0006_0005.uasset" 10011
"../../../Engine/Content/EngineMaterials/Substrate/Glints2/dict_0006_0008.uasset" 10012
"/Engine/EngineMaterials/Substrate/Glints2/dict_0005_0243" 10013
"../../../Engine/Content/EngineMaterials/Substrate/Glints2/dict_0006_0012.uasset" 10014
"/Engine/EngineMaterials/Substrate/Glints2/dict_0005_0250" 10015
"../../../Engine/Content/EngineMaterials/Substrate/Glints2/dict_0006_0015.uasset" 10016
"../../../Engine/Content/EngineMaterials/Substrate/Glints2/dict_0006_0010.uasset" 10017
"/Engine/EngineMaterials/Substrate/Glints2/dict_0006_0016" 10018
"../../../Engine/Content/EngineMaterials/Substrate/Glints2/dict_0006_0018.uasset" 10019
"../../../Engine/Content/EngineMaterials/Substrate/Glints2/dict_0006_0011.uasset" 10020
"/Engine/EngineMaterials/Substrate/Glints2/dict_0006_0012" 10021
"/Engine/EngineMaterials/Substrate/Glints2/dict_0006_0006" 10022
"../../../Engine/Content/EngineMaterials/Substrate/Glints2/dict_0006_0017.uasset" 10023
"/Engine/EngineMaterials/Substrate/Glints2/dict_0006_0005" 10024
"../../../Engine/Content/EngineMaterials/Substrate/Glints2/dict_0006_0021.uasset" 10025
"../../../Engine/Content/EngineMaterials/Substrate/Glints2/dict_0006_0013.uasset" 10026
"../../../Engine/Content/EngineMaterials/Substrate/Glints2/dict_0006_0019.uasset" 10027
"../../../Engine/Content/EngineMaterials/Substrate/Glints2/dict_0006_0009.uasset" 10028
"/Engine/EngineMaterials/Substrate/Glints2/dict_0006_0004" 10029
"/Engine/EngineMaterials/Substrate/Glints2/dict_0006_0003" 10030
"../../../Engine/Content/EngineMaterials/Substrate/Glints2/dict_0006_0024.uasset" 10031
"/Engine/EngineMaterials/Substrate/Glints2/dict_0006_0002" 10032
"/Engine/EngineMaterials/Substrate/Glints2/dict_0006_0001" 10033
"/Engine/EngineMaterials/Substrate/Glints2/dict_0006_0010" 10034
"/Engine/EngineMaterials/Substrate/Glints2/dict_0006_0000" 10035
"../../../Engine/Content/EngineMaterials/Substrate/Glints2/dict_0006_0020.uasset" 10036
"/Engine/EngineMaterials/Substrate/Glints2/dict_0005_0251" 10037
"/Engine/EngineMaterials/Substrate/Glints2/dict_0006_0008" 10038
"../../../Engine/Content/EngineMaterials/Substrate/Glints2/dict_0006_0014.uasset" 10039
"/Engine/EngineMaterials/Substrate/Glints2/dict_0006_0020" 10040
"/Engine/EngineMaterials/Substrate/Glints2/dict_0006_0019" 10041
"../../../Engine/Content/EngineMaterials/Substrate/Glints2/dict_0006_0027.uasset" 10042
"/Engine/EngineMaterials/Substrate/Glints2/dict_0006_0018" 10043
"../../../Engine/Content/EngineMaterials/Substrate/Glints2/dict_0006_0031.uasset" 10044
"../../../Engine/Content/EngineMaterials/Substrate/Glints2/dict_0006_0025.uasset" 10045
"../../../Engine/Content/EngineMaterials/Substrate/Glints2/dict_0006_0022.uasset" 10046
"/Engine/EngineMaterials/Substrate/Glints2/dict_0006_0017" 10047
"../../../Engine/Content/EngineMaterials/Substrate/Glints2/dict_0006_0023.uasset" 10048
"/Engine/EngineMaterials/Substrate/Glints2/dict_0006_0015" 10049
"../../../Engine/Content/EngineMaterials/Substrate/Glints2/dict_0006_0026.uasset" 10050
"../../../Engine/Content/EngineMaterials/Substrate/Glints2/dict_0006_0028.uasset" 10051
"../../../Engine/Content/EngineMaterials/Substrate/Glints2/dict_0006_0030.uasset" 10052
"../../../Engine/Content/EngineMaterials/Substrate/Glints2/dict_0006_0041.uasset" 10053
"../../../Engine/Content/EngineMaterials/Substrate/Glints2/dict_0006_0029.uasset" 10054
"/Engine/EngineMaterials/Substrate/Glints2/dict_0006_0014" 10055
"/Engine/EngineMaterials/Substrate/Glints2/dict_0006_0013" 10056
"/Engine/EngineMaterials/Substrate/Glints2/dict_0006_0011" 10057
"/Engine/EngineMaterials/Substrate/Glints2/dict_0006_0009" 10058
"/Engine/EngineMaterials/Substrate/Glints2/dict_0006_0024" 10059
"/Engine/EngineMaterials/Substrate/Glints2/dict_0006_0021" 10060
"/Engine/EngineMaterials/Substrate/Glints2/dict_0006_0031" 10061
"/Engine/EngineMaterials/Substrate/Glints2/dict_0006_0030" 10062
"../../../Engine/Content/EngineMaterials/Substrate/Glints2/dict_0006_0038.uasset" 10063
"../../../Engine/Content/EngineMaterials/Substrate/Glints2/dict_0006_0036.uasset" 10064
"../../../Engine/Content/EngineMaterials/Substrate/Glints2/dict_0006_0040.uasset" 10065
"/Engine/EngineMaterials/Substrate/Glints2/dict_0006_0029" 10066
"../../../Engine/Content/EngineMaterials/Substrate/Glints2/dict_0006_0037.uasset" 10067
"../../../Engine/Content/EngineMaterials/Substrate/Glints2/dict_0006_0039.uasset" 10068
"/Engine/EngineMaterials/Substrate/Glints2/dict_0006_0028" 10069
"../../../Engine/Content/EngineMaterials/Substrate/Glints2/dict_0006_0050.uasset" 10070
"../../../Engine/Content/EngineMaterials/Substrate/Glints2/dict_0006_0034.uasset" 10071
"../../../Engine/Content/EngineMaterials/Substrate/Glints2/dict_0006_0048.uasset" 10072
"../../../Engine/Content/EngineMaterials/Substrate/Glints2/dict_0006_0032.uasset" 10073
"../../../Engine/Content/EngineMaterials/Substrate/Glints2/dict_0006_0035.uasset" 10074
"/Engine/EngineMaterials/Substrate/Glints2/dict_0006_0041" 10075
"../../../Engine/Content/EngineMaterials/Substrate/Glints2/dict_0006_0052.uasset" 10076
"../../../Engine/Content/EngineMaterials/Substrate/Glints2/dict_0006_0043.uasset" 10077
"../../../Engine/Content/EngineMaterials/Substrate/Glints2/dict_0006_0042.uasset" 10078
"/Engine/EngineMaterials/Substrate/Glints2/dict_0006_0027" 10079
"/Engine/EngineMaterials/Substrate/Glints2/dict_0006_0026" 10080
"/Engine/EngineMaterials/Substrate/Glints2/dict_0006_0025" 10081
"/Engine/EngineMaterials/Substrate/Glints2/dict_0006_0023" 10082
"/Engine/EngineMaterials/Substrate/Glints2/dict_0006_0022" 10083
"../../../Engine/Content/EngineMaterials/Substrate/Glints2/dict_0006_0044.uasset" 10084
"/Engine/EngineMaterials/Substrate/Glints2/dict_0006_0052" 10085
"/Engine/EngineMaterials/Substrate/Glints2/dict_0006_0043" 10086
"../../../Engine/Content/EngineMaterials/Substrate/Glints2/dict_0006_0033.uasset" 10087
"/Engine/EngineMaterials/Substrate/Glints2/dict_0006_0050" 10088
"/Engine/EngineMaterials/Substrate/Glints2/dict_0006_0048" 10089
"/Engine/EngineMaterials/Substrate/Glints2/dict_0006_0042" 10090
"/Engine/EngineMaterials/Substrate/Glints2/dict_0006_0040" 10091
"/Engine/EngineMaterials/Substrate/Glints2/dict_0006_0039" 10092
"../../../Engine/Content/EngineMaterials/Substrate/Glints2/dict_0006_0059.uasset" 10093
"../../../Engine/Content/EngineMaterials/Substrate/Glints2/dict_0006_0047.uasset" 10094
"../../../Engine/Content/EngineMaterials/Substrate/Glints2/dict_0006_0054.uasset" 10095
"/Engine/EngineMaterials/Substrate/Glints2/dict_0006_0038" 10096
"../../../Engine/Content/EngineMaterials/Substrate/Glints2/dict_0006_0049.uasset" 10097
"../../../Engine/Content/EngineMaterials/Substrate/Glints2/dict_0006_0045.uasset" 10098
"../../../Engine/Content/EngineMaterials/Substrate/Glints2/dict_0006_0046.uasset" 10099
"../../../Engine/Content/EngineMaterials/Substrate/Glints2/dict_0006_0053.uasset" 10100
"../../../Engine/Content/EngineMaterials/Substrate/Glints2/dict_0006_0051.uasset" 10101
"/Engine/EngineMaterials/Substrate/Glints2/dict_0006_0037" 10102
"/Engine/EngineMaterials/Substrate/Glints2/dict_0006_0036" 10103
"/Engine/EngineMaterials/Substrate/Glints2/dict_0006_0035" 10104
"/Engine/EngineMaterials/Substrate/Glints2/dict_0006_0034" 10105
"/Engine/EngineMaterials/Substrate/Glints2/dict_0006_0032" 10106
"../../../Engine/Content/EngineMaterials/Substrate/Glints2/dict_0006_0058.uasset" 10107
"../../../Engine/Content/EngineMaterials/Substrate/Glints2/dict_0006_0060.uasset" 10108
"../../../Engine/Content/EngineMaterials/Substrate/Glints2/dict_0006_0062.uasset" 10109
"/Engine/EngineMaterials/Substrate/Glints2/dict_0006_0054" 10110
"../../../Engine/Content/EngineMaterials/Substrate/Glints2/dict_0006_0061.uasset" 10111
"/Engine/EngineMaterials/Substrate/Glints2/dict_0006_0053" 10112
"../../../Engine/Content/EngineMaterials/Substrate/Glints2/dict_0006_0057.uasset" 10113
"../../../Engine/Content/EngineMaterials/Substrate/Glints2/dict_0006_0063.uasset" 10114
"/Engine/EngineMaterials/Substrate/Glints2/dict_0006_0051" 10115
"../../../Engine/Content/EngineMaterials/Substrate/Glints2/dict_0006_0055.uasset" 10116
"../../../Engine/Content/EngineMaterials/Substrate/Glints2/dict_0006_0067.uasset" 10117
"/Engine/EngineMaterials/Substrate/Glints2/dict_0006_0049" 10118
"../../../Engine/Content/EngineMaterials/Substrate/Glints2/dict_0006_0056.uasset" 10119
"../../../Engine/Content/EngineMaterials/Substrate/Glints2/dict_0006_0077.uasset" 10120
"/Engine/EngineMaterials/Substrate/Glints2/dict_0006_0059" 10121
"../../../Engine/Content/EngineMaterials/Substrate/Glints2/dict_0006_0070.uasset" 10122
"/Engine/EngineMaterials/Substrate/Glints2/dict_0006_0047" 10123
"/Engine/EngineMaterials/Substrate/Glints2/dict_0006_0058" 10124
"/Engine/EngineMaterials/Substrate/Glints2/dict_0006_0046" 10125
"/Engine/EngineMaterials/Substrate/Glints2/dict_0006_0045" 10126
"/Engine/EngineMaterials/Substrate/Glints2/dict_0006_0033" 10127
"/Engine/EngineMaterials/Substrate/Glints2/dict_0006_0044" 10128
"/Engine/EngineMaterials/Substrate/Glints2/dict_0006_0063" 10129
"/Engine/EngineMaterials/Substrate/Glints2/dict_0006_0077" 10130
"/Engine/EngineMaterials/Substrate/Glints2/dict_0006_0062" 10131
"/Engine/EngineMaterials/Substrate/Glints2/dict_0006_0061" 10132
"../../../Engine/Content/EngineMaterials/Substrate/Glints2/dict_0006_0066.uasset" 10133
"../../../Engine/Content/EngineMaterials/Substrate/Glints2/dict_0006_0073.uasset" 10134
"/Engine/EngineMaterials/Substrate/Glints2/dict_0006_0060" 10135
"../../../Engine/Content/EngineMaterials/Substrate/Glints2/dict_0006_0076.uasset" 10136
"../../../Engine/Content/EngineMaterials/Substrate/Glints2/dict_0006_0071.uasset" 10137
"../../../Engine/Content/EngineMaterials/Substrate/Glints2/dict_0006_0072.uasset" 10138
"/Engine/EngineMaterials/Substrate/Glints2/dict_0006_0070" 10139
"../../../Engine/Content/EngineMaterials/Substrate/Glints2/dict_0006_0075.uasset" 10140
"../../../Engine/Content/EngineMaterials/Substrate/Glints2/dict_0006_0065.uasset" 10141
"../../../Engine/Content/EngineMaterials/Substrate/Glints2/dict_0006_0068.uasset" 10142
"../../../Engine/Content/EngineMaterials/Substrate/Glints2/dict_0006_0069.uasset" 10143
"/Engine/EngineMaterials/Substrate/Glints2/dict_0006_0067" 10144
"../../../Engine/Content/EngineMaterials/Substrate/Glints2/dict_0006_0074.uasset" 10145
"../../../Engine/Content/EngineMaterials/Substrate/Glints2/dict_0006_0086.uasset" 10146
"/Engine/EngineMaterials/Substrate/Glints2/dict_0006_0057" 10147
"../../../Engine/Content/EngineMaterials/Substrate/Glints2/dict_0006_0087.uasset" 10148
"/Engine/EngineMaterials/Substrate/Glints2/dict_0006_0056" 10149
"/Engine/EngineMaterials/Substrate/Glints2/dict_0006_0055" 10150
"/Engine/EngineMaterials/Substrate/Glints2/dict_0006_0087" 10151
"/Engine/EngineMaterials/Substrate/Glints2/dict_0006_0086" 10152
"/Engine/EngineMaterials/Substrate/Glints2/dict_0006_0076" 10153
"../../../Engine/Content/EngineMaterials/Substrate/Glints2/dict_0006_0083.uasset" 10154
"/Engine/EngineMaterials/Substrate/Glints2/dict_0006_0075" 10155
"../../../Engine/Content/EngineMaterials/Substrate/Glints2/dict_0006_0084.uasset" 10156
"../../../Engine/Content/EngineMaterials/Substrate/Glints2/dict_0006_0080.uasset" 10157
"../../../Engine/Content/EngineMaterials/Substrate/Glints2/dict_0006_0078.uasset" 10158
"/Engine/EngineMaterials/Substrate/Glints2/dict_0006_0074" 10159
"../../../Engine/Content/EngineMaterials/Substrate/Glints2/dict_0006_0082.uasset" 10160
"../../../Engine/Content/EngineMaterials/Substrate/Glints2/dict_0006_0081.uasset" 10161
"/Engine/EngineMaterials/Substrate/Glints2/dict_0006_0073" 10162
"/Engine/EngineMaterials/Substrate/Glints2/dict_0006_0072" 10163
"../../../Engine/Content/EngineMaterials/Substrate/Glints2/dict_0006_0079.uasset" 10164
"/Engine/EngineMaterials/Substrate/Glints2/dict_0006_0071" 10165
"../../../Engine/Content/EngineMaterials/Substrate/Glints2/dict_0006_0096.uasset" 10166
"../../../Engine/Content/EngineMaterials/Substrate/Glints2/dict_0006_0088.uasset" 10167
"../../../Engine/Content/EngineMaterials/Substrate/Glints2/dict_0006_0085.uasset" 10168
"../../../Engine/Content/EngineMaterials/Substrate/Glints2/dict_0006_0064.uasset" 10169
"/Engine/EngineMaterials/Substrate/Glints2/dict_0006_0069" 10170
"../../../Engine/Content/EngineMaterials/Substrate/Glints2/dict_0006_0097.uasset" 10171
"/Engine/EngineMaterials/Substrate/Glints2/dict_0006_0068" 10172
"/Engine/EngineMaterials/Substrate/Glints2/dict_0006_0066" 10173
"/Engine/EngineMaterials/Substrate/Glints2/dict_0006_0065" 10174
"/Engine/EngineMaterials/Substrate/Glints2/dict_0006_0064" 10175
"/Engine/EngineMaterials/Substrate/Glints2/dict_0006_0088" 10176
"/Engine/EngineMaterials/Substrate/Glints2/dict_0006_0097" 10177
"../../../Engine/Content/EngineMaterials/Substrate/Glints2/dict_0006_0090.uasset" 10178
"../../../Engine/Content/EngineMaterials/Substrate/Glints2/dict_0006_0089.uasset" 10179
"../../../Engine/Content/EngineMaterials/Substrate/Glints2/dict_0006_0094.uasset" 10180
"/Engine/EngineMaterials/Substrate/Glints2/dict_0006_0096" 10181
"../../../Engine/Content/EngineMaterials/Substrate/Glints2/dict_0006_0091.uasset" 10182
"../../../Engine/Content/EngineMaterials/Substrate/Glints2/dict_0006_0104.uasset" 10183
"../../../Engine/Content/EngineMaterials/Substrate/Glints2/dict_0006_0093.uasset" 10184
"../../../Engine/Content/EngineMaterials/Substrate/Glints2/dict_0006_0108.uasset" 10185
"/Engine/EngineMaterials/Substrate/Glints2/dict_0006_0085" 10186
"../../../Engine/Content/EngineMaterials/Substrate/Glints2/dict_0006_0098.uasset" 10187
"../../../Engine/Content/EngineMaterials/Substrate/Glints2/dict_0006_0092.uasset" 10188
"../../../Engine/Content/EngineMaterials/Substrate/Glints2/dict_0006_0106.uasset" 10189
"/Engine/EngineMaterials/Substrate/Glints2/dict_0006_0084" 10190
"../../../Engine/Content/EngineMaterials/Substrate/Glints2/dict_0006_0095.uasset" 10191
"/Engine/EngineMaterials/Substrate/Glints2/dict_0006_0083" 10192
"/Engine/EngineMaterials/Substrate/Glints2/dict_0006_0082" 10193
"/Engine/EngineMaterials/Substrate/Glints2/dict_0006_0081" 10194
"/Engine/EngineMaterials/Substrate/Glints2/dict_0006_0080" 10195
"/Engine/EngineMaterials/Substrate/Glints2/dict_0006_0079" 10196
"/Engine/EngineMaterials/Substrate/Glints2/dict_0006_0078" 10197
"/Engine/EngineMaterials/Substrate/Glints2/dict_0006_0098" 10198
"../../../Engine/Content/EngineMaterials/Substrate/Glints2/dict_0006_0109.uasset" 10199
"/Engine/EngineMaterials/Substrate/Glints2/dict_0006_0108" 10200
"../../../Engine/Content/EngineMaterials/Substrate/Glints2/dict_0006_0102.uasset" 10201
"../../../Engine/Content/EngineMaterials/Substrate/Glints2/dict_0006_0105.uasset" 10202
"../../../Engine/Content/EngineMaterials/Substrate/Glints2/dict_0006_0099.uasset" 10203
"../../../Engine/Content/EngineMaterials/Substrate/Glints2/dict_0006_0107.uasset" 10204
"../../../Engine/Content/EngineMaterials/Substrate/Glints2/dict_0006_0103.uasset" 10205
"/Engine/EngineMaterials/Substrate/Glints2/dict_0006_0106" 10206
"../../../Engine/Content/EngineMaterials/Substrate/Glints2/dict_0006_0100.uasset" 10207
"/Engine/EngineMaterials/Substrate/Glints2/dict_0006_0095" 10208
"../../../Engine/Content/EngineMaterials/Substrate/Glints2/dict_0006_0101.uasset" 10209
"/Engine/EngineMaterials/Substrate/Glints2/dict_0006_0094" 10210
"/Engine/EngineMaterials/Substrate/Glints2/dict_0006_0104" 10211
"/Engine/EngineMaterials/Substrate/Glints2/dict_0006_0093" 10212
"/Engine/EngineMaterials/Substrate/Glints2/dict_0006_0092" 10213
"../../../Engine/Content/EngineMaterials/Substrate/Glints2/dict_0006_0110.uasset" 10214
"/Engine/EngineMaterials/Substrate/Glints2/dict_0006_0091" 10215
"/Engine/EngineMaterials/Substrate/Glints2/dict_0006_0090" 10216
"/Engine/EngineMaterials/Substrate/Glints2/dict_0006_0089" 10217
"/Engine/EngineMaterials/Substrate/Glints2/dict_0006_0110" 10218
"../../../Engine/Content/EngineMaterials/Substrate/Glints2/dict_0006_0117.uasset" 10219
"/Engine/EngineMaterials/Substrate/Glints2/dict_0006_0109" 10220
"../../../Engine/Content/EngineMaterials/Substrate/Glints2/dict_0006_0113.uasset" 10221
"../../../Engine/Content/EngineMaterials/Substrate/Glints2/dict_0006_0114.uasset" 10222
"../../../Engine/Content/EngineMaterials/Substrate/Glints2/dict_0006_0111.uasset" 10223
"../../../Engine/Content/EngineMaterials/Substrate/Glints2/dict_0006_0112.uasset" 10224
"/Engine/EngineMaterials/Substrate/Glints2/dict_0006_0107" 10225
"../../../Engine/Content/EngineMaterials/Substrate/Glints2/dict_0006_0120.uasset" 10226
"../../../Engine/Content/EngineMaterials/Substrate/Glints2/dict_0006_0121.uasset" 10227
"../../../Engine/Content/EngineMaterials/Substrate/Glints2/dict_0006_0115.uasset" 10228
"../../../Engine/Content/EngineMaterials/Substrate/Glints2/dict_0006_0125.uasset" 10229
"../../../Engine/Content/EngineMaterials/Substrate/Glints2/dict_0006_0119.uasset" 10230
"../../../Engine/Content/EngineMaterials/Substrate/Glints2/dict_0006_0128.uasset" 10231
"/Engine/EngineMaterials/Substrate/Glints2/dict_0006_0105" 10232
"../../../Engine/Content/EngineMaterials/Substrate/Glints2/dict_0006_0118.uasset" 10233
"../../../Engine/Content/EngineMaterials/Substrate/Glints2/dict_0006_0123.uasset" 10234
"/Engine/EngineMaterials/Substrate/Glints2/dict_0006_0103" 10235
"../../../Engine/Content/EngineMaterials/Substrate/Glints2/dict_0006_0122.uasset" 10236
"../../../Engine/Content/EngineMaterials/Substrate/Glints2/dict_0006_0131.uasset" 10237
"/Engine/EngineMaterials/Substrate/Glints2/dict_0006_0102" 10238
"/Engine/EngineMaterials/Substrate/Glints2/dict_0006_0101" 10239
"/Engine/EngineMaterials/Substrate/Glints2/dict_0006_0100" 10240
"/Engine/EngineMaterials/Substrate/Glints2/dict_0006_0099" 10241
"../../../Engine/Content/EngineMaterials/Substrate/Glints2/dict_0006_0116.uasset" 10242
"/Engine/EngineMaterials/Substrate/Glints2/dict_0006_0122" 10243
"/Engine/EngineMaterials/Substrate/Glints2/dict_0006_0121" 10244
"../../../Engine/Content/EngineMaterials/Substrate/Glints2/dict_0006_0126.uasset" 10245
"../../../Engine/Content/EngineMaterials/Substrate/Glints2/dict_0006_0124.uasset" 10246
"/Engine/EngineMaterials/Substrate/Glints2/dict_0006_0120" 10247
"../../../Engine/Content/EngineMaterials/Substrate/Glints2/dict_0006_0127.uasset" 10248
"../../../Engine/Content/EngineMaterials/Substrate/Glints2/dict_0006_0130.uasset" 10249
"/Engine/EngineMaterials/Substrate/Glints2/dict_0006_0119" 10250
"../../../Engine/Content/EngineMaterials/Substrate/Glints2/dict_0006_0129.uasset" 10251
"../../../Engine/Content/EngineMaterials/Substrate/Glints2/dict_0006_0132.uasset" 10252
"/Engine/EngineMaterials/Substrate/Glints2/dict_0006_0118" 10253
"../../../Engine/Content/EngineMaterials/Substrate/Glints2/dict_0006_0133.uasset" 10254
"/Engine/EngineMaterials/Substrate/Glints2/dict_0006_0131" 10255
"/Engine/EngineMaterials/Substrate/Glints2/dict_0006_0128" 10256
"/Engine/EngineMaterials/Substrate/Glints2/dict_0006_0117" 10257
"/Engine/EngineMaterials/Substrate/Glints2/dict_0006_0115" 10258
"/Engine/EngineMaterials/Substrate/Glints2/dict_0006_0125" 10259
"/Engine/EngineMaterials/Substrate/Glints2/dict_0006_0114" 10260
"/Engine/EngineMaterials/Substrate/Glints2/dict_0006_0113" 10261
"/Engine/EngineMaterials/Substrate/Glints2/dict_0006_0112" 10262
"/Engine/EngineMaterials/Substrate/Glints2/dict_0006_0123" 10263
"/Engine/EngineMaterials/Substrate/Glints2/dict_0006_0111" 10264
"/Engine/EngineMaterials/Substrate/Glints2/dict_0006_0133" 10265
"/Engine/EngineMaterials/Substrate/Glints2/dict_0006_0132" 10266
"/Engine/EngineMaterials/Substrate/Glints2/dict_0006_0130" 10267
"/Engine/EngineMaterials/Substrate/Glints2/dict_0006_0129" 10268
"/Engine/EngineMaterials/Substrate/Glints2/dict_0006_0127" 10269
"/Engine/EngineMaterials/Substrate/Glints2/dict_0006_0116" 10270
"/Engine/EngineMaterials/Substrate/Glints2/dict_0006_0126" 10271
"../../../Engine/Content/EngineMaterials/Substrate/Glints2/dict_0006_0149.uasset" 10272
"../../../Engine/Content/EngineMaterials/Substrate/Glints2/dict_0006_0148.uasset" 10273
"../../../Engine/Content/EngineMaterials/Substrate/Glints2/dict_0006_0134.uasset" 10274
"../../../Engine/Content/EngineMaterials/Substrate/Glints2/dict_0006_0138.uasset" 10275
"../../../Engine/Content/EngineMaterials/Substrate/Glints2/dict_0006_0137.uasset" 10276
"/Engine/EngineMaterials/Substrate/Glints2/dict_0006_0124" 10277
"../../../Engine/Content/EngineMaterials/Substrate/Glints2/dict_0006_0135.uasset" 10278
"/Engine/EngineMaterials/Substrate/Glints2/dict_0006_0138" 10279
"../../../Engine/Content/EngineMaterials/Substrate/Glints2/dict_0006_0154.uasset" 10280
"/Engine/EngineMaterials/Substrate/Glints2/dict_0006_0137" 10281
"../../../Engine/Content/EngineMaterials/Substrate/Glints2/dict_0006_0144.uasset" 10282
"/Engine/EngineMaterials/Substrate/Glints2/dict_0006_0149" 10283
"../../../Engine/Content/EngineMaterials/Substrate/Glints2/dict_0006_0145.uasset" 10284
"/Engine/EngineMaterials/Substrate/Glints2/dict_0006_0148" 10285
"../../../Engine/Content/EngineMaterials/Substrate/Glints2/dict_0006_0143.uasset" 10286
"../../../Engine/Content/EngineMaterials/Substrate/Glints2/dict_0006_0147.uasset" 10287
"/Engine/EngineMaterials/Substrate/Glints2/dict_0006_0134" 10288
"/Engine/EngineMaterials/Substrate/Glints2/dict_0006_0154" 10289
"/Engine/EngineMaterials/Substrate/Glints2/dict_0006_0135" 10290
"../../../Engine/Content/EngineMaterials/Substrate/Glints2/dict_0006_0159.uasset" 10291
"../../../Engine/Content/EngineMaterials/Substrate/Glints2/dict_0006_0151.uasset" 10292
"../../../Engine/Content/EngineMaterials/Substrate/Glints2/dict_0006_0160.uasset" 10293
"../../../Engine/Content/EngineMaterials/Substrate/Glints2/dict_0006_0150.uasset" 10294
"/Engine/EngineMaterials/Substrate/Glints2/dict_0006_0147" 10295
"/Engine/EngineMaterials/Substrate/Glints2/dict_0006_0145" 10296
"/Engine/EngineMaterials/Substrate/Glints2/dict_0006_0144" 10297
"../../../Engine/Content/EngineMaterials/Substrate/Glints2/dict_0006_0165.uasset" 10298
"../../../Engine/Content/EngineMaterials/Substrate/Glints2/dict_0006_0146.uasset" 10299
"/Engine/EngineMaterials/Substrate/Glints2/dict_0006_0143" 10300
"../../../Engine/Content/EngineMaterials/Substrate/Glints2/dict_0006_0156.uasset" 10301
"../../../Engine/Content/EngineMaterials/Substrate/Glints2/dict_0006_0158.uasset" 10302
"../../../Engine/Content/EngineMaterials/Substrate/Glints2/dict_0006_0153.uasset" 10303
"../../../Engine/Content/EngineMaterials/Substrate/Glints2/dict_0006_0155.uasset" 10304
"../../../Engine/Content/EngineMaterials/Substrate/Glints2/dict_0006_0157.uasset" 10305
"/Engine/EngineMaterials/Substrate/Glints2/dict_0006_0165" 10306
"../../../Engine/Content/EngineMaterials/Substrate/Glints2/dict_0006_0152.uasset" 10307
"/Engine/EngineMaterials/Substrate/Glints2/dict_0006_0156" 10308
"/Engine/EngineMaterials/Substrate/Glints2/dict_0006_0155" 10309
"/Engine/EngineMaterials/Substrate/Glints2/dict_0006_0153" 10310
"../../../Engine/Content/EngineMaterials/Substrate/Glints2/dict_0006_0163.uasset" 10311
"../../../Engine/Content/EngineMaterials/Substrate/Glints2/dict_0006_0161.uasset" 10312
"/Engine/EngineMaterials/Substrate/Glints2/dict_0006_0151" 10313
"/Engine/EngineMaterials/Substrate/Glints2/dict_0006_0150" 10314
"/Engine/EngineMaterials/Substrate/Glints2/dict_0006_0160" 10315
"/Engine/EngineMaterials/Substrate/Glints2/dict_0006_0159" 10316
"/Engine/EngineMaterials/Substrate/Glints2/dict_0006_0146" 10317
"/Engine/EngineMaterials/Substrate/Glints2/dict_0006_0158" 10318
"/Engine/EngineMaterials/Substrate/Glints2/dict_0006_0157" 10319
"../../../Engine/Content/EngineMaterials/Substrate/Glints2/dict_0006_0162.uasset" 10320
"../../../Engine/Content/EngineMaterials/Substrate/Glints2/dict_0006_0166.uasset" 10321
"/Engine/EngineMaterials/Substrate/Glints2/dict_0006_0152" 10322
"../../../Engine/Content/EngineMaterials/Substrate/Glints2/dict_0006_0169.uasset" 10323
"../../../Engine/Content/EngineMaterials/Substrate/Glints2/dict_0006_0168.uasset" 10324
"/Engine/EngineMaterials/Substrate/Glints2/dict_0006_0163" 10325
"../../../Engine/Content/EngineMaterials/Substrate/Glints2/dict_0006_0164.uasset" 10326
"/Engine/EngineMaterials/Substrate/Glints2/dict_0006_0161" 10327
"../../../Engine/Content/EngineMaterials/Substrate/Glints2/dict_0006_0167.uasset" 10328
"../../../Engine/Content/EngineMaterials/Substrate/Glints2/dict_0006_0140.uasset" 10329
"../../../Engine/Content/EngineMaterials/Substrate/Glints2/dict_0006_0170.uasset" 10330
"../../../Engine/Content/EngineMaterials/Substrate/Glints2/dict_0006_0172.uasset" 10331
"/Engine/EngineMaterials/Substrate/Glints2/dict_0006_0164" 10332
"../../../Engine/Content/EngineMaterials/Substrate/Glints2/dict_0006_0171.uasset" 10333
"/Engine/EngineMaterials/Substrate/Glints2/dict_0006_0140" 10334
"../../../Engine/Content/EngineMaterials/Substrate/Glints2/dict_0006_0182.uasset" 10335
"/Engine/EngineMaterials/Substrate/Glints2/dict_0006_0162" 10336
"/Engine/EngineMaterials/Substrate/Glints2/dict_0006_0170" 10337
"../../../Engine/Content/EngineMaterials/Substrate/Glints2/dict_0006_0174.uasset" 10338
"../../../Engine/Content/EngineMaterials/Substrate/Glints2/dict_0006_0141.uasset" 10339
"../../../Engine/Content/EngineMaterials/Substrate/Glints2/dict_0006_0139.uasset" 10340
"/Engine/EngineMaterials/Substrate/Glints2/dict_0006_0169" 10341
"../../../Engine/Content/EngineMaterials/Substrate/Glints2/dict_0006_0136.uasset" 10342
"/Engine/EngineMaterials/Substrate/Glints2/dict_0006_0168" 10343
"/Engine/EngineMaterials/Substrate/Glints2/dict_0006_0167" 10344
"../../../Engine/Content/EngineMaterials/Substrate/Glints2/dict_0006_0173.uasset" 10345
"../../../Engine/Content/EngineMaterials/Substrate/Glints2/dict_0006_0188.uasset" 10346
"/Engine/EngineMaterials/Substrate/Glints2/dict_0006_0166" 10347
"/Engine/EngineMaterials/Substrate/Glints2/dict_0006_0141" 10348
"../../../Engine/Content/EngineMaterials/Substrate/Glints2/dict_0006_0142.uasset" 10349
"../../../Engine/Content/EngineMaterials/Substrate/Glints2/dict_0006_0189.uasset" 10350
"/Engine/EngineMaterials/Substrate/Glints2/dict_0006_0188" 10351
"/Engine/EngineMaterials/Substrate/Glints2/dict_0006_0139" 10352
"../../../Engine/Content/EngineMaterials/Substrate/Glints2/dict_0006_0178.uasset" 10353
"../../../Engine/Content/EngineMaterials/Substrate/Glints2/dict_0006_0191.uasset" 10354
"/Engine/EngineMaterials/Substrate/Glints2/dict_0006_0182" 10355
"../../../Engine/Content/EngineMaterials/Substrate/Glints2/dict_0006_0176.uasset" 10356
"../../../Engine/Content/EngineMaterials/Substrate/Glints2/dict_0006_0181.uasset" 10357
"/Engine/EngineMaterials/Substrate/Glints2/dict_0006_0136" 10358
"../../../Engine/Content/EngineMaterials/Substrate/Glints2/dict_0006_0175.uasset" 10359
"../../../Engine/Content/EngineMaterials/Substrate/Glints2/dict_0006_0177.uasset" 10360
"../../../Engine/Content/EngineMaterials/Substrate/Glints2/dict_0006_0180.uasset" 10361
"../../../Engine/Content/EngineMaterials/Substrate/Glints2/dict_0006_0179.uasset" 10362
"/Engine/EngineMaterials/Substrate/Glints2/dict_0006_0174" 10363
"/Engine/EngineMaterials/Substrate/Glints2/dict_0006_0173" 10364
"../../../Engine/Content/EngineMaterials/Substrate/Glints2/dict_0006_0184.uasset" 10365
"/Engine/EngineMaterials/Substrate/Glints2/dict_0006_0172" 10366
"../../../Engine/Content/EngineMaterials/Substrate/Glints2/dict_0006_0183.uasset" 10367
"/Engine/EngineMaterials/Substrate/Glints2/dict_0006_0171" 10368
"/Engine/EngineMaterials/Substrate/Glints2/dict_0006_0142" 10369
"/Engine/EngineMaterials/Substrate/Glints2/dict_0006_0184" 10370
"/Engine/EngineMaterials/Substrate/Glints2/dict_0006_0176" 10371
"/Engine/EngineMaterials/Substrate/Glints2/dict_0006_0183" 10372
"../../../Engine/Content/EngineMaterials/Substrate/Glints2/dict_0006_0186.uasset" 10373
"../../../Engine/Content/EngineMaterials/Substrate/Glints2/dict_0006_0190.uasset" 10374
"/Engine/EngineMaterials/Substrate/Glints2/dict_0006_0189" 10375
"/Engine/EngineMaterials/Substrate/Glints2/dict_0006_0181" 10376
"../../../Engine/Content/EngineMaterials/Substrate/Glints2/dict_0006_0194.uasset" 10377
"/Engine/EngineMaterials/Substrate/Glints2/dict_0006_0180" 10378
"../../../Engine/Content/EngineMaterials/Substrate/Glints2/dict_0006_0195.uasset" 10379
"../../../Engine/Content/EngineMaterials/Substrate/Glints2/dict_0006_0193.uasset" 10380
"../../../Engine/Content/EngineMaterials/Substrate/Glints2/dict_0006_0196.uasset" 10381
"/Engine/EngineMaterials/Substrate/Glints2/dict_0006_0179" 10382
"../../../Engine/Content/EngineMaterials/Substrate/Glints2/dict_0006_0198.uasset" 10383
"../../../Engine/Content/EngineMaterials/Substrate/Glints2/dict_0006_0202.uasset" 10384
"../../../Engine/Content/EngineMaterials/Substrate/Glints2/dict_0006_0203.uasset" 10385
"/Engine/EngineMaterials/Substrate/Glints2/dict_0006_0175" 10386
"/Engine/EngineMaterials/Substrate/Glints2/dict_0006_0178" 10387
"../../../Engine/Content/EngineMaterials/Substrate/Glints2/dict_0006_0185.uasset" 10388
"/Engine/EngineMaterials/Substrate/Glints2/dict_0006_0177" 10389
"/Engine/EngineMaterials/Substrate/Glints2/dict_0006_0191" 10390
"../../../Engine/Content/EngineMaterials/Substrate/Glints2/dict_0006_0197.uasset" 10391
"/Engine/EngineMaterials/Substrate/Glints2/dict_0006_0190" 10392
"/Engine/EngineMaterials/Substrate/Glints2/dict_0006_0186" 10393
"/Engine/EngineMaterials/Substrate/Glints2/dict_0006_0185" 10394
"/Engine/EngineMaterials/Substrate/Glints2/dict_0006_0198" 10395
"/Engine/EngineMaterials/Substrate/Glints2/dict_0006_0197" 10396
"/Engine/EngineMaterials/Substrate/Glints2/dict_0006_0196" 10397
"/Engine/EngineMaterials/Substrate/Glints2/dict_0006_0195" 10398
"../../../Engine/Content/EngineMaterials/Substrate/Glints2/dict_0006_0212.uasset" 10399
"/Engine/EngineMaterials/Substrate/Glints2/dict_0006_0194" 10400
"../../../Engine/Content/EngineMaterials/Substrate/Glints2/dict_0006_0205.uasset" 10401
"../../../Engine/Content/EngineMaterials/Substrate/Glints2/dict_0006_0207.uasset" 10402
"../../../Engine/Content/EngineMaterials/Substrate/Glints2/dict_0006_0199.uasset" 10403
"../../../Engine/Content/EngineMaterials/Substrate/Glints2/dict_0006_0204.uasset" 10404
"../../../Engine/Content/EngineMaterials/Substrate/Glints2/dict_0006_0201.uasset" 10405
"../../../Engine/Content/EngineMaterials/Substrate/Glints2/dict_0006_0206.uasset" 10406
"/Engine/EngineMaterials/Substrate/Glints2/dict_0006_0203" 10407
"/Engine/EngineMaterials/Substrate/Glints2/dict_0006_0193" 10408
"/Engine/EngineMaterials/Substrate/Glints2/dict_0006_0202" 10409
"/Engine/EngineMaterials/Substrate/Glints2/dict_0006_0207" 10410
"/Engine/EngineMaterials/Substrate/Glints2/dict_0006_0206" 10411
"/Engine/EngineMaterials/Substrate/Glints2/dict_0006_0205" 10412
"../../../Engine/Content/EngineMaterials/Substrate/Glints2/dict_0006_0209.uasset" 10413
"../../../Engine/Content/EngineMaterials/Substrate/Glints2/dict_0006_0213.uasset" 10414
"/Engine/EngineMaterials/Substrate/Glints2/dict_0006_0204" 10415
"../../../Engine/Content/EngineMaterials/Substrate/Glints2/dict_0006_0210.uasset" 10416
"../../../Engine/Content/EngineMaterials/Substrate/Glints2/dict_0006_0208.uasset" 10417
"/Engine/EngineMaterials/Substrate/Glints2/dict_0006_0212" 10418
"../../../Engine/Content/EngineMaterials/Substrate/Glints2/dict_0006_0211.uasset" 10419
"../../../Engine/Content/EngineMaterials/Substrate/Glints2/dict_0006_0200.uasset" 10420
"/Engine/EngineMaterials/Substrate/Glints2/dict_0006_0201" 10421
"../../../Engine/Content/EngineMaterials/Substrate/Glints2/dict_0006_0192.uasset" 10422
"/Engine/EngineMaterials/Substrate/Glints2/dict_0006_0213" 10423
"/Engine/EngineMaterials/Substrate/Glints2/dict_0006_0211" 10424
"/Engine/EngineMaterials/Substrate/Glints2/dict_0006_0192" 10425
"../../../Engine/Content/EngineMaterials/Substrate/Glints2/dict_0006_0216.uasset" 10426
"/Engine/EngineMaterials/Substrate/Glints2/dict_0006_0210" 10427
"../../../Engine/Content/EngineMaterials/Substrate/Glints2/dict_0006_0214.uasset" 10428
"../../../Engine/Content/EngineMaterials/Substrate/Glints2/dict_0006_0218.uasset" 10429
"../../../Engine/Content/EngineMaterials/Substrate/Glints2/dict_0006_0219.uasset" 10430
"/Engine/EngineMaterials/Substrate/Glints2/dict_0006_0209" 10431
"../../../Engine/Content/EngineMaterials/Substrate/Glints2/dict_0006_0217.uasset" 10432
"../../../Engine/Content/EngineMaterials/Substrate/Glints2/dict_0006_0215.uasset" 10433
"/Engine/EngineMaterials/Substrate/Glints2/dict_0006_0200" 10434
"/Engine/EngineMaterials/Substrate/Glints2/dict_0006_0199" 10435
"/Engine/EngineMaterials/Substrate/Glints2/dict_0006_0208" 10436
"/Engine/EngineMaterials/Substrate/Glints2/dict_0006_0219" 10437
"/Engine/EngineMaterials/Substrate/Glints2/dict_0006_0218" 10438
"/Engine/EngineMaterials/Substrate/Glints2/dict_0006_0217" 10439
"../../../Engine/Content/EngineMaterials/Substrate/Glints2/dict_0006_0221.uasset" 10440
"../../../Engine/Content/EngineMaterials/Substrate/Glints2/dict_0006_0224.uasset" 10441
"/Engine/EngineMaterials/Substrate/Glints2/dict_0006_0216" 10442
"../../../Engine/Content/EngineMaterials/Substrate/Glints2/dict_0006_0222.uasset" 10443
"/Engine/EngineMaterials/Substrate/Glints2/dict_0006_0215" 10444
"../../../Engine/Content/EngineMaterials/Substrate/Glints2/dict_0006_0223.uasset" 10445
"../../../Engine/Content/EngineMaterials/Substrate/Glints2/dict_0006_0227.uasset" 10446
"../../../Engine/Content/EngineMaterials/Substrate/Glints2/dict_0006_0220.uasset" 10447
"/Engine/EngineMaterials/Substrate/Glints2/dict_0006_0214" 10448
"/Engine/EngineMaterials/Substrate/Glints2/dict_0006_0227" 10449
"/Engine/EngineMaterials/Substrate/Glints2/dict_0006_0224" 10450
"/Engine/EngineMaterials/Substrate/Glints2/dict_0006_0223" 10451
"/Engine/EngineMaterials/Substrate/Glints2/dict_0006_0222" 10452
"/Engine/EngineMaterials/Substrate/Glints2/dict_0006_0221" 10453
"../../../Engine/Content/EngineMaterials/Substrate/Glints2/dict_0006_0229.uasset" 10454
"../../../Engine/Content/EngineMaterials/Substrate/Glints2/dict_0006_0230.uasset" 10455
"/Engine/EngineMaterials/Substrate/Glints2/dict_0006_0220" 10456
"../../../Engine/Content/EngineMaterials/Substrate/Glints2/dict_0006_0234.uasset" 10457
"../../../Engine/Content/EngineMaterials/Substrate/Glints2/dict_0006_0233.uasset" 10458
"../../../Engine/Content/EngineMaterials/Substrate/Glints2/dict_0006_0231.uasset" 10459
"/Engine/EngineMaterials/Substrate/Glints2/dict_0006_0230" 10460
"/Engine/EngineMaterials/Substrate/Glints2/dict_0006_0229" 10461
"/Engine/EngineMaterials/Substrate/Glints2/dict_0006_0234" 10462
"../../../Engine/Content/EngineMaterials/Substrate/Glints2/dict_0006_0243.uasset" 10463
"/Engine/EngineMaterials/Substrate/Glints2/dict_0006_0233" 10464
"../../../Engine/Content/EngineMaterials/Substrate/Glints2/dict_0006_0236.uasset" 10465
"/Engine/EngineMaterials/Substrate/Glints2/dict_0006_0231" 10466
"/Engine/EngineMaterials/Substrate/Glints2/dict_0006_0236" 10467
"../../../Engine/Content/EngineMaterials/Substrate/Glints2/dict_0006_0237.uasset" 10468
"/Engine/EngineMaterials/Substrate/Glints2/dict_0006_0243" 10469
"../../../Engine/Content/EngineMaterials/Substrate/Glints2/dict_0006_0235.uasset" 10470
"../../../Engine/Content/EngineMaterials/Substrate/Glints2/dict_0006_0239.uasset" 10471
"../../../Engine/Content/EngineMaterials/Substrate/Glints2/dict_0006_0238.uasset" 10472
"../../../Engine/Content/EngineMaterials/Substrate/Glints2/dict_0006_0187.uasset" 10473
"/Engine/EngineMaterials/Substrate/Glints2/dict_0006_0235" 10474
"../../../Engine/Content/EngineMaterials/Substrate/Glints2/dict_0006_0240.uasset" 10475
"/Engine/EngineMaterials/Substrate/Glints2/dict_0006_0237" 10476
"/Engine/EngineMaterials/Substrate/Glints2/dict_0006_0187" 10477
"../../../Engine/Content/EngineMaterials/Substrate/Glints2/dict_0006_0250.uasset" 10478
"../../../Engine/Content/EngineMaterials/Substrate/Glints2/dict_0006_0251.uasset" 10479
"../../../Engine/Content/EngineMaterials/Substrate/Glints2/dict_0006_0241.uasset" 10480
"/Engine/EngineMaterials/Substrate/Glints2/dict_0006_0240" 10481
"../../../Engine/Content/EngineMaterials/Substrate/Glints2/dict_0006_0253.uasset" 10482
"../../../Engine/Content/EngineMaterials/Substrate/Glints2/dict_0006_0244.uasset" 10483
"../../../Engine/Content/EngineMaterials/Substrate/Glints2/dict_0006_0242.uasset" 10484
"/Engine/EngineMaterials/Substrate/Glints2/dict_0006_0239" 10485
"/Engine/EngineMaterials/Substrate/Glints2/dict_0006_0238" 10486
"/Engine/EngineMaterials/Substrate/Glints2/dict_0006_0250" 10487
"/Engine/EngineMaterials/Substrate/Glints2/dict_0006_0244" 10488
"/Engine/EngineMaterials/Substrate/Glints2/dict_0006_0253" 10489
"/Engine/EngineMaterials/Substrate/Glints2/dict_0006_0242" 10490
"/Engine/EngineMaterials/Substrate/Glints2/dict_0006_0251" 10491
"/Engine/EngineMaterials/Substrate/Glints2/dict_0006_0241" 10492
"../../../Engine/Content/EngineMaterials/Substrate/Glints2/dict_0006_0246.uasset" 10493
"../../../Engine/Content/EngineMaterials/Substrate/Glints2/dict_0006_0247.uasset" 10494
"../../../Engine/Content/EngineMaterials/Substrate/Glints2/dict_0006_0248.uasset" 10495
"../../../Engine/Content/EngineMaterials/Substrate/Glints2/dict_0006_0249.uasset" 10496
"../../../Engine/Content/EngineMaterials/Substrate/Glints2/dict_0006_0252.uasset" 10497
"../../../Engine/Content/EngineMaterials/Substrate/Glints2/dict_0007_0002.uasset" 10498
"../../../Engine/Content/EngineMaterials/Substrate/Glints2/dict_0007_0001.uasset" 10499
"../../../Engine/Content/EngineMaterials/Substrate/Glints2/dict_0006_0254.uasset" 10500
"../../../Engine/Content/EngineMaterials/Substrate/Glints2/dict_0006_0245.uasset" 10501
"../../../Engine/Content/EngineMaterials/Substrate/Glints2/dict_0006_0255.uasset" 10502
"../../../Engine/Content/EngineMaterials/Substrate/Glints2/dict_0007_0007.uasset" 10503
"../../../Engine/Content/EngineMaterials/Substrate/Glints2/dict_0007_0009.uasset" 10504
"../../../Engine/Content/EngineMaterials/Substrate/Glints2/dict_0007_0003.uasset" 10505
"../../../Engine/Content/EngineMaterials/Substrate/Glints2/dict_0007_0000.uasset" 10506
"../../../Engine/Content/EngineMaterials/Substrate/Glints2/dict_0007_0011.uasset" 10507
"../../../Engine/Content/EngineMaterials/Substrate/Glints2/dict_0006_0226.uasset" 10508
"../../../Engine/Content/EngineMaterials/Substrate/Glints2/dict_0007_0014.uasset" 10509
"../../../Engine/Content/EngineMaterials/Substrate/Glints2/dict_0007_0006.uasset" 10510
"../../../Engine/Content/EngineMaterials/Substrate/Glints2/dict_0007_0005.uasset" 10511
"../../../Engine/Content/EngineMaterials/Substrate/Glints2/dict_0007_0008.uasset" 10512
"../../../Engine/Content/EngineMaterials/Substrate/Glints2/dict_0007_0018.uasset" 10513
"../../../Engine/Content/EngineMaterials/Substrate/Glints2/dict_0006_0228.uasset" 10514
"../../../Engine/Content/EngineMaterials/Substrate/Glints2/dict_0007_0010.uasset" 10515
"../../../Engine/Content/EngineMaterials/Substrate/Glints2/dict_0007_0013.uasset" 10516
"../../../Engine/Content/EngineMaterials/Substrate/Glints2/dict_0007_0015.uasset" 10517
"../../../Engine/Content/EngineMaterials/Substrate/Glints2/dict_0006_0225.uasset" 10518
"../../../Engine/Content/EngineMaterials/Substrate/Glints2/dict_0007_0004.uasset" 10519
"../../../Engine/Content/EngineMaterials/Substrate/Glints2/dict_0007_0016.uasset" 10520
"../../../Engine/Content/EngineMaterials/Substrate/Glints2/dict_0007_0017.uasset" 10521
"../../../Engine/Content/EngineMaterials/Substrate/Glints2/dict_0006_0232.uasset" 10522
"../../../Engine/Content/EngineMaterials/Substrate/Glints2/dict_0007_0012.uasset" 10523
"../../../Engine/Content/EngineMaterials/Substrate/Glints2/dict_0007_0019.uasset" 10524
"/Engine/EngineMaterials/Substrate/Glints2/dict_0007_0005" 10525
"/Engine/EngineMaterials/Substrate/Glints2/dict_0007_0004" 10526
"/Engine/EngineMaterials/Substrate/Glints2/dict_0006_0228" 10527
"/Engine/EngineMaterials/Substrate/Glints2/dict_0007_0019" 10528
"/Engine/EngineMaterials/Substrate/Glints2/dict_0006_0249" 10529
"/Engine/EngineMaterials/Substrate/Glints2/dict_0006_0248" 10530
"/Engine/EngineMaterials/Substrate/Glints2/dict_0007_0007" 10531
"/Engine/EngineMaterials/Substrate/Glints2/dict_0007_0000" 10532
"/Engine/EngineMaterials/Substrate/Glints2/dict_0006_0226" 10533
"/Engine/EngineMaterials/Substrate/Glints2/dict_0006_0247" 10534
"/Engine/EngineMaterials/Substrate/Glints2/dict_0006_0246" 10535
"/Engine/EngineMaterials/Substrate/Glints2/dict_0007_0009" 10536
"/Engine/EngineMaterials/Substrate/Glints2/dict_0007_0003" 10537
"/Engine/EngineMaterials/Substrate/Glints2/dict_0006_0225" 10538
"/Engine/EngineMaterials/Substrate/Glints2/dict_0007_0002" 10539
"/Engine/EngineMaterials/Substrate/Glints2/dict_0006_0245" 10540
"/Engine/EngineMaterials/Substrate/Glints2/dict_0006_0255" 10541
"/Engine/EngineMaterials/Substrate/Glints2/dict_0007_0013" 10542
"/Engine/EngineMaterials/Substrate/Glints2/dict_0006_0254" 10543
"/Engine/EngineMaterials/Substrate/Glints2/dict_0007_0018" 10544
"/Engine/EngineMaterials/Substrate/Glints2/dict_0007_0017" 10545
"/Engine/EngineMaterials/Substrate/Glints2/dict_0006_0232" 10546
"/Engine/EngineMaterials/Substrate/Glints2/dict_0007_0006" 10547
"/Engine/EngineMaterials/Substrate/Glints2/dict_0006_0252" 10548
"/Engine/EngineMaterials/Substrate/Glints2/dict_0007_0016" 10549
"/Engine/EngineMaterials/Substrate/Glints2/dict_0007_0015" 10550
"/Engine/EngineMaterials/Substrate/Glints2/dict_0007_0014" 10551
"/Engine/EngineMaterials/Substrate/Glints2/dict_0007_0012" 10552
"/Engine/EngineMaterials/Substrate/Glints2/dict_0007_0001" 10553
"/Engine/EngineMaterials/Substrate/Glints2/dict_0007_0011" 10554
"/Engine/EngineMaterials/Substrate/Glints2/dict_0007_0010" 10555
"/Engine/EngineMaterials/Substrate/Glints2/dict_0007_0008" 10556
"../../../Engine/Content/EngineMaterials/Substrate/Glints2/dict_0007_0033.uasset" 10557
"../../../Engine/Content/EngineMaterials/Substrate/Glints2/dict_0007_0032.uasset" 10558
"../../../Engine/Content/EngineMaterials/Substrate/Glints2/dict_0007_0024.uasset" 10559
"../../../Engine/Content/EngineMaterials/Substrate/Glints2/dict_0007_0028.uasset" 10560
"../../../Engine/Content/EngineMaterials/Substrate/Glints2/dict_0007_0026.uasset" 10561
"../../../Engine/Content/EngineMaterials/Substrate/Glints2/dict_0007_0030.uasset" 10562
"../../../Engine/Content/EngineMaterials/Substrate/Glints2/dict_0007_0022.uasset" 10563
"../../../Engine/Content/EngineMaterials/Substrate/Glints2/dict_0007_0036.uasset" 10564
"../../../Engine/Content/EngineMaterials/Substrate/Glints2/dict_0007_0025.uasset" 10565
"../../../Engine/Content/EngineMaterials/Substrate/Glints2/dict_0007_0027.uasset" 10566
"../../../Engine/Content/EngineMaterials/Substrate/Glints2/dict_0007_0031.uasset" 10567
"../../../Engine/Content/EngineMaterials/Substrate/Glints2/dict_0007_0029.uasset" 10568
"../../../Engine/Content/EngineMaterials/Substrate/Glints2/dict_0007_0035.uasset" 10569
"../../../Engine/Content/EngineMaterials/Substrate/Glints2/dict_0007_0020.uasset" 10570
"../../../Engine/Content/EngineMaterials/Substrate/Glints2/dict_0007_0034.uasset" 10571
"../../../Engine/Content/EngineMaterials/Substrate/Glints2/dict_0007_0039.uasset" 10572
"../../../Engine/Content/EngineMaterials/Substrate/Glints2/dict_0007_0040.uasset" 10573
"../../../Engine/Content/EngineMaterials/Substrate/Glints2/dict_0007_0037.uasset" 10574
"../../../Engine/Content/EngineMaterials/Substrate/Glints2/dict_0007_0038.uasset" 10575
"../../../Engine/Content/EngineMaterials/Substrate/Glints2/dict_0007_0021.uasset" 10576
"../../../Engine/Content/EngineMaterials/Substrate/Glints2/dict_0007_0045.uasset" 10577
"../../../Engine/Content/EngineMaterials/Substrate/Glints2/dict_0007_0049.uasset" 10578
"../../../Engine/Content/EngineMaterials/Substrate/Glints2/dict_0007_0023.uasset" 10579
"../../../Engine/Content/EngineMaterials/Substrate/Glints2/dict_0007_0041.uasset" 10580
"../../../Engine/Content/EngineMaterials/Substrate/Glints2/dict_0007_0048.uasset" 10581
"../../../Engine/Content/EngineMaterials/Substrate/Glints2/dict_0007_0043.uasset" 10582
"../../../Engine/Content/EngineMaterials/Substrate/Glints2/dict_0007_0051.uasset" 10583
"../../../Engine/Content/EngineMaterials/Substrate/Glints2/dict_0007_0042.uasset" 10584
"../../../Engine/Content/EngineMaterials/Substrate/Glints2/dict_0007_0044.uasset" 10585
"../../../Engine/Content/EngineMaterials/Substrate/Glints2/dict_0007_0047.uasset" 10586
"../../../Engine/Content/EngineMaterials/Substrate/Glints2/dict_0007_0046.uasset" 10587
"../../../Engine/Content/EngineMaterials/Substrate/Glints2/dict_0007_0050.uasset" 10588
"/Engine/EngineMaterials/Substrate/Glints2/dict_0007_0051" 10589
"/Engine/EngineMaterials/Substrate/Glints2/dict_0007_0050" 10590
"/Engine/EngineMaterials/Substrate/Glints2/dict_0007_0049" 10591
"/Engine/EngineMaterials/Substrate/Glints2/dict_0007_0048" 10592
"/Engine/EngineMaterials/Substrate/Glints2/dict_0007_0047" 10593
"/Engine/EngineMaterials/Substrate/Glints2/dict_0007_0046" 10594
"/Engine/EngineMaterials/Substrate/Glints2/dict_0007_0045" 10595
"/Engine/EngineMaterials/Substrate/Glints2/dict_0007_0044" 10596
"/Engine/EngineMaterials/Substrate/Glints2/dict_0007_0043" 10597
"/Engine/EngineMaterials/Substrate/Glints2/dict_0007_0042" 10598
"/Engine/EngineMaterials/Substrate/Glints2/dict_0007_0041" 10599
"/Engine/EngineMaterials/Substrate/Glints2/dict_0007_0040" 10600
"/Engine/EngineMaterials/Substrate/Glints2/dict_0007_0039" 10601
"/Engine/EngineMaterials/Substrate/Glints2/dict_0007_0038" 10602
"/Engine/EngineMaterials/Substrate/Glints2/dict_0007_0037" 10603
"/Engine/EngineMaterials/Substrate/Glints2/dict_0007_0036" 10604
"/Engine/EngineMaterials/Substrate/Glints2/dict_0007_0035" 10605
"/Engine/EngineMaterials/Substrate/Glints2/dict_0007_0034" 10606
"/Engine/EngineMaterials/Substrate/Glints2/dict_0007_0033" 10607
"/Engine/EngineMaterials/Substrate/Glints2/dict_0007_0032" 10608
"/Engine/EngineMaterials/Substrate/Glints2/dict_0007_0031" 10609
"/Engine/EngineMaterials/Substrate/Glints2/dict_0007_0030" 10610
"/Engine/EngineMaterials/Substrate/Glints2/dict_0007_0029" 10611
"/Engine/EngineMaterials/Substrate/Glints2/dict_0007_0028" 10612
"/Engine/EngineMaterials/Substrate/Glints2/dict_0007_0027" 10613
"/Engine/EngineMaterials/Substrate/Glints2/dict_0007_0026" 10614
"/Engine/EngineMaterials/Substrate/Glints2/dict_0007_0025" 10615
"/Engine/EngineMaterials/Substrate/Glints2/dict_0007_0024" 10616
"/Engine/EngineMaterials/Substrate/Glints2/dict_0007_0023" 10617
"/Engine/EngineMaterials/Substrate/Glints2/dict_0007_0022" 10618
"/Engine/EngineMaterials/Substrate/Glints2/dict_0007_0021" 10619
"/Engine/EngineMaterials/Substrate/Glints2/dict_0007_0020" 10620
"../../../Engine/Content/EngineMaterials/Substrate/Glints2/dict_0007_0053.uasset" 10621
"../../../Engine/Content/EngineMaterials/Substrate/Glints2/dict_0007_0056.uasset" 10622
"../../../Engine/Content/EngineMaterials/Substrate/Glints2/dict_0007_0058.uasset" 10623
"../../../Engine/Content/EngineMaterials/Substrate/Glints2/dict_0007_0067.uasset" 10624
"../../../Engine/Content/EngineMaterials/Substrate/Glints2/dict_0007_0052.uasset" 10625
"../../../Engine/Content/EngineMaterials/Substrate/Glints2/dict_0007_0066.uasset" 10626
"../../../Engine/Content/EngineMaterials/Substrate/Glints2/dict_0007_0064.uasset" 10627
"../../../Engine/Content/EngineMaterials/Substrate/Glints2/dict_0007_0059.uasset" 10628
"../../../Engine/Content/EngineMaterials/Substrate/Glints2/dict_0007_0057.uasset" 10629
"../../../Engine/Content/EngineMaterials/Substrate/Glints2/dict_0007_0062.uasset" 10630
"../../../Engine/Content/EngineMaterials/Substrate/Glints2/dict_0007_0060.uasset" 10631
"../../../Engine/Content/EngineMaterials/Substrate/Glints2/dict_0007_0055.uasset" 10632
"../../../Engine/Content/EngineMaterials/Substrate/Glints2/dict_0007_0075.uasset" 10633
"../../../Engine/Content/EngineMaterials/Substrate/Glints2/dict_0007_0073.uasset" 10634
"../../../Engine/Content/EngineMaterials/Substrate/Glints2/dict_0007_0054.uasset" 10635
"../../../Engine/Content/EngineMaterials/Substrate/Glints2/dict_0007_0065.uasset" 10636
"../../../Engine/Content/EngineMaterials/Substrate/Glints2/dict_0007_0063.uasset" 10637
"../../../Engine/Content/EngineMaterials/Substrate/Glints2/dict_0007_0069.uasset" 10638
"../../../Engine/Content/EngineMaterials/Substrate/Glints2/dict_0007_0068.uasset" 10639
"../../../Engine/Content/EngineMaterials/Substrate/Glints2/dict_0007_0079.uasset" 10640
"../../../Engine/Content/EngineMaterials/Substrate/Glints2/dict_0007_0072.uasset" 10641
"../../../Engine/Content/EngineMaterials/Substrate/Glints2/dict_0007_0061.uasset" 10642
"../../../Engine/Content/EngineMaterials/Substrate/Glints2/dict_0007_0070.uasset" 10643
"../../../Engine/Content/EngineMaterials/Substrate/Glints2/dict_0007_0071.uasset" 10644
"/Engine/EngineMaterials/Substrate/Glints2/dict_0007_0079" 10645
"../../../Engine/Content/EngineMaterials/Substrate/Glints2/dict_0007_0074.uasset" 10646
"../../../Engine/Content/EngineMaterials/Substrate/Glints2/dict_0007_0080.uasset" 10647
"../../../Engine/Content/EngineMaterials/Substrate/Glints2/dict_0007_0081.uasset" 10648
"../../../Engine/Content/EngineMaterials/Substrate/Glints2/dict_0007_0076.uasset" 10649
"../../../Engine/Content/EngineMaterials/Substrate/Glints2/dict_0007_0082.uasset" 10650
"../../../Engine/Content/EngineMaterials/Substrate/Glints2/dict_0007_0078.uasset" 10651
"../../../Engine/Content/EngineMaterials/Substrate/Glints2/dict_0007_0077.uasset" 10652
"/Engine/EngineMaterials/Substrate/Glints2/dict_0007_0075" 10653
"/Engine/EngineMaterials/Substrate/Glints2/dict_0007_0073" 10654
"/Engine/EngineMaterials/Substrate/Glints2/dict_0007_0072" 10655
"../../../Engine/Content/EngineMaterials/Substrate/Glints2/dict_0007_0083.uasset" 10656
"/Engine/EngineMaterials/Substrate/Glints2/dict_0007_0071" 10657
"/Engine/EngineMaterials/Substrate/Glints2/dict_0007_0070" 10658
"/Engine/EngineMaterials/Substrate/Glints2/dict_0007_0069" 10659
"/Engine/EngineMaterials/Substrate/Glints2/dict_0007_0068" 10660
"/Engine/EngineMaterials/Substrate/Glints2/dict_0007_0067" 10661
"/Engine/EngineMaterials/Substrate/Glints2/dict_0007_0066" 10662
"/Engine/EngineMaterials/Substrate/Glints2/dict_0007_0065" 10663
"/Engine/EngineMaterials/Substrate/Glints2/dict_0007_0064" 10664
"/Engine/EngineMaterials/Substrate/Glints2/dict_0007_0063" 10665
"/Engine/EngineMaterials/Substrate/Glints2/dict_0007_0062" 10666
"/Engine/EngineMaterials/Substrate/Glints2/dict_0007_0061" 10667
"/Engine/EngineMaterials/Substrate/Glints2/dict_0007_0060" 10668
"/Engine/EngineMaterials/Substrate/Glints2/dict_0007_0059" 10669
"/Engine/EngineMaterials/Substrate/Glints2/dict_0007_0058" 10670
"/Engine/EngineMaterials/Substrate/Glints2/dict_0007_0057" 10671
"/Engine/EngineMaterials/Substrate/Glints2/dict_0007_0056" 10672
"/Engine/EngineMaterials/Substrate/Glints2/dict_0007_0055" 10673
"/Engine/EngineMaterials/Substrate/Glints2/dict_0007_0054" 10674
"/Engine/EngineMaterials/Substrate/Glints2/dict_0007_0053" 10675
"/Engine/EngineMaterials/Substrate/Glints2/dict_0007_0052" 10676
"/Engine/EngineMaterials/Substrate/Glints2/dict_0007_0083" 10677
"/Engine/EngineMaterials/Substrate/Glints2/dict_0007_0082" 10678
"/Engine/EngineMaterials/Substrate/Glints2/dict_0007_0081" 10679
"../../../Engine/Content/EngineMaterials/Substrate/Glints2/dict_0007_0097.uasset" 10680
"/Engine/EngineMaterials/Substrate/Glints2/dict_0007_0080" 10681
"../../../Engine/Content/EngineMaterials/Substrate/Glints2/dict_0007_0086.uasset" 10682
"/Engine/EngineMaterials/Substrate/Glints2/dict_0007_0078" 10683
"/Engine/EngineMaterials/Substrate/Glints2/dict_0007_0077" 10684
"/Engine/EngineMaterials/Substrate/Glints2/dict_0007_0076" 10685
"/Engine/EngineMaterials/Substrate/Glints2/dict_0007_0074" 10686
"/Engine/EngineMaterials/Substrate/Glints2/dict_0007_0097" 10687
"../../../Engine/Content/EngineMaterials/Substrate/Glints2/dict_0007_0103.uasset" 10688
"../../../Engine/Content/EngineMaterials/Substrate/Glints2/dict_0007_0099.uasset" 10689
"../../../Engine/Content/EngineMaterials/Substrate/Glints2/dict_0007_0089.uasset" 10690
"../../../Engine/Content/EngineMaterials/Substrate/Glints2/dict_0007_0087.uasset" 10691
"/Engine/EngineMaterials/Substrate/Glints2/dict_0007_0086" 10692
"../../../Engine/Content/EngineMaterials/Substrate/Glints2/dict_0007_0095.uasset" 10693
"../../../Engine/Content/EngineMaterials/Substrate/Glints2/dict_0007_0085.uasset" 10694
"../../../Engine/Content/EngineMaterials/Substrate/Glints2/dict_0007_0088.uasset" 10695
"../../../Engine/Content/EngineMaterials/Substrate/Glints2/dict_0007_0092.uasset" 10696
"../../../Engine/Content/EngineMaterials/Substrate/Glints2/dict_0007_0100.uasset" 10697
"/Engine/EngineMaterials/Substrate/Glints2/dict_0007_0103" 10698
"../../../Engine/Content/EngineMaterials/Substrate/Glints2/dict_0007_0098.uasset" 10699
"../../../Engine/Content/EngineMaterials/Substrate/Glints2/dict_0007_0090.uasset" 10700
"../../../Engine/Content/EngineMaterials/Substrate/Glints2/dict_0007_0093.uasset" 10701
"../../../Engine/Content/EngineMaterials/Substrate/Glints2/dict_0007_0096.uasset" 10702
"/Engine/EngineMaterials/Substrate/Glints2/dict_0007_0099" 10703
"../../../Engine/Content/EngineMaterials/Substrate/Glints2/dict_0007_0101.uasset" 10704
"../../../Engine/Content/EngineMaterials/Substrate/Glints2/dict_0007_0110.uasset" 10705
"../../../Engine/Content/EngineMaterials/Substrate/Glints2/dict_0007_0091.uasset" 10706
"../../../Engine/Content/EngineMaterials/Substrate/Glints2/dict_0007_0084.uasset" 10707
"/Engine/EngineMaterials/Substrate/Glints2/dict_0007_0095" 10708
"../../../Engine/Content/EngineMaterials/Substrate/Glints2/dict_0007_0094.uasset" 10709
"/Engine/EngineMaterials/Substrate/Glints2/dict_0007_0092" 10710
"/Engine/EngineMaterials/Substrate/Glints2/dict_0007_0089" 10711
"../../../Engine/Content/EngineMaterials/Substrate/Glints2/dict_0007_0102.uasset" 10712
"/Engine/EngineMaterials/Substrate/Glints2/dict_0007_0088" 10713
"/Engine/EngineMaterials/Substrate/Glints2/dict_0007_0087" 10714
"/Engine/EngineMaterials/Substrate/Glints2/dict_0007_0085" 10715
"../../../Engine/Content/EngineMaterials/Substrate/Glints2/dict_0007_0105.uasset" 10716
"../../../Engine/Content/EngineMaterials/Substrate/Glints2/dict_0007_0108.uasset" 10717
"/Engine/EngineMaterials/Substrate/Glints2/dict_0007_0110" 10718
"../../../Engine/Content/EngineMaterials/Substrate/Glints2/dict_0007_0106.uasset" 10719
"../../../Engine/Content/EngineMaterials/Substrate/Glints2/dict_0007_0107.uasset" 10720
"../../../Engine/Content/EngineMaterials/Substrate/Glints2/dict_0007_0112.uasset" 10721
"../../../Engine/Content/EngineMaterials/Substrate/Glints2/dict_0007_0111.uasset" 10722
"../../../Engine/Content/EngineMaterials/Substrate/Glints2/dict_0007_0115.uasset" 10723
"../../../Engine/Content/EngineMaterials/Substrate/Glints2/dict_0007_0116.uasset" 10724
"/Engine/EngineMaterials/Substrate/Glints2/dict_0007_0102" 10725
"../../../Engine/Content/EngineMaterials/Substrate/Glints2/dict_0007_0114.uasset" 10726
"/Engine/EngineMaterials/Substrate/Glints2/dict_0007_0101" 10727
"../../../Engine/Content/EngineMaterials/Substrate/Glints2/dict_0007_0120.uasset" 10728
"/Engine/EngineMaterials/Substrate/Glints2/dict_0007_0100" 10729
"../../../Engine/Content/EngineMaterials/Substrate/Glints2/dict_0007_0119.uasset" 10730
"../../../Engine/Content/EngineMaterials/Substrate/Glints2/dict_0007_0109.uasset" 10731
"../../../Engine/Content/EngineMaterials/Substrate/Glints2/dict_0007_0117.uasset" 10732
"../../../Engine/Content/EngineMaterials/Substrate/Glints2/dict_0007_0113.uasset" 10733
"/Engine/EngineMaterials/Substrate/Glints2/dict_0007_0098" 10734
"/Engine/EngineMaterials/Substrate/Glints2/dict_0007_0096" 10735
"../../../Engine/Content/EngineMaterials/Substrate/Glints2/dict_0007_0104.uasset" 10736
"/Engine/EngineMaterials/Substrate/Glints2/dict_0007_0094" 10737
"/Engine/EngineMaterials/Substrate/Glints2/dict_0007_0093" 10738
"/Engine/EngineMaterials/Substrate/Glints2/dict_0007_0091" 10739
"/Engine/EngineMaterials/Substrate/Glints2/dict_0007_0090" 10740
"/Engine/EngineMaterials/Substrate/Glints2/dict_0007_0084" 10741
"/Engine/EngineMaterials/Substrate/Glints2/dict_0007_0115" 10742
"../../../Engine/Content/EngineMaterials/Substrate/Glints2/dict_0007_0122.uasset" 10743
"/Engine/EngineMaterials/Substrate/Glints2/dict_0007_0114" 10744
"/Engine/EngineMaterials/Substrate/Glints2/dict_0007_0113" 10745
"../../../Engine/Content/EngineMaterials/Substrate/Glints2/dict_0007_0123.uasset" 10746
"/Engine/EngineMaterials/Substrate/Glints2/dict_0007_0112" 10747
"../../../Engine/Content/EngineMaterials/Substrate/Glints2/dict_0007_0125.uasset" 10748
"../../../Engine/Content/EngineMaterials/Substrate/Glints2/dict_0007_0131.uasset" 10749
"../../../Engine/Content/EngineMaterials/Substrate/Glints2/dict_0007_0124.uasset" 10750
"/Engine/EngineMaterials/Substrate/Glints2/dict_0007_0107" 10751
"/Engine/EngineMaterials/Substrate/Glints2/dict_0007_0111" 10752
"/Engine/EngineMaterials/Substrate/Glints2/dict_0007_0109" 10753
"../../../Engine/Content/EngineMaterials/Substrate/Glints2/dict_0007_0118.uasset" 10754
"/Engine/EngineMaterials/Substrate/Glints2/dict_0007_0106" 10755
"/Engine/EngineMaterials/Substrate/Glints2/dict_0007_0108" 10756
"../../../Engine/Content/EngineMaterials/Substrate/Glints2/dict_0007_0121.uasset" 10757
"/Engine/EngineMaterials/Substrate/Glints2/dict_0007_0105" 10758
"/Engine/EngineMaterials/Substrate/Glints2/dict_0007_0104" 10759
"/Engine/EngineMaterials/Substrate/Glints2/dict_0007_0117" 10760
"../../../Engine/Content/EngineMaterials/Substrate/Glints2/dict_0007_0126.uasset" 10761
"../../../Engine/Content/EngineMaterials/Substrate/Glints2/dict_0007_0133.uasset" 10762
"../../../Engine/Content/EngineMaterials/Substrate/Glints2/dict_0007_0135.uasset" 10763
"/Engine/EngineMaterials/Substrate/Glints2/dict_0007_0120" 10764
"../../../Engine/Content/EngineMaterials/Substrate/Glints2/dict_0007_0127.uasset" 10765
"../../../Engine/Content/EngineMaterials/Substrate/Glints2/dict_0007_0134.uasset" 10766
"../../../Engine/Content/EngineMaterials/Substrate/Glints2/dict_0007_0136.uasset" 10767
"/Engine/EngineMaterials/Substrate/Glints2/dict_0007_0119" 10768
"../../../Engine/Content/EngineMaterials/Substrate/Glints2/dict_0007_0130.uasset" 10769
"../../../Engine/Content/EngineMaterials/Substrate/Glints2/dict_0007_0132.uasset" 10770
"/Engine/EngineMaterials/Substrate/Glints2/dict_0007_0116" 10771
"/Engine/EngineMaterials/Substrate/Glints2/dict_0007_0136" 10772
"/Engine/EngineMaterials/Substrate/Glints2/dict_0007_0125" 10773
"../../../Engine/Content/EngineMaterials/Substrate/Glints2/dict_0007_0129.uasset" 10774
"/Engine/EngineMaterials/Substrate/Glints2/dict_0007_0135" 10775
"/Engine/EngineMaterials/Substrate/Glints2/dict_0007_0134" 10776
"/Engine/EngineMaterials/Substrate/Glints2/dict_0007_0133" 10777
"/Engine/EngineMaterials/Substrate/Glints2/dict_0007_0124" 10778
"/Engine/EngineMaterials/Substrate/Glints2/dict_0007_0132" 10779
"/Engine/EngineMaterials/Substrate/Glints2/dict_0007_0131" 10780
"/Engine/EngineMaterials/Substrate/Glints2/dict_0007_0123" 10781
"/Engine/EngineMaterials/Substrate/Glints2/dict_0007_0130" 10782
"../../../Engine/Content/EngineMaterials/Substrate/Glints2/dict_0007_0149.uasset" 10783
"../../../Engine/Content/EngineMaterials/Substrate/Glints2/dict_0007_0142.uasset" 10784
"/Engine/EngineMaterials/Substrate/Glints2/dict_0007_0122" 10785
"../../../Engine/Content/EngineMaterials/Substrate/Glints2/dict_0007_0143.uasset" 10786
"../../../Engine/Content/EngineMaterials/Substrate/Glints2/dict_0007_0138.uasset" 10787
"../../../Engine/Content/EngineMaterials/Substrate/Glints2/dict_0007_0137.uasset" 10788
"../../../Engine/Content/EngineMaterials/Substrate/Glints2/dict_0007_0151.uasset" 10789
"/Engine/EngineMaterials/Substrate/Glints2/dict_0007_0127" 10790
"../../../Engine/Content/EngineMaterials/Substrate/Glints2/dict_0007_0140.uasset" 10791
"../../../Engine/Content/EngineMaterials/Substrate/Glints2/dict_0007_0148.uasset" 10792
"../../../Engine/Content/EngineMaterials/Substrate/Glints2/dict_0007_0147.uasset" 10793
"/Engine/EngineMaterials/Substrate/Glints2/dict_0007_0121" 10794
"../../../Engine/Content/EngineMaterials/Substrate/Glints2/dict_0007_0145.uasset" 10795
"/Engine/EngineMaterials/Substrate/Glints2/dict_0007_0118" 10796
"../../../Engine/Content/EngineMaterials/Substrate/Glints2/dict_0007_0141.uasset" 10797
"../../../Engine/Content/EngineMaterials/Substrate/Glints2/dict_0007_0146.uasset" 10798
"/Engine/EngineMaterials/Substrate/Glints2/dict_0007_0126" 10799
"../../../Engine/Content/EngineMaterials/Substrate/Glints2/dict_0007_0150.uasset" 10800
"/Engine/EngineMaterials/Substrate/Glints2/dict_0007_0151" 10801
"../../../Engine/Content/EngineMaterials/Substrate/Glints2/dict_0007_0144.uasset" 10802
"/Engine/EngineMaterials/Substrate/Glints2/dict_0007_0150" 10803
"/Engine/EngineMaterials/Substrate/Glints2/dict_0007_0149" 10804
"../../../Engine/Content/EngineMaterials/Substrate/Glints2/dict_0007_0139.uasset" 10805
"/Engine/EngineMaterials/Substrate/Glints2/dict_0007_0148" 10806
"../../../Engine/Content/EngineMaterials/Substrate/Glints2/dict_0007_0161.uasset" 10807
"../../../Engine/Content/EngineMaterials/Substrate/Glints2/dict_0007_0156.uasset" 10808
"../../../Engine/Content/EngineMaterials/Substrate/Glints2/dict_0007_0162.uasset" 10809
"/Engine/EngineMaterials/Substrate/Glints2/dict_0007_0147" 10810
"../../../Engine/Content/EngineMaterials/Substrate/Glints2/dict_0007_0152.uasset" 10811
"../../../Engine/Content/EngineMaterials/Substrate/Glints2/dict_0007_0153.uasset" 10812
"/Engine/EngineMaterials/Substrate/Glints2/dict_0007_0146" 10813
"/Engine/EngineMaterials/Substrate/Glints2/dict_0007_0145" 10814
"/Engine/EngineMaterials/Substrate/Glints2/dict_0007_0143" 10815
"/Engine/EngineMaterials/Substrate/Glints2/dict_0007_0142" 10816
"/Engine/EngineMaterials/Substrate/Glints2/dict_0007_0141" 10817
"/Engine/EngineMaterials/Substrate/Glints2/dict_0007_0140" 10818
"/Engine/EngineMaterials/Substrate/Glints2/dict_0007_0129" 10819
"/Engine/EngineMaterials/Substrate/Glints2/dict_0007_0138" 10820
"../../../Engine/Content/EngineMaterials/Substrate/Glints2/dict_0007_0128.uasset" 10821
"/Engine/EngineMaterials/Substrate/Glints2/dict_0007_0137" 10822
"/Engine/EngineMaterials/Substrate/Glints2/dict_0007_0144" 10823
"../../../Engine/Content/EngineMaterials/Substrate/Glints2/dict_0007_0159.uasset" 10824
"../../../Engine/Content/EngineMaterials/Substrate/Glints2/dict_0007_0166.uasset" 10825
"../../../Engine/Content/EngineMaterials/Substrate/Glints2/dict_0007_0157.uasset" 10826
"../../../Engine/Content/EngineMaterials/Substrate/Glints2/dict_0007_0158.uasset" 10827
"../../../Engine/Content/EngineMaterials/Substrate/Glints2/dict_0007_0164.uasset" 10828
"/Engine/EngineMaterials/Substrate/Glints2/dict_0007_0162" 10829
"../../../Engine/Content/EngineMaterials/Substrate/Glints2/dict_0007_0163.uasset" 10830
"../../../Engine/Content/EngineMaterials/Substrate/Glints2/dict_0007_0154.uasset" 10831
"../../../Engine/Content/EngineMaterials/Substrate/Glints2/dict_0007_0155.uasset" 10832
"/Engine/EngineMaterials/Substrate/Glints2/dict_0007_0161" 10833
"/Engine/EngineMaterials/Substrate/Glints2/dict_0007_0156" 10834
"../../../Engine/Content/EngineMaterials/Substrate/Glints2/dict_0007_0168.uasset" 10835
"../../../Engine/Content/EngineMaterials/Substrate/Glints2/dict_0007_0169.uasset" 10836
"/Engine/EngineMaterials/Substrate/Glints2/dict_0007_0128" 10837
"../../../Engine/Content/EngineMaterials/Substrate/Glints2/dict_0007_0176.uasset" 10838
"../../../Engine/Content/EngineMaterials/Substrate/Glints2/dict_0007_0160.uasset" 10839
"../../../Engine/Content/EngineMaterials/Substrate/Glints2/dict_0007_0179.uasset" 10840
"/Engine/EngineMaterials/Substrate/Glints2/dict_0007_0139" 10841
"../../../Engine/Content/EngineMaterials/Substrate/Glints2/dict_0007_0165.uasset" 10842
"/Engine/EngineMaterials/Substrate/Glints2/dict_0007_0153" 10843
"/Engine/EngineMaterials/Substrate/Glints2/dict_0007_0152" 10844
"/Engine/EngineMaterials/Substrate/Glints2/dict_0007_0179" 10845
"/Engine/EngineMaterials/Substrate/Glints2/dict_0007_0176" 10846
"/Engine/EngineMaterials/Substrate/Glints2/dict_0007_0166" 10847
"/Engine/EngineMaterials/Substrate/Glints2/dict_0007_0165" 10848
"/Engine/EngineMaterials/Substrate/Glints2/dict_0007_0164" 10849
"../../../Engine/Content/EngineMaterials/Substrate/Glints2/dict_0007_0185.uasset" 10850
"/Engine/EngineMaterials/Substrate/Glints2/dict_0007_0163" 10851
"../../../Engine/Content/EngineMaterials/Substrate/Glints2/dict_0007_0183.uasset" 10852
"/Engine/EngineMaterials/Substrate/Glints2/dict_0007_0160" 10853
"../../../Engine/Content/EngineMaterials/Substrate/Glints2/dict_0007_0177.uasset" 10854
"../../../Engine/Content/EngineMaterials/Substrate/Glints2/dict_0007_0178.uasset" 10855
"../../../Engine/Content/EngineMaterials/Substrate/Glints2/dict_0007_0172.uasset" 10856
"../../../Engine/Content/EngineMaterials/Substrate/Glints2/dict_0007_0170.uasset" 10857
"../../../Engine/Content/EngineMaterials/Substrate/Glints2/dict_0007_0167.uasset" 10858
"/Engine/EngineMaterials/Substrate/Glints2/dict_0007_0159" 10859
"../../../Engine/Content/EngineMaterials/Substrate/Glints2/dict_0007_0175.uasset" 10860
"../../../Engine/Content/EngineMaterials/Substrate/Glints2/dict_0007_0171.uasset" 10861
"../../../Engine/Content/EngineMaterials/Substrate/Glints2/dict_0007_0174.uasset" 10862
"/Engine/EngineMaterials/Substrate/Glints2/dict_0007_0158" 10863
"../../../Engine/Content/EngineMaterials/Substrate/Glints2/dict_0007_0173.uasset" 10864
"/Engine/EngineMaterials/Substrate/Glints2/dict_0007_0157" 10865
"../../../Engine/Content/EngineMaterials/Substrate/Glints2/dict_0007_0180.uasset" 10866
"/Engine/EngineMaterials/Substrate/Glints2/dict_0007_0169" 10867
"/Engine/EngineMaterials/Substrate/Glints2/dict_0007_0155" 10868
"/Engine/EngineMaterials/Substrate/Glints2/dict_0007_0154" 10869
"/Engine/EngineMaterials/Substrate/Glints2/dict_0007_0168" 10870
"../../../Engine/Content/EngineMaterials/Substrate/Glints2/dict_0007_0182.uasset" 10871
"/Engine/EngineMaterials/Substrate/Glints2/dict_0007_0180" 10872
"/Engine/EngineMaterials/Substrate/Glints2/dict_0007_0178" 10873
"../../../Engine/Content/EngineMaterials/Substrate/Glints2/dict_0007_0181.uasset" 10874
"/Engine/EngineMaterials/Substrate/Glints2/dict_0007_0177" 10875
"../../../Engine/Content/EngineMaterials/Substrate/Glints2/dict_0007_0187.uasset" 10876
"../../../Engine/Content/EngineMaterials/Substrate/Glints2/dict_0007_0184.uasset" 10877
"/Engine/EngineMaterials/Substrate/Glints2/dict_0007_0175" 10878
"/Engine/EngineMaterials/Substrate/Glints2/dict_0007_0174" 10879
"../../../Engine/Content/EngineMaterials/Substrate/Glints2/dict_0007_0186.uasset" 10880
"../../../Engine/Content/EngineMaterials/Substrate/Glints2/dict_0007_0196.uasset" 10881
"../../../Engine/Content/EngineMaterials/Substrate/Glints2/dict_0007_0188.uasset" 10882
"/Engine/EngineMaterials/Substrate/Glints2/dict_0007_0173" 10883
"/Engine/EngineMaterials/Substrate/Glints2/dict_0007_0172" 10884
"/Engine/EngineMaterials/Substrate/Glints2/dict_0007_0171" 10885
"/Engine/EngineMaterials/Substrate/Glints2/dict_0007_0170" 10886
"/Engine/EngineMaterials/Substrate/Glints2/dict_0007_0185" 10887
"/Engine/EngineMaterials/Substrate/Glints2/dict_0007_0183" 10888
"/Engine/EngineMaterials/Substrate/Glints2/dict_0007_0167" 10889
"/Engine/EngineMaterials/Substrate/Glints2/dict_0007_0182" 10890
"../../../Engine/Content/EngineMaterials/Substrate/Glints2/dict_0007_0199.uasset" 10891
"../../../Engine/Content/EngineMaterials/Substrate/Glints2/dict_0007_0193.uasset" 10892
"../../../Engine/Content/EngineMaterials/Substrate/Glints2/dict_0007_0200.uasset" 10893
"../../../Engine/Content/EngineMaterials/Substrate/Glints2/dict_0007_0197.uasset" 10894
"/Engine/EngineMaterials/Substrate/Glints2/dict_0007_0200" 10895
"../../../Engine/Content/EngineMaterials/Substrate/Glints2/dict_0007_0194.uasset" 10896
"../../../Engine/Content/EngineMaterials/Substrate/Glints2/dict_0007_0189.uasset" 10897
"../../../Engine/Content/EngineMaterials/Substrate/Glints2/dict_0007_0192.uasset" 10898
"/Engine/EngineMaterials/Substrate/Glints2/dict_0007_0188" 10899
"../../../Engine/Content/EngineMaterials/Substrate/Glints2/dict_0007_0190.uasset" 10900
"../../../Engine/Content/EngineMaterials/Substrate/Glints2/dict_0007_0198.uasset" 10901
"/Engine/EngineMaterials/Substrate/Glints2/dict_0007_0199" 10902
"../../../Engine/Content/EngineMaterials/Substrate/Glints2/dict_0007_0195.uasset" 10903
"../../../Engine/Content/EngineMaterials/Substrate/Glints2/dict_0007_0201.uasset" 10904
"/Engine/EngineMaterials/Substrate/Glints2/dict_0007_0197" 10905
"/Engine/EngineMaterials/Substrate/Glints2/dict_0007_0187" 10906
"../../../Engine/Content/EngineMaterials/Substrate/Glints2/dict_0007_0206.uasset" 10907
"../../../Engine/Content/EngineMaterials/Substrate/Glints2/dict_0007_0209.uasset" 10908
"../../../Engine/Content/EngineMaterials/Substrate/Glints2/dict_0007_0202.uasset" 10909
"/Engine/EngineMaterials/Substrate/Glints2/dict_0007_0186" 10910
"/Engine/EngineMaterials/Substrate/Glints2/dict_0007_0196" 10911
"/Engine/EngineMaterials/Substrate/Glints2/dict_0007_0193" 10912
"/Engine/EngineMaterials/Substrate/Glints2/dict_0007_0184" 10913
"/Engine/EngineMaterials/Substrate/Glints2/dict_0007_0181" 10914
"../../../Engine/Content/EngineMaterials/Substrate/Glints2/dict_0007_0191.uasset" 10915
"/Engine/EngineMaterials/Substrate/Glints2/dict_0007_0202" 10916
"/Engine/EngineMaterials/Substrate/Glints2/dict_0007_0201" 10917
"../../../Engine/Content/EngineMaterials/Substrate/Glints2/dict_0007_0204.uasset" 10918
"/Engine/EngineMaterials/Substrate/Glints2/dict_0007_0209" 10919
"../../../Engine/Content/EngineMaterials/Substrate/Glints2/dict_0007_0205.uasset" 10920
"../../../Engine/Content/EngineMaterials/Substrate/Glints2/dict_0007_0207.uasset" 10921
"/Engine/EngineMaterials/Substrate/Glints2/dict_0007_0198" 10922
"../../../Engine/Content/EngineMaterials/Substrate/Glints2/dict_0007_0203.uasset" 10923
"/Engine/EngineMaterials/Substrate/Glints2/dict_0007_0195" 10924
"../../../Engine/Content/EngineMaterials/Substrate/Glints2/dict_0007_0211.uasset" 10925
"../../../Engine/Content/EngineMaterials/Substrate/Glints2/dict_0007_0208.uasset" 10926
"/Engine/EngineMaterials/Substrate/Glints2/dict_0007_0194" 10927
"../../../Engine/Content/EngineMaterials/Substrate/Glints2/dict_0007_0223.uasset" 10928
"../../../Engine/Content/EngineMaterials/Substrate/Glints2/dict_0007_0210.uasset" 10929
"/Engine/EngineMaterials/Substrate/Glints2/dict_0007_0192" 10930
"../../../Engine/Content/EngineMaterials/Substrate/Glints2/dict_0007_0212.uasset" 10931
"/Engine/EngineMaterials/Substrate/Glints2/dict_0007_0206" 10932
"../../../Engine/Content/EngineMaterials/Substrate/Glints2/dict_0007_0213.uasset" 10933
"/Engine/EngineMaterials/Substrate/Glints2/dict_0007_0191" 10934
"/Engine/EngineMaterials/Substrate/Glints2/dict_0007_0190" 10935
"../../../Engine/Content/EngineMaterials/Substrate/Glints2/dict_0007_0215.uasset" 10936
"/Engine/EngineMaterials/Substrate/Glints2/dict_0007_0189" 10937
"/Engine/EngineMaterials/Substrate/Glints2/dict_0007_0215" 10938
"/Engine/EngineMaterials/Substrate/Glints2/dict_0007_0213" 10939
"/Engine/EngineMaterials/Substrate/Glints2/dict_0007_0212" 10940
"../../../Engine/Content/EngineMaterials/Substrate/Glints2/dict_0007_0216.uasset" 10941
"/Engine/EngineMaterials/Substrate/Glints2/dict_0007_0211" 10942
"../../../Engine/Content/EngineMaterials/Substrate/Glints2/dict_0007_0219.uasset" 10943
"/Engine/EngineMaterials/Substrate/Glints2/dict_0007_0210" 10944
"../../../Engine/Content/EngineMaterials/Substrate/Glints2/dict_0007_0221.uasset" 10945
"../../../Engine/Content/EngineMaterials/Substrate/Glints2/dict_0007_0217.uasset" 10946
"../../../Engine/Content/EngineMaterials/Substrate/Glints2/dict_0007_0218.uasset" 10947
"/Engine/EngineMaterials/Substrate/Glints2/dict_0007_0208" 10948
"../../../Engine/Content/EngineMaterials/Substrate/Glints2/dict_0007_0224.uasset" 10949
"../../../Engine/Content/EngineMaterials/Substrate/Glints2/dict_0007_0220.uasset" 10950
"/Engine/EngineMaterials/Substrate/Glints2/dict_0007_0223" 10951
"../../../Engine/Content/EngineMaterials/Substrate/Glints2/dict_0007_0222.uasset" 10952
"../../../Engine/Content/EngineMaterials/Substrate/Glints2/dict_0007_0225.uasset" 10953
"/Engine/EngineMaterials/Substrate/Glints2/dict_0007_0207" 10954
"/Engine/EngineMaterials/Substrate/Glints2/dict_0007_0205" 10955
"/Engine/EngineMaterials/Substrate/Glints2/dict_0007_0204" 10956
"/Engine/EngineMaterials/Substrate/Glints2/dict_0007_0203" 10957
"/Engine/EngineMaterials/Substrate/Glints2/dict_0007_0225" 10958
"../../../Engine/Content/EngineMaterials/Substrate/Glints2/dict_0007_0226.uasset" 10959
"/Engine/EngineMaterials/Substrate/Glints2/dict_0007_0224" 10960
"../../../Engine/Content/EngineMaterials/Substrate/Glints2/dict_0007_0227.uasset" 10961
"../../../Engine/Content/EngineMaterials/Substrate/Glints2/dict_0007_0228.uasset" 10962
"/Engine/EngineMaterials/Substrate/Glints2/dict_0007_0222" 10963
"../../../Engine/Content/EngineMaterials/Substrate/Glints2/dict_0007_0229.uasset" 10964
"/Engine/EngineMaterials/Substrate/Glints2/dict_0007_0221" 10965
"/Engine/EngineMaterials/Substrate/Glints2/dict_0007_0220" 10966
"../../../Engine/Content/EngineMaterials/Substrate/Glints2/dict_0007_0230.uasset" 10967
"/Engine/EngineMaterials/Substrate/Glints2/dict_0007_0219" 10968
"../../../Engine/Content/EngineMaterials/Substrate/Glints2/dict_0007_0232.uasset" 10969
"../../../Engine/Content/EngineMaterials/Substrate/Glints2/dict_0007_0242.uasset" 10970
"../../../Engine/Content/EngineMaterials/Substrate/Glints2/dict_0007_0236.uasset" 10971
"/Engine/EngineMaterials/Substrate/Glints2/dict_0007_0218" 10972
"../../../Engine/Content/EngineMaterials/Substrate/Glints2/dict_0007_0234.uasset" 10973
"../../../Engine/Content/EngineMaterials/Substrate/Glints2/dict_0007_0231.uasset" 10974
"/Engine/EngineMaterials/Substrate/Glints2/dict_0007_0217" 10975
"../../../Engine/Content/EngineMaterials/Substrate/Glints2/dict_0007_0235.uasset" 10976
"/Engine/EngineMaterials/Substrate/Glints2/dict_0007_0216" 10977
"../../../Engine/Content/EngineMaterials/Substrate/Glints2/dict_0007_0233.uasset" 10978
"/Engine/EngineMaterials/Substrate/Glints2/dict_0007_0236" 10979
"/Engine/EngineMaterials/Substrate/Glints2/dict_0007_0235" 10980
"/Engine/EngineMaterials/Substrate/Glints2/dict_0007_0234" 10981
"../../../Engine/Content/EngineMaterials/Substrate/Glints2/dict_0007_0239.uasset" 10982
"../../../Engine/Content/EngineMaterials/Substrate/Glints2/dict_0007_0237.uasset" 10983
"/Engine/EngineMaterials/Substrate/Glints2/dict_0007_0242" 10984
"/Engine/EngineMaterials/Substrate/Glints2/dict_0007_0233" 10985
"/Engine/EngineMaterials/Substrate/Glints2/dict_0007_0232" 10986
"/Engine/EngineMaterials/Substrate/Glints2/dict_0007_0231" 10987
"../../../Engine/Content/EngineMaterials/Substrate/Glints2/dict_0007_0238.uasset" 10988
"../../../Engine/Content/EngineMaterials/Substrate/Glints2/dict_0007_0243.uasset" 10989
"../../../Engine/Content/EngineMaterials/Substrate/Glints2/dict_0007_0240.uasset" 10990
"/Engine/EngineMaterials/Substrate/Glints2/dict_0007_0230" 10991
"../../../Engine/Content/EngineMaterials/Substrate/Glints2/dict_0007_0241.uasset" 10992
"/Engine/EngineMaterials/Substrate/Glints2/dict_0007_0229" 10993
"/Engine/EngineMaterials/Substrate/Glints2/dict_0007_0228" 10994
"/Engine/EngineMaterials/Substrate/Glints2/dict_0007_0227" 10995
"/Engine/EngineMaterials/Substrate/Glints2/dict_0007_0226" 10996
"../../../Engine/Content/EngineMaterials/Substrate/Glints2/dict_0007_0246.uasset" 10997
"../../../Engine/Content/EngineMaterials/Substrate/Glints2/dict_0007_0245.uasset" 10998
"../../../Engine/Content/EngineMaterials/Substrate/Glints2/dict_0007_0247.uasset" 10999
"../../../Engine/Content/EngineMaterials/Substrate/Glints2/dict_0007_0244.uasset" 11000
"/Engine/EngineMaterials/Substrate/Glints2/dict_0007_0247" 11001
"../../../Engine/Content/EngineMaterials/Substrate/Glints2/dict_0007_0255.uasset" 11002
"/Engine/EngineMaterials/Substrate/Glints2/dict_0007_0246" 11003
"/Engine/EngineMaterials/Substrate/Glints2/dict_0007_0245" 11004
"../../../Engine/Content/EngineMaterials/Substrate/Glints2/dict_0007_0250.uasset" 11005
"../../../Engine/Content/EngineMaterials/Substrate/Glints2/dict_0007_0249.uasset" 11006
"/Engine/EngineMaterials/Substrate/Glints2/dict_0007_0244" 11007
"/Engine/EngineMaterials/Substrate/Glints2/dict_0007_0243" 11008
"../../../Engine/Content/EngineMaterials/Substrate/Glints2/dict_0007_0251.uasset" 11009
"../../../Engine/Content/EngineMaterials/Substrate/Glints2/dict_0007_0252.uasset" 11010
"/Engine/EngineMaterials/Substrate/Glints2/dict_0007_0241" 11011
"/Engine/EngineMaterials/Substrate/Glints2/dict_0007_0240" 11012
"../../../Engine/Content/EngineMaterials/Substrate/Glints2/dict_0007_0253.uasset" 11013
"/Engine/EngineMaterials/Substrate/Glints2/dict_0007_0239" 11014
"../../../Engine/Content/EngineMaterials/Substrate/Glints2/AGlintTex2dArray2.uasset" 11015
"/Engine/EngineMaterials/Substrate/Glints2/dict_0007_0238" 11016
"/Engine/EngineMaterials/Substrate/Glints2/dict_0007_0237" 11017
"../../../Engine/Content/EngineMaterials/Substrate/Glints2/dict_0007_0254.uasset" 11018
"/Engine/EngineMaterials/Substrate/Glints2/dict_0007_0255" 11019
"/Engine/EngineMaterials/Substrate/Glints2/dict_0007_0254" 11020
"/Engine/EngineMaterials/Substrate/Glints2/dict_0007_0253" 11021
"/Engine/EngineMaterials/Substrate/Glints2/dict_0007_0252" 11022
"/Engine/EngineMaterials/Substrate/Glints2/dict_0007_0251" 11023
"../../../Engine/Content/EngineMaterials/PPM_DefaultCalibrationGrayscale.uasset" 11024
"../../../Engine/Content/EngineMaterials/PPM_DefaultCalibrationColor.uasset" 11025
"/Engine/EngineMaterials/Substrate/Glints2/dict_0007_0250" 11026
"../../../Engine/Content/EngineMaterials/Substrate/Volume/SubstrateSimpleVolumeEnvLUT2D.uasset" 11027
"../../../Engine/Content/EngineMaterials/Substrate/Volume/SubstrateSimpleVolumeLUT3D.uasset" 11028
"../../../Engine/Content/EngineMaterials/DefaultCalibrationGrayscale.uasset" 11029
"../../../Engine/Content/EngineMaterials/Substrate/Volume/SubstrateSimpleVolumeLUT2D.uasset" 11030
"/Engine/EngineMaterials/Substrate/Glints2/dict_0007_0249" 11031
"../../../Engine/Content/Functions/MaterialLayerFunctions/MatLayerBlend_OverrideOpacity.uasset" 11032
"../../../Engine/Content/EngineMaterials/Substrate/Volume/SubstrateSimpleVolumeEnvLUT3D.uasset" 11033
"../../../Engine/Content/EngineMaterials/DefaultCalibrationColor.uasset" 11034
"../../../Engine/Plugins/NNE/NNEDenoiser/Content/NNEDIM_ColorAlbedoNormal_Alpha.uasset" 11035
"/Engine/Functions/MaterialLayerFunctions/MatLayerBlend_OverrideOpacity" 11036
"../../../Engine/Plugins/NNE/NNEDenoiser/Content/NNEDIM_ColorAlbedoNormal_Default.uasset" 11037
"../../../Engine/Plugins/NNE/NNEDenoiser/Content/NNEDIM_HighQuality_Alpha.uasset" 11038
"../../../Engine/Plugins/Interchange/Assets/Content/Functions/MX_Surface.uasset" 11039
"/Engine/EngineMaterials/PPM_DefaultCalibrationGrayscale" 11040
"../../../Engine/Plugins/NNE/NNEDenoiser/Content/NNEDT_Oidn2-3_Balanced_Alpha.uasset" 11041
"../../../Engine/Plugins/NNE/NNEDenoiser/Content/NNEDT_Oidn2-3_Balanced.uasset" 11042
"/Engine/EngineMaterials/Substrate/Volume/SubstrateSimpleVolumeEnvLUT3D" 11043
"../../../Engine/Plugins/NNE/NNEDenoiser/Content/NNEDTIM_ColorAlbedoNormal_Alpha.uasset" 11044
"../../../Engine/Content/Functions/Engine_MaterialFunctions03/Procedurals/HeightToNormalSmooth.uasset" 11045
"../../../Engine/Plugins/NNE/NNEDenoiser/Content/NNED_Oidn2-3_Fast.uasset" 11046
"/Engine/EngineMaterials/Substrate/Volume/SubstrateSimpleVolumeLUT3D" 11047
"../../../Engine/Plugins/Interchange/Assets/Content/Functions/MX_Displacement.uasset" 11048
"../../../Engine/Plugins/NNE/NNEDenoiser/Content/NNED_Oidn2-3_Fast_Alpha.uasset" 11049
"/InterchangeAssets/Functions/MX_Displacement" 11050
"../../../Engine/Plugins/NNE/NNEDenoiser/Content/NNEDOM_Output_Default.uasset" 11051
"../../../Engine/Plugins/NNE/NNEDenoiser/Content/NNEDTOM_Output_Alpha.uasset" 11052
"../../../Engine/Plugins/NNE/NNEDenoiser/Content/NNED_Oidn2-3_Balanced.uasset" 11053
"../../../Engine/Plugins/NNE/NNEDenoiser/Content/NNEDIM_HighQuality_Default.uasset" 11054
"../../../Engine/Plugins/NNE/NNEDenoiser/Content/NNEDOM_Output_Alpha.uasset" 11055
"../../../Engine/Plugins/NNE/NNEDenoiser/Content/NNED_Oidn2-3_Balanced_Alpha.uasset" 11056
"../../../Engine/Plugins/NNE/NNEDenoiser/Content/NNEDTOM_Output_Default.uasset" 11057
"/NNEDenoiser/NNEDTIM_ColorAlbedoNormal_Alpha" 11058
"../../../Engine/Content/EngineMaterials/Substrate/Glints2/dict_0007_0214.uasset" 11059
"/InterchangeAssets/Functions/MX_Surface" 11060
"/NNEDenoiser/NNED_Oidn2-3_Fast_Alpha" 11061
"/NNEDenoiser/NNED_Oidn2-3_Fast" 11062
"/Engine/EngineMaterials/PPM_DefaultCalibrationColor" 11063
"../../../Engine/Plugins/NNE/NNEDenoiser/Content/NNED_Oidn2-3_HighQuality.uasset" 11064
"/NNEDenoiser/NNEDT_Oidn2-3_Balanced_Alpha" 11065
"/NNEDenoiser/NNEDT_Oidn2-3_Balanced" 11066
"../../../Engine/Plugins/NNE/NNEDenoiser/Content/NNEDTIM_ColorAlbedoNormal_Default.uasset" 11067
"../../../Engine/Plugins/NNE/NNEDenoiser/Content/NNE_oidn2-3-0_rt_hdr_alb_nrm__dyn__fp16_opset11_DenoiseAlpha.uasset" 11068
"../../../Engine/Plugins/NNE/NNEDenoiser/Content/NNE_oidn2-3-0_rt_hdr_alb_nrm__dyn__fp16_opset11_ForwardAlpha.uasset" 11069
"/NNEDenoiser/NNEDIM_HighQuality_Alpha" 11070
"../../../Engine/Plugins/NNE/NNEDenoiser/Content/NNED_Oidn2-3_HighQuality_Alpha.uasset" 11071
"../../../Engine/Plugins/NNE/NNEDenoiser/Content/NNE_oidn2-3-0_rt_hdr_alb_nrm_small__dyn__fp16_opset11_ForwardAlpha.uasset" 11072
"/NNEDenoiser/NNEDIM_ColorAlbedoNormal_Default" 11073
"../../../Engine/Plugins/NNE/NNEDenoiser/Content/NNE_oidn2-3-0_rt_hdr_alb_nrm_small__dyn__fp16_opset11_DenoiseAlpha.uasset" 11074
"/NNEDenoiser/NNEDIM_ColorAlbedoNormal_Alpha" 11075
"../../../Engine/Plugins/NNE/NNEDenoiser/Content/NNE_oidn2-3-0_rt_hdr_calb_cnrm_large__dyn__fp16_opset11_DenoiseAlpha.uasset" 11076
"../../../Engine/Content/EngineMaterials/Substrate/Glints2/dict_0007_0248.uasset" 11077
"../../../Engine/Plugins/NNE/NNEDenoiser/Content/NNE_oidn2-3-0_rt_hdr_calb_cnrm_large__dyn__fp16_opset11_ForwardAlpha.uasset" 11078
"../../../Engine/Plugins/FX/Niagara/Content/ParameterDefinitions/RibbonRenderer.uasset" 11079
"../../../Engine/Plugins/FX/Niagara/Content/ParameterDefinitions/SpriteRenderer.uasset" 11080
"../../../Engine/Plugins/FX/Niagara/Content/ParameterDefinitions/LightRenderer.uasset" 11081
"../../../Engine/Plugins/FX/Niagara/Content/ParameterDefinitions/CoreParameters.uasset" 11082
"../../../Engine/Plugins/FX/Niagara/Content/ParameterDefinitions/DecalRenderer.uasset" 11083
"C:/Users/rexge/Documents/Unreal Projects/TheBigHunt/Content/VRTemplate/VFX/NPC_VRTemplate.uasset" 11084
"../../../Engine/Content/EditorResources/BSPVertex.uasset" 11085
"../../../Engine/Content/EngineMaterials/DefaultBloomKernel.uasset" 11086
"../../../Engine/Content/EngineDebugMaterials/DebugEditorMaterial.uasset" 11087
"/NNEDenoiser/NNEDTOM_Output_Default" 11088
"../../../Engine/Plugins/FX/Niagara/Content/ParameterDefinitions/MeshRenderer.uasset" 11089
"/Engine/EngineMaterials/Substrate/Glints2/dict_0007_0214" 11090
"/NNEDenoiser/NNEDTOM_Output_Alpha" 11091
"/NNEDenoiser/NNEDTIM_ColorAlbedoNormal_Default" 11092
"/Engine/EngineMaterials/Substrate/Glints2/AGlintTex2dArray2" 11093
"../../../Engine/Content/EngineResources/Development/ZenLogo_64.uasset" 11094
"../../../Engine/Content/EngineResources/FilmGrains/Marcie_Grain_v3_128_M2_000.uasset" 11095
"/NNEDenoiser/NNED_Oidn2-3_HighQuality" 11096
"/NNEDenoiser/NNEDOM_Output_Default" 11097
"/NNEDenoiser/NNE_oidn2-3-0_rt_hdr_calb_cnrm_large__dyn__fp16_opset11_ForwardAlpha" 11098
"/NNEDenoiser/NNEDOM_Output_Alpha" 11099
"/NNEDenoiser/NNE_oidn2-3-0_rt_hdr_calb_cnrm_large__dyn__fp16_opset11_DenoiseAlpha" 11100
"/NNEDenoiser/NNED_Oidn2-3_Balanced_Alpha" 11101
"/NNEDenoiser/NNED_Oidn2-3_Balanced" 11102
"/NNEDenoiser/NNEDIM_HighQuality_Default" 11103
"/NNEDenoiser/NNE_oidn2-3-0_rt_hdr_alb_nrm__dyn__fp16_opset11_ForwardAlpha" 11104
"/NNEDenoiser/NNE_oidn2-3-0_rt_hdr_alb_nrm__dyn__fp16_opset11_DenoiseAlpha" 11105
"/NNEDenoiser/NNE_oidn2-3-0_rt_hdr_alb_nrm_small__dyn__fp16_opset11_ForwardAlpha" 11106
"/NNEDenoiser/NNE_oidn2-3-0_rt_hdr_alb_nrm_small__dyn__fp16_opset11_DenoiseAlpha" 11107
"/NNEDenoiser/NNED_Oidn2-3_HighQuality_Alpha" 11108
"../../../Engine/Content/EngineMaterials/FastBlueNoise_scalar_128x128x64.uasset" 11109
"../../../Engine/Content/EngineMaterials/FastBlueNoise_vec2_128x128x64.uasset" 11110
"../../../Engine/Content/EngineSounds/Master.uasset" 11111
"/Engine/EngineDebugMaterials/DebugEditorMaterial" 11112
"/Engine/EngineResources/Development/ZenLogo_64" 11113
"/Engine/EngineResources/FilmGrains/Marcie_Grain_v3_128_M2_000" 11114
"/Engine/EngineMaterials/DefaultBloomKernel" 11115
"/Engine/EditorResources/BSPVertex" 11116
"/Engine/EngineFonts/Faces/DroidSansMono" 11117
"../../../Engine/Plugins/Interchange/Runtime/Content/Pipelines/DefaultGLTFPipeline.uasset" 11118
"../../../Engine/Plugins/Interchange/Assets/Content/Functions/MX_UsdPreviewSurface.uasset" 11119
"../../../Engine/Plugins/Interchange/Assets/Content/Functions/MX_TranslucentBSDF.uasset" 11120
"../../../Engine/Plugins/Interchange/Runtime/Content/Pipelines/DefaultAssetsPipeline.uasset" 11121
"../../../Engine/Plugins/Interchange/Runtime/Content/Pipelines/DefaultMaterialPipeline.uasset" 11122
"../../../Engine/Plugins/Interchange/Runtime/Content/Pipelines/DefaultSceneLevelPipeline.uasset" 11123
"../../../Engine/Content/EngineMaterials/LTC/Sheen_LTC.uasset" 11124
"../../../Engine/Plugins/Interchange/Runtime/Content/Pipelines/DefaultTexturePipeline.uasset" 11125
"../../../Engine/Content/EngineMaterials/EnergyConservation/Diffuse_Energy.uasset" 11126
"../../../Engine/Content/EngineMaterials/EnergyConservation/Sheen_Energy.uasset" 11127
"/Engine/EngineSounds/Master" 11128
"../../../Engine/Content/EngineMaterials/FastBlueNoise_scalar_128x128x8.uasset" 11129
"../../../Engine/Plugins/Interchange/Assets/Content/Functions/MX_BurleyDiffuseBSDF.uasset" 11130
"../../../Engine/Plugins/Interchange/Runtime/Content/Pipelines/DefaultMaterialXPipeline.uasset" 11131
"/Engine/EngineMaterials/FastBlueNoise_vec2_128x128x64" 11132
"../../../Engine/Plugins/Interchange/Assets/Content/Functions/MX_OrenNayarBSDF.uasset" 11133
"../../../Engine/Plugins/Interchange/Runtime/Content/Pipelines/DefaultGLTFAssetsPipeline.uasset" 11134
"../../../Engine/Plugins/Interchange/Runtime/Content/Pipelines/DefaultGLTFSceneAssetsPipeline.uasset" 11135
"../../../Engine/Plugins/Interchange/Assets/Content/Functions/MX_SurfaceUnlit.uasset" 11136
"../../../Engine/Plugins/Interchange/Runtime/Content/Pipelines/DefaultSceneAssetsPipeline.uasset" 11137
"../../../Engine/Plugins/Interchange/Assets/Content/Functions/MX_DielectricBSDF.uasset" 11138
"../../../Engine/Plugins/Interchange/Assets/Content/Functions/MX_GeneralizedSchlickBSDF.uasset" 11139
"../../../Engine/Plugins/Interchange/Assets/Content/Functions/MX_ConductorBSDF.uasset" 11140
"/Engine/EngineMaterials/FastBlueNoise_scalar_128x128x64" 11141
"/InterchangeAssets/Functions/MX_GeneralizedSchlickBSDF" 11142
"/InterchangeAssets/Functions/MX_ConductorBSDF" 11143
"/InterchangeAssets/Functions/MX_DielectricBSDF" 11144
"/InterchangeAssets/Functions/MX_TranslucentBSDF" 11145
"/InterchangeAssets/Functions/MX_BurleyDiffuseBSDF" 11146
"/InterchangeAssets/Functions/MX_OrenNayarBSDF" 11147
"/InterchangeAssets/Functions/MX_UsdPreviewSurface" 11148
"../../../Engine/Plugins/Interchange/Assets/Content/Functions/MX_UniformEDF.uasset" 11149
"../../../Engine/Plugins/Interchange/Assets/Content/Functions/MX_SheenBSDF.uasset" 11150
"../../../Engine/Plugins/Interchange/Assets/Content/Functions/MX_AnisotropicVDF.uasset" 11151
"../../../Engine/Plugins/Interchange/Assets/Content/Functions/MX_MeasuredEDF.uasset" 11152
"../../../Engine/Plugins/Animation/ControlRig/Content/Controls/ControlRigGizmoMaterial.uasset" 11153
"../../../Engine/Plugins/Interchange/Assets/Content/Functions/MX_AbsorptionVDF.uasset" 11154
"../../../Engine/Plugins/Interchange/Assets/Content/Functions/MX_ThinFilmBSDF.uasset" 11155
"../../../Engine/Plugins/Interchange/Assets/Content/Functions/MX_ConicalEDF.uasset" 11156
"../../../Engine/Plugins/Interchange/Assets/Content/Functions/MX_SubsurfaceBSDF.uasset" 11157
"/InterchangeAssets/Functions/MX_SurfaceUnlit" 11158
"/Interchange/Pipelines/DefaultGLTFSceneAssetsPipeline" 11159
"/Interchange/Pipelines/DefaultSceneLevelPipeline" 11160
"/Interchange/Pipelines/DefaultSceneAssetsPipeline" 11161
"/Interchange/Pipelines/DefaultTexturePipeline" 11162
"/Interchange/Pipelines/DefaultMaterialPipeline" 11163
"/Interchange/Pipelines/DefaultGLTFPipeline" 11164
"/Interchange/Pipelines/DefaultGLTFAssetsPipeline" 11165
"/Interchange/Pipelines/DefaultMaterialXPipeline" 11166
"/Interchange/Pipelines/DefaultAssetsPipeline" 11167
"/Engine/EngineMaterials/EnergyConservation/Diffuse_Energy" 11168
"/Engine/EngineMaterials/EnergyConservation/Sheen_Energy" 11169
"/Engine/EngineMaterials/LTC/Sheen_LTC" 11170
"/Engine/EngineMaterials/FastBlueNoise_scalar_128x128x8" 11171
"/ControlRig/Controls/ControlRigGizmoMaterial" 11172
"/InterchangeAssets/Functions/MX_AnisotropicVDF" 11173
"/InterchangeAssets/Functions/MX_AbsorptionVDF" 11174
"/InterchangeAssets/Functions/MX_MeasuredEDF" 11175
"/InterchangeAssets/Functions/MX_ConicalEDF" 11176
"/InterchangeAssets/Functions/MX_UniformEDF" 11177
"/InterchangeAssets/Functions/MX_ThinFilmBSDF" 11178
"/InterchangeAssets/Functions/MX_SheenBSDF" 11179
"/InterchangeAssets/Functions/MX_SubsurfaceBSDF" 11180
"C:/Users/rexge/Documents/Unreal Projects/TheBigHunt/Saved/Cooked/Android_OpenXR/TheBigHunt/Metadata/CookedSettings.txt" 11181
